datetime,equity,pos
2025-06-20 21:30:00,10000.0,0
2025-06-20 22:00:00,10000.0,0
2025-06-20 22:30:00,10000.0,0
2025-06-20 23:00:00,10000.0,0
2025-06-23 09:00:00,10000.0,0
2025-06-23 09:30:00,10000.0,0
2025-06-23 10:00:00,10000.0,0
2025-06-23 10:30:00,10000.0,0
2025-06-23 11:00:00,10000.0,0
2025-06-23 11:30:00,10000.0,0
2025-06-23 13:30:00,10000.0,0
2025-06-23 14:00:00,10000.0,0
2025-06-23 14:30:00,10000.0,0
2025-06-23 15:00:00,10000.0,0
2025-06-23 21:00:00,10000.0,0
2025-06-23 21:30:00,10000.0,0
2025-06-23 22:00:00,10000.0,0
2025-06-23 22:30:00,10000.0,0
2025-06-23 23:00:00,10000.0,0
2025-06-24 09:00:00,10000.0,0
2025-06-24 09:30:00,10000.0,0
2025-06-24 10:00:00,10000.0,0
2025-06-24 10:30:00,10000.0,0
2025-06-24 11:00:00,10000.0,0
2025-06-24 11:30:00,10000.0,0
2025-06-24 13:30:00,10000.0,0
2025-06-24 14:00:00,10000.0,0
2025-06-24 14:30:00,10000.0,0
2025-06-24 15:00:00,10000.0,0
2025-06-24 21:00:00,10000.0,0
2025-06-24 21:30:00,10000.0,0
2025-06-24 22:00:00,10000.0,0
2025-06-24 22:30:00,10000.0,0
2025-06-24 23:00:00,10000.0,0
2025-06-25 09:00:00,10000.0,0
2025-06-25 09:30:00,10000.0,0
2025-06-25 10:00:00,10000.0,0
2025-06-25 10:30:00,10000.0,0
2025-06-25 11:00:00,10000.0,0
2025-06-25 11:30:00,10000.0,0
2025-06-25 13:30:00,10000.0,0
2025-06-25 14:00:00,10000.0,0
2025-06-25 14:30:00,10000.0,0
2025-06-25 15:00:00,10000.0,0
2025-06-25 21:00:00,10000.0,0
2025-06-25 21:30:00,10000.0,0
2025-06-25 22:00:00,10000.0,0
2025-06-25 22:30:00,10000.0,0
2025-06-25 23:00:00,10000.0,0
2025-06-26 09:00:00,10000.0,0
2025-06-26 09:30:00,10000.0,0
2025-06-26 10:00:00,10000.0,0
2025-06-26 10:30:00,10000.0,0
2025-06-26 11:00:00,10000.0,0
2025-06-26 11:30:00,10000.0,0
2025-06-26 13:30:00,10000.0,0
2025-06-26 14:00:00,10000.0,0
2025-06-26 14:30:00,10000.0,0
2025-06-26 15:00:00,10000.0,0
2025-06-26 21:00:00,10000.0,0
2025-06-26 21:30:00,10000.0,0
2025-06-26 22:00:00,10000.0,0
2025-06-26 22:30:00,10000.0,0
2025-06-26 23:00:00,10000.0,0
2025-06-27 09:00:00,10000.0,0
2025-06-27 09:30:00,10000.0,0
2025-06-27 10:00:00,10000.0,0
2025-06-27 10:30:00,10000.0,0
2025-06-27 11:00:00,10000.0,0
2025-06-27 11:30:00,10000.0,0
2025-06-27 13:30:00,10000.0,0
2025-06-27 14:00:00,10000.0,0
2025-06-27 14:30:00,10000.0,0
2025-06-27 15:00:00,10000.0,0
2025-06-27 21:00:00,10000.0,0
2025-06-27 21:30:00,10000.0,0
2025-06-27 22:00:00,10000.0,0
2025-06-27 22:30:00,10000.0,0
2025-06-27 23:00:00,10000.0,0
2025-06-30 09:00:00,10000.0,0
2025-06-30 09:30:00,10000.0,0
2025-06-30 10:00:00,10000.0,0
2025-06-30 10:30:00,10000.0,0
2025-06-30 11:00:00,10000.0,0
2025-06-30 11:30:00,10000.0,0
2025-06-30 13:30:00,10000.0,0
2025-06-30 14:00:00,10000.0,0
2025-06-30 14:30:00,10000.0,0
2025-06-30 15:00:00,10000.0,0
2025-06-30 21:00:00,10000.0,0
2025-06-30 21:30:00,10000.0,0
2025-06-30 22:00:00,10000.0,0
2025-06-30 22:30:00,10000.0,0
2025-06-30 23:00:00,10000.0,0
2025-07-01 09:00:00,10000.0,0
2025-07-01 09:30:00,10000.0,0
2025-07-01 10:00:00,10000.0,0
2025-07-01 10:30:00,10000.0,0
2025-07-01 11:00:00,10000.0,0
2025-07-01 11:30:00,10000.0,0
2025-07-01 13:30:00,10000.0,0
2025-07-01 14:00:00,10000.0,0
2025-07-01 14:30:00,10000.0,0
2025-07-01 15:00:00,10000.0,0
2025-07-01 21:00:00,10000.0,0
2025-07-01 21:30:00,10000.0,0
2025-07-01 22:00:00,10000.0,0
2025-07-01 22:30:00,10000.0,0
2025-07-01 23:00:00,10000.0,0
2025-07-02 09:00:00,10000.0,0
2025-07-02 09:30:00,10000.0,0
2025-07-02 10:00:00,10000.0,0
2025-07-02 10:30:00,10000.0,0
2025-07-02 11:00:00,10000.0,0
2025-07-02 11:30:00,10000.0,0
2025-07-02 13:30:00,10000.0,0
2025-07-02 14:00:00,10000.0,0
2025-07-02 14:30:00,10000.0,0
2025-07-02 15:00:00,10000.0,0
2025-07-02 21:00:00,10000.0,0
2025-07-02 21:30:00,10000.0,0
2025-07-02 22:00:00,10000.0,0
2025-07-02 22:30:00,10000.0,0
2025-07-02 23:00:00,10000.0,0
2025-07-03 09:00:00,10000.0,0
2025-07-03 09:30:00,10000.0,0
2025-07-03 10:00:00,10000.0,0
2025-07-03 10:30:00,10000.0,0
2025-07-03 11:00:00,10000.0,0
2025-07-03 11:30:00,10000.0,0
2025-07-03 13:30:00,10000.0,0
2025-07-03 14:00:00,10000.0,0
2025-07-03 14:30:00,10000.0,0
2025-07-03 15:00:00,10000.0,0
2025-07-03 21:00:00,10000.0,0
2025-07-03 21:30:00,10000.0,0
2025-07-03 22:00:00,10000.0,0
2025-07-03 22:30:00,10000.0,0
2025-07-03 23:00:00,10000.0,0
2025-07-04 09:00:00,10000.0,0
2025-07-04 09:30:00,10000.0,0
2025-07-04 10:00:00,10000.0,0
2025-07-04 10:30:00,10000.0,0
2025-07-04 11:00:00,10000.0,0
2025-07-04 11:30:00,10000.0,0
2025-07-04 13:30:00,10000.0,0
2025-07-04 14:00:00,10000.0,0
2025-07-04 14:30:00,10000.0,0
2025-07-04 15:00:00,10000.0,0
2025-07-04 21:00:00,10000.0,0
2025-07-04 21:30:00,10000.0,0
2025-07-04 22:00:00,10000.0,0
2025-07-04 22:30:00,10000.0,0
2025-07-04 23:00:00,10000.0,0
2025-07-07 09:00:00,10000.0,0
2025-07-07 09:30:00,10000.0,0
2025-07-07 10:00:00,10000.0,0
2025-07-07 10:30:00,10000.0,0
2025-07-07 11:00:00,10000.0,0
2025-07-07 11:30:00,10000.0,0
2025-07-07 13:30:00,10000.0,0
2025-07-07 14:00:00,10000.0,0
2025-07-07 14:30:00,10000.0,0
2025-07-07 15:00:00,10000.0,0
2025-07-07 21:00:00,10000.0,0
2025-07-07 21:30:00,10000.0,0
2025-07-07 22:00:00,10000.0,0
2025-07-07 22:30:00,10000.0,0
2025-07-07 23:00:00,10000.0,0
2025-07-08 09:00:00,10000.0,0
2025-07-08 09:30:00,10000.0,0
2025-07-08 10:00:00,10000.0,0
2025-07-08 10:30:00,10000.0,0
2025-07-08 11:00:00,10000.0,0
2025-07-08 11:30:00,10000.0,0
2025-07-08 13:30:00,10000.0,0
2025-07-08 14:00:00,10000.0,0
2025-07-08 14:30:00,10000.0,0
2025-07-08 15:00:00,10000.0,0
2025-07-08 21:00:00,10000.0,0
2025-07-08 21:30:00,10000.0,0
2025-07-08 22:00:00,10000.0,0
2025-07-08 22:30:00,10000.0,0
2025-07-08 23:00:00,10000.0,0
2025-07-09 09:00:00,10000.0,0
2025-07-09 09:30:00,10000.0,0
2025-07-09 10:00:00,10000.0,0
2025-07-09 10:30:00,10000.0,0
2025-07-09 11:00:00,10000.0,0
2025-07-09 11:30:00,10000.0,0
2025-07-09 13:30:00,10000.0,0
2025-07-09 14:00:00,10000.0,0
2025-07-09 14:30:00,10000.0,0
2025-07-09 15:00:00,10000.0,0
2025-07-09 21:00:00,10000.0,0
2025-07-09 21:30:00,10000.0,0
2025-07-09 22:00:00,10000.0,0
2025-07-09 22:30:00,10000.0,0
2025-07-09 23:00:00,10000.0,0
2025-07-10 09:00:00,10000.0,0
2025-07-10 09:30:00,10000.0,0
2025-07-10 10:00:00,10000.0,0
2025-07-10 10:30:00,10000.0,0
2025-07-10 11:00:00,10000.0,0
2025-07-10 11:30:00,10000.0,0
2025-07-10 13:30:00,10000.0,0
2025-07-10 14:00:00,10000.0,0
2025-07-10 14:30:00,10000.0,0
2025-07-10 15:00:00,10000.0,0
2025-07-10 21:00:00,10000.0,0
2025-07-10 21:30:00,10000.0,0
2025-07-10 22:00:00,10000.0,0
2025-07-10 22:30:00,10000.0,0
2025-07-10 23:00:00,10000.0,0
2025-07-11 09:00:00,10000.0,0
2025-07-11 09:30:00,10000.0,0
2025-07-11 10:00:00,10000.0,0
2025-07-11 10:30:00,10000.0,0
2025-07-11 11:00:00,10000.0,0
2025-07-11 11:30:00,10000.0,0
2025-07-11 13:30:00,10000.0,0
2025-07-11 14:00:00,10000.0,0
2025-07-11 14:30:00,10000.0,0
2025-07-11 15:00:00,10000.0,0
2025-07-11 21:00:00,10000.0,0
2025-07-11 21:30:00,10000.0,0
2025-07-11 22:00:00,10000.0,0
2025-07-11 22:30:00,10000.0,0
2025-07-11 23:00:00,10000.0,0
2025-07-14 09:00:00,10000.0,0
2025-07-14 09:30:00,10000.0,0
2025-07-14 10:00:00,10000.0,0
2025-07-14 10:30:00,10000.0,0
2025-07-14 11:00:00,10000.0,0
2025-07-14 11:30:00,10000.0,0
2025-07-14 13:30:00,10000.0,0
2025-07-14 14:00:00,10000.0,0
2025-07-14 14:30:00,10000.0,0
2025-07-14 15:00:00,10000.0,0
2025-07-14 21:00:00,10000.0,0
2025-07-14 21:30:00,10000.0,0
2025-07-14 22:00:00,10000.0,0
2025-07-14 22:30:00,10000.0,0
2025-07-14 23:00:00,10000.0,0
2025-07-15 09:00:00,10000.0,0
2025-07-15 09:30:00,10000.0,0
2025-07-15 10:00:00,10000.0,0
2025-07-15 10:30:00,10000.0,0
2025-07-15 11:00:00,10000.0,0
2025-07-15 11:30:00,10000.0,0
2025-07-15 13:30:00,10000.0,0
2025-07-15 14:00:00,10000.0,0
2025-07-15 14:30:00,10000.0,0
2025-07-15 15:00:00,10000.0,0
2025-07-15 21:00:00,10000.0,0
2025-07-15 21:30:00,10000.0,0
2025-07-15 22:00:00,10000.0,0
2025-07-15 22:30:00,10000.0,0
2025-07-15 23:00:00,10000.0,0
2025-07-16 09:00:00,10000.0,0
2025-07-16 09:30:00,10000.0,0
2025-07-16 10:00:00,10000.0,0
2025-07-16 10:30:00,10000.0,0
2025-07-16 11:00:00,10000.0,0
2025-07-16 11:30:00,10000.0,0
2025-07-16 13:30:00,10000.0,0
2025-07-16 14:00:00,10000.0,0
2025-07-16 14:30:00,10000.0,0
2025-07-16 15:00:00,10000.0,0
2025-07-16 21:00:00,10000.0,0
2025-07-16 21:30:00,10000.0,0
2025-07-16 22:00:00,10000.0,0
2025-07-16 22:30:00,10000.0,0
2025-07-16 23:00:00,10000.0,0
2025-07-17 09:00:00,10000.0,0
2025-07-17 09:30:00,10000.0,0
2025-07-17 10:00:00,10000.0,0
2025-07-17 10:30:00,10000.0,0
2025-07-17 11:00:00,10000.0,0
2025-07-17 11:30:00,10000.0,0
2025-07-17 13:30:00,10000.0,0
2025-07-17 14:00:00,10000.0,0
2025-07-17 14:30:00,10000.0,0
2025-07-17 15:00:00,10000.0,0
2025-07-17 21:00:00,10000.0,0
2025-07-17 21:30:00,10000.0,0
2025-07-17 22:00:00,10000.0,0
2025-07-17 22:30:00,10000.0,0
2025-07-17 23:00:00,10000.0,0
2025-07-18 09:00:00,10000.0,0
2025-07-18 09:30:00,10000.0,0
2025-07-18 10:00:00,10000.0,0
2025-07-18 10:30:00,10000.0,0
2025-07-18 11:00:00,10000.0,0
2025-07-18 11:30:00,10000.0,0
2025-07-18 13:30:00,10000.0,0
2025-07-18 14:00:00,10000.0,0
2025-07-18 14:30:00,10000.0,0
2025-07-18 15:00:00,10000.0,0
2025-07-18 21:00:00,10000.0,0
2025-07-18 21:30:00,10000.0,0
2025-07-18 22:00:00,10000.0,0
2025-07-18 22:30:00,10000.0,0
2025-07-18 23:00:00,10000.0,0
2025-07-21 09:00:00,10000.0,0
2025-07-21 09:30:00,10000.0,0
2025-07-21 10:00:00,10000.0,0
2025-07-21 10:30:00,10000.0,0
2025-07-21 11:00:00,10000.0,0
2025-07-21 11:30:00,10000.0,0
2025-07-21 13:30:00,13354.8,1
2025-07-21 14:00:00,13354.8,1
2025-07-21 14:30:00,13309.2,1
2025-07-21 15:00:00,13380.4,1
2025-07-21 21:00:00,13334.8,1
2025-07-21 21:30:00,13337.6,1
2025-07-21 22:00:00,13317.6,1
2025-07-21 22:30:00,13457.2,1
2025-07-21 23:00:00,13545.6,1
2025-07-22 09:00:00,13522.8,1
2025-07-22 09:30:00,13297.6,1
2025-07-22 10:00:00,13340.4,1
2025-07-22 10:30:00,13363.2,1
2025-07-22 11:00:00,13636.8,1
2025-07-22 11:30:00,13568.4,1
2025-07-22 13:30:00,14024.0,1
2025-07-22 14:00:00,14092.400000000001,1
2025-07-22 14:30:00,14616.8,1
2025-07-22 15:00:00,14933.2,1
2025-07-22 21:00:00,15073.2,1
2025-07-22 21:30:00,14959.2,1
2025-07-22 22:00:00,14728.400000000001,1
2025-07-22 22:30:00,14796.8,1
2025-07-22 23:00:00,14819.6,1
2025-07-23 09:00:00,14845.2,1
2025-07-23 09:30:00,14571.6,1
2025-07-23 10:00:00,14503.2,1
2025-07-23 10:30:00,14386.400000000001,1
2025-07-23 11:00:00,13839.2,1
2025-07-23 11:30:00,14110.0,1
2025-07-23 13:30:00,13996.0,1
2025-07-23 14:00:00,13907.6,1
2025-07-23 14:30:00,13996.0,1
2025-07-23 15:00:00,14246.8,1
2025-07-23 21:00:00,14210.0,1
2025-07-23 21:30:00,14301.2,1
2025-07-23 22:00:00,14503.6,1
2025-07-23 22:30:00,14640.400000000001,1
2025-07-23 23:00:00,14637.6,1
2025-07-24 09:00:00,14731.6,1
2025-07-24 09:30:00,14666.0,1
2025-07-24 10:00:00,14825.6,1
2025-07-24 10:30:00,14939.6,1
2025-07-24 11:00:00,14942.400000000001,1
2025-07-24 11:30:00,15033.6,1
2025-07-24 13:30:00,15672.0,1
2025-07-24 14:00:00,15971.2,1
2025-07-24 14:30:00,16609.6,1
2025-07-24 15:00:00,16515.6,1
2025-07-24 21:00:00,16888.8,1
2025-07-24 21:30:00,16954.4,1
2025-07-24 22:00:00,17162.4,1
2025-07-24 22:30:00,17436.0,1
2025-07-24 23:00:00,17344.8,1
2025-07-25 09:00:00,17074.0,1
2025-07-25 09:30:00,17165.2,1
2025-07-25 10:00:00,17550.0,1
2025-07-25 10:30:00,17826.4,1
2025-07-25 11:00:00,17595.6,1
2025-07-25 11:30:00,17507.2,1
2025-07-25 13:30:00,17413.2,1
2025-07-25 14:00:00,17413.2,1
2025-07-25 14:30:00,17547.2,1
2025-07-25 15:00:00,17729.6,1
2025-07-25 21:00:00,16775.2,1
2025-07-25 21:30:00,17274.0,1
2025-07-25 22:00:00,16954.8,1
2025-07-25 22:30:00,16632.8,1
2025-07-25 23:00:00,15606.8,1
2025-07-28 09:00:00,15293.6,1
2025-07-28 09:30:00,15590.0,1
2025-07-28 10:00:00,15564.400000000001,1
2025-07-28 10:30:00,15818.0,1
2025-07-28 11:00:00,15544.400000000001,1
2025-07-28 11:30:00,15248.0,1
2025-07-28 13:30:00,15125.2,1
2025-07-28 14:00:00,14828.8,1
2025-07-28 14:30:00,14780.400000000001,1
2025-07-28 15:00:00,14780.400000000001,1
2025-07-28 21:00:00,14863.2,1
2025-07-28 21:30:00,13794.4,1
2025-07-28 22:00:00,10472.0,0
2025-07-28 22:30:00,10472.0,0
2025-07-28 23:00:00,10472.0,0
2025-07-29 09:00:00,10472.0,0
2025-07-29 09:30:00,10472.0,0
2025-07-29 10:00:00,10472.0,0
2025-07-29 10:30:00,10472.0,0
2025-07-29 11:00:00,10472.0,0
2025-07-29 11:30:00,10472.0,0
2025-07-29 13:30:00,10472.0,0
2025-07-29 14:00:00,10472.0,0
2025-07-29 14:30:00,10472.0,0
2025-07-29 15:00:00,10472.0,0
2025-07-29 21:00:00,10472.0,0
2025-07-29 21:30:00,10472.0,0
2025-07-29 22:00:00,10472.0,0
2025-07-29 22:30:00,10472.0,0
2025-07-29 23:00:00,10472.0,0
2025-07-30 09:00:00,10472.0,0
2025-07-30 09:30:00,10472.0,0
2025-07-30 10:00:00,10472.0,0
2025-07-30 10:30:00,10472.0,0
2025-07-30 11:00:00,10472.0,0
2025-07-30 11:30:00,10472.0,0
2025-07-30 13:30:00,10472.0,0
2025-07-30 14:00:00,10472.0,0
2025-07-30 14:30:00,10472.0,0
2025-07-30 15:00:00,10472.0,0
2025-07-30 21:00:00,10472.0,0
2025-07-30 21:30:00,10472.0,0
2025-07-30 22:00:00,10472.0,0
2025-07-30 22:30:00,10472.0,0
2025-07-30 23:00:00,10472.0,0
2025-07-31 09:00:00,10472.0,0
2025-07-31 09:30:00,10472.0,0
2025-07-31 10:00:00,10472.0,0
2025-07-31 10:30:00,10472.0,0
2025-07-31 11:00:00,10472.0,0
2025-07-31 11:30:00,10472.0,0
2025-07-31 13:30:00,10472.0,0
2025-07-31 14:00:00,10472.0,0
2025-07-31 14:30:00,10472.0,0
2025-07-31 15:00:00,10472.0,0
2025-07-31 21:00:00,10472.0,0
2025-07-31 21:30:00,10472.0,0
2025-07-31 22:00:00,10472.0,0
2025-07-31 22:30:00,10472.0,0
2025-07-31 23:00:00,10472.0,0
2025-08-01 09:00:00,10472.0,0
2025-08-01 09:30:00,10472.0,0
2025-08-01 10:00:00,10472.0,0
2025-08-01 10:30:00,10472.0,0
2025-08-01 11:00:00,10472.0,0
2025-08-01 11:30:00,10472.0,0
2025-08-01 13:30:00,10472.0,0
2025-08-01 14:00:00,10472.0,0
2025-08-01 14:30:00,10472.0,0
2025-08-01 15:00:00,10472.0,0
2025-08-01 21:00:00,10472.0,0
2025-08-01 21:30:00,10472.0,0
2025-08-01 22:00:00,10472.0,0
2025-08-01 22:30:00,10472.0,0
2025-08-01 23:00:00,10472.0,0
2025-08-04 09:00:00,10472.0,0
2025-08-04 09:30:00,10472.0,0
2025-08-04 10:00:00,10472.0,0
2025-08-04 10:30:00,10472.0,0
2025-08-04 11:00:00,10472.0,0
2025-08-04 11:30:00,10472.0,0
2025-08-04 13:30:00,10472.0,0
2025-08-04 14:00:00,10472.0,0
2025-08-04 14:30:00,10472.0,0
2025-08-04 15:00:00,10472.0,0
2025-08-04 21:00:00,10472.0,0
2025-08-04 21:30:00,10472.0,0
2025-08-04 22:00:00,10472.0,0
2025-08-04 22:30:00,10472.0,0
2025-08-04 23:00:00,10472.0,0
2025-08-05 09:00:00,10472.0,0
2025-08-05 09:30:00,10472.0,0
2025-08-05 10:00:00,10472.0,0
2025-08-05 10:30:00,10472.0,0
2025-08-05 11:00:00,10472.0,0
2025-08-05 11:30:00,10472.0,0
2025-08-05 13:30:00,10472.0,0
2025-08-05 14:00:00,10472.0,0
2025-08-05 14:30:00,10472.0,0
2025-08-05 15:00:00,10472.0,0
2025-08-05 21:00:00,10472.0,0
2025-08-05 21:30:00,10472.0,0
2025-08-05 22:00:00,10472.0,0
2025-08-05 22:30:00,10472.0,0
2025-08-05 23:00:00,10472.0,0
2025-08-06 09:00:00,10472.0,0
2025-08-06 09:30:00,10472.0,0
2025-08-06 10:00:00,10472.0,0
2025-08-06 10:30:00,10472.0,0
2025-08-06 11:00:00,10472.0,0
2025-08-06 11:30:00,10472.0,0
2025-08-06 13:30:00,10472.0,0
2025-08-06 14:00:00,10472.0,0
2025-08-06 14:30:00,10472.0,0
2025-08-06 15:00:00,10472.0,0
2025-08-06 21:00:00,10472.0,0
2025-08-06 21:30:00,10472.0,0
2025-08-06 22:00:00,10472.0,0
2025-08-06 22:30:00,10472.0,0
2025-08-06 23:00:00,10472.0,0
2025-08-07 09:00:00,10472.0,0
2025-08-07 09:30:00,10472.0,0
2025-08-07 10:00:00,10472.0,0
2025-08-07 10:30:00,10472.0,0
2025-08-07 11:00:00,10472.0,0
2025-08-07 11:30:00,10472.0,0
2025-08-07 13:30:00,10472.0,0
2025-08-07 14:00:00,10472.0,0
2025-08-07 14:30:00,10472.0,0
2025-08-07 15:00:00,10472.0,0
2025-08-07 21:00:00,10472.0,0
2025-08-07 21:30:00,10472.0,0
2025-08-07 22:00:00,10472.0,0
2025-08-07 22:30:00,10472.0,0
2025-08-07 23:00:00,10472.0,0
2025-08-08 09:00:00,10472.0,0
2025-08-08 09:30:00,10472.0,0
2025-08-08 10:00:00,10472.0,0
2025-08-08 10:30:00,10472.0,0
2025-08-08 11:00:00,10472.0,0
2025-08-08 11:30:00,10472.0,0
2025-08-08 13:30:00,10472.0,0
2025-08-08 14:00:00,10472.0,0
2025-08-08 14:30:00,10472.0,0
2025-08-08 15:00:00,10472.0,0
2025-08-08 21:00:00,10472.0,0
2025-08-08 21:30:00,10472.0,0
2025-08-08 22:00:00,10472.0,0
2025-08-08 22:30:00,10472.0,0
2025-08-08 23:00:00,10472.0,0
2025-08-11 09:00:00,10472.0,0
2025-08-11 09:30:00,10472.0,0
2025-08-11 10:00:00,10472.0,0
2025-08-11 10:30:00,10472.0,0
2025-08-11 11:00:00,10472.0,0
2025-08-11 11:30:00,10472.0,0
2025-08-11 13:30:00,10472.0,0
2025-08-11 14:00:00,10472.0,0
2025-08-11 14:30:00,10472.0,0
2025-08-11 15:00:00,10472.0,0
2025-08-11 21:00:00,10472.0,0
2025-08-11 21:30:00,10472.0,0
2025-08-11 22:00:00,10472.0,0
2025-08-11 22:30:00,10472.0,0
2025-08-11 23:00:00,10472.0,0
2025-08-12 09:00:00,10472.0,0
2025-08-12 09:30:00,10472.0,0
2025-08-12 10:00:00,10472.0,0
2025-08-12 10:30:00,10472.0,0
2025-08-12 11:00:00,10472.0,0
2025-08-12 11:30:00,10472.0,0
2025-08-12 13:30:00,10472.0,0
2025-08-12 14:00:00,10472.0,0
2025-08-12 14:30:00,10472.0,0
2025-08-12 15:00:00,10472.0,0
2025-08-12 21:00:00,10472.0,0
2025-08-12 21:30:00,10472.0,0
2025-08-12 22:00:00,10472.0,0
2025-08-12 22:30:00,10472.0,0
2025-08-12 23:00:00,10472.0,0
2025-08-13 09:00:00,10472.0,0
2025-08-13 09:30:00,10472.0,0
2025-08-13 10:00:00,10472.0,0
2025-08-13 10:30:00,10472.0,0
2025-08-13 11:00:00,10472.0,0
2025-08-13 11:30:00,10472.0,0
2025-08-13 13:30:00,10472.0,0
2025-08-13 14:00:00,10472.0,0
2025-08-13 14:30:00,10472.0,0
2025-08-13 15:00:00,10472.0,0
2025-08-13 21:00:00,10472.0,0
2025-08-13 21:30:00,10472.0,0
2025-08-13 22:00:00,10472.0,0
2025-08-13 22:30:00,10472.0,0
2025-08-13 23:00:00,10472.0,0
2025-08-15 09:00:00,10472.0,0
2025-08-15 09:30:00,10472.0,0
2025-08-15 10:00:00,10472.0,0
2025-08-15 10:30:00,10472.0,0
2025-08-15 11:00:00,10472.0,0
2025-08-15 11:30:00,10472.0,0
2025-08-15 13:30:00,10472.0,0
2025-08-15 14:00:00,10472.0,0
2025-08-15 14:30:00,10472.0,0
2025-08-15 15:00:00,10472.0,0
2025-08-15 21:00:00,10472.0,0
2025-08-15 21:30:00,10472.0,0
2025-08-15 22:00:00,10472.0,0
2025-08-15 22:30:00,10472.0,0
2025-08-15 23:00:00,10472.0,0
2025-08-18 09:00:00,10472.0,0
2025-08-18 09:30:00,10472.0,0
2025-08-18 10:00:00,10472.0,0
2025-08-18 10:30:00,10472.0,0
2025-08-18 11:00:00,10472.0,0
2025-08-18 11:30:00,10472.0,0
2025-08-18 13:30:00,10472.0,0
2025-08-18 14:00:00,10472.0,0
2025-08-18 14:30:00,10472.0,0
2025-08-18 15:00:00,10472.0,0
2025-08-18 21:00:00,10472.0,0
2025-08-18 21:30:00,10472.0,0
2025-08-18 22:00:00,10472.0,0
2025-08-18 22:30:00,10472.0,0
2025-08-18 23:00:00,10472.0,0
2025-08-19 09:00:00,10472.0,0
2025-08-19 09:30:00,10472.0,0
2025-08-19 10:00:00,10472.0,0
2025-08-19 10:30:00,10472.0,0
2025-08-19 11:00:00,10472.0,0
2025-08-19 11:30:00,10472.0,0
2025-08-19 13:30:00,10472.0,0
2025-08-19 14:00:00,10472.0,0
2025-08-19 14:30:00,10472.0,0
2025-08-19 15:00:00,10472.0,0
2025-08-19 21:00:00,10472.0,0
2025-08-19 21:30:00,10472.0,0
2025-08-19 22:00:00,10472.0,0
2025-08-19 22:30:00,10472.0,0
2025-08-19 23:00:00,10472.0,0
2025-08-20 09:00:00,10472.0,0
2025-08-20 09:30:00,10472.0,0
2025-08-20 10:00:00,10472.0,0
2025-08-20 10:30:00,10472.0,0
2025-08-20 11:00:00,10472.0,0
2025-08-20 11:30:00,10472.0,0
2025-08-20 13:30:00,10472.0,0
2025-08-20 14:00:00,10472.0,0
2025-08-20 14:30:00,10472.0,0
2025-08-20 15:00:00,10472.0,0
2025-08-20 21:00:00,10472.0,0
2025-08-20 21:30:00,10472.0,0
2025-08-20 22:00:00,10472.0,0
2025-08-20 22:30:00,10472.0,0
2025-08-20 23:00:00,10472.0,0
2025-08-21 09:00:00,10472.0,0
2025-08-21 09:30:00,10472.0,0
2025-08-21 10:00:00,10472.0,0
2025-08-21 10:30:00,10472.0,0
2025-08-21 11:00:00,10472.0,0
2025-08-21 11:30:00,10472.0,0
2025-08-21 13:30:00,10472.0,0
2025-08-21 14:00:00,10472.0,0
2025-08-21 14:30:00,10472.0,0
2025-08-21 15:00:00,10472.0,0
2025-08-21 21:00:00,10472.0,0
2025-08-21 21:30:00,10472.0,0
2025-08-21 22:00:00,10472.0,0
2025-08-21 22:30:00,10472.0,0
2025-08-21 23:00:00,10472.0,0
2025-08-22 09:00:00,10472.0,0
2025-08-22 09:30:00,10472.0,0
2025-08-22 10:00:00,10472.0,0
2025-08-22 10:30:00,10472.0,0
2025-08-22 11:00:00,10472.0,0
2025-08-22 11:30:00,10472.0,0
2025-08-22 13:30:00,10472.0,0
2025-08-22 14:00:00,10472.0,0
2025-08-22 14:30:00,10472.0,0
2025-08-22 15:00:00,10472.0,0
2025-08-22 21:00:00,10472.0,0
2025-08-22 21:30:00,10472.0,0
2025-08-22 22:00:00,10472.0,0
2025-08-22 22:30:00,10472.0,0
2025-08-22 23:00:00,10472.0,0
2025-08-25 09:00:00,10472.0,0
2025-08-25 09:30:00,10472.0,0
2025-08-25 10:00:00,10472.0,0
2025-08-25 10:30:00,10472.0,0
2025-08-25 11:00:00,10472.0,0
2025-08-25 11:30:00,10472.0,0
2025-08-25 13:30:00,10472.0,0
2025-08-25 14:00:00,10472.0,0
2025-08-25 14:30:00,10472.0,0
2025-08-25 15:00:00,10472.0,0
2025-08-25 21:00:00,10472.0,0
2025-08-25 21:30:00,10472.0,0
2025-08-25 22:00:00,10472.0,0
2025-08-25 22:30:00,10472.0,0
2025-08-25 23:00:00,10472.0,0
2025-08-26 09:00:00,10472.0,0
2025-08-26 09:30:00,10472.0,0
2025-08-26 10:00:00,10472.0,0
2025-08-26 10:30:00,10472.0,0
2025-08-26 11:00:00,10472.0,0
2025-08-26 11:30:00,10472.0,0
2025-08-26 13:30:00,10472.0,0
2025-08-26 14:00:00,10472.0,0
2025-08-26 14:30:00,10472.0,0
2025-08-26 15:00:00,10472.0,0
2025-08-26 21:00:00,10472.0,0
2025-08-26 21:30:00,10472.0,0
2025-08-26 22:00:00,10472.0,0
2025-08-26 22:30:00,10472.0,0
2025-08-26 23:00:00,10472.0,0
2025-08-27 09:00:00,10472.0,0
2025-08-27 09:30:00,10472.0,0
2025-08-27 10:00:00,10472.0,0
2025-08-27 10:30:00,10472.0,0
2025-08-27 11:00:00,10472.0,0
2025-08-27 11:30:00,10472.0,0
2025-08-27 13:30:00,10472.0,0
2025-08-27 14:00:00,10472.0,0
2025-08-27 14:30:00,10472.0,0
2025-08-27 15:00:00,10472.0,0
2025-08-27 21:00:00,10472.0,0
2025-08-27 21:30:00,10472.0,0
2025-08-27 22:00:00,10472.0,0
2025-08-27 22:30:00,10472.0,0
2025-08-27 23:00:00,10472.0,0
2025-08-28 09:00:00,10472.0,0
2025-08-28 09:30:00,10472.0,0
2025-08-28 10:00:00,10472.0,0
2025-08-28 10:30:00,10472.0,0
2025-08-28 11:00:00,10472.0,0
2025-08-28 11:30:00,10472.0,0
2025-08-28 13:30:00,10472.0,0
2025-08-28 14:00:00,10472.0,0
2025-08-28 14:30:00,10472.0,0
2025-08-28 15:00:00,10472.0,0
2025-08-28 21:00:00,10472.0,0
2025-08-28 21:30:00,10472.0,0
2025-08-28 22:00:00,10472.0,0
2025-08-28 22:30:00,10472.0,0
2025-08-28 23:00:00,10472.0,0
2025-08-29 09:00:00,10472.0,0
2025-08-29 09:30:00,10472.0,0
2025-08-29 10:00:00,10472.0,0
2025-08-29 10:30:00,10472.0,0
2025-08-29 11:00:00,10472.0,0
2025-08-29 11:30:00,10472.0,0
2025-08-29 13:30:00,10472.0,0
2025-08-29 14:00:00,10472.0,0
2025-08-29 14:30:00,10472.0,0
2025-08-29 15:00:00,10472.0,0
2025-08-29 21:00:00,10472.0,0
2025-08-29 21:30:00,10472.0,0
2025-08-29 22:00:00,10472.0,0
2025-08-29 22:30:00,10472.0,0
2025-08-29 23:00:00,10472.0,0
2025-09-01 09:00:00,10472.0,0
2025-09-01 09:30:00,10472.0,0
2025-09-01 10:00:00,10472.0,0
2025-09-01 10:30:00,10472.0,0
2025-09-01 11:00:00,10472.0,0
2025-09-01 11:30:00,10472.0,0
2025-09-01 13:30:00,10472.0,0
2025-09-01 14:00:00,10472.0,0
2025-09-01 14:30:00,10472.0,0
2025-09-01 15:00:00,10472.0,0
2025-09-01 21:00:00,10472.0,0
2025-09-01 21:30:00,10472.0,0
2025-09-01 22:00:00,10472.0,0
2025-09-01 22:30:00,10472.0,0
2025-09-01 23:00:00,10472.0,0
2025-09-02 09:00:00,10472.0,0
2025-09-02 09:30:00,10472.0,0
2025-09-02 10:00:00,10472.0,0
2025-09-02 10:30:00,10472.0,0
2025-09-02 11:00:00,10472.0,0
2025-09-02 11:30:00,10472.0,0
2025-09-02 13:30:00,10472.0,0
2025-09-02 14:00:00,10472.0,0
2025-09-02 14:30:00,10472.0,0
2025-09-02 15:00:00,10472.0,0
2025-09-02 21:00:00,10472.0,0
2025-09-02 21:30:00,10472.0,0
2025-09-02 22:00:00,10472.0,0
2025-09-02 22:30:00,10472.0,0
2025-09-02 23:00:00,10472.0,0
2025-09-03 09:00:00,10472.0,0
2025-09-03 09:30:00,10472.0,0
2025-09-03 10:00:00,10472.0,0
2025-09-03 10:30:00,10472.0,0
2025-09-03 11:00:00,10472.0,0
2025-09-03 11:30:00,10472.0,0
2025-09-03 13:30:00,10472.0,0
2025-09-03 14:00:00,10472.0,0
2025-09-03 14:30:00,10472.0,0
2025-09-03 15:00:00,10472.0,0
2025-09-03 21:00:00,10472.0,0
2025-09-03 21:30:00,10472.0,0
2025-09-03 22:00:00,10472.0,0
2025-09-03 22:30:00,10472.0,0
2025-09-03 23:00:00,10472.0,0
2025-09-04 09:00:00,10472.0,0
2025-09-04 09:30:00,10472.0,0
2025-09-04 10:00:00,10472.0,0
2025-09-04 10:30:00,10472.0,0
2025-09-04 11:00:00,10472.0,0
2025-09-04 11:30:00,10472.0,0
2025-09-04 13:30:00,10472.0,0
2025-09-04 14:00:00,10472.0,0
2025-09-04 14:30:00,10472.0,0
2025-09-04 15:00:00,10472.0,0
2025-09-04 21:00:00,10472.0,0
2025-09-04 21:30:00,10472.0,0
2025-09-04 22:00:00,10472.0,0
2025-09-04 22:30:00,10472.0,0
2025-09-04 23:00:00,10472.0,0
2025-09-05 09:00:00,10472.0,0
2025-09-05 09:30:00,10472.0,0
2025-09-05 10:00:00,10472.0,0
2025-09-05 10:30:00,10472.0,0
2025-09-05 11:00:00,10472.0,0
2025-09-05 11:30:00,10472.0,0
2025-09-05 13:30:00,10472.0,0
2025-09-05 14:00:00,10472.0,0
2025-09-05 14:30:00,10472.0,0
2025-09-05 15:00:00,10472.0,0
2025-09-05 21:00:00,10472.0,0
2025-09-05 21:30:00,10472.0,0
2025-09-05 22:00:00,10472.0,0
2025-09-05 22:30:00,10472.0,0
2025-09-05 23:00:00,10472.0,0
2025-09-08 09:00:00,10472.0,0
2025-09-08 09:30:00,10472.0,0
2025-09-08 10:00:00,10472.0,0
2025-09-08 10:30:00,10472.0,0
2025-09-08 11:00:00,10472.0,0
2025-09-08 11:30:00,10472.0,0
2025-09-08 13:30:00,10472.0,0
2025-09-08 14:00:00,10472.0,0
2025-09-08 14:30:00,10472.0,0
2025-09-08 15:00:00,10472.0,0
2025-09-08 21:00:00,10472.0,0
2025-09-08 21:30:00,10472.0,0
2025-09-08 22:00:00,10472.0,0
2025-09-08 22:30:00,10472.0,0
2025-09-08 23:00:00,10472.0,0
2025-09-09 09:00:00,10472.0,0
2025-09-09 09:30:00,10472.0,0
2025-09-09 10:00:00,10472.0,0
2025-09-09 10:30:00,10472.0,0
2025-09-09 11:00:00,10472.0,0
2025-09-09 11:30:00,10472.0,0
2025-09-09 13:30:00,10472.0,0
2025-09-09 14:00:00,10472.0,0
2025-09-09 14:30:00,10472.0,0
2025-09-09 15:00:00,10472.0,0
2025-09-09 21:00:00,10472.0,0
2025-09-09 21:30:00,10472.0,0
2025-09-09 22:00:00,10472.0,0
2025-09-09 22:30:00,10472.0,0
2025-09-09 23:00:00,10472.0,0
2025-09-10 09:00:00,10472.0,0
2025-09-10 09:30:00,10472.0,0
2025-09-10 10:00:00,10472.0,0
2025-09-10 10:30:00,10472.0,0
2025-09-10 11:00:00,10472.0,0
2025-09-10 11:30:00,10472.0,0
2025-09-10 13:30:00,10472.0,0
2025-09-10 14:00:00,10472.0,0
2025-09-10 14:30:00,10472.0,0
2025-09-10 15:00:00,10472.0,0
2025-09-10 21:00:00,10472.0,0
2025-09-10 21:30:00,10472.0,0
2025-09-10 22:00:00,10472.0,0
2025-09-10 22:30:00,10472.0,0
2025-09-10 23:00:00,10472.0,0
2025-09-11 09:00:00,10472.0,0
2025-09-11 09:30:00,10472.0,0
2025-09-11 10:00:00,10472.0,0
2025-09-11 10:30:00,10472.0,0
2025-09-11 11:00:00,10472.0,0
2025-09-11 11:30:00,10472.0,0
2025-09-11 13:30:00,10472.0,0
2025-09-11 14:00:00,10472.0,0
2025-09-11 14:30:00,10472.0,0
2025-09-11 15:00:00,10472.0,0
2025-09-11 21:00:00,10472.0,0
2025-09-11 21:30:00,10472.0,0
2025-09-11 22:00:00,10472.0,0
2025-09-11 22:30:00,10472.0,0
2025-09-11 23:00:00,10472.0,0
2025-09-12 09:00:00,10472.0,0
2025-09-12 09:30:00,10472.0,0
2025-09-12 10:00:00,10472.0,0
2025-09-12 10:30:00,10472.0,0
2025-09-12 11:00:00,10472.0,0
2025-09-12 11:30:00,10472.0,0
2025-09-12 13:30:00,10472.0,0
2025-09-12 14:00:00,10472.0,0
2025-09-12 14:30:00,10472.0,0
2025-09-12 15:00:00,10472.0,0
2025-09-12 21:00:00,10472.0,0
2025-09-12 21:30:00,10472.0,0
2025-09-12 22:00:00,10472.0,0
2025-09-12 22:30:00,10472.0,0
2025-09-12 23:00:00,10472.0,0
2025-09-15 09:00:00,10472.0,0
2025-09-15 09:30:00,10472.0,0
2025-09-15 10:00:00,10472.0,0
2025-09-15 10:30:00,10472.0,0
2025-09-15 11:00:00,10472.0,0
2025-09-15 11:30:00,10472.0,0
2025-09-15 13:30:00,10472.0,0
2025-09-15 14:00:00,10472.0,0
2025-09-15 14:30:00,10472.0,0
2025-09-15 15:00:00,10472.0,0
2025-09-15 21:00:00,10472.0,0
2025-09-15 21:30:00,10472.0,0
2025-09-15 22:00:00,10472.0,0
2025-09-15 22:30:00,10472.0,0
2025-09-15 23:00:00,10472.0,0
2025-09-16 09:00:00,10472.0,0
2025-09-16 09:30:00,10472.0,0
2025-09-16 10:00:00,10472.0,0
2025-09-16 10:30:00,10472.0,0
2025-09-16 11:00:00,10472.0,0
2025-09-16 11:30:00,10472.0,0
2025-09-16 13:30:00,10472.0,0
2025-09-16 14:00:00,10472.0,0
2025-09-16 14:30:00,10472.0,0
2025-09-16 15:00:00,10472.0,0
2025-09-16 21:00:00,10472.0,0
2025-09-16 21:30:00,10472.0,0
2025-09-16 22:00:00,10472.0,0
2025-09-16 22:30:00,10472.0,0
2025-09-16 23:00:00,10472.0,0
2025-09-17 09:00:00,10472.0,0
2025-09-17 09:30:00,10472.0,0
2025-09-17 10:00:00,10472.0,0
2025-09-17 10:30:00,10472.0,0
2025-09-17 11:00:00,10472.0,0
2025-09-17 11:30:00,10472.0,0
2025-09-17 13:30:00,10472.0,0
2025-09-17 14:00:00,10472.0,0
2025-09-17 14:30:00,10472.0,0
2025-09-17 15:00:00,10472.0,0
2025-09-17 21:00:00,10472.0,0
2025-09-17 21:30:00,10472.0,0
2025-09-17 22:00:00,10472.0,0
2025-09-17 22:30:00,10472.0,0
2025-09-17 23:00:00,10472.0,0
2025-09-18 09:00:00,10472.0,0
2025-09-18 09:30:00,10472.0,0
2025-09-18 10:00:00,10472.0,0
2025-09-18 10:30:00,10472.0,0
2025-09-18 11:00:00,10472.0,0
2025-09-18 11:30:00,10472.0,0
2025-09-18 13:30:00,10472.0,0
2025-09-18 14:00:00,10472.0,0
2025-09-18 14:30:00,10472.0,0
2025-09-18 15:00:00,10472.0,0
2025-09-18 21:00:00,10472.0,0
2025-09-18 21:30:00,10472.0,0
2025-09-18 22:00:00,10472.0,0
2025-09-18 22:30:00,10472.0,0
2025-09-18 23:00:00,10472.0,0
2025-09-19 09:00:00,10472.0,0
2025-09-19 09:30:00,10472.0,0
2025-09-19 10:00:00,10472.0,0
2025-09-19 10:30:00,10472.0,0
2025-09-19 11:00:00,10472.0,0
2025-09-19 11:30:00,10472.0,0
2025-09-19 13:30:00,10472.0,0
2025-09-19 14:00:00,10472.0,0
2025-09-19 14:30:00,10472.0,0
2025-09-19 15:00:00,10472.0,0
2025-09-19 21:00:00,10472.0,0
2025-09-19 21:30:00,10472.0,0
2025-09-19 22:00:00,10472.0,0
2025-09-19 22:30:00,10472.0,0
2025-09-19 23:00:00,10472.0,0
2025-09-22 09:00:00,10472.0,0
2025-09-22 09:30:00,10472.0,0
2025-09-22 10:00:00,10472.0,0
2025-09-22 10:30:00,10472.0,0
2025-09-22 11:00:00,10472.0,0
2025-09-22 11:30:00,10472.0,0
2025-09-22 13:30:00,10472.0,0
2025-09-22 14:00:00,10472.0,0
2025-09-22 14:30:00,10472.0,0
2025-09-22 15:00:00,10472.0,0
2025-09-22 21:00:00,10472.0,0
2025-09-22 21:30:00,10472.0,0
2025-09-22 22:00:00,10472.0,0
2025-09-22 22:30:00,10472.0,0
2025-09-22 23:00:00,10472.0,0
2025-09-23 09:00:00,10472.0,0
2025-09-23 09:30:00,10472.0,0
2025-09-23 10:00:00,10472.0,0
2025-09-23 10:30:00,10472.0,0
2025-09-23 11:00:00,10472.0,0
2025-09-23 11:30:00,10472.0,0
2025-09-23 13:30:00,10472.0,0
2025-09-23 14:00:00,10472.0,0
2025-09-23 14:30:00,10472.0,0
2025-09-23 15:00:00,10472.0,0
2025-09-23 21:00:00,10472.0,0
2025-09-23 21:30:00,10472.0,0
2025-09-23 22:00:00,10472.0,0
2025-09-23 22:30:00,10472.0,0
2025-09-23 23:00:00,10472.0,0
2025-09-24 09:00:00,10472.0,0
2025-09-24 09:30:00,10472.0,0
2025-09-24 10:00:00,10472.0,0
2025-09-24 10:30:00,10472.0,0
2025-09-24 11:00:00,10472.0,0
2025-09-24 11:30:00,10472.0,0
2025-09-24 13:30:00,10472.0,0
2025-09-24 14:00:00,10472.0,0
2025-09-24 14:30:00,10472.0,0
2025-09-24 15:00:00,10472.0,0
2025-09-24 21:00:00,10472.0,0
2025-09-24 21:30:00,10472.0,0
2025-09-24 22:00:00,10472.0,0
2025-09-24 22:30:00,10472.0,0
2025-09-24 23:00:00,10472.0,0
2025-09-25 09:00:00,10472.0,0
2025-09-25 09:30:00,10472.0,0
2025-09-25 10:00:00,10472.0,0
2025-09-25 10:30:00,10472.0,0
2025-09-25 11:00:00,10472.0,0
2025-09-25 11:30:00,10472.0,0
2025-09-25 13:30:00,10472.0,0
2025-09-25 14:00:00,10472.0,0
2025-09-25 14:30:00,10472.0,0
2025-09-25 15:00:00,10472.0,0
2025-09-25 21:00:00,10472.0,0
2025-09-25 21:30:00,10472.0,0
2025-09-25 22:00:00,10472.0,0
2025-09-25 22:30:00,10472.0,0
2025-09-25 23:00:00,10472.0,0
2025-09-26 09:00:00,10472.0,0
2025-09-26 09:30:00,10472.0,0
2025-09-26 10:00:00,10472.0,0
2025-09-26 10:30:00,10472.0,0
2025-09-26 11:00:00,10472.0,0
2025-09-26 11:30:00,10472.0,0
2025-09-26 13:30:00,10472.0,0
2025-09-26 14:00:00,10472.0,0
2025-09-26 14:30:00,10472.0,0
2025-09-26 15:00:00,10472.0,0
2025-09-26 21:00:00,10472.0,0
2025-09-26 21:30:00,10472.0,0
2025-09-26 22:00:00,10472.0,0
2025-09-26 22:30:00,10472.0,0
2025-09-26 23:00:00,10472.0,0
2025-09-29 09:00:00,10472.0,0
2025-09-29 09:30:00,10472.0,0
2025-09-29 10:00:00,10472.0,0
2025-09-29 10:30:00,10472.0,0
2025-09-29 11:00:00,10472.0,0
2025-09-29 11:30:00,10472.0,0
2025-09-29 13:30:00,10472.0,0
2025-09-29 14:00:00,10472.0,0
2025-09-29 14:30:00,10472.0,0
2025-09-29 15:00:00,10472.0,0
2025-09-29 21:00:00,10472.0,0
2025-09-29 21:30:00,10472.0,0
2025-09-29 22:00:00,10472.0,0
2025-09-29 22:30:00,10472.0,0
2025-09-29 23:00:00,10472.0,0
2025-09-30 09:00:00,10472.0,0
2025-09-30 09:30:00,10472.0,0
2025-09-30 10:00:00,10472.0,0
2025-09-30 10:30:00,10472.0,0
2025-09-30 11:00:00,10472.0,0
2025-09-30 11:30:00,10472.0,0
2025-09-30 13:30:00,10472.0,0
2025-09-30 14:00:00,10472.0,0
2025-09-30 14:30:00,10472.0,0
2025-09-30 15:00:00,10472.0,0
2025-10-09 09:00:00,10472.0,0
2025-10-09 09:30:00,10472.0,0
2025-10-09 10:00:00,10472.0,0
2025-10-09 10:30:00,10472.0,0
2025-10-09 11:00:00,10472.0,0
2025-10-09 11:30:00,10472.0,0
2025-10-09 13:30:00,10472.0,0
2025-10-09 14:00:00,10472.0,0
2025-10-09 14:30:00,10472.0,0
2025-10-09 15:00:00,10472.0,0
2025-10-09 21:00:00,10472.0,0
2025-10-09 21:30:00,10472.0,0
2025-10-09 22:00:00,10472.0,0
2025-10-09 22:30:00,10472.0,0
2025-10-09 23:00:00,10472.0,0
2025-10-10 09:00:00,10472.0,0
2025-10-10 09:30:00,10472.0,0
2025-10-10 10:00:00,10472.0,0
2025-10-10 10:30:00,10472.0,0
2025-10-10 11:00:00,10472.0,0
2025-10-10 11:30:00,10472.0,0
2025-10-10 13:30:00,10472.0,0
2025-10-10 14:00:00,10472.0,0
2025-10-10 14:30:00,10472.0,0
2025-10-10 15:00:00,10472.0,0
2025-10-10 21:00:00,10472.0,0
2025-10-10 21:30:00,10472.0,0
2025-10-10 22:00:00,10472.0,0
2025-10-10 22:30:00,10472.0,0
2025-10-10 23:00:00,10472.0,0
2025-10-13 09:00:00,10472.0,0
2025-10-13 09:30:00,10472.0,0
2025-10-13 10:00:00,10472.0,0
2025-10-13 10:30:00,10472.0,0
2025-10-13 11:00:00,10472.0,0
2025-10-13 11:30:00,10472.0,0
2025-10-13 13:30:00,10472.0,0
2025-10-13 14:00:00,10472.0,0
2025-10-13 14:30:00,10472.0,0
2025-10-13 15:00:00,10472.0,0
2025-10-13 21:00:00,10472.0,0
2025-10-13 21:30:00,10472.0,0
2025-10-13 22:00:00,10472.0,0
2025-10-13 22:30:00,10472.0,0
2025-10-13 23:00:00,10472.0,0
2025-10-14 09:00:00,10472.0,0
2025-10-14 09:30:00,10472.0,0
2025-10-14 10:00:00,10472.0,0
2025-10-14 10:30:00,10472.0,0
2025-10-14 11:00:00,10472.0,0
2025-10-14 11:30:00,10472.0,0
2025-10-14 13:30:00,10472.0,0
2025-10-14 14:00:00,10472.0,0
2025-10-14 14:30:00,7595.763157894737,-1
2025-10-14 15:00:00,7635.513157894737,-1
2025-10-14 21:00:00,7618.07894736842,-1
2025-10-14 21:30:00,7660.269736842104,-1
2025-10-14 22:00:00,7563.335526315786,-1
2025-10-14 22:30:00,7603.085526315788,-1
2025-10-14 23:00:00,7702.460526315786,-1
2025-10-15 09:00:00,7605.52631578947,-1
2025-10-15 09:30:00,7565.77631578947,-1
2025-10-15 10:00:00,7563.335526315785,-1
2025-10-15 10:30:00,7600.644736842101,-1
2025-10-15 11:00:00,7700.019736842102,-1
2025-10-15 11:30:00,7819.2697368421,-1
2025-10-15 13:30:00,7779.5197368421,-1
2025-10-15 14:00:00,7779.5197368421,-1
2025-10-15 14:30:00,7816.828947368416,-1
2025-10-15 15:00:00,7796.953947368415,-1
2025-10-15 21:00:00,7856.927631578942,-1
2025-10-15 21:30:00,7896.677631578942,-1
2025-10-15 22:00:00,7936.427631578942,-1
2025-10-15 22:30:00,7936.427631578942,-1
2025-10-15 23:00:00,7933.986842105258,-1
2025-10-16 09:00:00,7914.111842105257,-1
2025-10-16 09:30:00,7755.111842105256,-1
2025-10-16 10:00:00,7755.111842105256,-1
2025-10-16 10:30:00,7755.111842105256,-1
2025-10-16 11:00:00,7655.73684210526,-1
2025-10-16 11:30:00,7876.802631578943,-1
2025-10-16 13:30:00,7936.427631578944,-1
2025-10-16 14:00:00,7814.73684210526,-1
2025-10-16 14:30:00,7812.296052631575,-1
2025-10-16 15:00:00,7613.546052631575,-1
2025-10-16 21:00:00,7797.302631578943,-1
2025-10-16 21:30:00,7874.361842105259,-1
2025-10-16 22:00:00,7953.861842105259,-1
2025-10-16 22:30:00,7993.611842105259,-1
2025-10-16 23:00:00,8011.046052631574,-1
2025-10-17 09:00:00,7971.296052631574,-1
2025-10-17 09:30:00,7988.730263157889,-1
2025-10-17 10:00:00,8088.10526315789,-1
2025-10-17 10:30:00,8284.414473684204,-1
2025-10-17 11:00:00,8242.22368421052,-1
2025-10-17 11:30:00,8279.532894736836,-1
2025-10-17 13:30:00,8339.157894736836,-1
2025-10-17 14:00:00,8401.223684210523,-1
2025-10-17 14:30:00,8580.098684210521,-1
2025-10-17 15:00:00,8681.914473684206,-1
2025-10-17 21:00:00,8592.651315789466,-1
2025-10-17 21:30:00,8314.401315789466,-1
2025-10-17 22:00:00,8391.460526315783,-1
2025-10-17 22:30:00,8374.026315789466,-1
2025-10-17 23:00:00,8393.901315789466,-1
2025-10-20 09:00:00,8590.210526315783,-1
2025-10-20 09:30:00,8490.835526315783,-1
2025-10-20 10:00:00,8453.526315789466,-1
2025-10-20 10:30:00,8510.71052631578,-1
2025-10-20 11:00:00,8649.83552631578,-1
2025-10-20 11:30:00,8632.401315789462,-1
2025-10-20 13:30:00,8652.276315789464,-1
2025-10-20 14:00:00,8888.33552631578,-1
2025-10-20 14:30:00,8828.710526315781,-1
2025-10-20 15:00:00,8848.58552631578,-1
2025-10-20 21:00:00,8855.907894736833,-1
2025-10-20 21:30:00,8935.40789473683,-1
2025-10-20 22:00:00,8935.40789473683,-1
2025-10-20 22:30:00,8975.15789473683,-1
2025-10-20 23:00:00,8875.782894736834,-1
2025-10-21 09:00:00,8855.907894736833,-1
2025-10-21 09:30:00,8915.532894736834,-1
2025-10-21 10:00:00,8915.532894736834,-1
2025-10-21 10:30:00,8972.717105263151,-1
2025-10-21 11:00:00,8754.09210526315,-1
2025-10-21 11:30:00,8677.032894736833,-1
2025-10-21 13:30:00,8716.782894736833,-1
2025-10-21 14:00:00,8719.223684210518,-1
2025-10-21 14:30:00,8719.223684210518,-1
2025-10-21 15:00:00,8840.914473684203,-1
2025-10-21 21:00:00,9037.22368421052,-1
2025-10-21 21:30:00,8858.34868421052,-1
2025-10-21 22:00:00,8836.032894736833,-1
2025-10-21 22:30:00,8875.782894736836,-1
2025-10-21 23:00:00,8855.907894736834,-1
2025-10-22 09:00:00,8838.473684210518,-1
2025-10-22 09:30:00,8699.34868421052,-1
2025-10-22 10:00:00,8699.34868421052,-1
2025-10-22 10:30:00,8637.282894736836,-1
2025-10-22 11:00:00,8734.217105263153,-1
2025-10-22 11:30:00,8711.90131578947,-1
2025-10-22 13:30:00,8751.65131578947,-1
2025-10-22 14:00:00,8888.335526315783,-1
2025-10-22 14:30:00,8866.0197368421,-1
2025-10-22 15:00:00,8806.394736842098,-1
2025-10-22 21:00:00,8803.953947368413,-1
2025-10-22 21:30:00,9002.703947368414,-1
2025-10-22 22:00:00,9040.01315789473,-1
2025-10-22 22:30:00,9037.572368421046,-1
2025-10-22 23:00:00,8898.447368421046,-1
2025-10-23 09:00:00,8858.697368421044,-1
2025-10-23 09:30:00,8818.947368421044,-1
2025-10-23 10:00:00,8881.01315789473,-1
2025-10-23 10:30:00,8722.01315789473,-1
2025-10-23 11:00:00,8784.07894736841,-1
2025-10-23 11:30:00,8744.32894736841,-1
2025-10-23 13:30:00,8644.95394736841,-1
2025-10-23 14:00:00,8761.763157894726,-1
2025-10-23 14:30:00,8503.388157894728,-1
2025-10-23 15:00:00,8580.447368421042,-1
2025-10-23 21:00:00,8627.519736842096,-1
2025-10-23 21:30:00,8806.394736842096,-1
2025-10-23 22:00:00,8823.82894736841,-1
2025-10-23 22:30:00,8863.578947368413,-1
2025-10-23 23:00:00,8883.453947368413,-1
2025-10-24 09:00:00,8861.138157894726,-1
2025-10-24 09:30:00,8903.32894736841,-1
2025-10-24 10:00:00,8866.019736842096,-1
2025-10-24 10:30:00,8885.894736842096,-1
2025-10-24 11:00:00,8826.269736842096,-1
2025-10-24 11:30:00,8587.769736842094,-1
2025-10-24 13:30:00,8629.96052631578,-1
2025-10-24 14:00:00,8707.019736842096,-1
2025-10-24 14:30:00,8749.210526315781,-1
2025-10-24 15:00:00,8828.710526315783,-1
2025-10-24 21:00:00,8873.342105263151,-1
2025-10-24 21:30:00,8614.96710526315,-1
2025-10-24 22:00:00,8634.842105263151,-1
2025-10-24 22:30:00,8773.96710526315,-1
2025-10-24 23:00:00,8677.032894736833,-1
2025-10-27 09:00:00,8808.83552631578,-1
2025-10-27 09:30:00,8808.83552631578,-1
2025-10-27 10:00:00,8928.085526315783,-1
2025-10-27 10:30:00,8908.210526315781,-1
2025-10-27 11:00:00,8930.526315789464,-1
2025-10-27 11:30:00,8813.71710526315,-1
2025-10-27 13:30:00,8833.59210526315,-1
2025-10-27 14:00:00,8870.901315789466,-1
2025-10-27 14:30:00,8771.526315789466,-1
2025-10-27 15:00:00,8751.651315789466,-1
2025-10-27 21:00:00,8704.578947368414,-1
2025-10-27 21:30:00,8744.328947368414,-1
2025-10-27 22:00:00,8724.453947368416,-1
2025-10-27 22:30:00,8707.0197368421,-1
2025-10-27 23:00:00,8684.703947368414,-1
2025-10-28 09:00:00,8627.519736842098,-1
2025-10-28 09:30:00,11295.710526315783,0
2025-10-28 10:00:00,11295.710526315783,0
2025-10-28 10:30:00,11295.710526315783,0
2025-10-28 11:00:00,11295.710526315783,0
2025-10-28 11:30:00,11295.710526315783,0
2025-10-28 13:30:00,11295.710526315783,0
2025-10-28 14:00:00,11295.710526315783,0
2025-10-28 14:30:00,11295.710526315783,0
2025-10-28 15:00:00,11295.710526315783,0
2025-10-28 21:00:00,11295.710526315783,0
2025-10-28 21:30:00,11295.710526315783,0
2025-10-28 22:00:00,11295.710526315783,0
2025-10-28 22:30:00,11295.710526315783,0
2025-10-28 23:00:00,11295.710526315783,0
2025-10-29 09:00:00,11295.710526315783,0
2025-10-29 09:30:00,11295.710526315783,0
2025-10-29 10:00:00,11295.710526315783,0
2025-10-29 10:30:00,11295.710526315783,0
2025-10-29 11:00:00,11295.710526315783,0
2025-10-29 11:30:00,11295.710526315783,0
2025-10-29 13:30:00,11295.710526315783,0
2025-10-29 14:00:00,11295.710526315783,0
2025-10-29 14:30:00,11295.710526315783,0
2025-10-29 15:00:00,11295.710526315783,0
2025-10-29 21:00:00,11295.710526315783,0
2025-10-29 21:30:00,11295.710526315783,0
2025-10-29 22:00:00,11295.710526315783,0
2025-10-29 22:30:00,11295.710526315783,0
2025-10-29 23:00:00,11295.710526315783,0
2025-10-30 09:00:00,11295.710526315783,0
2025-10-30 09:30:00,11295.710526315783,0
2025-10-30 10:00:00,11295.710526315783,0
2025-10-30 10:30:00,11295.710526315783,0
2025-10-30 11:00:00,11295.710526315783,0
2025-10-30 11:30:00,11295.710526315783,0
2025-10-30 13:30:00,11295.710526315783,0
2025-10-30 14:00:00,11295.710526315783,0
2025-10-30 14:30:00,11295.710526315783,0
2025-10-30 15:00:00,11295.710526315783,0
2025-10-30 21:00:00,11295.710526315783,0
2025-10-30 21:30:00,11295.710526315783,0
2025-10-30 22:00:00,11295.710526315783,0
2025-10-30 22:30:00,11295.710526315783,0
2025-10-30 23:00:00,11295.710526315783,0
2025-10-31 09:00:00,11295.710526315783,0
2025-10-31 09:30:00,11295.710526315783,0
2025-10-31 10:00:00,11295.710526315783,0
2025-10-31 10:30:00,11295.710526315783,0
2025-10-31 11:00:00,11295.710526315783,0
2025-10-31 11:30:00,11295.710526315783,0
2025-10-31 13:30:00,11295.710526315783,0
2025-10-31 14:00:00,11295.710526315783,0
2025-10-31 14:30:00,11295.710526315783,0
2025-10-31 15:00:00,11295.710526315783,0
2025-10-31 21:00:00,11295.710526315783,0
2025-10-31 21:30:00,11295.710526315783,0
2025-10-31 22:00:00,11295.710526315783,0
2025-10-31 22:30:00,11295.710526315783,0
2025-10-31 23:00:00,11295.710526315783,0
2025-11-03 09:00:00,11295.710526315783,0
2025-11-03 09:30:00,11295.710526315783,0
2025-11-03 10:00:00,11295.710526315783,0
2025-11-03 10:30:00,11295.710526315783,0
2025-11-03 11:00:00,11295.710526315783,0
2025-11-03 11:30:00,11295.710526315783,0
2025-11-03 13:30:00,11295.710526315783,0
2025-11-03 14:00:00,11295.710526315783,0
2025-11-03 14:30:00,11295.710526315783,0
2025-11-03 15:00:00,11295.710526315783,0
2025-11-03 21:00:00,11295.710526315783,0
2025-11-03 21:30:00,11295.710526315783,0
2025-11-03 22:00:00,11295.710526315783,0
2025-11-03 22:30:00,11295.710526315783,0
2025-11-03 23:00:00,11295.710526315783,0
2025-11-04 09:00:00,11295.710526315783,0
2025-11-04 09:30:00,11295.710526315783,0
2025-11-04 10:00:00,11295.710526315783,0
2025-11-04 10:30:00,11295.710526315783,0
2025-11-04 11:00:00,11295.710526315783,0
2025-11-04 11:30:00,11295.710526315783,0
2025-11-04 13:30:00,11295.710526315783,0
2025-11-04 14:00:00,11295.710526315783,0
2025-11-04 14:30:00,11295.710526315783,0
2025-11-04 15:00:00,11295.710526315783,0
2025-11-04 21:00:00,11295.710526315783,0
2025-11-04 21:30:00,11295.710526315783,0
2025-11-04 22:00:00,11295.710526315783,0
2025-11-04 22:30:00,11295.710526315783,0
2025-11-04 23:00:00,11295.710526315783,0
2025-11-05 09:00:00,11295.710526315783,0
2025-11-05 09:30:00,11295.710526315783,0
2025-11-05 10:00:00,11295.710526315783,0
2025-11-05 10:30:00,11295.710526315783,0
2025-11-05 11:00:00,11295.710526315783,0
2025-11-05 11:30:00,11295.710526315783,0
2025-11-05 13:30:00,11295.710526315783,0
2025-11-05 14:00:00,11295.710526315783,0
2025-11-05 14:30:00,11295.710526315783,0
2025-11-05 15:00:00,11295.710526315783,0
2025-11-05 21:00:00,11295.710526315783,0
2025-11-05 21:30:00,11295.710526315783,0
2025-11-05 22:00:00,11295.710526315783,0
2025-11-05 22:30:00,11295.710526315783,0
2025-11-05 23:00:00,11295.710526315783,0
2025-11-06 09:00:00,11295.710526315783,0
2025-11-06 09:30:00,11295.710526315783,0
2025-11-06 10:00:00,11295.710526315783,0
2025-11-06 10:30:00,11295.710526315783,0
2025-11-06 11:00:00,11295.710526315783,0
2025-11-06 11:30:00,11295.710526315783,0
2025-11-06 13:30:00,11295.710526315783,0
2025-11-06 14:00:00,11295.710526315783,0
2025-11-06 14:30:00,11295.710526315783,0
2025-11-06 15:00:00,11295.710526315783,0
2025-11-06 21:00:00,11295.710526315783,0
2025-11-06 21:30:00,11295.710526315783,0
2025-11-06 22:00:00,11295.710526315783,0
2025-11-06 22:30:00,11295.710526315783,0
2025-11-06 23:00:00,11295.710526315783,0
2025-11-07 09:00:00,11295.710526315783,0
2025-11-07 09:30:00,11295.710526315783,0
2025-11-07 10:00:00,11295.710526315783,0
2025-11-07 10:30:00,11295.710526315783,0
2025-11-07 11:00:00,11295.710526315783,0
2025-11-07 11:30:00,11295.710526315783,0
2025-11-07 13:30:00,11295.710526315783,0
2025-11-07 14:00:00,11295.710526315783,0
2025-11-07 14:30:00,11295.710526315783,0
2025-11-07 15:00:00,11295.710526315783,0
2025-11-07 21:00:00,11295.710526315783,0
2025-11-07 21:30:00,11295.710526315783,0
2025-11-07 22:00:00,11295.710526315783,0
2025-11-07 22:30:00,11295.710526315783,0
2025-11-07 23:00:00,11295.710526315783,0
2025-11-10 09:00:00,11295.710526315783,0
2025-11-10 09:30:00,11295.710526315783,0
2025-11-10 10:00:00,11295.710526315783,0
2025-11-10 10:30:00,11295.710526315783,0
2025-11-10 11:00:00,11295.710526315783,0
2025-11-10 11:30:00,11295.710526315783,0
2025-11-10 13:30:00,11295.710526315783,0
2025-11-10 14:00:00,11295.710526315783,0
2025-11-10 14:30:00,11295.710526315783,0
2025-11-10 15:00:00,11295.710526315783,0
2025-11-10 21:00:00,11295.710526315783,0
2025-11-10 21:30:00,11295.710526315783,0
2025-11-10 22:00:00,11295.710526315783,0
2025-11-10 22:30:00,11295.710526315783,0
2025-11-10 23:00:00,11295.710526315783,0
2025-11-11 09:00:00,11295.710526315783,0
2025-11-11 09:30:00,11295.710526315783,0
2025-11-11 10:00:00,11295.710526315783,0
2025-11-11 10:30:00,11295.710526315783,0
2025-11-11 11:00:00,11295.710526315783,0
2025-11-11 11:30:00,11295.710526315783,0
2025-11-11 13:30:00,11295.710526315783,0
2025-11-11 14:00:00,11295.710526315783,0
2025-11-11 14:30:00,11295.710526315783,0
2025-11-11 15:00:00,11295.710526315783,0
2025-11-11 21:00:00,11295.710526315783,0
2025-11-11 21:30:00,11295.710526315783,0
2025-11-11 22:00:00,11295.710526315783,0
2025-11-11 22:30:00,11295.710526315783,0
2025-11-11 23:00:00,11295.710526315783,0
2025-11-12 09:00:00,11295.710526315783,0
2025-11-12 09:30:00,11295.710526315783,0
2025-11-12 10:00:00,11295.710526315783,0
2025-11-12 10:30:00,11295.710526315783,0
2025-11-12 11:00:00,11295.710526315783,0
2025-11-12 11:30:00,11295.710526315783,0
2025-11-12 13:30:00,11295.710526315783,0
2025-11-12 14:00:00,11295.710526315783,0
2025-11-12 14:30:00,11295.710526315783,0
2025-11-12 15:00:00,11295.710526315783,0
2025-11-12 21:00:00,11295.710526315783,0
2025-11-12 21:30:00,11295.710526315783,0
2025-11-12 22:00:00,11295.710526315783,0
2025-11-12 22:30:00,11295.710526315783,0
2025-11-12 23:00:00,11295.710526315783,0
2025-11-13 09:00:00,11295.710526315783,0
2025-11-13 09:30:00,11295.710526315783,0
2025-11-13 10:00:00,11295.710526315783,0
2025-11-13 10:30:00,11295.710526315783,0
2025-11-13 11:00:00,11295.710526315783,0
2025-11-13 11:30:00,11295.710526315783,0
2025-11-13 13:30:00,11295.710526315783,0
2025-11-13 14:00:00,11295.710526315783,0
2025-11-13 14:30:00,11295.710526315783,0
2025-11-13 15:00:00,11295.710526315783,0
2025-11-13 21:00:00,11295.710526315783,0
2025-11-13 21:30:00,11295.710526315783,0
2025-11-13 22:00:00,11295.710526315783,0
2025-11-13 22:30:00,11295.710526315783,0
2025-11-13 23:00:00,11295.710526315783,0
2025-11-14 09:00:00,11295.710526315783,0
2025-11-14 09:30:00,11295.710526315783,0
2025-11-14 10:00:00,11295.710526315783,0
2025-11-14 10:30:00,11295.710526315783,0
2025-11-14 11:00:00,11295.710526315783,0
2025-11-14 11:30:00,11295.710526315783,0
2025-11-14 13:30:00,11295.710526315783,0
2025-11-14 14:00:00,11295.710526315783,0
2025-11-14 14:30:00,11295.710526315783,0
2025-11-14 15:00:00,11295.710526315783,0
2025-11-14 21:00:00,11295.710526315783,0
2025-11-14 21:30:00,11295.710526315783,0
2025-11-14 22:00:00,11295.710526315783,0
2025-11-14 22:30:00,11295.710526315783,0
2025-11-14 23:00:00,11295.710526315783,0
2025-11-17 09:00:00,11295.710526315783,0
2025-11-17 09:30:00,11295.710526315783,0
2025-11-17 10:00:00,11295.710526315783,0
2025-11-17 10:30:00,11295.710526315783,0
2025-11-17 11:00:00,11295.710526315783,0
2025-11-17 11:30:00,11295.710526315783,0
2025-11-17 13:30:00,11295.710526315783,0
2025-11-17 14:00:00,11295.710526315783,0
2025-11-17 14:30:00,11295.710526315783,0
2025-11-17 15:00:00,11295.710526315783,0
2025-11-17 21:00:00,11295.710526315783,0
2025-11-17 21:30:00,11295.710526315783,0
2025-11-17 22:00:00,11295.710526315783,0
2025-11-17 22:30:00,11295.710526315783,0
2025-11-17 23:00:00,11295.710526315783,0
2025-11-18 09:00:00,11295.710526315783,0
2025-11-18 09:30:00,11295.710526315783,0
2025-11-18 10:00:00,11295.710526315783,0
2025-11-18 10:30:00,11295.710526315783,0
2025-11-18 11:00:00,11295.710526315783,0
2025-11-18 11:30:00,11295.710526315783,0
2025-11-18 13:30:00,11295.710526315783,0
2025-11-18 14:00:00,11295.710526315783,0
2025-11-18 14:30:00,11295.710526315783,0
2025-11-18 15:00:00,11295.710526315783,0
2025-11-18 21:00:00,11295.710526315783,0
2025-11-18 21:30:00,11295.710526315783,0
2025-11-18 22:00:00,11295.710526315783,0
2025-11-18 22:30:00,11295.710526315783,0
2025-11-18 23:00:00,11295.710526315783,0
2025-11-19 09:00:00,11295.710526315783,0
2025-11-19 09:30:00,11295.710526315783,0
2025-11-19 10:00:00,11295.710526315783,0
2025-11-19 10:30:00,11295.710526315783,0
2025-11-19 11:00:00,11295.710526315783,0
2025-11-19 11:30:00,11295.710526315783,0
2025-11-19 13:30:00,11295.710526315783,0
2025-11-19 14:00:00,11295.710526315783,0
2025-11-19 14:30:00,11295.710526315783,0
2025-11-19 15:00:00,11295.710526315783,0
2025-11-19 21:00:00,11295.710526315783,0
2025-11-19 21:30:00,11295.710526315783,0
2025-11-19 22:00:00,11295.710526315783,0
2025-11-19 22:30:00,11295.710526315783,0
2025-11-19 23:00:00,11295.710526315783,0
2025-11-20 09:00:00,11295.710526315783,0
2025-11-20 09:30:00,11295.710526315783,0
2025-11-20 10:00:00,11295.710526315783,0
2025-11-20 10:30:00,11295.710526315783,0
2025-11-20 11:00:00,11295.710526315783,0
2025-11-20 11:30:00,11295.710526315783,0
2025-11-20 13:30:00,11295.710526315783,0
2025-11-20 14:00:00,11295.710526315783,0
2025-11-20 14:30:00,11295.710526315783,0
2025-11-20 15:00:00,11295.710526315783,0
2025-11-20 21:00:00,11295.710526315783,0
2025-11-20 21:30:00,11295.710526315783,0
2025-11-20 22:00:00,11295.710526315783,0
2025-11-20 22:30:00,11295.710526315783,0
2025-11-20 23:00:00,11295.710526315783,0
2025-11-21 09:00:00,11295.710526315783,0
2025-11-21 09:30:00,11295.710526315783,0
2025-11-21 10:00:00,11295.710526315783,0
2025-11-21 10:30:00,11295.710526315783,0
2025-11-21 11:00:00,11295.710526315783,0
2025-11-21 11:30:00,11295.710526315783,0
2025-11-21 13:30:00,11295.710526315783,0
2025-11-21 14:00:00,11295.710526315783,0
2025-11-21 14:30:00,11295.710526315783,0
2025-11-21 15:00:00,11295.710526315783,0
2025-11-21 21:00:00,11295.710526315783,0
2025-11-21 21:30:00,11295.710526315783,0
2025-11-21 22:00:00,11295.710526315783,0
2025-11-21 22:30:00,11295.710526315783,0
2025-11-21 23:00:00,11295.710526315783,0
2025-11-24 09:00:00,11295.710526315783,0
2025-11-24 09:30:00,11295.710526315783,0
2025-11-24 10:00:00,11295.710526315783,0
2025-11-24 10:30:00,11295.710526315783,0
2025-11-24 11:00:00,11295.710526315783,0
2025-11-24 11:30:00,11295.710526315783,0
2025-11-24 13:30:00,11295.710526315783,0
2025-11-24 14:00:00,11295.710526315783,0
2025-11-24 14:30:00,11295.710526315783,0
2025-11-24 15:00:00,11295.710526315783,0
2025-11-24 21:00:00,11295.710526315783,0
2025-11-24 21:30:00,11295.710526315783,0
2025-11-24 22:00:00,11295.710526315783,0
2025-11-24 22:30:00,11295.710526315783,0
2025-11-24 23:00:00,11295.710526315783,0
2025-11-25 09:00:00,11295.710526315783,0
2025-11-25 09:30:00,11295.710526315783,0
2025-11-25 10:00:00,11295.710526315783,0
2025-11-25 10:30:00,11295.710526315783,0
2025-11-25 11:00:00,11295.710526315783,0
2025-11-25 11:30:00,11295.710526315783,0
2025-11-25 13:30:00,11295.710526315783,0
2025-11-25 14:00:00,11295.710526315783,0
2025-11-25 14:30:00,11295.710526315783,0
2025-11-25 15:00:00,11295.710526315783,0
2025-11-25 21:00:00,11295.710526315783,0
2025-11-25 21:30:00,11295.710526315783,0
2025-11-25 22:00:00,11295.710526315783,0
2025-11-25 22:30:00,11295.710526315783,0
2025-11-25 23:00:00,11295.710526315783,0
2025-11-26 09:00:00,11295.710526315783,0
2025-11-26 09:30:00,11295.710526315783,0
2025-11-26 10:00:00,11295.710526315783,0
2025-11-26 10:30:00,11295.710526315783,0
2025-11-26 11:00:00,11295.710526315783,0
2025-11-26 11:30:00,11295.710526315783,0
2025-11-26 13:30:00,11295.710526315783,0
2025-11-26 14:00:00,11295.710526315783,0
2025-11-26 14:30:00,11295.710526315783,0
2025-11-26 15:00:00,11295.710526315783,0
2025-11-26 21:00:00,11295.710526315783,0
2025-11-26 21:30:00,11295.710526315783,0
2025-11-26 22:00:00,11295.710526315783,0
2025-11-26 22:30:00,11295.710526315783,0
2025-11-26 23:00:00,11295.710526315783,0
2025-11-27 09:00:00,11295.710526315783,0
2025-11-27 09:30:00,11295.710526315783,0
2025-11-27 10:00:00,11295.710526315783,0
2025-11-27 10:30:00,11295.710526315783,0
2025-11-27 11:00:00,11295.710526315783,0
2025-11-27 11:30:00,11295.710526315783,0
2025-11-27 13:30:00,11295.710526315783,0
2025-11-27 14:00:00,11295.710526315783,0
2025-11-27 14:30:00,11295.710526315783,0
2025-11-27 15:00:00,11295.710526315783,0
2025-11-27 21:00:00,11295.710526315783,0
2025-11-27 21:30:00,11295.710526315783,0
2025-11-27 22:00:00,11295.710526315783,0
2025-11-27 22:30:00,11295.710526315783,0
2025-11-27 23:00:00,11295.710526315783,0
2025-11-28 09:00:00,11295.710526315783,0
2025-11-28 09:30:00,11295.710526315783,0
2025-11-28 10:00:00,11295.710526315783,0
2025-11-28 10:30:00,11295.710526315783,0
2025-11-28 11:00:00,11295.710526315783,0
2025-11-28 11:30:00,11295.710526315783,0
2025-11-28 13:30:00,11295.710526315783,0
2025-11-28 14:00:00,11295.710526315783,0
2025-11-28 14:30:00,11295.710526315783,0
2025-11-28 15:00:00,11295.710526315783,0
2025-11-28 21:00:00,11295.710526315783,0
2025-11-28 21:30:00,11295.710526315783,0
2025-11-28 22:00:00,11295.710526315783,0
2025-11-28 22:30:00,11295.710526315783,0
2025-11-28 23:00:00,11295.710526315783,0
2025-12-01 09:00:00,11295.710526315783,0
2025-12-01 09:30:00,11295.710526315783,0
2025-12-01 10:00:00,11295.710526315783,0
2025-12-01 10:30:00,11295.710526315783,0
2025-12-01 11:00:00,11295.710526315783,0
2025-12-01 11:30:00,11295.710526315783,0
2025-12-01 13:30:00,11295.710526315783,0
2025-12-01 14:00:00,11295.710526315783,0
2025-12-01 14:30:00,11295.710526315783,0
2025-12-01 15:00:00,11295.710526315783,0
2025-12-01 21:00:00,11295.710526315783,0
2025-12-01 21:30:00,11295.710526315783,0
2025-12-01 22:00:00,11295.710526315783,0
2025-12-01 22:30:00,11295.710526315783,0
2025-12-01 23:00:00,11295.710526315783,0
2025-12-02 09:00:00,11295.710526315783,0
2025-12-02 09:30:00,11295.710526315783,0
2025-12-02 10:00:00,11295.710526315783,0
2025-12-02 10:30:00,11295.710526315783,0
2025-12-02 11:00:00,11295.710526315783,0
2025-12-02 11:30:00,11295.710526315783,0
2025-12-02 13:30:00,11295.710526315783,0
2025-12-02 14:00:00,11295.710526315783,0
2025-12-02 14:30:00,11295.710526315783,0
2025-12-02 15:00:00,11295.710526315783,0
2025-12-02 21:00:00,11295.710526315783,0
2025-12-02 21:30:00,11295.710526315783,0
2025-12-02 22:00:00,11295.710526315783,0
2025-12-02 22:30:00,11295.710526315783,0
2025-12-02 23:00:00,11295.710526315783,0
2025-12-03 09:00:00,11295.710526315783,0
2025-12-03 09:30:00,11295.710526315783,0
2025-12-03 10:00:00,11295.710526315783,0
2025-12-03 10:30:00,11295.710526315783,0
2025-12-03 11:00:00,11295.710526315783,0
2025-12-03 11:30:00,11295.710526315783,0
2025-12-03 13:30:00,11295.710526315783,0
2025-12-03 14:00:00,11295.710526315783,0
2025-12-03 14:30:00,11295.710526315783,0
2025-12-03 15:00:00,11295.710526315783,0
2025-12-03 21:00:00,11295.710526315783,0
2025-12-03 21:30:00,11295.710526315783,0
2025-12-03 22:00:00,11295.710526315783,0
2025-12-03 22:30:00,11295.710526315783,0
2025-12-03 23:00:00,11295.710526315783,0
2025-12-04 09:00:00,11295.710526315783,0
2025-12-04 09:30:00,11295.710526315783,0
2025-12-04 10:00:00,11295.710526315783,0
2025-12-04 10:30:00,11295.710526315783,0
2025-12-04 11:00:00,11295.710526315783,0
2025-12-04 11:30:00,11295.710526315783,0
2025-12-04 13:30:00,11295.710526315783,0
2025-12-04 14:00:00,11295.710526315783,0
2025-12-04 14:30:00,11295.710526315783,0
2025-12-04 15:00:00,11295.710526315783,0
2025-12-04 21:00:00,11295.710526315783,0
2025-12-04 21:30:00,11295.710526315783,0
2025-12-04 22:00:00,11295.710526315783,0
2025-12-04 22:30:00,11295.710526315783,0
2025-12-04 23:00:00,11295.710526315783,0
2025-12-05 09:00:00,11295.710526315783,0
2025-12-05 09:30:00,11295.710526315783,0
2025-12-05 10:00:00,11295.710526315783,0
2025-12-05 10:30:00,11295.710526315783,0
2025-12-05 11:00:00,11295.710526315783,0
2025-12-05 11:30:00,11295.710526315783,0
2025-12-05 13:30:00,11295.710526315783,0
2025-12-05 14:00:00,11295.710526315783,0
2025-12-05 14:30:00,11295.710526315783,0
2025-12-05 15:00:00,11295.710526315783,0
2025-12-05 21:00:00,11295.710526315783,0
2025-12-05 21:30:00,11295.710526315783,0
2025-12-05 22:00:00,11295.710526315783,0
2025-12-05 22:30:00,11295.710526315783,0
2025-12-05 23:00:00,11295.710526315783,0
2025-12-08 09:00:00,11295.710526315783,0
2025-12-08 09:30:00,11295.710526315783,0
2025-12-08 10:00:00,11295.710526315783,0
2025-12-08 10:30:00,11295.710526315783,0
2025-12-08 11:00:00,11295.710526315783,0
2025-12-08 11:30:00,11295.710526315783,0
2025-12-08 13:30:00,11295.710526315783,0
2025-12-08 14:00:00,11295.710526315783,0
2025-12-08 14:30:00,11295.710526315783,0
2025-12-08 15:00:00,11295.710526315783,0
2025-12-08 21:00:00,11295.710526315783,0
2025-12-08 21:30:00,11295.710526315783,0
2025-12-08 22:00:00,11295.710526315783,0
2025-12-08 22:30:00,11295.710526315783,0
2025-12-08 23:00:00,11295.710526315783,0
2025-12-09 09:00:00,11295.710526315783,0
2025-12-09 09:30:00,11295.710526315783,0
2025-12-09 10:00:00,11295.710526315783,0
2025-12-09 10:30:00,11295.710526315783,0
2025-12-09 11:00:00,11295.710526315783,0
2025-12-09 11:30:00,11295.710526315783,0
2025-12-09 13:30:00,11295.710526315783,0
2025-12-09 14:00:00,11295.710526315783,0
2025-12-09 14:30:00,11295.710526315783,0
2025-12-09 15:00:00,11295.710526315783,0
2025-12-09 21:00:00,11295.710526315783,0
2025-12-09 21:30:00,11295.710526315783,0
2025-12-09 22:00:00,11295.710526315783,0
2025-12-09 22:30:00,11295.710526315783,0
2025-12-09 23:00:00,11295.710526315783,0
2025-12-10 09:00:00,11295.710526315783,0
2025-12-10 09:30:00,11295.710526315783,0
2025-12-10 10:00:00,11295.710526315783,0
2025-12-10 10:30:00,11295.710526315783,0
2025-12-10 11:00:00,11295.710526315783,0
2025-12-10 11:30:00,11295.710526315783,0
2025-12-10 13:30:00,11295.710526315783,0
2025-12-10 14:00:00,11295.710526315783,0
2025-12-10 14:30:00,11295.710526315783,0
2025-12-10 15:00:00,11295.710526315783,0
2025-12-10 21:00:00,11295.710526315783,0
2025-12-10 21:30:00,11295.710526315783,0
2025-12-10 22:00:00,11295.710526315783,0
2025-12-10 22:30:00,11295.710526315783,0
2025-12-10 23:00:00,11295.710526315783,0
2025-12-11 09:00:00,11295.710526315783,0
2025-12-11 09:30:00,11295.710526315783,0
2025-12-11 10:00:00,11295.710526315783,0
2025-12-11 10:30:00,11295.710526315783,0
2025-12-11 11:00:00,11295.710526315783,0
2025-12-11 11:30:00,11295.710526315783,0
2025-12-11 13:30:00,11295.710526315783,0
2025-12-11 14:00:00,11295.710526315783,0
2025-12-11 14:30:00,11295.710526315783,0
2025-12-11 15:00:00,11295.710526315783,0
2025-12-11 21:00:00,11295.710526315783,0
2025-12-11 21:30:00,11295.710526315783,0
2025-12-11 22:00:00,11295.710526315783,0
2025-12-11 22:30:00,11295.710526315783,0
2025-12-11 23:00:00,11295.710526315783,0
2025-12-12 09:00:00,11295.710526315783,0
2025-12-12 09:30:00,11295.710526315783,0
2025-12-12 10:00:00,11295.710526315783,0
2025-12-12 10:30:00,11295.710526315783,0
2025-12-12 11:00:00,11295.710526315783,0
2025-12-12 11:30:00,11295.710526315783,0
2025-12-12 13:30:00,11295.710526315783,0
2025-12-12 14:00:00,11295.710526315783,0
2025-12-12 14:30:00,11295.710526315783,0
2025-12-12 15:00:00,11295.710526315783,0
2025-12-12 21:00:00,11295.710526315783,0
2025-12-12 21:30:00,11295.710526315783,0
2025-12-12 22:00:00,11295.710526315783,0
2025-12-12 22:30:00,11295.710526315783,0
2025-12-12 23:00:00,11295.710526315783,0
2025-12-15 09:00:00,11295.710526315783,0
2025-12-15 09:30:00,11295.710526315783,0
2025-12-15 10:00:00,9275.00442020437,-1
2025-12-15 10:30:00,9245.624943670551,-1
2025-12-15 11:00:00,9231.896216318299,-1
2025-12-15 11:30:00,9245.624943670548,-1
2025-12-15 13:30:00,9263.19771468143,-1
2025-12-15 14:00:00,9404.054457315526,-1
2025-12-15 14:30:00,9372.752958952395,-1
2025-12-15 15:00:00,9357.102209770826,-1
2025-12-15 21:00:00,9435.355955678659,-1
2025-12-15 21:30:00,9404.054457315524,-1
2025-12-15 22:00:00,9623.164945857452,-1
2025-12-15 22:30:00,9605.59217484657,-1
2025-12-15 23:00:00,9621.242924028138,-1
2025-12-16 09:00:00,9636.8936732097,-1
2025-12-16 09:30:00,9464.735432212472,-1
2025-12-16 10:00:00,9497.958952404919,-1
2025-12-16 10:30:00,9482.308203223354,-1
2025-12-16 11:00:00,9372.75295895239,-1
2025-12-16 11:30:00,9435.355955678655,-1
2025-12-16 13:30:00,9482.308203223354,-1
2025-12-16 14:00:00,9466.657454041788,-1
2025-12-16 14:30:00,9484.230225052666,-1
2025-12-16 15:00:00,9345.295504247884,-1
2025-12-16 21:00:00,9323.604115031329,-1
2025-12-16 21:30:00,9262.923140134377,-1
2025-12-16 22:00:00,9278.573889315943,-1
2025-12-16 22:30:00,9264.845161963694,-1
2025-12-16 23:00:00,9249.194412782128,-1
2025-12-17 09:00:00,9264.845161963694,-1
2025-12-17 09:30:00,9296.146660326827,-1
2025-12-17 10:00:00,9372.478384405345,-1
2025-12-17 10:30:00,9280.495911145263,-1
2025-12-17 11:00:00,9172.862688703612,-1
2025-12-17 11:30:00,9204.164187066746,-1
2025-12-17 13:30:00,9190.435459714497,-1
2025-12-17 14:00:00,9174.784710532931,-1
2025-12-17 14:30:00,9251.11643461145,-1
2025-12-17 15:00:00,9235.465685429883,-1
2025-12-17 21:00:00,9217.892914419002,-1
2025-12-17 21:30:00,8764.021188153578,-1
2025-12-17 22:00:00,8670.11669306418,-1
2025-12-17 22:30:00,8623.16444551948,-1
2025-12-17 23:00:00,8748.370438972015,-1
2025-12-18 09:00:00,8859.847705072296,-1
2025-12-18 09:30:00,8955.674221991008,-1
2025-12-18 10:00:00,8940.023472809446,-1
2025-12-18 10:30:00,8924.372723627877,-1
2025-12-18 11:00:00,8924.372723627877,-1
2025-12-18 11:30:00,8848.040999549357,-1
2025-12-18 13:30:00,8832.390250367795,-1
2025-12-18 14:00:00,8818.661523015546,-1
2025-12-18 14:30:00,8787.36002465241,-1
2025-12-18 15:00:00,8832.390250367795,-1
2025-12-18 21:00:00,8840.078337685054,-1
2025-12-18 21:30:00,8904.603356240634,-1
2025-12-18 22:00:00,8920.2541054222,-1
2025-12-18 22:30:00,8888.95260705907,-1
2025-12-18 23:00:00,8890.874628888385,-1
2025-12-19 09:00:00,8890.874628888385,-1
2025-12-19 09:30:00,8877.145901536132,-1
2025-12-19 10:00:00,8908.447399899267,-1
2025-12-19 10:30:00,8922.17612725152,-1
2025-12-19 11:00:00,9031.731371522483,-1
2025-12-19 11:30:00,9047.38212070405,-1
2025-12-19 13:30:00,9031.731371522483,-1
2025-12-19 14:00:00,9125.635866611881,-1
2025-12-19 14:30:00,9094.334368248748,-1
2025-12-19 15:00:00,9078.683619067182,-1
2025-12-19 21:00:00,9180.27620147384,-1
2025-12-19 21:30:00,9072.642979032193,-1
2025-12-19 22:00:00,9088.293728213757,-1
2025-12-19 22:30:00,9090.215750043073,-1
2025-12-19 23:00:00,9027.612753316806,-1
2025-12-22 09:00:00,9060.836273509252,-1
2025-12-22 09:30:00,9186.042266961782,-1
2025-12-22 10:00:00,9248.64526368805,-1
2025-12-22 10:30:00,9201.69301614335,-1
2025-12-22 11:00:00,9248.64526368805,-1
2025-12-22 11:30:00,9201.69301614335,-1
2025-12-22 13:30:00,9217.343765324918,-1
2025-12-22 14:00:00,9187.964288791101,-1
2025-12-22 14:30:00,9172.313539609533,-1
2025-12-22 15:00:00,9139.090019417086,-1
2025-12-22 21:00:00,9150.896724940025,-1
2025-12-22 21:30:00,9043.263502498374,-1
2025-12-22 22:00:00,9105.86649922464,-1
2025-12-22 22:30:00,9231.07249267717,-1
2025-12-22 23:00:00,9231.07249267717,-1
2025-12-23 09:00:00,9264.296012869621,-1
2025-12-23 09:30:00,9248.645263688053,-1
2025-12-23 10:00:00,9266.218034698932,-1
2025-12-23 10:30:00,9236.838558165116,-1
2025-12-23 11:00:00,9252.48930734668,-1
2025-12-23 11:30:00,9205.53705980198,-1
2025-12-23 13:30:00,9187.964288791098,-1
2025-12-23 14:00:00,9221.187808983545,-1
2025-12-23 14:30:00,9189.886310620413,-1
2025-12-23 15:00:00,9172.31353960953,-1
2025-12-23 21:00:00,9029.534775146118,-1
2025-12-23 21:30:00,9123.439270235516,-1
2025-12-23 22:00:00,9043.26350249837,-1
2025-12-23 22:30:00,9105.866499224636,-1
2025-12-23 23:00:00,9103.944477395322,-1
2025-12-24 09:00:00,9148.974703110705,-1
2025-12-24 09:30:00,9180.27620147384,-1
2025-12-24 10:00:00,9021.84668782886,-1
2025-12-24 10:30:00,8863.41717418388,-1
2025-12-24 11:00:00,8910.36942172858,-1
2025-12-24 11:30:00,8830.193653991433,-1
2025-12-24 13:30:00,8814.542904809865,-1
2025-12-24 14:00:00,8939.748898262395,-1
2025-12-24 14:30:00,8955.399647443963,-1
2025-12-24 15:00:00,10945.678524566258,0
2025-12-24 21:00:00,10945.678524566258,0
2025-12-24 21:30:00,10945.678524566258,0
2025-12-24 22:00:00,10945.678524566258,0
2025-12-24 22:30:00,10945.678524566258,0
2025-12-24 23:00:00,10945.678524566258,0
2025-12-25 09:00:00,10945.678524566258,0
2025-12-25 09:30:00,10945.678524566258,0
2025-12-25 10:00:00,10945.678524566258,0
2025-12-25 10:30:00,10945.678524566258,0
2025-12-25 11:00:00,10945.678524566258,0
2025-12-25 11:30:00,10945.678524566258,0
2025-12-25 13:30:00,10945.678524566258,0
2025-12-25 14:00:00,10945.678524566258,0
2025-12-25 14:30:00,10945.678524566258,0
2025-12-25 15:00:00,10945.678524566258,0
2025-12-25 21:00:00,10945.678524566258,0
2025-12-25 21:30:00,10945.678524566258,0
2025-12-25 22:00:00,10945.678524566258,0
2025-12-25 22:30:00,10945.678524566258,0
2025-12-25 23:00:00,10945.678524566258,0
2025-12-26 09:00:00,10945.678524566258,0
2025-12-26 09:30:00,10945.678524566258,0
2025-12-26 10:00:00,10945.678524566258,0
2025-12-26 10:30:00,10945.678524566258,0
2025-12-26 11:00:00,10945.678524566258,0
2025-12-26 11:30:00,10945.678524566258,0
2025-12-26 13:30:00,10945.678524566258,0
2025-12-26 14:00:00,10945.678524566258,0
2025-12-26 14:30:00,10945.678524566258,0
2025-12-26 15:00:00,10945.678524566258,0
2025-12-26 21:00:00,10945.678524566258,0
2025-12-26 21:30:00,10945.678524566258,0
2025-12-26 22:00:00,10945.678524566258,0
2025-12-26 22:30:00,10945.678524566258,0
2025-12-26 23:00:00,10945.678524566258,0
2025-12-29 09:00:00,10945.678524566258,0
2025-12-29 09:30:00,10945.678524566258,0
2025-12-29 10:00:00,10945.678524566258,0
2025-12-29 10:30:00,10945.678524566258,0
2025-12-29 11:00:00,10945.678524566258,0
2025-12-29 11:30:00,10945.678524566258,0
2025-12-29 13:30:00,10945.678524566258,0
2025-12-29 14:00:00,10945.678524566258,0
2025-12-29 14:30:00,10945.678524566258,0
2025-12-29 15:00:00,10945.678524566258,0
2025-12-29 21:00:00,10945.678524566258,0
2025-12-29 21:30:00,10945.678524566258,0
2025-12-29 22:00:00,10945.678524566258,0
2025-12-29 22:30:00,10945.678524566258,0
2025-12-29 23:00:00,10945.678524566258,0
2025-12-30 09:00:00,10945.678524566258,0
2025-12-30 09:30:00,10945.678524566258,0
2025-12-30 10:00:00,10945.678524566258,0
2025-12-30 10:30:00,10945.678524566258,0
2025-12-30 11:00:00,10945.678524566258,0
2025-12-30 11:30:00,10945.678524566258,0
2025-12-30 13:30:00,10945.678524566258,0
2025-12-30 14:00:00,10945.678524566258,0
2025-12-30 14:30:00,10945.678524566258,0
2025-12-30 15:00:00,10945.678524566258,0
2025-12-30 21:00:00,10945.678524566258,0
2025-12-30 21:30:00,10945.678524566258,0
2025-12-30 22:00:00,10945.678524566258,0
2025-12-30 22:30:00,10945.678524566258,0
2025-12-30 23:00:00,10945.678524566258,0
2025-12-31 09:00:00,10945.678524566258,0
2025-12-31 09:30:00,10945.678524566258,0
2025-12-31 10:00:00,10945.678524566258,0
2025-12-31 10:30:00,10945.678524566258,0
2025-12-31 11:00:00,10945.678524566258,0
2025-12-31 11:30:00,10945.678524566258,0
2025-12-31 13:30:00,10945.678524566258,0
2025-12-31 14:00:00,10945.678524566258,0
2025-12-31 14:30:00,10945.678524566258,0
2025-12-31 15:00:00,10945.678524566258,0
2026-01-05 09:00:00,10945.678524566258,0
2026-01-05 09:30:00,10945.678524566258,0
2026-01-05 10:00:00,10945.678524566258,0
2026-01-05 10:30:00,10945.678524566258,0
2026-01-05 11:00:00,10945.678524566258,0
2026-01-05 11:30:00,10945.678524566258,0
2026-01-05 13:30:00,10945.678524566258,0
2026-01-05 14:00:00,10945.678524566258,0
2026-01-05 14:30:00,10945.678524566258,0
2026-01-05 15:00:00,10945.678524566258,0
2026-01-05 21:00:00,10945.678524566258,0
2026-01-05 21:30:00,10945.678524566258,0
2026-01-05 22:00:00,10945.678524566258,0
2026-01-05 22:30:00,10945.678524566258,0
2026-01-05 23:00:00,10945.678524566258,0
2026-01-06 09:00:00,10945.678524566258,0
2026-01-06 09:30:00,10945.678524566258,0
2026-01-06 10:00:00,10945.678524566258,0
2026-01-06 10:30:00,10945.678524566258,0
2026-01-06 11:00:00,10945.678524566258,0
2026-01-06 11:30:00,10945.678524566258,0
2026-01-06 13:30:00,10945.678524566258,0
2026-01-06 14:00:00,10945.678524566258,0
2026-01-06 14:30:00,10945.678524566258,0
2026-01-06 15:00:00,10945.678524566258,0
2026-01-06 21:00:00,10945.678524566258,0
2026-01-06 21:30:00,10945.678524566258,0
2026-01-06 22:00:00,10945.678524566258,0
2026-01-06 22:30:00,10945.678524566258,0
2026-01-06 23:00:00,10945.678524566258,0
2026-01-07 09:00:00,10945.678524566258,0
2026-01-07 09:30:00,10945.678524566258,0
2026-01-07 10:00:00,10945.678524566258,0
2026-01-07 10:30:00,10945.678524566258,0
2026-01-07 11:00:00,10945.678524566258,0
2026-01-07 11:30:00,10945.678524566258,0
2026-01-07 13:30:00,10945.678524566258,0
2026-01-07 14:00:00,10945.678524566258,0
2026-01-07 14:30:00,10945.678524566258,0
2026-01-07 15:00:00,10945.678524566258,0
2026-01-07 21:00:00,10945.678524566258,0
2026-01-07 21:30:00,10945.678524566258,0
2026-01-07 22:00:00,10945.678524566258,0
2026-01-07 22:30:00,10945.678524566258,0
2026-01-07 23:00:00,10945.678524566258,0
2026-01-08 09:00:00,10945.678524566258,0
2026-01-08 09:30:00,10945.678524566258,0
2026-01-08 10:00:00,10945.678524566258,0
2026-01-08 10:30:00,10945.678524566258,0
2026-01-08 11:00:00,10945.678524566258,0
2026-01-08 11:30:00,10945.678524566258,0
2026-01-08 13:30:00,10945.678524566258,0
2026-01-08 14:00:00,10945.678524566258,0
2026-01-08 14:30:00,10945.678524566258,0
2026-01-08 15:00:00,10945.678524566258,0
2026-01-08 21:00:00,10945.678524566258,0
2026-01-08 21:30:00,10945.678524566258,0
2026-01-08 22:00:00,10945.678524566258,0
2026-01-08 22:30:00,10945.678524566258,0
2026-01-08 23:00:00,10945.678524566258,0
2026-01-09 09:00:00,10945.678524566258,0
2026-01-09 09:30:00,10945.678524566258,0
2026-01-09 10:00:00,10945.678524566258,0
2026-01-09 10:30:00,10945.678524566258,0
2026-01-09 11:00:00,10945.678524566258,0
2026-01-09 11:30:00,10945.678524566258,0
2026-01-09 13:30:00,10945.678524566258,0
2026-01-09 14:00:00,10945.678524566258,0
2026-01-09 14:30:00,10945.678524566258,0
2026-01-09 15:00:00,10945.678524566258,0
2026-01-09 21:00:00,10945.678524566258,0
2026-01-09 21:30:00,10945.678524566258,0
2026-01-09 22:00:00,10945.678524566258,0
2026-01-09 22:30:00,10945.678524566258,0
2026-01-09 23:00:00,10945.678524566258,0
2026-01-12 09:00:00,10945.678524566258,0
2026-01-12 09:30:00,10945.678524566258,0
2026-01-12 10:00:00,10945.678524566258,0
2026-01-12 10:30:00,10945.678524566258,0
2026-01-12 11:00:00,10945.678524566258,0
2026-01-12 11:30:00,10945.678524566258,0
2026-01-12 13:30:00,10945.678524566258,0
2026-01-12 14:00:00,10945.678524566258,0
2026-01-12 14:30:00,10945.678524566258,0
2026-01-12 15:00:00,10945.678524566258,0
2026-01-12 21:00:00,10945.678524566258,0
2026-01-12 21:30:00,10945.678524566258,0
2026-01-12 22:00:00,10945.678524566258,0
2026-01-12 22:30:00,10945.678524566258,0
2026-01-12 23:00:00,10945.678524566258,0
2026-01-13 09:00:00,10945.678524566258,0
2026-01-13 09:30:00,10945.678524566258,0
2026-01-13 10:00:00,10945.678524566258,0
2026-01-13 10:30:00,10945.678524566258,0
2026-01-13 11:00:00,10945.678524566258,0
2026-01-13 11:30:00,10945.678524566258,0
2026-01-13 13:30:00,10945.678524566258,0
2026-01-13 14:00:00,10945.678524566258,0
2026-01-13 14:30:00,10945.678524566258,0
2026-01-13 15:00:00,10945.678524566258,0
2026-01-13 21:00:00,10945.678524566258,0
2026-01-13 21:30:00,10945.678524566258,0
2026-01-13 22:00:00,10945.678524566258,0
2026-01-13 22:30:00,10945.678524566258,0
2026-01-13 23:00:00,10945.678524566258,0
2026-01-14 09:00:00,10945.678524566258,0
2026-01-14 09:30:00,10945.678524566258,0
2026-01-14 10:00:00,10945.678524566258,0
2026-01-14 10:30:00,10945.678524566258,0
2026-01-14 11:00:00,10945.678524566258,0
2026-01-14 11:30:00,10945.678524566258,0
2026-01-14 13:30:00,10945.678524566258,0
2026-01-14 14:00:00,10945.678524566258,0
2026-01-14 14:30:00,10945.678524566258,0
2026-01-14 15:00:00,10945.678524566258,0
2026-01-14 21:00:00,10945.678524566258,0
2026-01-14 21:30:00,10945.678524566258,0
2026-01-14 22:00:00,10945.678524566258,0
2026-01-14 22:30:00,10945.678524566258,0
2026-01-14 23:00:00,10945.678524566258,0
2026-01-15 09:00:00,10945.678524566258,0
2026-01-15 09:30:00,10945.678524566258,0
2026-01-15 10:00:00,10945.678524566258,0
2026-01-15 10:30:00,10945.678524566258,0
2026-01-15 11:00:00,10945.678524566258,0
2026-01-15 11:30:00,10945.678524566258,0
2026-01-15 13:30:00,10945.678524566258,0
2026-01-15 14:00:00,10945.678524566258,0
2026-01-15 14:30:00,10945.678524566258,0
2026-01-15 15:00:00,10945.678524566258,0
2026-01-15 21:00:00,10945.678524566258,0
2026-01-15 21:30:00,10945.678524566258,0
2026-01-15 22:00:00,10945.678524566258,0
2026-01-15 22:30:00,10945.678524566258,0
2026-01-15 23:00:00,10945.678524566258,0
2026-01-16 09:00:00,10945.678524566258,0
2026-01-16 09:30:00,10945.678524566258,0
2026-01-16 10:00:00,10945.678524566258,0
2026-01-16 10:30:00,10945.678524566258,0
2026-01-16 11:00:00,10945.678524566258,0
2026-01-16 11:30:00,10945.678524566258,0
2026-01-16 13:30:00,10945.678524566258,0
2026-01-16 14:00:00,10945.678524566258,0
2026-01-16 14:30:00,10945.678524566258,0
2026-01-16 15:00:00,10945.678524566258,0
2026-01-16 21:00:00,10945.678524566258,0
2026-01-16 21:30:00,10945.678524566258,0
2026-01-16 22:00:00,10945.678524566258,0
2026-01-16 22:30:00,10945.678524566258,0
2026-01-16 23:00:00,10945.678524566258,0
2026-01-19 09:00:00,10945.678524566258,0
2026-01-19 09:30:00,10945.678524566258,0
2026-01-19 10:00:00,10945.678524566258,0
2026-01-19 10:30:00,10945.678524566258,0
2026-01-19 11:00:00,10945.678524566258,0
2026-01-19 11:30:00,10945.678524566258,0
2026-01-19 13:30:00,10945.678524566258,0
2026-01-19 14:00:00,10945.678524566258,0
2026-01-19 14:30:00,10945.678524566258,0
2026-01-19 15:00:00,10945.678524566258,0
2026-01-19 21:00:00,10945.678524566258,0
2026-01-19 21:30:00,10945.678524566258,0
2026-01-19 22:00:00,10945.678524566258,0
2026-01-19 22:30:00,10945.678524566258,0
2026-01-19 23:00:00,10945.678524566258,0
2026-01-20 09:00:00,10945.678524566258,0
2026-01-20 09:30:00,10945.678524566258,0
2026-01-20 10:00:00,10945.678524566258,0
2026-01-20 10:30:00,10945.678524566258,0
2026-01-20 11:00:00,10945.678524566258,0
2026-01-20 11:30:00,10945.678524566258,0
2026-01-20 13:30:00,10945.678524566258,0
2026-01-20 14:00:00,10945.678524566258,0
2026-01-20 14:30:00,10945.678524566258,0
2026-01-20 15:00:00,10945.678524566258,0
2026-01-20 21:00:00,10945.678524566258,0
2026-01-20 21:30:00,10945.678524566258,0
2026-01-20 22:00:00,10945.678524566258,0
2026-01-20 22:30:00,10945.678524566258,0
2026-01-20 23:00:00,10945.678524566258,0
2026-01-21 09:00:00,10945.678524566258,0
2026-01-21 09:30:00,10945.678524566258,0
2026-01-21 10:00:00,10945.678524566258,0
2026-01-21 10:30:00,10945.678524566258,0
2026-01-21 11:00:00,10945.678524566258,0
2026-01-21 11:30:00,10945.678524566258,0
2026-01-21 13:30:00,10945.678524566258,0
2026-01-21 14:00:00,10945.678524566258,0
2026-01-21 14:30:00,10945.678524566258,0
2026-01-21 15:00:00,10945.678524566258,0
2026-01-21 21:00:00,10945.678524566258,0
2026-01-21 21:30:00,10945.678524566258,0
2026-01-21 22:00:00,10945.678524566258,0
2026-01-21 22:30:00,10945.678524566258,0
2026-01-21 23:00:00,10945.678524566258,0
2026-01-22 09:00:00,10945.678524566258,0
2026-01-22 09:30:00,10945.678524566258,0
2026-01-22 10:00:00,10945.678524566258,0
2026-01-22 10:30:00,10945.678524566258,0
2026-01-22 11:00:00,10945.678524566258,0
2026-01-22 11:30:00,10945.678524566258,0
2026-01-22 13:30:00,10945.678524566258,0
2026-01-22 14:00:00,10945.678524566258,0
2026-01-22 14:30:00,10945.678524566258,0
2026-01-22 15:00:00,10945.678524566258,0
2026-01-22 21:00:00,10945.678524566258,0
2026-01-22 21:30:00,10945.678524566258,0
2026-01-22 22:00:00,10945.678524566258,0
2026-01-22 22:30:00,10945.678524566258,0
2026-01-22 23:00:00,10945.678524566258,0
2026-01-23 09:00:00,10945.678524566258,0
2026-01-23 09:30:00,10945.678524566258,0
2026-01-23 10:00:00,10945.678524566258,0
2026-01-23 10:30:00,10945.678524566258,0
2026-01-23 11:00:00,10945.678524566258,0
2026-01-23 11:30:00,10945.678524566258,0
2026-01-23 13:30:00,10945.678524566258,0
2026-01-23 14:00:00,10945.678524566258,0
2026-01-23 14:30:00,10945.678524566258,0
2026-01-23 15:00:00,10945.678524566258,0
2026-01-23 21:00:00,10945.678524566258,0
2026-01-23 21:30:00,10945.678524566258,0
2026-01-23 22:00:00,10945.678524566258,0
2026-01-23 22:30:00,10945.678524566258,0
2026-01-23 23:00:00,10945.678524566258,0
2026-01-26 09:00:00,10945.678524566258,0
2026-01-26 09:30:00,10945.678524566258,0
2026-01-26 10:00:00,10945.678524566258,0
2026-01-26 10:30:00,10945.678524566258,0
2026-01-26 11:00:00,10945.678524566258,0
2026-01-26 11:30:00,10945.678524566258,0
2026-01-26 13:30:00,10945.678524566258,0
2026-01-26 14:00:00,10945.678524566258,0
2026-01-26 14:30:00,10945.678524566258,0
2026-01-26 15:00:00,10945.678524566258,0
2026-01-26 21:00:00,10945.678524566258,0
2026-01-26 21:30:00,10945.678524566258,0
2026-01-26 22:00:00,10945.678524566258,0
2026-01-26 22:30:00,10945.678524566258,0
2026-01-26 23:00:00,10945.678524566258,0
2026-01-27 09:00:00,10945.678524566258,0
2026-01-27 09:30:00,10945.678524566258,0
2026-01-27 10:00:00,10945.678524566258,0
2026-01-27 10:30:00,10945.678524566258,0
2026-01-27 11:00:00,10945.678524566258,0
2026-01-27 11:30:00,10945.678524566258,0
2026-01-27 13:30:00,10945.678524566258,0
2026-01-27 14:00:00,10945.678524566258,0
2026-01-27 14:30:00,10945.678524566258,0
2026-01-27 15:00:00,10945.678524566258,0
2026-01-27 21:00:00,10945.678524566258,0
2026-01-27 21:30:00,10945.678524566258,0
2026-01-27 22:00:00,10945.678524566258,0
2026-01-27 22:30:00,10945.678524566258,0
2026-01-27 23:00:00,10945.678524566258,0
2026-01-28 09:00:00,10945.678524566258,0
2026-01-28 09:30:00,10945.678524566258,0
2026-01-28 10:00:00,10945.678524566258,0
2026-01-28 10:30:00,10945.678524566258,0
2026-01-28 11:00:00,10945.678524566258,0
2026-01-28 11:30:00,10945.678524566258,0
2026-01-28 13:30:00,10945.678524566258,0
2026-01-28 14:00:00,10945.678524566258,0
2026-01-28 14:30:00,10945.678524566258,0
2026-01-28 15:00:00,10945.678524566258,0
2026-01-28 21:00:00,10945.678524566258,0
2026-01-28 21:30:00,10945.678524566258,0
2026-01-28 22:00:00,10945.678524566258,0
2026-01-28 22:30:00,10945.678524566258,0
2026-01-28 23:00:00,10945.678524566258,0
2026-01-29 09:00:00,10945.678524566258,0
2026-01-29 09:30:00,10945.678524566258,0
2026-01-29 10:00:00,10945.678524566258,0
2026-01-29 10:30:00,10945.678524566258,0
2026-01-29 11:00:00,10945.678524566258,0
2026-01-29 11:30:00,10945.678524566258,0
2026-01-29 13:30:00,10945.678524566258,0
2026-01-29 14:00:00,10945.678524566258,0
2026-01-29 14:30:00,10945.678524566258,0
2026-01-29 15:00:00,10945.678524566258,0
2026-01-29 21:00:00,10945.678524566258,0
2026-01-29 21:30:00,10945.678524566258,0
2026-01-29 22:00:00,10945.678524566258,0
2026-01-29 22:30:00,10945.678524566258,0
2026-01-29 23:00:00,10945.678524566258,0
2026-01-30 09:00:00,10945.678524566258,0
2026-01-30 09:30:00,10945.678524566258,0
2026-01-30 10:00:00,10945.678524566258,0
2026-01-30 10:30:00,10945.678524566258,0
2026-01-30 11:00:00,10945.678524566258,0
2026-01-30 11:30:00,10945.678524566258,0
2026-01-30 13:30:00,10945.678524566258,0
2026-01-30 14:00:00,10945.678524566258,0
2026-01-30 14:30:00,10945.678524566258,0
2026-01-30 15:00:00,10945.678524566258,0
2026-01-30 21:00:00,10945.678524566258,0
2026-01-30 21:30:00,10945.678524566258,0
2026-01-30 22:00:00,10945.678524566258,0
2026-01-30 22:30:00,10945.678524566258,0
2026-01-30 23:00:00,10945.678524566258,0
2026-02-02 09:00:00,10945.678524566258,0
2026-02-02 09:30:00,10945.678524566258,0
2026-02-02 10:00:00,10945.678524566258,0
2026-02-02 10:30:00,10945.678524566258,0
2026-02-02 11:00:00,10945.678524566258,0
2026-02-02 11:30:00,10945.678524566258,0
2026-02-02 13:30:00,10945.678524566258,0
2026-02-02 14:00:00,10945.678524566258,0
2026-02-02 14:30:00,10945.678524566258,0
2026-02-02 15:00:00,10945.678524566258,0
2026-02-02 21:00:00,10945.678524566258,0
2026-02-02 21:30:00,10945.678524566258,0
2026-02-02 22:00:00,10945.678524566258,0
2026-02-02 22:30:00,10945.678524566258,0
2026-02-02 23:00:00,10945.678524566258,0
2026-02-03 09:00:00,10945.678524566258,0
2026-02-03 09:30:00,10945.678524566258,0
2026-02-03 10:00:00,10945.678524566258,0
2026-02-03 10:30:00,10945.678524566258,0
2026-02-03 11:00:00,10945.678524566258,0
2026-02-03 11:30:00,10945.678524566258,0
2026-02-03 13:30:00,10945.678524566258,0
2026-02-03 14:00:00,10945.678524566258,0
2026-02-03 14:30:00,10945.678524566258,0
2026-02-03 15:00:00,10945.678524566258,0
2026-02-03 21:00:00,10945.678524566258,0
2026-02-03 21:30:00,10945.678524566258,0
2026-02-03 22:00:00,10945.678524566258,0
2026-02-03 22:30:00,10945.678524566258,0
2026-02-03 23:00:00,10945.678524566258,0
2026-02-04 09:00:00,10945.678524566258,0
2026-02-04 09:30:00,10945.678524566258,0
2026-02-04 10:00:00,10945.678524566258,0
2026-02-04 10:30:00,10945.678524566258,0
2026-02-04 11:00:00,10945.678524566258,0
2026-02-04 11:30:00,10945.678524566258,0
2026-02-04 13:30:00,10945.678524566258,0
2026-02-04 14:00:00,10945.678524566258,0
2026-02-04 14:30:00,10945.678524566258,0
2026-02-04 15:00:00,10945.678524566258,0
2026-02-04 21:00:00,10945.678524566258,0
2026-02-04 21:30:00,10945.678524566258,0
2026-02-04 22:00:00,10945.678524566258,0
2026-02-04 22:30:00,10945.678524566258,0
2026-02-04 23:00:00,10945.678524566258,0
2026-02-05 09:00:00,10945.678524566258,0
2026-02-05 09:30:00,10945.678524566258,0
2026-02-05 10:00:00,10945.678524566258,0
2026-02-05 10:30:00,10945.678524566258,0
2026-02-05 11:00:00,10945.678524566258,0
2026-02-05 11:30:00,10945.678524566258,0
2026-02-05 13:30:00,10945.678524566258,0
2026-02-05 14:00:00,10945.678524566258,0
2026-02-05 14:30:00,10945.678524566258,0
2026-02-05 15:00:00,10945.678524566258,0
2026-02-05 21:00:00,10945.678524566258,0
2026-02-05 21:30:00,10945.678524566258,0
2026-02-05 22:00:00,10945.678524566258,0
2026-02-05 22:30:00,10945.678524566258,0
2026-02-05 23:00:00,10945.678524566258,0
2026-02-06 09:00:00,10945.678524566258,0
2026-02-06 09:30:00,10945.678524566258,0
2026-02-06 10:00:00,10945.678524566258,0
2026-02-06 10:30:00,10945.678524566258,0
2026-02-06 11:00:00,10945.678524566258,0
2026-02-06 11:30:00,10945.678524566258,0
2026-02-06 13:30:00,10945.678524566258,0
2026-02-06 14:00:00,10945.678524566258,0
2026-02-06 14:30:00,10945.678524566258,0
2026-02-06 15:00:00,10945.678524566258,0
2026-02-06 21:00:00,10945.678524566258,0
2026-02-06 21:30:00,10945.678524566258,0
2026-02-06 22:00:00,10945.678524566258,0
2026-02-06 22:30:00,10945.678524566258,0
2026-02-06 23:00:00,10945.678524566258,0
2026-02-09 09:00:00,10945.678524566258,0
2026-02-09 09:30:00,10945.678524566258,0
2026-02-09 10:00:00,10945.678524566258,0
2026-02-09 10:30:00,10945.678524566258,0
2026-02-09 11:00:00,10945.678524566258,0
2026-02-09 11:30:00,10945.678524566258,0
2026-02-09 13:30:00,10945.678524566258,0
2026-02-09 14:00:00,10945.678524566258,0
2026-02-09 14:30:00,10945.678524566258,0
2026-02-09 15:00:00,10945.678524566258,0
2026-02-09 21:00:00,10945.678524566258,0
2026-02-09 21:30:00,10945.678524566258,0
2026-02-09 22:00:00,10945.678524566258,0
2026-02-09 22:30:00,10945.678524566258,0
2026-02-09 23:00:00,10945.678524566258,0
2026-02-10 09:00:00,10945.678524566258,0
2026-02-10 09:30:00,10945.678524566258,0
2026-02-10 10:00:00,10945.678524566258,0
2026-02-10 10:30:00,10945.678524566258,0
2026-02-10 11:00:00,10945.678524566258,0
2026-02-10 11:30:00,10945.678524566258,0
2026-02-10 13:30:00,10945.678524566258,0
2026-02-10 14:00:00,10945.678524566258,0
2026-02-10 14:30:00,10945.678524566258,0
2026-02-10 15:00:00,10945.678524566258,0
2026-02-10 21:00:00,10945.678524566258,0
2026-02-10 21:30:00,10945.678524566258,0
2026-02-10 22:00:00,10945.678524566258,0
2026-02-10 22:30:00,10945.678524566258,0
2026-02-10 23:00:00,10945.678524566258,0
2026-02-11 09:00:00,10945.678524566258,0
2026-02-11 09:30:00,10945.678524566258,0
2026-02-11 10:00:00,10945.678524566258,0
2026-02-11 10:30:00,10945.678524566258,0
2026-02-11 11:00:00,10945.678524566258,0
2026-02-11 11:30:00,10945.678524566258,0
2026-02-11 13:30:00,10945.678524566258,0
2026-02-11 14:00:00,10945.678524566258,0
2026-02-11 14:30:00,10945.678524566258,0
2026-02-11 15:00:00,10945.678524566258,0
2026-02-11 21:00:00,10945.678524566258,0
2026-02-11 21:30:00,10945.678524566258,0
2026-02-11 22:00:00,10945.678524566258,0
2026-02-11 22:30:00,10945.678524566258,0
2026-02-11 23:00:00,10945.678524566258,0
2026-02-12 09:00:00,10945.678524566258,0
2026-02-12 09:30:00,10945.678524566258,0
2026-02-12 10:00:00,10945.678524566258,0
2026-02-12 10:30:00,10945.678524566258,0
2026-02-12 11:00:00,10945.678524566258,0
2026-02-12 11:30:00,10945.678524566258,0
2026-02-12 13:30:00,10945.678524566258,0
2026-02-12 14:00:00,10945.678524566258,0
2026-02-12 14:30:00,10945.678524566258,0
2026-02-12 15:00:00,10945.678524566258,0
2026-02-12 21:00:00,10945.678524566258,0
2026-02-12 21:30:00,10945.678524566258,0
2026-02-12 22:00:00,10945.678524566258,0
2026-02-12 22:30:00,10945.678524566258,0
2026-02-12 23:00:00,10945.678524566258,0
2026-02-13 09:00:00,10945.678524566258,0
2026-02-13 09:30:00,10945.678524566258,0
2026-02-13 10:00:00,10945.678524566258,0
2026-02-13 10:30:00,10945.678524566258,0
2026-02-13 11:00:00,10945.678524566258,0
2026-02-13 11:30:00,10945.678524566258,0
2026-02-13 13:30:00,10945.678524566258,0
2026-02-13 14:00:00,10945.678524566258,0
2026-02-13 14:30:00,10945.678524566258,0
2026-02-13 15:00:00,10945.678524566258,0
2026-02-24 09:00:00,10945.678524566258,0
2026-02-24 09:30:00,10945.678524566258,0
2026-02-24 10:00:00,10945.678524566258,0
2026-02-24 10:30:00,10945.678524566258,0
2026-02-24 11:00:00,10945.678524566258,0
2026-02-24 11:30:00,10945.678524566258,0
2026-02-24 13:30:00,10945.678524566258,0
2026-02-24 14:00:00,10945.678524566258,0
2026-02-24 14:30:00,10945.678524566258,0
2026-02-24 15:00:00,10945.678524566258,0
2026-02-24 21:00:00,10945.678524566258,0
2026-02-24 21:30:00,10945.678524566258,0
2026-02-24 22:00:00,10945.678524566258,0
2026-02-24 22:30:00,10945.678524566258,0
2026-02-24 23:00:00,10945.678524566258,0
2026-02-25 09:00:00,10945.678524566258,0
2026-02-25 09:30:00,10945.678524566258,0
2026-02-25 10:00:00,10945.678524566258,0
2026-02-25 10:30:00,10945.678524566258,0
2026-02-25 11:00:00,10945.678524566258,0
2026-02-25 11:30:00,10945.678524566258,0
2026-02-25 13:30:00,10945.678524566258,0
2026-02-25 14:00:00,10945.678524566258,0
2026-02-25 14:30:00,10945.678524566258,0
2026-02-25 15:00:00,10945.678524566258,0
2026-02-25 21:00:00,10945.678524566258,0
2026-02-25 21:30:00,10945.678524566258,0
2026-02-25 22:00:00,10945.678524566258,0
2026-02-25 22:30:00,10945.678524566258,0
2026-02-25 23:00:00,10945.678524566258,0
2026-02-26 09:00:00,10945.678524566258,0
2026-02-26 09:30:00,10945.678524566258,0
2026-02-26 10:00:00,10945.678524566258,0
2026-02-26 10:30:00,10945.678524566258,0
2026-02-26 11:00:00,10945.678524566258,0
2026-02-26 11:30:00,10945.678524566258,0
2026-02-26 13:30:00,10945.678524566258,0
2026-02-26 14:00:00,10945.678524566258,0
2026-02-26 14:30:00,10945.678524566258,0
2026-02-26 15:00:00,10945.678524566258,0
2026-02-26 21:00:00,10945.678524566258,0
2026-02-26 21:30:00,10945.678524566258,0
2026-02-26 22:00:00,10945.678524566258,0
2026-02-26 22:30:00,10945.678524566258,0
2026-02-26 23:00:00,10945.678524566258,0
2026-02-27 09:00:00,10945.678524566258,0
2026-02-27 09:30:00,10945.678524566258,0
2026-02-27 10:00:00,10945.678524566258,0
2026-02-27 10:30:00,10945.678524566258,0
2026-02-27 11:00:00,10945.678524566258,0
2026-02-27 11:30:00,10945.678524566258,0
2026-02-27 13:30:00,10945.678524566258,0
2026-02-27 14:00:00,10945.678524566258,0
2026-02-27 14:30:00,10945.678524566258,0
2026-02-27 15:00:00,10945.678524566258,0
2026-02-27 21:00:00,10945.678524566258,0
2026-02-27 21:30:00,10945.678524566258,0
2026-02-27 22:00:00,10945.678524566258,0
2026-02-27 22:30:00,10945.678524566258,0
2026-02-27 23:00:00,10945.678524566258,0
2026-03-02 09:00:00,10945.678524566258,0
2026-03-02 09:30:00,10945.678524566258,0
2026-03-02 10:00:00,10945.678524566258,0
2026-03-02 10:30:00,10945.678524566258,0
2026-03-02 11:00:00,10945.678524566258,0
2026-03-02 11:30:00,10945.678524566258,0
2026-03-02 13:30:00,10945.678524566258,0
2026-03-02 14:00:00,10945.678524566258,0
2026-03-02 14:30:00,10945.678524566258,0
2026-03-02 15:00:00,10945.678524566258,0
2026-03-02 21:00:00,10945.678524566258,0
2026-03-02 21:30:00,10945.678524566258,0
2026-03-02 22:00:00,10945.678524566258,0
2026-03-02 22:30:00,10945.678524566258,0
2026-03-02 23:00:00,10945.678524566258,0
2026-03-03 09:00:00,10945.678524566258,0
2026-03-03 09:30:00,10945.678524566258,0
2026-03-03 10:00:00,10945.678524566258,0
2026-03-03 10:30:00,10945.678524566258,0
2026-03-03 11:00:00,10945.678524566258,0
2026-03-03 11:30:00,10945.678524566258,0
2026-03-03 13:30:00,10945.678524566258,0
2026-03-03 14:00:00,10945.678524566258,0
2026-03-03 14:30:00,10945.678524566258,0
2026-03-03 15:00:00,10945.678524566258,0
2026-03-03 21:00:00,10945.678524566258,0
2026-03-03 21:30:00,10945.678524566258,0
2026-03-03 22:00:00,10945.678524566258,0
2026-03-03 22:30:00,10945.678524566258,0
2026-03-03 23:00:00,10945.678524566258,0
2026-03-04 09:00:00,10945.678524566258,0
2026-03-04 09:30:00,10945.678524566258,0
2026-03-04 10:00:00,10945.678524566258,0
2026-03-04 10:30:00,10945.678524566258,0
2026-03-04 11:00:00,10945.678524566258,0
2026-03-04 11:30:00,10945.678524566258,0
2026-03-04 13:30:00,10945.678524566258,0
2026-03-04 14:00:00,10945.678524566258,0
2026-03-04 14:30:00,10945.678524566258,0
2026-03-04 15:00:00,10945.678524566258,0
2026-03-04 21:00:00,10945.678524566258,0
2026-03-04 21:30:00,10945.678524566258,0
2026-03-04 22:00:00,10945.678524566258,0
2026-03-04 22:30:00,10945.678524566258,0
2026-03-04 23:00:00,10945.678524566258,0
2026-03-05 09:00:00,10945.678524566258,0
2026-03-05 09:30:00,10945.678524566258,0
2026-03-05 10:00:00,10945.678524566258,0
2026-03-05 10:30:00,10945.678524566258,0
2026-03-05 11:00:00,10945.678524566258,0
2026-03-05 11:30:00,10945.678524566258,0
2026-03-05 13:30:00,10945.678524566258,0
2026-03-05 14:00:00,10945.678524566258,0
2026-03-05 14:30:00,10945.678524566258,0
2026-03-05 15:00:00,10945.678524566258,0
2026-03-05 21:00:00,10945.678524566258,0
2026-03-05 21:30:00,10945.678524566258,0
2026-03-05 22:00:00,10945.678524566258,0
2026-03-05 22:30:00,10945.678524566258,0
2026-03-05 23:00:00,10945.678524566258,0
2026-03-06 09:00:00,10945.678524566258,0
2026-03-06 09:30:00,10945.678524566258,0
2026-03-06 10:00:00,10945.678524566258,0
2026-03-06 10:30:00,10945.678524566258,0
2026-03-06 11:00:00,10945.678524566258,0
2026-03-06 11:30:00,10945.678524566258,0
2026-03-06 13:30:00,10945.678524566258,0
2026-03-06 14:00:00,10945.678524566258,0
2026-03-06 14:30:00,10945.678524566258,0
2026-03-06 15:00:00,10945.678524566258,0
2026-03-06 21:00:00,10945.678524566258,0
2026-03-06 21:30:00,10945.678524566258,0
2026-03-06 22:00:00,10945.678524566258,0
2026-03-06 22:30:00,10945.678524566258,0
2026-03-06 23:00:00,10945.678524566258,0
2026-03-09 09:00:00,10945.678524566258,0
2026-03-09 09:30:00,10945.678524566258,0
2026-03-09 10:00:00,10945.678524566258,0
2026-03-09 10:30:00,10945.678524566258,0
2026-03-09 11:00:00,10945.678524566258,0
2026-03-09 11:30:00,10945.678524566258,0
2026-03-09 13:30:00,10945.678524566258,0
2026-03-09 14:00:00,10945.678524566258,0
2026-03-09 14:30:00,10945.678524566258,0
2026-03-09 15:00:00,10945.678524566258,0
2026-03-09 21:00:00,10945.678524566258,0
2026-03-09 21:30:00,10945.678524566258,0
2026-03-09 22:00:00,10945.678524566258,0
2026-03-09 22:30:00,10945.678524566258,0
2026-03-09 23:00:00,10945.678524566258,0
2026-03-10 09:00:00,10945.678524566258,0
2026-03-10 09:30:00,10945.678524566258,0
2026-03-10 10:00:00,10945.678524566258,0
2026-03-10 10:30:00,10945.678524566258,0
2026-03-10 11:00:00,10945.678524566258,0
2026-03-10 11:30:00,10945.678524566258,0
2026-03-10 13:30:00,10945.678524566258,0
2026-03-10 14:00:00,10945.678524566258,0
2026-03-10 14:30:00,10945.678524566258,0
2026-03-10 15:00:00,10945.678524566258,0
2026-03-10 21:00:00,10945.678524566258,0
2026-03-10 21:30:00,10945.678524566258,0
2026-03-10 22:00:00,10945.678524566258,0
2026-03-10 22:30:00,10945.678524566258,0
2026-03-10 23:00:00,10945.678524566258,0
2026-03-11 09:00:00,10945.678524566258,0
2026-03-11 09:30:00,10945.678524566258,0
2026-03-11 10:00:00,10945.678524566258,0
2026-03-11 10:30:00,10945.678524566258,0
2026-03-11 11:00:00,10945.678524566258,0
2026-03-11 11:30:00,10945.678524566258,0
2026-03-11 13:30:00,10945.678524566258,0
2026-03-11 14:00:00,10945.678524566258,0
2026-03-11 14:30:00,10945.678524566258,0
2026-03-11 15:00:00,10945.678524566258,0
2026-03-11 21:00:00,10945.678524566258,0
2026-03-11 21:30:00,10945.678524566258,0
2026-03-11 22:00:00,10945.678524566258,0
2026-03-11 22:30:00,10945.678524566258,0
2026-03-11 23:00:00,10945.678524566258,0
2026-03-12 09:00:00,10945.678524566258,0
2026-03-12 09:30:00,10945.678524566258,0
2026-03-12 10:00:00,10945.678524566258,0
2026-03-12 10:30:00,10945.678524566258,0
2026-03-12 11:00:00,10945.678524566258,0
2026-03-12 11:30:00,10945.678524566258,0
2026-03-12 13:30:00,10945.678524566258,0
2026-03-12 14:00:00,10945.678524566258,0
2026-03-12 14:30:00,10945.678524566258,0
2026-03-12 15:00:00,10945.678524566258,0
2026-03-12 21:00:00,10945.678524566258,0
2026-03-12 21:30:00,10945.678524566258,0
2026-03-12 22:00:00,10945.678524566258,0
2026-03-12 22:30:00,10945.678524566258,0
2026-03-12 23:00:00,10945.678524566258,0
2026-03-13 09:00:00,10945.678524566258,0
2026-03-13 09:30:00,10945.678524566258,0
2026-03-13 10:00:00,10945.678524566258,0
2026-03-13 10:30:00,10945.678524566258,0
2026-03-13 11:00:00,10945.678524566258,0
2026-03-13 11:30:00,10945.678524566258,0
2026-03-13 13:30:00,10945.678524566258,0
2026-03-13 14:00:00,10945.678524566258,0
2026-03-13 14:30:00,10945.678524566258,0
2026-03-13 15:00:00,10945.678524566258,0
2026-03-13 21:00:00,10945.678524566258,0
2026-03-13 21:30:00,10945.678524566258,0
2026-03-13 22:00:00,10945.678524566258,0
2026-03-13 22:30:00,10945.678524566258,0
2026-03-13 23:00:00,10945.678524566258,0
2026-03-16 09:00:00,10945.678524566258,0
2026-03-16 09:30:00,10945.678524566258,0
2026-03-16 10:00:00,10945.678524566258,0
2026-03-16 10:30:00,10945.678524566258,0
2026-03-16 11:00:00,10945.678524566258,0
2026-03-16 11:30:00,10945.678524566258,0
2026-03-16 13:30:00,10945.678524566258,0
2026-03-16 14:00:00,10945.678524566258,0
2026-03-16 14:30:00,10945.678524566258,0
2026-03-16 15:00:00,10945.678524566258,0
2026-03-16 21:00:00,10945.678524566258,0
2026-03-16 21:30:00,10945.678524566258,0
2026-03-16 22:00:00,10945.678524566258,0
2026-03-16 22:30:00,10945.678524566258,0
2026-03-16 23:00:00,10945.678524566258,0
2026-03-17 09:00:00,10945.678524566258,0
2026-03-17 09:30:00,10945.678524566258,0
2026-03-17 10:00:00,10945.678524566258,0
2026-03-17 10:30:00,10945.678524566258,0
2026-03-17 11:00:00,10945.678524566258,0
2026-03-17 11:30:00,10945.678524566258,0
2026-03-17 13:30:00,10945.678524566258,0
2026-03-17 14:00:00,10945.678524566258,0
2026-03-17 14:30:00,10945.678524566258,0
2026-03-17 15:00:00,10945.678524566258,0
2026-03-17 21:00:00,10945.678524566258,0
2026-03-17 21:30:00,10945.678524566258,0
2026-03-17 22:00:00,10945.678524566258,0
2026-03-17 22:30:00,10945.678524566258,0
2026-03-17 23:00:00,10945.678524566258,0
2026-03-18 09:00:00,10945.678524566258,0
2026-03-18 09:30:00,10945.678524566258,0
2026-03-18 10:00:00,10945.678524566258,0
2026-03-18 10:30:00,10945.678524566258,0
2026-03-18 11:00:00,10945.678524566258,0
2026-03-18 11:30:00,10945.678524566258,0
2026-03-18 13:30:00,10945.678524566258,0
2026-03-18 14:00:00,10945.678524566258,0
2026-03-18 14:30:00,10945.678524566258,0
2026-03-18 15:00:00,10945.678524566258,0
2026-03-18 21:00:00,10945.678524566258,0
2026-03-18 21:30:00,10945.678524566258,0
2026-03-18 22:00:00,10945.678524566258,0
2026-03-18 22:30:00,10945.678524566258,0
2026-03-18 23:00:00,10945.678524566258,0
2026-03-19 09:00:00,10945.678524566258,0
2026-03-19 09:30:00,10945.678524566258,0
2026-03-19 10:00:00,10945.678524566258,0
2026-03-19 10:30:00,10945.678524566258,0
2026-03-19 11:00:00,10945.678524566258,0
2026-03-19 11:30:00,10945.678524566258,0
2026-03-19 13:30:00,10945.678524566258,0
2026-03-19 14:00:00,10945.678524566258,0
2026-03-19 14:30:00,10945.678524566258,0
2026-03-19 15:00:00,10945.678524566258,0
2026-03-19 21:00:00,10945.678524566258,0
2026-03-19 21:30:00,10945.678524566258,0
2026-03-19 22:00:00,10945.678524566258,0
2026-03-19 22:30:00,10945.678524566258,0
2026-03-19 23:00:00,10945.678524566258,0
2026-03-20 09:00:00,10945.678524566258,0
2026-03-20 09:30:00,10945.678524566258,0
2026-03-20 10:00:00,10945.678524566258,0
2026-03-20 10:30:00,10945.678524566258,0
2026-03-20 11:00:00,10945.678524566258,0
2026-03-20 11:30:00,10945.678524566258,0
2026-03-20 13:30:00,10945.678524566258,0
2026-03-20 14:00:00,10945.678524566258,0
2026-03-20 14:30:00,10945.678524566258,0
2026-03-20 15:00:00,10945.678524566258,0
2026-03-20 21:00:00,10945.678524566258,0
2026-03-20 21:30:00,10945.678524566258,0
2026-03-20 22:00:00,10945.678524566258,0
2026-03-20 22:30:00,10945.678524566258,0
2026-03-20 23:00:00,10945.678524566258,0
2026-03-23 09:00:00,10945.678524566258,0
2026-03-23 09:30:00,10945.678524566258,0
2026-03-23 10:00:00,10945.678524566258,0
2026-03-23 10:30:00,10945.678524566258,0
2026-03-23 11:00:00,10945.678524566258,0
2026-03-23 11:30:00,10945.678524566258,0
2026-03-23 13:30:00,10945.678524566258,0
2026-03-23 14:00:00,10945.678524566258,0
2026-03-23 14:30:00,10945.678524566258,0
2026-03-23 15:00:00,10945.678524566258,0
2026-03-23 21:00:00,10945.678524566258,0
2026-03-23 21:30:00,10945.678524566258,0
2026-03-23 22:00:00,10945.678524566258,0
2026-03-23 22:30:00,10945.678524566258,0
2026-03-23 23:00:00,10945.678524566258,0
2026-03-24 09:00:00,10945.678524566258,0
2026-03-24 09:30:00,10945.678524566258,0
2026-03-24 10:00:00,10945.678524566258,0
2026-03-24 10:30:00,10945.678524566258,0
2026-03-24 11:00:00,10945.678524566258,0
2026-03-24 11:30:00,10945.678524566258,0
2026-03-24 13:30:00,10945.678524566258,0
2026-03-24 14:00:00,10945.678524566258,0
2026-03-24 14:30:00,10945.678524566258,0
2026-03-24 15:00:00,10945.678524566258,0
2026-03-24 21:00:00,10945.678524566258,0
2026-03-24 21:30:00,10945.678524566258,0
2026-03-24 22:00:00,10945.678524566258,0
2026-03-24 22:30:00,10945.678524566258,0
2026-03-24 23:00:00,10945.678524566258,0
2026-03-25 09:00:00,10945.678524566258,0
2026-03-25 09:30:00,10945.678524566258,0
2026-03-25 10:00:00,10945.678524566258,0
2026-03-25 10:30:00,10945.678524566258,0
2026-03-25 11:00:00,10945.678524566258,0
2026-03-25 11:30:00,10945.678524566258,0
2026-03-25 13:30:00,10945.678524566258,0
2026-03-25 14:00:00,10945.678524566258,0
2026-03-25 14:30:00,10945.678524566258,0
2026-03-25 15:00:00,10945.678524566258,0
2026-03-25 21:00:00,10945.678524566258,0
2026-03-25 21:30:00,10945.678524566258,0
2026-03-25 22:00:00,10945.678524566258,0
2026-03-25 22:30:00,10945.678524566258,0
2026-03-25 23:00:00,10945.678524566258,0
2026-03-26 09:00:00,10945.678524566258,0
2026-03-26 09:30:00,10945.678524566258,0
2026-03-26 10:00:00,10945.678524566258,0
2026-03-26 10:30:00,10945.678524566258,0
2026-03-26 11:00:00,10945.678524566258,0
2026-03-26 11:30:00,10945.678524566258,0
2026-03-26 13:30:00,10945.678524566258,0
2026-03-26 14:00:00,10945.678524566258,0
2026-03-26 14:30:00,10945.678524566258,0
2026-03-26 15:00:00,10945.678524566258,0
2026-03-26 21:00:00,10945.678524566258,0
2026-03-26 21:30:00,10945.678524566258,0
2026-03-26 22:00:00,10945.678524566258,0
2026-03-26 22:30:00,10945.678524566258,0
2026-03-26 23:00:00,10945.678524566258,0
2026-03-27 09:00:00,10945.678524566258,0
2026-03-27 09:30:00,10945.678524566258,0
2026-03-27 10:00:00,10945.678524566258,0
2026-03-27 10:30:00,10945.678524566258,0
2026-03-27 11:00:00,10945.678524566258,0
2026-03-27 11:30:00,10945.678524566258,0
2026-03-27 13:30:00,10945.678524566258,0
2026-03-27 14:00:00,10945.678524566258,0
2026-03-27 14:30:00,10945.678524566258,0
2026-03-27 15:00:00,10945.678524566258,0
2026-03-27 21:00:00,10945.678524566258,0
2026-03-27 21:30:00,10945.678524566258,0
2026-03-27 22:00:00,10945.678524566258,0
2026-03-27 22:30:00,10945.678524566258,0
2026-03-27 23:00:00,10945.678524566258,0
2026-03-30 09:00:00,10945.678524566258,0
2026-03-30 09:30:00,10945.678524566258,0
2026-03-30 10:00:00,10945.678524566258,0
2026-03-30 10:30:00,10945.678524566258,0
2026-03-30 11:00:00,10945.678524566258,0
2026-03-30 11:30:00,10945.678524566258,0
2026-03-30 13:30:00,10945.678524566258,0
2026-03-30 14:00:00,10945.678524566258,0
2026-03-30 14:30:00,10945.678524566258,0
2026-03-30 15:00:00,10945.678524566258,0
2026-03-30 21:00:00,10945.678524566258,0
2026-03-30 21:30:00,10945.678524566258,0
2026-03-30 22:00:00,10945.678524566258,0
2026-03-30 22:30:00,10945.678524566258,0
2026-03-30 23:00:00,10945.678524566258,0
2026-03-31 09:00:00,10945.678524566258,0
2026-03-31 09:30:00,10945.678524566258,0
2026-03-31 10:00:00,10945.678524566258,0
2026-03-31 10:30:00,10945.678524566258,0
2026-03-31 11:00:00,10945.678524566258,0
2026-03-31 11:30:00,10945.678524566258,0
2026-03-31 13:30:00,10945.678524566258,0
2026-03-31 14:00:00,10945.678524566258,0
2026-03-31 14:30:00,10945.678524566258,0
2026-03-31 15:00:00,10945.678524566258,0
2026-03-31 21:00:00,10945.678524566258,0
2026-03-31 21:30:00,10945.678524566258,0
2026-03-31 22:00:00,10945.678524566258,0
2026-03-31 22:30:00,10945.678524566258,0
2026-03-31 23:00:00,10945.678524566258,0
2026-04-01 09:00:00,10945.678524566258,0
2026-04-01 09:30:00,10945.678524566258,0
2026-04-01 10:00:00,10945.678524566258,0
2026-04-01 10:30:00,10945.678524566258,0
2026-04-01 11:00:00,10945.678524566258,0
2026-04-01 11:30:00,10945.678524566258,0
2026-04-01 13:30:00,10945.678524566258,0
2026-04-01 14:00:00,10945.678524566258,0
2026-04-01 14:30:00,10945.678524566258,0
2026-04-01 15:00:00,10945.678524566258,0
2026-04-01 21:00:00,10945.678524566258,0
2026-04-01 21:30:00,10945.678524566258,0
2026-04-01 22:00:00,10945.678524566258,0
2026-04-01 22:30:00,10945.678524566258,0
2026-04-01 23:00:00,10945.678524566258,0
2026-04-02 09:00:00,10945.678524566258,0
2026-04-02 09:30:00,10945.678524566258,0
2026-04-02 10:00:00,10945.678524566258,0
2026-04-02 10:30:00,10945.678524566258,0
2026-04-02 11:00:00,10945.678524566258,0
2026-04-02 11:30:00,10945.678524566258,0
2026-04-02 13:30:00,10945.678524566258,0
2026-04-02 14:00:00,10945.678524566258,0
2026-04-02 14:30:00,10945.678524566258,0
2026-04-02 15:00:00,10945.678524566258,0
2026-04-02 21:00:00,10945.678524566258,0
2026-04-02 21:30:00,10945.678524566258,0
2026-04-02 22:00:00,10945.678524566258,0
2026-04-02 22:30:00,10945.678524566258,0
2026-04-02 23:00:00,10945.678524566258,0
2026-04-03 09:00:00,10945.678524566258,0
2026-04-03 09:30:00,10945.678524566258,0
2026-04-03 10:00:00,10945.678524566258,0
2026-04-03 10:30:00,10945.678524566258,0
2026-04-03 11:00:00,10945.678524566258,0
2026-04-03 11:30:00,10945.678524566258,0
2026-04-03 13:30:00,10945.678524566258,0
2026-04-03 14:00:00,10945.678524566258,0
2026-04-03 14:30:00,10945.678524566258,0
2026-04-03 15:00:00,10945.678524566258,0
2026-04-07 09:00:00,10945.678524566258,0
2026-04-07 09:30:00,10945.678524566258,0
2026-04-07 10:00:00,10945.678524566258,0
2026-04-07 10:30:00,10945.678524566258,0
2026-04-07 11:00:00,10945.678524566258,0
2026-04-07 11:30:00,10945.678524566258,0
2026-04-07 13:30:00,10945.678524566258,0
2026-04-07 14:00:00,10945.678524566258,0
2026-04-07 14:30:00,10945.678524566258,0
2026-04-07 15:00:00,10945.678524566258,0
2026-04-07 21:00:00,10945.678524566258,0
2026-04-07 21:30:00,10945.678524566258,0
2026-04-07 22:00:00,10945.678524566258,0
2026-04-07 22:30:00,10945.678524566258,0
2026-04-07 23:00:00,10945.678524566258,0
2026-04-08 09:00:00,10945.678524566258,0
2026-04-08 09:30:00,10945.678524566258,0
2026-04-08 10:00:00,10945.678524566258,0
2026-04-08 10:30:00,10945.678524566258,0
2026-04-08 11:00:00,10945.678524566258,0
2026-04-08 11:30:00,10945.678524566258,0
2026-04-08 13:30:00,10945.678524566258,0
2026-04-08 14:00:00,10945.678524566258,0
2026-04-08 14:30:00,10945.678524566258,0
2026-04-08 15:00:00,10945.678524566258,0
2026-04-08 21:00:00,10945.678524566258,0
2026-04-08 21:30:00,10945.678524566258,0
2026-04-08 22:00:00,10945.678524566258,0
2026-04-08 22:30:00,10945.678524566258,0
2026-04-08 23:00:00,10945.678524566258,0
2026-04-09 09:00:00,10945.678524566258,0
2026-04-09 09:30:00,10945.678524566258,0
2026-04-09 10:00:00,10945.678524566258,0
2026-04-09 10:30:00,10945.678524566258,0
2026-04-09 11:00:00,10945.678524566258,0
2026-04-09 11:30:00,10945.678524566258,0
2026-04-09 13:30:00,10945.678524566258,0
2026-04-09 14:00:00,10945.678524566258,0
2026-04-09 14:30:00,10945.678524566258,0
2026-04-09 15:00:00,10945.678524566258,0
2026-04-09 21:00:00,10945.678524566258,0
2026-04-09 21:30:00,10945.678524566258,0
2026-04-09 22:00:00,10945.678524566258,0
2026-04-09 22:30:00,10945.678524566258,0
2026-04-09 23:00:00,10945.678524566258,0
2026-04-10 09:00:00,10945.678524566258,0
2026-04-10 09:30:00,10945.678524566258,0
2026-04-10 10:00:00,10945.678524566258,0
2026-04-10 10:30:00,10945.678524566258,0
2026-04-10 11:00:00,10945.678524566258,0
2026-04-10 11:30:00,10945.678524566258,0
2026-04-10 13:30:00,10945.678524566258,0
2026-04-10 14:00:00,10945.678524566258,0
2026-04-10 14:30:00,10945.678524566258,0
2026-04-10 15:00:00,10945.678524566258,0
2026-04-10 21:00:00,10945.678524566258,0
2026-04-10 21:30:00,10945.678524566258,0
2026-04-10 22:00:00,10945.678524566258,0
2026-04-10 22:30:00,10945.678524566258,0
2026-04-10 23:00:00,10945.678524566258,0
2026-04-13 09:00:00,10945.678524566258,0
2026-04-13 09:30:00,10945.678524566258,0
2026-04-13 10:00:00,10945.678524566258,0
2026-04-13 10:30:00,10945.678524566258,0
2026-04-13 11:00:00,10945.678524566258,0
2026-04-13 11:30:00,10945.678524566258,0
2026-04-13 13:30:00,10945.678524566258,0
2026-04-13 14:00:00,10945.678524566258,0
2026-04-13 14:30:00,10945.678524566258,0
2026-04-13 15:00:00,10945.678524566258,0
2026-04-13 21:00:00,10945.678524566258,0
2026-04-13 21:30:00,10945.678524566258,0
2026-04-13 22:00:00,10945.678524566258,0
2026-04-13 22:30:00,10945.678524566258,0
2026-04-13 23:00:00,10945.678524566258,0
2026-04-15 09:00:00,10945.678524566258,0
2026-04-15 09:30:00,10945.678524566258,0
2026-04-15 10:00:00,10945.678524566258,0
2026-04-15 10:30:00,9645.871249117683,-1
2026-04-15 11:00:00,9637.338562684774,-1
2026-04-15 11:30:00,9627.611300151259,-1
2026-04-15 13:30:00,9627.611300151259,-1
2026-04-15 14:00:00,9637.338562684774,-1
2026-04-15 14:30:00,9647.065825218291,-1
2026-04-15 15:00:00,9598.429512550709,-1
2026-04-15 21:00:00,9598.429512550709,-1
2026-04-15 21:30:00,9628.805876251865,-1
2026-04-15 22:00:00,9666.520350285324,-1
2026-04-15 22:30:00,9676.24761281884,-1
2026-04-15 23:00:00,9665.325774184716,-1
2026-04-16 09:00:00,9694.507561785265,-1
2026-04-16 09:30:00,9722.494773285209,-1
2026-04-16 10:00:00,9740.754722251633,-1
2026-04-16 10:30:00,9731.027459718118,-1
2026-04-16 11:00:00,9760.209247318666,-1
2026-04-16 11:30:00,9769.936509852183,-1
2026-04-16 13:30:00,9769.936509852183,-1
2026-04-16 14:00:00,9779.663772385698,-1
2026-04-16 14:30:00,9799.118297452731,-1
2026-04-16 15:00:00,9721.3001971846,-1
2026-04-16 21:00:00,9779.663772385698,-1
2026-04-16 21:30:00,9838.027347586798,-1
2026-04-16 22:00:00,9828.300085053283,-1
2026-04-16 22:30:00,9828.300085053283,-1
2026-04-16 23:00:00,9836.832771486193,-1
2026-04-17 09:00:00,9816.183670318553,-1
2026-04-17 09:30:00,9787.001882718005,-1
2026-04-17 10:00:00,9796.72914525152,-1
2026-04-17 10:30:00,9767.547357650972,-1
2026-04-17 11:00:00,9545.014895480703,-1
2026-04-17 11:30:00,9574.19668308125,-1
2026-04-17 13:30:00,9583.923945614768,-1
2026-04-17 14:00:00,9564.469420547735,-1
2026-04-17 14:30:00,9594.845784248892,-1
2026-04-17 15:00:00,9565.663996648342,-1
2026-04-17 21:00:00,9536.482209047794,-1
2026-04-17 21:30:00,9517.027683980761,-1
2026-04-17 22:00:00,9554.74215801422,-1
2026-04-17 22:30:00,9573.002106980646,-1
2026-04-17 23:00:00,9571.807530880038,-1
2026-04-20 09:00:00,9609.522004913497,-1
2026-04-20 09:30:00,9579.14564121234,-1
2026-04-20 10:00:00,9579.14564121234,-1
2026-04-20 10:30:00,9597.405590178765,-1
2026-04-20 11:00:00,9577.951065111733,-1
2026-04-20 11:30:00,9490.405702310085,-1
2026-04-20 13:30:00,9491.600278410691,-1
2026-04-20 14:00:00,9501.327540944209,-1
2026-04-20 14:30:00,9481.873015877176,-1
2026-04-20 15:00:00,9473.340329444267,-1
2026-04-20 21:00:00,9450.131422346754,-1
2026-04-20 21:30:00,9469.585947413787,-1
2026-04-20 22:00:00,9440.404159813237,-1
2026-04-20 22:30:00,9440.404159813237,-1
2026-04-20 23:00:00,9440.404159813237,-1
2026-04-21 09:00:00,9440.404159813237,-1
2026-04-21 09:30:00,9499.962311114945,-1
2026-04-21 10:00:00,9471.975099615001,-1
2026-04-21 10:30:00,9491.429624682036,-1
2026-04-21 11:00:00,9471.975099615001,-1
2026-04-21 11:30:00,9480.50778604791,-1
2026-04-21 13:30:00,9527.949522614887,-1
2026-04-21 14:00:00,9605.767622883019,-1
2026-04-21 14:30:00,9594.845784248895,-1
2026-04-21 15:00:00,9583.923945614772,-1
2026-04-21 21:00:00,9574.196683081254,-1
2026-04-21 21:30:00,9592.45663204768,-1
2026-04-21 22:00:00,9581.534793413557,-1
2026-04-21 22:30:00,9590.067479846466,-1
2026-04-21 23:00:00,9598.600166279375,-1
2026-04-22 09:00:00,9637.50921641344,-1
2026-04-22 09:30:00,9598.600166279375,-1
2026-04-22 10:00:00,9558.4965400447,-1
2026-04-22 10:30:00,9558.4965400447,-1
2026-04-22 11:00:00,9539.042014977667,-1
2026-04-22 11:30:00,9529.314752444152,-1
2026-04-22 13:30:00,9539.042014977667,-1
2026-04-22 14:00:00,9548.769277511185,-1
2026-04-22 14:30:00,9547.574701410576,-1
2026-04-22 15:00:00,9536.652862776453,-1
2026-04-22 21:00:00,9529.48540617281,-1
2026-04-22 21:30:00,9510.030881105775,-1
2026-04-22 22:00:00,9461.394568438194,-1
2026-04-22 22:30:00,9490.576356038742,-1
2026-04-22 23:00:00,9499.109042471651,-1
2026-04-23 09:00:00,9507.64172890456,-1
2026-04-23 09:30:00,9528.290830072201,-1
2026-04-23 10:00:00,9568.394456306873,-1
2026-04-23 10:30:00,9568.394456306873,-1
2026-04-23 11:00:00,9579.316294940996,-1
2026-04-23 11:30:00,9589.043557474513,-1
2026-04-23 13:30:00,9598.770820008029,-1
2026-04-23 14:00:00,9559.861769873964,-1
2026-04-23 14:30:00,9607.303506440938,-1
2026-04-23 15:00:00,9626.75803150797,-1
2026-04-23 21:00:00,9615.836192873847,-1
2026-04-23 21:30:00,9586.654405273299,-1
2026-04-23 22:00:00,9587.848981373905,-1
2026-04-23 22:30:00,9606.108930340331,-1
2026-04-23 23:00:00,9606.108930340331,-1
2026-04-24 09:00:00,9595.187091706208,-1
2026-04-24 09:30:00,9595.187091706208,-1
2026-04-24 10:00:00,9682.732454507855,-1
2026-04-24 10:30:00,9681.537878407249,-1
2026-04-24 11:00:00,9651.161514706091,-1
2026-04-24 11:30:00,9669.421463672516,-1
2026-04-24 13:30:00,9677.954150105425,-1
2026-04-24 14:00:00,9687.681412638944,-1
2026-04-24 14:30:00,9696.214099071854,-1
2026-04-24 15:00:00,9726.59046277301,-1
2026-04-24 21:00:00,9766.694089007682,-1
2026-04-24 21:30:00,9648.772362504878,-1
2026-04-24 22:00:00,9669.421463672517,-1
2026-04-24 22:30:00,9688.875988739552,-1
2026-04-24 23:00:00,9669.421463672517,-1
2026-04-27 09:00:00,9708.330513806584,-1
2026-04-27 09:30:00,9748.434140041258,-1
2026-04-27 10:00:00,9691.265140940766,-1
2026-04-27 10:30:00,9711.914242108407,-1
2026-04-27 11:00:00,9711.914242108407,-1
2026-04-27 11:30:00,9702.18697957489,-1
2026-04-27 13:30:00,9710.719666007799,-1
2026-04-27 14:00:00,9730.174191074831,-1
2026-04-27 14:30:00,9738.70687750774,-1
2026-04-27 15:00:00,9767.888665108292,-1
2026-04-27 21:00:00,9758.161402574773,-1
2026-04-27 21:30:00,9826.25224030939,-1
2026-04-27 22:00:00,9895.537654144613,-1
2026-04-27 22:30:00,9895.537654144613,-1
2026-04-27 23:00:00,9916.186755312252,-1
2026-04-28 09:00:00,9897.926806345828,-1
2026-04-28 09:30:00,9995.199431680992,-1
2026-04-28 10:00:00,10043.835744348573,-1
2026-04-28 10:30:00,10035.303057915666,-1
2026-04-28 11:00:00,10054.7575829827,-1
2026-04-28 11:30:00,10017.04310894924,-1
2026-04-28 13:30:00,10035.303057915666,-1
2026-04-28 14:00:00,10025.575795382148,-1
2026-04-28 14:30:00,10034.108481815058,-1
2026-04-28 15:00:00,10052.368430781484,-1
2026-04-28 21:00:00,10077.966490080209,-1
2026-04-28 21:30:00,10098.615591247852,-1
2026-04-28 22:00:00,10040.252016046752,-1
2026-04-28 22:30:00,10059.706541113785,-1
2026-04-28 23:00:00,10098.615591247852,-1
2026-04-29 09:00:00,10097.421015147245,-1
2026-04-29 09:30:00,10116.875540214278,-1
2026-04-29 10:00:00,10126.602802747793,-1
2026-04-29 10:30:00,10116.875540214278,-1
2026-04-29 11:00:00,10115.68096411367,-1
2026-04-29 11:30:00,10107.14827768076,-1
2026-04-29 13:30:00,10107.14827768076,-1
2026-04-29 14:00:00,10125.408226647187,-1
2026-04-29 14:30:00,10105.953701580154,-1
2026-04-29 15:00:00,10136.33006528131,-1
2026-04-29 21:00:00,10136.33006528131,-1
2026-04-29 21:30:00,10175.239115415376,-1
2026-04-29 22:00:00,10184.966377948891,-1
2026-04-29 22:30:00,10184.966377948891,-1
2026-04-29 23:00:00,10195.888216583016,-1
2026-04-30 09:00:00,10194.69364048241,-1
2026-04-30 09:30:00,10116.87554021428,-1
2026-04-30 10:00:00,10118.070116314886,-1
2026-04-30 10:30:00,10136.330065281312,-1
2026-04-30 11:00:00,10011.070228446206,-1
2026-04-30 11:30:00,9942.979390711589,-1
2026-04-30 13:30:00,9951.512077144498,-1
2026-04-30 14:00:00,9950.31750104389,-1
2026-04-30 14:30:00,9969.772026110923,-1
2026-04-30 15:00:00,9940.590238510375,-1
2026-05-06 09:00:00,9975.915560342617,-1
2026-05-06 09:30:00,9906.630146507394,-1
2026-05-06 10:00:00,9868.915672473937,-1
2026-05-06 10:30:00,9831.201198440478,-1
2026-05-06 11:00:00,9879.83751110806,-1
2026-05-06 11:30:00,9881.032087208667,-1
2026-05-06 13:30:00,9872.499400775758,-1
2026-05-06 14:00:00,11119.528371821903,0
2026-05-06 14:30:00,11119.528371821903,0
2026-05-06 15:00:00,11119.528371821903,0
2026-05-06 21:00:00,11119.528371821903,0
2026-05-06 21:30:00,11119.528371821903,0
2026-05-06 22:00:00,11119.528371821903,0
2026-05-06 22:30:00,11119.528371821903,0
2026-05-06 23:00:00,11119.528371821903,0
2026-05-07 09:00:00,11119.528371821903,0
2026-05-07 09:30:00,11119.528371821903,0
2026-05-07 10:00:00,11119.528371821903,0
2026-05-07 10:30:00,11119.528371821903,0
2026-05-07 11:00:00,11119.528371821903,0
2026-05-07 11:30:00,11119.528371821903,0
2026-05-07 13:30:00,11119.528371821903,0
2026-05-07 14:00:00,11119.528371821903,0
2026-05-07 14:30:00,11119.528371821903,0
2026-05-07 15:00:00,11119.528371821903,0
2026-05-07 21:00:00,11119.528371821903,0
2026-05-07 21:30:00,11119.528371821903,0
2026-05-07 22:00:00,11119.528371821903,0
2026-05-07 22:30:00,11119.528371821903,0
2026-05-07 23:00:00,11119.528371821903,0
2026-05-08 09:00:00,11119.528371821903,0
2026-05-08 09:30:00,11119.528371821903,0
2026-05-08 10:00:00,11119.528371821903,0
2026-05-08 10:30:00,11119.528371821903,0
2026-05-08 11:00:00,11119.528371821903,0
2026-05-08 11:30:00,11119.528371821903,0
2026-05-08 13:30:00,11119.528371821903,0
2026-05-08 14:00:00,11119.528371821903,0
2026-05-08 14:30:00,11119.528371821903,0
2026-05-08 15:00:00,11119.528371821903,0
2026-05-08 21:00:00,11119.528371821903,0
2026-05-08 21:30:00,11119.528371821903,0
2026-05-08 22:00:00,11119.528371821903,0
2026-05-08 22:30:00,11119.528371821903,0
2026-05-08 23:00:00,11119.528371821903,0
2026-05-11 09:00:00,11119.528371821903,0
2026-05-11 09:30:00,11119.528371821903,0
2026-05-11 10:00:00,11119.528371821903,0
2026-05-11 10:30:00,11119.528371821903,0
2026-05-11 11:00:00,11119.528371821903,0
2026-05-11 11:30:00,11119.528371821903,0
2026-05-11 13:30:00,11119.528371821903,0
2026-05-11 14:00:00,11119.528371821903,0
2026-05-11 14:30:00,11119.528371821903,0
2026-05-11 15:00:00,11119.528371821903,0
2026-05-11 21:00:00,11119.528371821903,0
2026-05-11 21:30:00,11119.528371821903,0
2026-05-11 22:00:00,11119.528371821903,0
2026-05-11 22:30:00,11119.528371821903,0
2026-05-11 23:00:00,11119.528371821903,0
2026-05-12 09:00:00,11119.528371821903,0
2026-05-12 09:30:00,11119.528371821903,0
2026-05-12 10:00:00,11119.528371821903,0
2026-05-12 10:30:00,11119.528371821903,0
2026-05-12 11:00:00,11119.528371821903,0
2026-05-12 11:30:00,11119.528371821903,0
2026-05-12 13:30:00,11119.528371821903,0
2026-05-12 14:00:00,11119.528371821903,0
2026-05-12 14:30:00,11119.528371821903,0
2026-05-12 15:00:00,11119.528371821903,0
2026-05-12 21:00:00,11119.528371821903,0
2026-05-12 21:30:00,11119.528371821903,0
2026-05-12 22:00:00,11119.528371821903,0
2026-05-12 22:30:00,11119.528371821903,0
2026-05-12 23:00:00,11119.528371821903,0
2026-05-13 09:00:00,11119.528371821903,0
2026-05-13 09:30:00,11119.528371821903,0
2026-05-13 10:00:00,11119.528371821903,0
2026-05-13 10:30:00,11119.528371821903,0
2026-05-13 11:00:00,11119.528371821903,0
2026-05-13 11:30:00,11119.528371821903,0
2026-05-13 13:30:00,11119.528371821903,0
2026-05-13 14:00:00,11119.528371821903,0
2026-05-13 14:30:00,11119.528371821903,0
2026-05-13 15:00:00,11119.528371821903,0
2026-05-13 21:00:00,11119.528371821903,0
2026-05-13 21:30:00,11119.528371821903,0
2026-05-13 22:00:00,11119.528371821903,0
2026-05-13 22:30:00,11119.528371821903,0
2026-05-13 23:00:00,11119.528371821903,0
2026-05-14 09:00:00,11119.528371821903,0
2026-05-14 09:30:00,11119.528371821903,0
2026-05-14 10:00:00,11119.528371821903,0
2026-05-14 10:30:00,11119.528371821903,0
2026-05-14 11:00:00,11119.528371821903,0
2026-05-14 11:30:00,11119.528371821903,0
2026-05-14 13:30:00,11119.528371821903,0
2026-05-14 14:00:00,11119.528371821903,0
2026-05-14 14:30:00,11119.528371821903,0
2026-05-14 15:00:00,11119.528371821903,0
2026-05-14 21:00:00,11119.528371821903,0
2026-05-14 21:30:00,11119.528371821903,0
2026-05-14 22:00:00,11119.528371821903,0
2026-05-14 22:30:00,11119.528371821903,0
2026-05-14 23:00:00,11119.528371821903,0
2026-05-15 09:00:00,11119.528371821903,0
2026-05-15 09:30:00,11119.528371821903,0
2026-05-15 10:00:00,11119.528371821903,0
2026-05-15 10:30:00,11119.528371821903,0
2026-05-15 11:00:00,11119.528371821903,0
2026-05-15 11:30:00,11119.528371821903,0
2026-05-15 13:30:00,11119.528371821903,0
2026-05-15 14:00:00,11119.528371821903,0
2026-05-15 14:30:00,11119.528371821903,0
2026-05-15 15:00:00,11119.528371821903,0
2026-05-15 21:00:00,11119.528371821903,0
2026-05-15 21:30:00,11119.528371821903,0
2026-05-15 22:00:00,11119.528371821903,0
2026-05-15 22:30:00,11119.528371821903,0
2026-05-15 23:00:00,11119.528371821903,0
2026-05-18 09:00:00,11119.528371821903,0
2026-05-18 09:30:00,11119.528371821903,0
2026-05-18 10:00:00,11119.528371821903,0
2026-05-18 10:30:00,11119.528371821903,0
2026-05-18 11:00:00,11119.528371821903,0
2026-05-18 11:30:00,11119.528371821903,0
2026-05-18 13:30:00,11119.528371821903,0
2026-05-18 14:00:00,11119.528371821903,0
2026-05-18 14:30:00,11119.528371821903,0
2026-05-18 15:00:00,11119.528371821903,0
2026-05-18 21:00:00,11119.528371821903,0
2026-05-18 21:30:00,11119.528371821903,0
2026-05-18 22:00:00,11119.528371821903,0
2026-05-18 22:30:00,11119.528371821903,0
2026-05-18 23:00:00,11119.528371821903,0
2026-05-19 09:00:00,11119.528371821903,0
2026-05-19 09:30:00,11119.528371821903,0
2026-05-19 10:00:00,11119.528371821903,0
2026-05-19 10:30:00,11119.528371821903,0
2026-05-19 11:00:00,11119.528371821903,0
2026-05-19 11:30:00,11119.528371821903,0
2026-05-19 13:30:00,11119.528371821903,0
2026-05-19 14:00:00,11119.528371821903,0
2026-05-19 14:30:00,11119.528371821903,0
2026-05-19 15:00:00,11119.528371821903,0
2026-05-19 21:00:00,11119.528371821903,0
2026-05-19 21:30:00,11119.528371821903,0
2026-05-19 22:00:00,11119.528371821903,0
2026-05-19 22:30:00,11119.528371821903,0
2026-05-19 23:00:00,11119.528371821903,0
2026-05-20 09:00:00,11119.528371821903,0
2026-05-20 09:30:00,11119.528371821903,0
2026-05-20 10:00:00,11119.528371821903,0
2026-05-20 10:30:00,11119.528371821903,0
2026-05-20 11:00:00,11119.528371821903,0
2026-05-20 11:30:00,11119.528371821903,0
2026-05-20 13:30:00,11119.528371821903,0
2026-05-20 14:00:00,11119.528371821903,0
2026-05-20 14:30:00,11119.528371821903,0
2026-05-20 15:00:00,11119.528371821903,0
2026-05-20 21:00:00,11119.528371821903,0
2026-05-20 21:30:00,11119.528371821903,0
2026-05-20 22:00:00,11119.528371821903,0
2026-05-20 22:30:00,11119.528371821903,0
2026-05-20 23:00:00,11119.528371821903,0
2026-05-21 09:00:00,11119.528371821903,0
2026-05-21 09:30:00,11119.528371821903,0
2026-05-21 10:00:00,11119.528371821903,0
2026-05-21 10:30:00,11119.528371821903,0
2026-05-21 11:00:00,11119.528371821903,0
2026-05-21 11:30:00,11119.528371821903,0
2026-05-21 13:30:00,11119.528371821903,0
2026-05-21 14:00:00,11119.528371821903,0
2026-05-21 14:30:00,11119.528371821903,0
2026-05-21 15:00:00,11119.528371821903,0
2026-05-21 21:00:00,11119.528371821903,0
2026-05-21 21:30:00,11119.528371821903,0
2026-05-21 22:00:00,11119.528371821903,0
2026-05-21 22:30:00,11119.528371821903,0
2026-05-21 23:00:00,11119.528371821903,0
2026-05-22 09:00:00,11119.528371821903,0
2026-05-22 09:30:00,11119.528371821903,0
2026-05-22 10:00:00,11119.528371821903,0
2026-05-22 10:30:00,11119.528371821903,0
2026-05-22 11:00:00,11119.528371821903,0
2026-05-22 11:30:00,11119.528371821903,0
2026-05-22 13:30:00,11119.528371821903,0
2026-05-22 14:00:00,11119.528371821903,0
2026-05-22 14:30:00,11119.528371821903,0
2026-05-22 15:00:00,11119.528371821903,0
2026-05-22 21:00:00,11119.528371821903,0
2026-05-22 21:30:00,11119.528371821903,0
2026-05-22 22:00:00,11119.528371821903,0
2026-05-22 22:30:00,11119.528371821903,0
2026-05-22 23:00:00,11119.528371821903,0
2026-05-25 09:00:00,11119.528371821903,0
2026-05-25 09:30:00,11119.528371821903,0
2026-05-25 10:00:00,11119.528371821903,0
2026-05-25 10:30:00,11119.528371821903,0
2026-05-25 11:00:00,11119.528371821903,0
2026-05-25 11:30:00,11119.528371821903,0
2026-05-25 13:30:00,11119.528371821903,0
2026-05-25 14:00:00,11119.528371821903,0
2026-05-25 14:30:00,11119.528371821903,0
2026-05-25 15:00:00,11119.528371821903,0
2026-05-25 21:00:00,11119.528371821903,0
2026-05-25 21:30:00,11119.528371821903,0
2026-05-25 22:00:00,11119.528371821903,0
2026-05-25 22:30:00,11119.528371821903,0
2026-05-25 23:00:00,11119.528371821903,0
2026-05-26 09:00:00,11119.528371821903,0
2026-05-26 09:30:00,11119.528371821903,0
2026-05-26 10:00:00,11119.528371821903,0
2026-05-26 10:30:00,11119.528371821903,0
2026-05-26 11:00:00,11119.528371821903,0
2026-05-26 11:30:00,11119.528371821903,0
2026-05-26 13:30:00,11119.528371821903,0
2026-05-26 14:00:00,11119.528371821903,0
2026-05-26 14:30:00,11119.528371821903,0
2026-05-26 15:00:00,11119.528371821903,0
2026-05-26 21:00:00,11119.528371821903,0
2026-05-26 21:30:00,11119.528371821903,0
2026-05-26 22:00:00,11119.528371821903,0
2026-05-26 22:30:00,11119.528371821903,0
2026-05-26 23:00:00,11119.528371821903,0
2026-05-27 09:00:00,11119.528371821903,0
2026-05-27 09:30:00,11119.528371821903,0
2026-05-27 10:00:00,11119.528371821903,0
2026-05-27 10:30:00,11119.528371821903,0
2026-05-27 11:00:00,11119.528371821903,0
2026-05-27 11:30:00,11119.528371821903,0
2026-05-27 13:30:00,11119.528371821903,0
2026-05-27 14:00:00,11119.528371821903,0
2026-05-27 14:30:00,11119.528371821903,0
2026-05-27 15:00:00,11119.528371821903,0
2026-05-27 21:00:00,11119.528371821903,0
2026-05-27 21:30:00,11119.528371821903,0
2026-05-27 22:00:00,11119.528371821903,0
2026-05-27 22:30:00,11119.528371821903,0
2026-05-27 23:00:00,11119.528371821903,0
2026-05-28 09:00:00,11119.528371821903,0
2026-05-28 09:30:00,11119.528371821903,0
2026-05-28 10:00:00,11119.528371821903,0
2026-05-28 10:30:00,11119.528371821903,0
2026-05-28 11:00:00,11119.528371821903,0
2026-05-28 11:30:00,11119.528371821903,0
2026-05-28 13:30:00,11119.528371821903,0
2026-05-28 14:00:00,11119.528371821903,0
2026-05-28 14:30:00,11119.528371821903,0
2026-05-28 15:00:00,11119.528371821903,0
2026-05-28 21:00:00,11119.528371821903,0
2026-05-28 21:30:00,11119.528371821903,0
2026-05-28 22:00:00,11119.528371821903,0
2026-05-28 22:30:00,11119.528371821903,0
2026-05-28 23:00:00,11119.528371821903,0
2026-05-29 09:00:00,11119.528371821903,0
2026-05-29 09:30:00,11119.528371821903,0
2026-05-29 10:00:00,11119.528371821903,0
2026-05-29 10:30:00,11119.528371821903,0
2026-05-29 11:00:00,11119.528371821903,0
2026-05-29 11:30:00,11119.528371821903,0
2026-05-29 13:30:00,11119.528371821903,0
2026-05-29 14:00:00,11119.528371821903,0
2026-05-29 14:30:00,11119.528371821903,0
2026-05-29 15:00:00,11119.528371821903,0
2026-05-29 21:00:00,11119.528371821903,0
2026-05-29 21:30:00,11119.528371821903,0
2026-05-29 22:00:00,11119.528371821903,0
2026-05-29 22:30:00,11119.528371821903,0
2026-05-29 23:00:00,11119.528371821903,0
2026-06-01 01:00:00,11119.528371821903,0
2026-06-01 01:30:00,11119.528371821903,0
2026-06-01 02:00:00,11119.528371821903,0
2026-06-01 02:30:00,11119.528371821903,0
2026-06-01 03:00:00,11119.528371821903,0
2026-06-01 03:30:00,11119.528371821903,0
2026-06-01 05:30:00,11119.528371821903,0
2026-06-01 06:00:00,11119.528371821903,0
2026-06-01 06:30:00,11119.528371821903,0
2026-06-01 07:00:00,11119.528371821903,0
2026-06-01 09:00:00,11119.528371821903,0
2026-06-01 09:30:00,11119.528371821903,0
2026-06-01 10:00:00,11119.528371821903,0
2026-06-01 10:30:00,11119.528371821903,0
2026-06-01 11:00:00,11119.528371821903,0
2026-06-01 11:30:00,11119.528371821903,0
2026-06-01 13:00:00,11119.528371821903,0
2026-06-01 13:30:00,11119.528371821903,0
2026-06-01 14:00:00,11119.528371821903,0
2026-06-01 14:30:00,11119.528371821903,0
2026-06-01 15:00:00,11119.528371821903,0
2026-06-01 21:00:00,11119.528371821903,0
2026-06-01 21:30:00,11119.528371821903,0
2026-06-01 22:00:00,11119.528371821903,0
2026-06-01 22:30:00,11119.528371821903,0
2026-06-01 23:00:00,11119.528371821903,0
2026-06-02 01:00:00,11119.528371821903,0
2026-06-02 01:30:00,11119.528371821903,0
2026-06-02 02:00:00,11119.528371821903,0
2026-06-02 02:30:00,11119.528371821903,0
2026-06-02 03:00:00,11119.528371821903,0
2026-06-02 03:30:00,11119.528371821903,0
2026-06-02 05:30:00,11119.528371821903,0
2026-06-02 06:00:00,11119.528371821903,0
2026-06-02 06:30:00,11119.528371821903,0
2026-06-02 07:00:00,11119.528371821903,0
2026-06-02 09:00:00,11119.528371821903,0
2026-06-02 09:30:00,11119.528371821903,0
2026-06-02 10:00:00,11119.528371821903,0
2026-06-02 10:30:00,11119.528371821903,0
2026-06-02 11:00:00,11119.528371821903,0
2026-06-02 11:30:00,11119.528371821903,0
2026-06-02 13:00:00,11119.528371821903,0
2026-06-02 13:30:00,11119.528371821903,0
2026-06-02 14:00:00,11119.528371821903,0
2026-06-02 14:30:00,11119.528371821903,0
2026-06-02 15:00:00,11119.528371821903,0
2026-06-02 21:00:00,11119.528371821903,0
2026-06-02 21:30:00,11119.528371821903,0
2026-06-02 22:00:00,11119.528371821903,0
2026-06-02 22:30:00,11119.528371821903,0
2026-06-02 23:00:00,11119.528371821903,0
2026-06-03 01:00:00,11119.528371821903,0
2026-06-03 01:30:00,11119.528371821903,0
2026-06-03 02:00:00,11119.528371821903,0
2026-06-03 02:30:00,11119.528371821903,0
2026-06-03 03:00:00,11119.528371821903,0
2026-06-03 03:30:00,11119.528371821903,0
2026-06-03 05:30:00,11119.528371821903,0
2026-06-03 06:00:00,11119.528371821903,0
2026-06-03 06:30:00,11119.528371821903,0
2026-06-03 07:00:00,11119.528371821903,0
2026-06-03 09:00:00,11119.528371821903,0
2026-06-03 09:30:00,11119.528371821903,0
2026-06-03 10:00:00,11119.528371821903,0
2026-06-03 10:30:00,11119.528371821903,0
2026-06-03 11:00:00,11119.528371821903,0
2026-06-03 11:30:00,11119.528371821903,0
2026-06-03 13:00:00,11119.528371821903,0
2026-06-03 13:30:00,11119.528371821903,0
2026-06-03 14:00:00,11119.528371821903,0
2026-06-03 14:30:00,11119.528371821903,0
2026-06-03 15:00:00,11119.528371821903,0
2026-06-03 21:00:00,11119.528371821903,0
2026-06-03 21:30:00,11119.528371821903,0
2026-06-03 22:00:00,11119.528371821903,0
2026-06-03 22:30:00,11119.528371821903,0
2026-06-03 23:00:00,11119.528371821903,0
2026-06-04 01:00:00,11119.528371821903,0
2026-06-04 01:30:00,11119.528371821903,0
2026-06-04 02:00:00,11119.528371821903,0
2026-06-04 02:30:00,11119.528371821903,0
2026-06-04 03:00:00,11119.528371821903,0
2026-06-04 03:30:00,11119.528371821903,0
2026-06-04 05:30:00,11119.528371821903,0
2026-06-04 06:00:00,11119.528371821903,0
2026-06-04 06:30:00,11119.528371821903,0
2026-06-04 07:00:00,11119.528371821903,0
2026-06-04 09:00:00,11119.528371821903,0
2026-06-04 09:30:00,11119.528371821903,0
2026-06-04 10:00:00,11119.528371821903,0
2026-06-04 10:30:00,11119.528371821903,0
2026-06-04 11:00:00,11119.528371821903,0
2026-06-04 11:30:00,11119.528371821903,0
2026-06-04 13:00:00,11119.528371821903,0
2026-06-04 13:30:00,11119.528371821903,0
2026-06-04 14:00:00,11119.528371821903,0
2026-06-04 14:30:00,11119.528371821903,0
2026-06-04 15:00:00,11119.528371821903,0
2026-06-04 21:00:00,11119.528371821903,0
2026-06-04 21:30:00,11119.528371821903,0
2026-06-04 22:00:00,11119.528371821903,0
2026-06-04 22:30:00,11119.528371821903,0
2026-06-04 23:00:00,11119.528371821903,0
2026-06-05 01:00:00,11119.528371821903,0
2026-06-05 01:30:00,11119.528371821903,0
2026-06-05 02:00:00,11119.528371821903,0
2026-06-05 02:30:00,11119.528371821903,0
2026-06-05 03:00:00,11119.528371821903,0
2026-06-05 03:30:00,11119.528371821903,0
2026-06-05 05:30:00,11119.528371821903,0
2026-06-05 06:00:00,11119.528371821903,0
2026-06-05 06:30:00,11119.528371821903,0
2026-06-05 07:00:00,11119.528371821903,0
2026-06-05 09:00:00,11119.528371821903,0
2026-06-05 09:30:00,11119.528371821903,0
2026-06-05 10:00:00,11119.528371821903,0
2026-06-05 10:30:00,11119.528371821903,0
2026-06-05 11:00:00,11119.528371821903,0
2026-06-05 11:30:00,11119.528371821903,0
2026-06-05 13:00:00,11119.528371821903,0
2026-06-05 13:30:00,11119.528371821903,0
2026-06-05 14:00:00,11119.528371821903,0
2026-06-05 14:30:00,11119.528371821903,0
2026-06-05 15:00:00,11119.528371821903,0
2026-06-05 21:00:00,11119.528371821903,0
2026-06-05 21:30:00,11119.528371821903,0
2026-06-05 22:00:00,11119.528371821903,0
2026-06-05 22:30:00,11119.528371821903,0
2026-06-05 23:00:00,11119.528371821903,0
2026-06-08 01:00:00,11119.528371821903,0
2026-06-08 01:30:00,11119.528371821903,0
2026-06-08 02:00:00,11119.528371821903,0
2026-06-08 02:30:00,11119.528371821903,0
2026-06-08 03:00:00,11119.528371821903,0
2026-06-08 03:30:00,11119.528371821903,0
2026-06-08 05:30:00,11119.528371821903,0
2026-06-08 06:00:00,11119.528371821903,0
2026-06-08 06:30:00,11119.528371821903,0
2026-06-08 07:00:00,11119.528371821903,0
2026-06-08 09:00:00,11119.528371821903,0
2026-06-08 09:30:00,11119.528371821903,0
2026-06-08 10:00:00,11119.528371821903,0
2026-06-08 10:30:00,11119.528371821903,0
2026-06-08 11:00:00,11119.528371821903,0
2026-06-08 11:30:00,11119.528371821903,0
2026-06-08 13:00:00,11119.528371821903,0
2026-06-08 13:30:00,11119.528371821903,0
2026-06-08 14:00:00,11119.528371821903,0
2026-06-08 14:30:00,11119.528371821903,0
2026-06-08 15:00:00,11119.528371821903,0
2026-06-08 21:00:00,11119.528371821903,0
2026-06-08 21:30:00,11119.528371821903,0
2026-06-08 22:00:00,11119.528371821903,0
2026-06-08 22:30:00,11119.528371821903,0
2026-06-08 23:00:00,11119.528371821903,0
2026-06-09 01:00:00,11119.528371821903,0
2026-06-09 01:30:00,11119.528371821903,0
2026-06-09 02:00:00,11119.528371821903,0
2026-06-09 02:30:00,11119.528371821903,0
2026-06-09 03:00:00,11119.528371821903,0
2026-06-09 03:30:00,11119.528371821903,0
2026-06-09 05:30:00,11119.528371821903,0
2026-06-09 06:00:00,11119.528371821903,0
2026-06-09 06:30:00,11119.528371821903,0
2026-06-09 07:00:00,11119.528371821903,0
2026-06-09 09:00:00,11119.528371821903,0
2026-06-09 09:30:00,11119.528371821903,0
2026-06-09 10:00:00,11119.528371821903,0
2026-06-09 10:30:00,11119.528371821903,0
2026-06-09 11:00:00,11119.528371821903,0
2026-06-09 11:30:00,11119.528371821903,0
2026-06-09 13:00:00,11119.528371821903,0
2026-06-09 13:30:00,11119.528371821903,0
2026-06-09 14:00:00,11119.528371821903,0
2026-06-09 14:30:00,11119.528371821903,0
2026-06-09 15:00:00,11119.528371821903,0
2026-06-09 21:00:00,11119.528371821903,0
2026-06-09 21:30:00,11119.528371821903,0
2026-06-09 22:00:00,11119.528371821903,0
2026-06-09 22:30:00,11119.528371821903,0
2026-06-09 23:00:00,11119.528371821903,0
2026-06-10 01:00:00,11119.528371821903,0
2026-06-10 01:30:00,11119.528371821903,0
2026-06-10 02:00:00,11119.528371821903,0
2026-06-10 02:30:00,11119.528371821903,0
2026-06-10 03:00:00,11119.528371821903,0
2026-06-10 03:30:00,11119.528371821903,0
2026-06-10 05:30:00,11119.528371821903,0
2026-06-10 06:00:00,11119.528371821903,0
2026-06-10 06:30:00,11119.528371821903,0
2026-06-10 07:00:00,11119.528371821903,0
2026-06-10 09:00:00,11119.528371821903,0
2026-06-10 09:30:00,11119.528371821903,0
2026-06-10 10:00:00,11119.528371821903,0
2026-06-10 10:30:00,11119.528371821903,0
2026-06-10 11:00:00,11119.528371821903,0
2026-06-10 11:30:00,11119.528371821903,0
2026-06-10 13:00:00,11119.528371821903,0
2026-06-10 13:30:00,11119.528371821903,0
2026-06-10 14:00:00,11119.528371821903,0
2026-06-10 14:30:00,11119.528371821903,0
2026-06-10 15:00:00,11119.528371821903,0
2026-06-10 21:00:00,11119.528371821903,0
2026-06-10 21:30:00,11119.528371821903,0
2026-06-10 22:00:00,11119.528371821903,0
2026-06-10 22:30:00,11119.528371821903,0
2026-06-10 23:00:00,11119.528371821903,0
2026-06-11 01:00:00,11119.528371821903,0
2026-06-11 01:30:00,11119.528371821903,0
2026-06-11 02:00:00,11119.528371821903,0
2026-06-11 02:30:00,11119.528371821903,0
2026-06-11 03:00:00,11119.528371821903,0
2026-06-11 03:30:00,11119.528371821903,0
2026-06-11 05:30:00,11119.528371821903,0
2026-06-11 06:00:00,11119.528371821903,0
2026-06-11 06:30:00,11119.528371821903,0
2026-06-11 07:00:00,11119.528371821903,0
2026-06-11 09:00:00,11119.528371821903,0
2026-06-11 09:30:00,11119.528371821903,0
2026-06-11 10:00:00,11119.528371821903,0
2026-06-11 10:30:00,11119.528371821903,0
2026-06-11 11:00:00,11119.528371821903,0
2026-06-11 11:30:00,11119.528371821903,0
2026-06-11 13:00:00,11119.528371821903,0
2026-06-11 13:30:00,11119.528371821903,0
2026-06-11 14:00:00,11119.528371821903,0
2026-06-11 14:30:00,11119.528371821903,0
2026-06-11 15:00:00,11119.528371821903,0
2026-06-11 21:00:00,11119.528371821903,0
2026-06-11 21:30:00,11119.528371821903,0
2026-06-11 22:00:00,11119.528371821903,0
2026-06-11 22:30:00,11119.528371821903,0
2026-06-11 23:00:00,11119.528371821903,0
2026-06-12 01:00:00,11119.528371821903,0
2026-06-12 01:30:00,11119.528371821903,0
2026-06-12 02:00:00,11119.528371821903,0
2026-06-12 02:30:00,11119.528371821903,0
2026-06-12 03:00:00,11119.528371821903,0
2026-06-12 03:30:00,11119.528371821903,0
2026-06-12 05:30:00,11119.528371821903,0
2026-06-12 06:00:00,11119.528371821903,0
2026-06-12 06:30:00,11119.528371821903,0
2026-06-12 07:00:00,11119.528371821903,0
2026-06-12 09:00:00,11119.528371821903,0
2026-06-12 09:30:00,11119.528371821903,0
2026-06-12 10:00:00,11119.528371821903,0
2026-06-12 10:30:00,11119.528371821903,0
2026-06-12 11:00:00,11119.528371821903,0
2026-06-12 11:30:00,11119.528371821903,0
2026-06-12 13:00:00,11119.528371821903,0
2026-06-12 13:30:00,11119.528371821903,0
2026-06-12 14:00:00,11119.528371821903,0
2026-06-12 14:30:00,11119.528371821903,0
2026-06-12 15:00:00,11119.528371821903,0
2026-06-12 21:00:00,11119.528371821903,0
2026-06-12 21:30:00,11119.528371821903,0
2026-06-12 22:00:00,11119.528371821903,0
2026-06-12 22:30:00,11119.528371821903,0
2026-06-12 23:00:00,11119.528371821903,0
2026-06-15 01:00:00,11119.528371821903,0
2026-06-15 01:30:00,11119.528371821903,0
2026-06-15 02:00:00,11119.528371821903,0
2026-06-15 02:30:00,11119.528371821903,0
2026-06-15 03:00:00,11119.528371821903,0
2026-06-15 03:30:00,11119.528371821903,0
2026-06-15 05:30:00,11119.528371821903,0
2026-06-15 06:00:00,11119.528371821903,0
2026-06-15 06:30:00,11119.528371821903,0
2026-06-15 07:00:00,11119.528371821903,0
2026-06-15 09:00:00,11119.528371821903,0
2026-06-15 09:30:00,11119.528371821903,0
2026-06-15 10:00:00,11119.528371821903,0
2026-06-15 10:30:00,11119.528371821903,0
2026-06-15 11:00:00,11119.528371821903,0
2026-06-15 11:30:00,11119.528371821903,0
2026-06-15 13:00:00,11119.528371821903,0
2026-06-15 13:30:00,11119.528371821903,0
2026-06-15 14:00:00,11119.528371821903,0
2026-06-15 14:30:00,11119.528371821903,0
2026-06-15 15:00:00,11119.528371821903,0
2026-06-15 21:00:00,11119.528371821903,0
2026-06-15 21:30:00,11119.528371821903,0
2026-06-15 22:00:00,11119.528371821903,0
2026-06-15 22:30:00,11119.528371821903,0
2026-06-15 23:00:00,11119.528371821903,0
2026-06-16 01:00:00,11119.528371821903,0
2026-06-16 01:30:00,11119.528371821903,0
2026-06-16 02:00:00,11119.528371821903,0
2026-06-16 02:30:00,11119.528371821903,0
2026-06-16 03:00:00,11119.528371821903,0
2026-06-16 03:30:00,11119.528371821903,0
2026-06-16 05:30:00,11119.528371821903,0
2026-06-16 06:00:00,11119.528371821903,0
2026-06-16 06:30:00,11119.528371821903,0
2026-06-16 07:00:00,11119.528371821903,0
2026-06-16 09:00:00,11119.528371821903,0
2026-06-16 09:30:00,11119.528371821903,0
2026-06-16 10:00:00,11119.528371821903,0
2026-06-16 10:30:00,11119.528371821903,0
2026-06-16 11:00:00,11119.528371821903,0
2026-06-16 11:30:00,11119.528371821903,0
2026-06-16 13:00:00,11119.528371821903,0
2026-06-16 13:30:00,11119.528371821903,0
2026-06-16 14:00:00,11119.528371821903,0
2026-06-16 14:30:00,11119.528371821903,0
2026-06-16 15:00:00,11119.528371821903,0
2026-06-16 21:00:00,11119.528371821903,0
2026-06-16 21:30:00,11119.528371821903,0
2026-06-16 22:00:00,11119.528371821903,0
2026-06-16 22:30:00,11119.528371821903,0
2026-06-16 23:00:00,11119.528371821903,0
2026-06-17 01:00:00,11119.528371821903,0
2026-06-17 01:30:00,11119.528371821903,0
2026-06-17 02:00:00,11119.528371821903,0
2026-06-17 02:30:00,11119.528371821903,0
2026-06-17 03:00:00,11119.528371821903,0
2026-06-17 03:30:00,11119.528371821903,0
2026-06-17 05:30:00,11119.528371821903,0
2026-06-17 06:00:00,11119.528371821903,0
2026-06-17 06:30:00,11119.528371821903,0
2026-06-17 07:00:00,11119.528371821903,0
2026-06-17 09:00:00,11119.528371821903,0
2026-06-17 09:30:00,11119.528371821903,0
2026-06-17 10:00:00,11119.528371821903,0
2026-06-17 10:30:00,11119.528371821903,0
2026-06-17 11:00:00,11119.528371821903,0
2026-06-17 11:30:00,11119.528371821903,0
2026-06-17 13:00:00,11119.528371821903,0
2026-06-17 13:30:00,11119.528371821903,0
2026-06-17 14:00:00,11119.528371821903,0
2026-06-17 14:30:00,11119.528371821903,0
2026-06-17 15:00:00,11119.528371821903,0
2026-06-17 21:00:00,11119.528371821903,0
2026-06-17 21:30:00,11119.528371821903,0
2026-06-17 22:00:00,11119.528371821903,0
2026-06-17 22:30:00,11119.528371821903,0
2026-06-17 23:00:00,11119.528371821903,0
2026-06-18 01:00:00,11119.528371821903,0
2026-06-18 01:30:00,11119.528371821903,0
2026-06-18 02:00:00,11119.528371821903,0
2026-06-18 02:30:00,11119.528371821903,0
2026-06-18 03:00:00,11119.528371821903,0
2026-06-18 03:30:00,11119.528371821903,0
2026-06-18 05:30:00,11119.528371821903,0
2026-06-18 06:00:00,11119.528371821903,0
2026-06-18 06:30:00,11119.528371821903,0
2026-06-18 07:00:00,11119.528371821903,0
2026-06-18 09:00:00,11119.528371821903,0
2026-06-18 09:30:00,11119.528371821903,0
2026-06-18 10:00:00,11119.528371821903,0
2026-06-18 10:30:00,11119.528371821903,0
2026-06-18 11:00:00,11119.528371821903,0
2026-06-18 11:30:00,11119.528371821903,0
2026-06-18 13:30:00,11119.528371821903,0
2026-06-18 14:00:00,11119.528371821903,0
2026-06-18 14:30:00,11119.528371821903,0
2026-06-18 15:00:00,11119.528371821903,0
2026-06-22 01:00:00,11119.528371821903,0
2026-06-22 01:30:00,11119.528371821903,0
2026-06-22 02:00:00,11119.528371821903,0
2026-06-22 02:30:00,11119.528371821903,0
2026-06-22 03:00:00,11119.528371821903,0
2026-06-22 03:30:00,11119.528371821903,0
2026-06-22 05:30:00,11119.528371821903,0
2026-06-22 06:00:00,11119.528371821903,0
2026-06-22 06:30:00,11119.528371821903,0
2026-06-22 07:00:00,11119.528371821903,0
2026-06-22 09:00:00,11119.528371821903,0
2026-06-22 09:30:00,11119.528371821903,0
2026-06-22 10:00:00,11119.528371821903,0
2026-06-22 10:30:00,11119.528371821903,0
2026-06-22 11:00:00,11119.528371821903,0
2026-06-22 11:30:00,11119.528371821903,0
2026-06-22 13:00:00,11119.528371821903,0
2026-06-22 13:30:00,11119.528371821903,0
2026-06-22 14:00:00,11119.528371821903,0
2026-06-22 14:30:00,11119.528371821903,0
2026-06-22 15:00:00,11119.528371821903,0
2026-06-22 21:00:00,11119.528371821903,0
2026-06-22 21:30:00,11119.528371821903,0
2026-06-22 22:00:00,11119.528371821903,0
2026-06-22 22:30:00,11119.528371821903,0
2026-06-22 23:00:00,11119.528371821903,0
2026-06-23 01:00:00,11119.528371821903,0
2026-06-23 01:30:00,11119.528371821903,0
2026-06-23 02:00:00,11119.528371821903,0
2026-06-23 02:30:00,11119.528371821903,0
2026-06-23 03:00:00,11119.528371821903,0
2026-06-23 03:30:00,11119.528371821903,0
2026-06-23 05:30:00,11119.528371821903,0
2026-06-23 06:00:00,11119.528371821903,0
2026-06-23 06:30:00,11119.528371821903,0
2026-06-23 07:00:00,11119.528371821903,0
2026-06-23 09:00:00,11119.528371821903,0
2026-06-23 09:30:00,11119.528371821903,0
2026-06-23 10:00:00,11119.528371821903,0
2026-06-23 10:30:00,11119.528371821903,0
2026-06-23 11:00:00,11119.528371821903,0
2026-06-23 11:30:00,11119.528371821903,0
2026-06-23 13:00:00,11119.528371821903,0
2026-06-23 13:30:00,11119.528371821903,0
2026-06-23 14:00:00,11119.528371821903,0
2026-06-23 14:30:00,11119.528371821903,0
2026-06-23 15:00:00,11119.528371821903,0
2026-06-23 21:00:00,11119.528371821903,0
2026-06-23 21:30:00,11119.528371821903,0
2026-06-23 22:00:00,11119.528371821903,0
2026-06-23 22:30:00,11119.528371821903,0
2026-06-23 23:00:00,11119.528371821903,0
2026-06-24 01:00:00,11119.528371821903,0
2026-06-24 01:30:00,11119.528371821903,0
2026-06-24 02:00:00,11119.528371821903,0
2026-06-24 02:30:00,11119.528371821903,0
2026-06-24 03:00:00,11119.528371821903,0
2026-06-24 03:30:00,11119.528371821903,0
2026-06-24 05:30:00,11119.528371821903,0
2026-06-24 06:00:00,11119.528371821903,0
2026-06-24 06:30:00,11119.528371821903,0
2026-06-24 07:00:00,11119.528371821903,0
2026-06-24 09:00:00,11119.528371821903,0
2026-06-24 09:30:00,11119.528371821903,0
2026-06-24 10:00:00,11119.528371821903,0
2026-06-24 10:30:00,11119.528371821903,0
2026-06-24 11:00:00,11119.528371821903,0
2026-06-24 11:30:00,11119.528371821903,0
2026-06-24 13:00:00,11119.528371821903,0
2026-06-24 13:30:00,11119.528371821903,0
2026-06-24 14:00:00,11119.528371821903,0
2026-06-24 14:30:00,11119.528371821903,0
2026-06-24 15:00:00,11119.528371821903,0
2026-06-24 21:00:00,11119.528371821903,0
2026-06-24 21:30:00,11119.528371821903,0
2026-06-24 22:00:00,11119.528371821903,0
2026-06-24 22:30:00,11119.528371821903,0
2026-06-24 23:00:00,11119.528371821903,0
2026-06-25 01:00:00,11119.528371821903,0
2026-06-25 01:30:00,11119.528371821903,0
2026-06-25 02:00:00,11119.528371821903,0
2026-06-25 02:30:00,11119.528371821903,0
2026-06-25 03:00:00,11119.528371821903,0
2026-06-25 03:30:00,11119.528371821903,0
2026-06-25 05:30:00,11119.528371821903,0
2026-06-25 06:00:00,11119.528371821903,0
2026-06-25 06:30:00,11119.528371821903,0
2026-06-25 07:00:00,11119.528371821903,0
2026-06-25 09:00:00,11119.528371821903,0
2026-06-25 09:30:00,11119.528371821903,0
2026-06-25 10:00:00,11119.528371821903,0
2026-06-25 10:30:00,11119.528371821903,0
2026-06-25 11:00:00,11119.528371821903,0
2026-06-25 11:30:00,11119.528371821903,0
2026-06-25 13:00:00,11119.528371821903,0
2026-06-25 13:30:00,11119.528371821903,0
2026-06-25 14:00:00,11119.528371821903,0
2026-06-25 14:30:00,11119.528371821903,0
2026-06-25 15:00:00,11119.528371821903,0
2026-06-25 21:00:00,11119.528371821903,0
2026-06-25 21:30:00,11119.528371821903,0
2026-06-25 22:00:00,11119.528371821903,0
2026-06-25 22:30:00,11119.528371821903,0
2026-06-25 23:00:00,11119.528371821903,0
2026-06-26 01:00:00,11119.528371821903,0
2026-06-26 01:30:00,11119.528371821903,0
2026-06-26 02:00:00,11119.528371821903,0
2026-06-26 02:30:00,11119.528371821903,0
2026-06-26 03:00:00,11119.528371821903,0
2026-06-26 03:30:00,11119.528371821903,0
2026-06-26 05:30:00,11119.528371821903,0
2026-06-26 06:00:00,11119.528371821903,0
2026-06-26 06:30:00,11119.528371821903,0
2026-06-26 07:00:00,11119.528371821903,0
2026-06-26 09:00:00,11119.528371821903,0
2026-06-26 09:30:00,11119.528371821903,0
2026-06-26 10:00:00,11119.528371821903,0
2026-06-26 10:30:00,11119.528371821903,0
2026-06-26 11:00:00,11119.528371821903,0
2026-06-26 11:30:00,11119.528371821903,0
2026-06-26 13:00:00,11119.528371821903,0
2026-06-26 13:30:00,11119.528371821903,0
2026-06-26 14:00:00,11119.528371821903,0
2026-06-26 14:30:00,11119.528371821903,0
2026-06-26 15:00:00,11119.528371821903,0
2026-06-26 21:00:00,11119.528371821903,0
2026-06-26 21:30:00,11119.528371821903,0
2026-06-26 22:00:00,11119.528371821903,0
2026-06-26 22:30:00,11119.528371821903,0
2026-06-26 23:00:00,11119.528371821903,0
2026-06-29 01:00:00,11119.528371821903,0
2026-06-29 01:30:00,11119.528371821903,0
2026-06-29 02:00:00,11119.528371821903,0
2026-06-29 02:30:00,11119.528371821903,0
2026-06-29 03:00:00,11119.528371821903,0
2026-06-29 03:30:00,11119.528371821903,0
2026-06-29 05:30:00,11119.528371821903,0
2026-06-29 06:00:00,11119.528371821903,0
2026-06-29 06:30:00,11119.528371821903,0
2026-06-29 07:00:00,11119.528371821903,0
2026-06-29 09:00:00,11119.528371821903,0
2026-06-29 09:30:00,11119.528371821903,0
2026-06-29 10:00:00,11119.528371821903,0
2026-06-29 10:30:00,11119.528371821903,0
2026-06-29 11:00:00,11119.528371821903,0
2026-06-29 11:30:00,11119.528371821903,0
2026-06-29 13:00:00,11119.528371821903,0
2026-06-29 13:30:00,11119.528371821903,0
2026-06-29 14:00:00,11119.528371821903,0
2026-06-29 14:30:00,11119.528371821903,0
2026-06-29 15:00:00,11119.528371821903,0
2026-06-29 21:00:00,11119.528371821903,0
2026-06-29 21:30:00,11119.528371821903,0
2026-06-29 22:00:00,11119.528371821903,0
2026-06-29 22:30:00,11119.528371821903,0
2026-06-29 23:00:00,11119.528371821903,0
2026-06-30 01:00:00,11119.528371821903,0
2026-06-30 01:30:00,11119.528371821903,0
2026-06-30 02:00:00,11119.528371821903,0
2026-06-30 02:30:00,11119.528371821903,0
2026-06-30 03:00:00,11119.528371821903,0
2026-06-30 03:30:00,11119.528371821903,0
2026-06-30 05:30:00,11119.528371821903,0
2026-06-30 06:00:00,11119.528371821903,0
2026-06-30 06:30:00,11119.528371821903,0
2026-06-30 07:00:00,11119.528371821903,0
2026-06-30 09:00:00,11119.528371821903,0
2026-06-30 09:30:00,11119.528371821903,0
2026-06-30 10:00:00,11119.528371821903,0
2026-06-30 10:30:00,11119.528371821903,0
2026-06-30 11:00:00,11119.528371821903,0
2026-06-30 11:30:00,11119.528371821903,0
2026-06-30 13:00:00,11119.528371821903,0
2026-06-30 13:30:00,11119.528371821903,0
2026-06-30 14:00:00,11119.528371821903,0
2026-06-30 14:30:00,11119.528371821903,0
2026-06-30 15:00:00,11119.528371821903,0
2026-07-01 01:00:00,11119.528371821903,0
2026-07-01 01:30:00,11119.528371821903,0
2026-07-01 02:00:00,11119.528371821903,0
2026-07-01 02:30:00,11119.528371821903,0
2026-07-01 03:00:00,11119.528371821903,0
2026-07-01 03:30:00,11119.528371821903,0
2026-07-01 05:30:00,11119.528371821903,0
2026-07-01 06:00:00,11119.528371821903,0
2026-07-01 06:30:00,11119.528371821903,0
2026-07-01 07:00:00,11119.528371821903,0
2026-07-01 09:00:00,11119.528371821903,0
2026-07-01 09:30:00,11119.528371821903,0
2026-07-01 10:00:00,11119.528371821903,0
2026-07-01 10:30:00,11119.528371821903,0
2026-07-01 11:00:00,11119.528371821903,0
2026-07-01 11:30:00,11119.528371821903,0
2026-07-01 13:00:00,11119.528371821903,0
2026-07-01 13:30:00,11119.528371821903,0
2026-07-01 14:00:00,11119.528371821903,0
2026-07-01 14:30:00,11119.528371821903,0
2026-07-01 15:00:00,11119.528371821903,0
2026-07-02 01:00:00,11119.528371821903,0
2026-07-02 01:30:00,11119.528371821903,0
2026-07-02 02:00:00,11119.528371821903,0
2026-07-02 02:30:00,11119.528371821903,0
2026-07-02 03:00:00,11119.528371821903,0
2026-07-02 03:30:00,11119.528371821903,0
2026-07-02 05:30:00,11119.528371821903,0
2026-07-02 06:00:00,11119.528371821903,0
2026-07-02 06:30:00,11119.528371821903,0
2026-07-02 07:00:00,11119.528371821903,0
2026-07-02 09:00:00,11119.528371821903,0
2026-07-02 09:30:00,11119.528371821903,0
2026-07-02 10:00:00,11119.528371821903,0
2026-07-02 10:30:00,11119.528371821903,0
2026-07-02 11:00:00,11119.528371821903,0
2026-07-02 11:30:00,11119.528371821903,0
2026-07-02 13:00:00,11119.528371821903,0
2026-07-02 13:30:00,11119.528371821903,0
2026-07-02 14:00:00,11119.528371821903,0
2026-07-02 14:30:00,11119.528371821903,0
2026-07-02 15:00:00,11119.528371821903,0
2026-07-03 01:00:00,11119.528371821903,0
2026-07-03 01:30:00,11119.528371821903,0
2026-07-03 02:00:00,11119.528371821903,0
2026-07-03 02:30:00,11119.528371821903,0
2026-07-03 03:00:00,11119.528371821903,0
2026-07-03 03:30:00,11119.528371821903,0
2026-07-03 05:30:00,11119.528371821903,0
2026-07-03 06:00:00,11119.528371821903,0
2026-07-03 06:30:00,11119.528371821903,0
2026-07-03 07:00:00,11119.528371821903,0
2026-07-03 09:00:00,11119.528371821903,0
2026-07-03 09:30:00,11119.528371821903,0
2026-07-03 10:00:00,11119.528371821903,0
2026-07-03 10:30:00,11119.528371821903,0
2026-07-03 11:00:00,11119.528371821903,0
2026-07-03 11:30:00,11119.528371821903,0
2026-07-03 13:00:00,11119.528371821903,0
2026-07-03 13:30:00,11119.528371821903,0
2026-07-03 14:00:00,11119.528371821903,0
2026-07-03 14:30:00,11119.528371821903,0
2026-07-03 15:00:00,11119.528371821903,0
2026-07-06 01:00:00,11119.528371821903,0
2026-07-06 01:30:00,11119.528371821903,0
2026-07-06 02:00:00,11119.528371821903,0
2026-07-06 02:30:00,11119.528371821903,0
2026-07-06 03:00:00,11119.528371821903,0
2026-07-06 03:30:00,11119.528371821903,0
2026-07-06 05:30:00,11119.528371821903,0
2026-07-06 06:00:00,11119.528371821903,0
2026-07-06 06:30:00,11119.528371821903,0
2026-07-06 07:00:00,11119.528371821903,0
2026-07-06 13:00:00,11119.528371821903,0
2026-07-06 13:30:00,11119.528371821903,0
2026-07-06 14:00:00,11119.528371821903,0
2026-07-06 14:30:00,11119.528371821903,0
2026-07-06 15:00:00,11119.528371821903,0
2026-07-07 01:00:00,11119.528371821903,0
2026-07-07 01:30:00,11119.528371821903,0
2026-07-07 02:00:00,11119.528371821903,0
2026-07-07 02:30:00,11119.528371821903,0
2026-07-07 03:00:00,11119.528371821903,0
2026-07-07 03:30:00,11119.528371821903,0
2026-07-07 05:30:00,11119.528371821903,0
2026-07-07 06:00:00,11119.528371821903,0
2026-07-07 06:30:00,11119.528371821903,0
2026-07-07 07:00:00,11119.528371821903,0
2026-07-07 09:30:00,11119.528371821903,0
2026-07-07 10:00:00,11119.528371821903,0
2026-07-07 10:30:00,11119.528371821903,0
2026-07-07 11:00:00,11119.528371821903,0
2026-07-07 11:30:00,11119.528371821903,0
2026-07-07 13:30:00,11119.528371821903,0
2026-07-07 14:00:00,11119.528371821903,0
2026-07-07 14:30:00,11119.528371821903,0
2026-07-07 15:00:00,11119.528371821903,0
