datetime,equity,pos
2025-06-20 21:30:00,10000.0,0
2025-06-20 22:00:00,10000.0,0
2025-06-20 22:30:00,10000.0,0
2025-06-20 23:00:00,10000.0,0
2025-06-23 09:00:00,10000.0,0
2025-06-23 09:30:00,10000.0,0
2025-06-23 10:00:00,10000.0,0
2025-06-23 10:30:00,10000.0,0
2025-06-23 11:00:00,10000.0,0
2025-06-23 11:30:00,10000.0,0
2025-06-23 13:30:00,10000.0,0
2025-06-23 14:00:00,10000.0,0
2025-06-23 14:30:00,10000.0,0
2025-06-23 15:00:00,10000.0,0
2025-06-23 21:00:00,10000.0,0
2025-06-23 21:30:00,10000.0,0
2025-06-23 22:00:00,10000.0,0
2025-06-23 22:30:00,10000.0,0
2025-06-23 23:00:00,10000.0,0
2025-06-24 09:00:00,10000.0,0
2025-06-24 09:30:00,10000.0,0
2025-06-24 10:00:00,10000.0,0
2025-06-24 10:30:00,10000.0,0
2025-06-24 11:00:00,10000.0,0
2025-06-24 11:30:00,10000.0,0
2025-06-24 13:30:00,10000.0,0
2025-06-24 14:00:00,10000.0,0
2025-06-24 14:30:00,10000.0,0
2025-06-24 15:00:00,10000.0,0
2025-06-24 21:00:00,10000.0,0
2025-06-24 21:30:00,10000.0,0
2025-06-24 22:00:00,10000.0,0
2025-06-24 22:30:00,10000.0,0
2025-06-24 23:00:00,10000.0,0
2025-06-25 09:00:00,10000.0,0
2025-06-25 09:30:00,10000.0,0
2025-06-25 10:00:00,10000.0,0
2025-06-25 10:30:00,10000.0,0
2025-06-25 11:00:00,10000.0,0
2025-06-25 11:30:00,10000.0,0
2025-06-25 13:30:00,10000.0,0
2025-06-25 14:00:00,10000.0,0
2025-06-25 14:30:00,10000.0,0
2025-06-25 15:00:00,10000.0,0
2025-06-25 21:00:00,10000.0,0
2025-06-25 21:30:00,10000.0,0
2025-06-25 22:00:00,10000.0,0
2025-06-25 22:30:00,10000.0,0
2025-06-25 23:00:00,10000.0,0
2025-06-26 09:00:00,10000.0,0
2025-06-26 09:30:00,10000.0,0
2025-06-26 10:00:00,10000.0,0
2025-06-26 10:30:00,10000.0,0
2025-06-26 11:00:00,10000.0,0
2025-06-26 11:30:00,10000.0,0
2025-06-26 13:30:00,10000.0,0
2025-06-26 14:00:00,10000.0,0
2025-06-26 14:30:00,10000.0,0
2025-06-26 15:00:00,10000.0,0
2025-06-26 21:00:00,10000.0,0
2025-06-26 21:30:00,10000.0,0
2025-06-26 22:00:00,10000.0,0
2025-06-26 22:30:00,10000.0,0
2025-06-26 23:00:00,10000.0,0
2025-06-27 09:00:00,10000.0,0
2025-06-27 09:30:00,10000.0,0
2025-06-27 10:00:00,10000.0,0
2025-06-27 10:30:00,10000.0,0
2025-06-27 11:00:00,10000.0,0
2025-06-27 11:30:00,10000.0,0
2025-06-27 13:30:00,10000.0,0
2025-06-27 14:00:00,10000.0,0
2025-06-27 14:30:00,10000.0,0
2025-06-27 15:00:00,10000.0,0
2025-06-27 21:00:00,10000.0,0
2025-06-27 21:30:00,10000.0,0
2025-06-27 22:00:00,10000.0,0
2025-06-27 22:30:00,10000.0,0
2025-06-27 23:00:00,10000.0,0
2025-06-30 09:00:00,10000.0,0
2025-06-30 09:30:00,10000.0,0
2025-06-30 10:00:00,10000.0,0
2025-06-30 10:30:00,10000.0,0
2025-06-30 11:00:00,10000.0,0
2025-06-30 11:30:00,10000.0,0
2025-06-30 13:30:00,10000.0,0
2025-06-30 14:00:00,10000.0,0
2025-06-30 14:30:00,10000.0,0
2025-06-30 15:00:00,10000.0,0
2025-06-30 21:00:00,10000.0,0
2025-06-30 21:30:00,10000.0,0
2025-06-30 22:00:00,10000.0,0
2025-06-30 22:30:00,10000.0,0
2025-06-30 23:00:00,10000.0,0
2025-07-01 09:00:00,10000.0,0
2025-07-01 09:30:00,7378.0,-1
2025-07-01 10:00:00,7398.0,-1
2025-07-01 10:30:00,7466.4,-1
2025-07-01 11:00:00,7443.6,-1
2025-07-01 11:30:00,7534.799999999999,-1
2025-07-01 13:30:00,7557.6,-1
2025-07-01 14:00:00,7512.0,-1
2025-07-01 14:30:00,7509.2,-1
2025-07-01 15:00:00,7532.0,-1
2025-07-01 21:00:00,7475.2,-1
2025-07-01 21:30:00,7361.2,-1
2025-07-01 22:00:00,7426.799999999999,-1
2025-07-01 22:30:00,7446.799999999999,-1
2025-07-01 23:00:00,7404.0,-1
2025-07-02 09:00:00,7404.0,-1
2025-07-02 09:30:00,10152.0,0
2025-07-02 10:00:00,10152.0,0
2025-07-02 10:30:00,10152.0,0
2025-07-02 11:00:00,10152.0,0
2025-07-02 11:30:00,10152.0,0
2025-07-02 13:30:00,10152.0,0
2025-07-02 14:00:00,10152.0,0
2025-07-02 14:30:00,10152.0,0
2025-07-02 15:00:00,10152.0,0
2025-07-02 21:00:00,10152.0,0
2025-07-02 21:30:00,10152.0,0
2025-07-02 22:00:00,10152.0,0
2025-07-02 22:30:00,10152.0,0
2025-07-02 23:00:00,10152.0,0
2025-07-03 09:00:00,10152.0,0
2025-07-03 09:30:00,10152.0,0
2025-07-03 10:00:00,10152.0,0
2025-07-03 10:30:00,10152.0,0
2025-07-03 11:00:00,10152.0,0
2025-07-03 11:30:00,10152.0,0
2025-07-03 13:30:00,10152.0,0
2025-07-03 14:00:00,10152.0,0
2025-07-03 14:30:00,10152.0,0
2025-07-03 15:00:00,10152.0,0
2025-07-03 21:00:00,10152.0,0
2025-07-03 21:30:00,10152.0,0
2025-07-03 22:00:00,10152.0,0
2025-07-03 22:30:00,10152.0,0
2025-07-03 23:00:00,10152.0,0
2025-07-04 09:00:00,10152.0,0
2025-07-04 09:30:00,10152.0,0
2025-07-04 10:00:00,10152.0,0
2025-07-04 10:30:00,10152.0,0
2025-07-04 11:00:00,10152.0,0
2025-07-04 11:30:00,10152.0,0
2025-07-04 13:30:00,10152.0,0
2025-07-04 14:00:00,10152.0,0
2025-07-04 14:30:00,10152.0,0
2025-07-04 15:00:00,10152.0,0
2025-07-04 21:00:00,10152.0,0
2025-07-04 21:30:00,10152.0,0
2025-07-04 22:00:00,10152.0,0
2025-07-04 22:30:00,10152.0,0
2025-07-04 23:00:00,10152.0,0
2025-07-07 09:00:00,10152.0,0
2025-07-07 09:30:00,10152.0,0
2025-07-07 10:00:00,10152.0,0
2025-07-07 10:30:00,10152.0,0
2025-07-07 11:00:00,10152.0,0
2025-07-07 11:30:00,10152.0,0
2025-07-07 13:30:00,10152.0,0
2025-07-07 14:00:00,10152.0,0
2025-07-07 14:30:00,10152.0,0
2025-07-07 15:00:00,10152.0,0
2025-07-07 21:00:00,10152.0,0
2025-07-07 21:30:00,10152.0,0
2025-07-07 22:00:00,10152.0,0
2025-07-07 22:30:00,10152.0,0
2025-07-07 23:00:00,10152.0,0
2025-07-08 09:00:00,10152.0,0
2025-07-08 09:30:00,10152.0,0
2025-07-08 10:00:00,10152.0,0
2025-07-08 10:30:00,10152.0,0
2025-07-08 11:00:00,10152.0,0
2025-07-08 11:30:00,10152.0,0
2025-07-08 13:30:00,10152.0,0
2025-07-08 14:00:00,10152.0,0
2025-07-08 14:30:00,10152.0,0
2025-07-08 15:00:00,10152.0,0
2025-07-08 21:00:00,10152.0,0
2025-07-08 21:30:00,10152.0,0
2025-07-08 22:00:00,10152.0,0
2025-07-08 22:30:00,10152.0,0
2025-07-08 23:00:00,10152.0,0
2025-07-09 09:00:00,10152.0,0
2025-07-09 09:30:00,10152.0,0
2025-07-09 10:00:00,10152.0,0
2025-07-09 10:30:00,10152.0,0
2025-07-09 11:00:00,10152.0,0
2025-07-09 11:30:00,10152.0,0
2025-07-09 13:30:00,10152.0,0
2025-07-09 14:00:00,10152.0,0
2025-07-09 14:30:00,13006.0,1
2025-07-09 15:00:00,13026.0,1
2025-07-09 21:00:00,13026.0,1
2025-07-09 21:30:00,13117.2,1
2025-07-09 22:00:00,13299.6,1
2025-07-09 22:30:00,13345.2,1
2025-07-09 23:00:00,13342.4,1
2025-07-10 09:00:00,13459.2,1
2025-07-10 09:30:00,13211.2,1
2025-07-10 10:00:00,13279.6,1
2025-07-10 10:30:00,13368.0,1
2025-07-10 11:00:00,13413.6,1
2025-07-10 11:30:00,13368.0,1
2025-07-10 13:30:00,13439.2,1
2025-07-10 14:00:00,13690.0,1
2025-07-10 14:30:00,14074.8,1
2025-07-10 15:00:00,14100.4,1
2025-07-10 21:00:00,14171.6,1
2025-07-10 21:30:00,14126.0,1
2025-07-10 22:00:00,14060.4,1
2025-07-10 22:30:00,14128.8,1
2025-07-10 23:00:00,14220.0,1
2025-07-11 09:00:00,14151.6,1
2025-07-11 09:30:00,14220.0,1
2025-07-11 10:00:00,14311.2,1
2025-07-11 10:30:00,14336.8,1
2025-07-11 11:00:00,14225.6,1
2025-07-11 11:30:00,14319.6,1
2025-07-11 13:30:00,14271.2,1
2025-07-11 14:00:00,14248.4,1
2025-07-11 14:30:00,14131.6,1
2025-07-11 15:00:00,14108.8,1
2025-07-11 21:00:00,14088.8,1
2025-07-11 21:30:00,14111.6,1
2025-07-11 22:00:00,13906.4,1
2025-07-11 22:30:00,14088.8,1
2025-07-11 23:00:00,14134.4,1
2025-07-14 09:00:00,14222.8,1
2025-07-14 09:30:00,14154.4,1
2025-07-14 10:00:00,13994.8,1
2025-07-14 10:30:00,14017.6,1
2025-07-14 11:00:00,14020.4,1
2025-07-14 11:30:00,14000.4,1
2025-07-14 13:30:00,14000.4,1
2025-07-14 14:00:00,14026.0,1
2025-07-14 14:30:00,14117.2,1
2025-07-14 15:00:00,14413.6,1
2025-07-14 21:00:00,14448.0,1
2025-07-14 21:30:00,14356.8,1
2025-07-14 22:00:00,14382.4,1
2025-07-14 22:30:00,14314.0,1
2025-07-14 23:00:00,14288.4,1
2025-07-15 09:00:00,14245.6,1
2025-07-15 09:30:00,14288.4,1
2025-07-15 10:00:00,14265.6,1
2025-07-15 10:30:00,14240.0,1
2025-07-15 11:00:00,14265.6,1
2025-07-15 11:30:00,13878.0,1
2025-07-15 13:30:00,10844.0,0
2025-07-15 14:00:00,10844.0,0
2025-07-15 14:30:00,10844.0,0
2025-07-15 15:00:00,10844.0,0
2025-07-15 21:00:00,10844.0,0
2025-07-15 21:30:00,10844.0,0
2025-07-15 22:00:00,10844.0,0
2025-07-15 22:30:00,10844.0,0
2025-07-15 23:00:00,10844.0,0
2025-07-16 09:00:00,10844.0,0
2025-07-16 09:30:00,10844.0,0
2025-07-16 10:00:00,10844.0,0
2025-07-16 10:30:00,10844.0,0
2025-07-16 11:00:00,10844.0,0
2025-07-16 11:30:00,10844.0,0
2025-07-16 13:30:00,10844.0,0
2025-07-16 14:00:00,10844.0,0
2025-07-16 14:30:00,10844.0,0
2025-07-16 15:00:00,10844.0,0
2025-07-16 21:00:00,10844.0,0
2025-07-16 21:30:00,10844.0,0
2025-07-16 22:00:00,10844.0,0
2025-07-16 22:30:00,10844.0,0
2025-07-16 23:00:00,10844.0,0
2025-07-17 09:00:00,10844.0,0
2025-07-17 09:30:00,10844.0,0
2025-07-17 10:00:00,10844.0,0
2025-07-17 10:30:00,10844.0,0
2025-07-17 11:00:00,13860.8,1
2025-07-17 11:30:00,13792.4,1
2025-07-17 13:30:00,13860.8,1
2025-07-17 14:00:00,13929.2,1
2025-07-17 14:30:00,13929.2,1
2025-07-17 15:00:00,13997.6,1
2025-07-17 21:00:00,14063.2,1
2025-07-17 21:30:00,14063.2,1
2025-07-17 22:00:00,14177.2,1
2025-07-17 22:30:00,14154.4,1
2025-07-17 23:00:00,14242.8,1
2025-07-18 09:00:00,14171.6,1
2025-07-18 09:30:00,14285.6,1
2025-07-18 10:00:00,14331.2,1
2025-07-18 10:30:00,14308.4,1
2025-07-18 11:00:00,14080.4,1
2025-07-18 11:30:00,13943.6,1
2025-07-18 13:30:00,13898.0,1
2025-07-18 14:00:00,13738.4,1
2025-07-18 14:30:00,13872.4,1
2025-07-18 15:00:00,13826.8,1
2025-07-18 21:00:00,13774.8,1
2025-07-18 21:30:00,14433.2,1
2025-07-18 22:00:00,14980.4,1
2025-07-18 22:30:00,15071.6,1
2025-07-18 23:00:00,15117.2,1
2025-07-21 09:00:00,15174.0,1
2025-07-21 09:30:00,15285.2,1
2025-07-21 10:00:00,15444.8,1
2025-07-21 10:30:00,15422.0,1
2025-07-21 11:00:00,15376.4,1
2025-07-21 11:30:00,15424.8,1
2025-07-21 13:30:00,15538.8,1
2025-07-21 14:00:00,15538.8,1
2025-07-21 14:30:00,15493.2,1
2025-07-21 15:00:00,15564.4,1
2025-07-21 21:00:00,15518.8,1
2025-07-21 21:30:00,15521.6,1
2025-07-21 22:00:00,15501.6,1
2025-07-21 22:30:00,15641.2,1
2025-07-21 23:00:00,15729.6,1
2025-07-22 09:00:00,15706.8,1
2025-07-22 09:30:00,15481.6,1
2025-07-22 10:00:00,15524.4,1
2025-07-22 10:30:00,15547.2,1
2025-07-22 11:00:00,15820.8,1
2025-07-22 11:30:00,15752.4,1
2025-07-22 13:30:00,16208.0,1
2025-07-22 14:00:00,16276.400000000001,1
2025-07-22 14:30:00,16800.8,1
2025-07-22 15:00:00,17117.2,1
2025-07-22 21:00:00,17257.2,1
2025-07-22 21:30:00,17143.2,1
2025-07-22 22:00:00,16912.4,1
2025-07-22 22:30:00,16980.8,1
2025-07-22 23:00:00,17003.6,1
2025-07-23 09:00:00,17029.2,1
2025-07-23 09:30:00,16755.6,1
2025-07-23 10:00:00,16687.2,1
2025-07-23 10:30:00,16570.4,1
2025-07-23 11:00:00,16023.2,1
2025-07-23 11:30:00,16294.0,1
2025-07-23 13:30:00,16180.0,1
2025-07-23 14:00:00,16091.6,1
2025-07-23 14:30:00,16180.0,1
2025-07-23 15:00:00,16430.8,1
2025-07-23 21:00:00,16394.0,1
2025-07-23 21:30:00,16485.2,1
2025-07-23 22:00:00,16687.6,1
2025-07-23 22:30:00,16824.4,1
2025-07-23 23:00:00,16821.6,1
2025-07-24 09:00:00,16915.6,1
2025-07-24 09:30:00,16850.0,1
2025-07-24 10:00:00,17009.6,1
2025-07-24 10:30:00,17123.6,1
2025-07-24 11:00:00,17126.4,1
2025-07-24 11:30:00,17217.6,1
2025-07-24 13:30:00,17856.0,1
2025-07-24 14:00:00,18155.2,1
2025-07-24 14:30:00,18793.6,1
2025-07-24 15:00:00,18699.6,1
2025-07-24 21:00:00,19072.8,1
2025-07-24 21:30:00,19138.4,1
2025-07-24 22:00:00,19346.4,1
2025-07-24 22:30:00,19620.0,1
2025-07-24 23:00:00,19528.8,1
2025-07-25 09:00:00,19258.0,1
2025-07-25 09:30:00,19349.2,1
2025-07-25 10:00:00,19734.0,1
2025-07-25 10:30:00,20010.4,1
2025-07-25 11:00:00,19779.6,1
2025-07-25 11:30:00,19691.2,1
2025-07-25 13:30:00,19597.2,1
2025-07-25 14:00:00,19597.2,1
2025-07-25 14:30:00,19731.2,1
2025-07-25 15:00:00,19913.6,1
2025-07-25 21:00:00,18959.2,1
2025-07-25 21:30:00,19458.0,1
2025-07-25 22:00:00,19138.8,1
2025-07-25 22:30:00,18816.8,1
2025-07-25 23:00:00,17790.8,1
2025-07-28 09:00:00,14236.0,0
2025-07-28 09:30:00,14236.0,0
2025-07-28 10:00:00,14236.0,0
2025-07-28 10:30:00,14236.0,0
2025-07-28 11:00:00,14236.0,0
2025-07-28 11:30:00,14236.0,0
2025-07-28 13:30:00,14236.0,0
2025-07-28 14:00:00,14236.0,0
2025-07-28 14:30:00,14236.0,0
2025-07-28 15:00:00,14236.0,0
2025-07-28 21:00:00,14236.0,0
2025-07-28 21:30:00,14236.0,0
2025-07-28 22:00:00,14236.0,0
2025-07-28 22:30:00,14236.0,0
2025-07-28 23:00:00,14236.0,0
2025-07-29 09:00:00,14236.0,0
2025-07-29 09:30:00,14236.0,0
2025-07-29 10:00:00,14236.0,0
2025-07-29 10:30:00,14236.0,0
2025-07-29 11:00:00,14236.0,0
2025-07-29 11:30:00,14236.0,0
2025-07-29 13:30:00,14236.0,0
2025-07-29 14:00:00,14236.0,0
2025-07-29 14:30:00,14236.0,0
2025-07-29 15:00:00,14236.0,0
2025-07-29 21:00:00,14236.0,0
2025-07-29 21:30:00,14236.0,0
2025-07-29 22:00:00,14236.0,0
2025-07-29 22:30:00,14236.0,0
2025-07-29 23:00:00,14236.0,0
2025-07-30 09:00:00,14236.0,0
2025-07-30 09:30:00,14236.0,0
2025-07-30 10:00:00,14236.0,0
2025-07-30 10:30:00,14236.0,0
2025-07-30 11:00:00,14236.0,0
2025-07-30 11:30:00,14236.0,0
2025-07-30 13:30:00,14236.0,0
2025-07-30 14:00:00,14236.0,0
2025-07-30 14:30:00,14236.0,0
2025-07-30 15:00:00,14236.0,0
2025-07-30 21:00:00,14236.0,0
2025-07-30 21:30:00,14236.0,0
2025-07-30 22:00:00,14236.0,0
2025-07-30 22:30:00,14236.0,0
2025-07-30 23:00:00,14236.0,0
2025-07-31 09:00:00,14236.0,0
2025-07-31 09:30:00,14236.0,0
2025-07-31 10:00:00,14236.0,0
2025-07-31 10:30:00,14236.0,0
2025-07-31 11:00:00,14236.0,0
2025-07-31 11:30:00,14236.0,0
2025-07-31 13:30:00,14236.0,0
2025-07-31 14:00:00,14236.0,0
2025-07-31 14:30:00,14236.0,0
2025-07-31 15:00:00,14236.0,0
2025-07-31 21:00:00,14236.0,0
2025-07-31 21:30:00,14236.0,0
2025-07-31 22:00:00,14236.0,0
2025-07-31 22:30:00,14236.0,0
2025-07-31 23:00:00,14236.0,0
2025-08-01 09:00:00,14236.0,0
2025-08-01 09:30:00,14236.0,0
2025-08-01 10:00:00,14236.0,0
2025-08-01 10:30:00,14236.0,0
2025-08-01 11:00:00,14236.0,0
2025-08-01 11:30:00,14236.0,0
2025-08-01 13:30:00,14236.0,0
2025-08-01 14:00:00,14236.0,0
2025-08-01 14:30:00,14236.0,0
2025-08-01 15:00:00,14236.0,0
2025-08-01 21:00:00,14236.0,0
2025-08-01 21:30:00,14236.0,0
2025-08-01 22:00:00,14236.0,0
2025-08-01 22:30:00,14236.0,0
2025-08-01 23:00:00,14236.0,0
2025-08-04 09:00:00,14236.0,0
2025-08-04 09:30:00,14236.0,0
2025-08-04 10:00:00,14236.0,0
2025-08-04 10:30:00,14236.0,0
2025-08-04 11:00:00,14236.0,0
2025-08-04 11:30:00,14236.0,0
2025-08-04 13:30:00,14236.0,0
2025-08-04 14:00:00,14236.0,0
2025-08-04 14:30:00,14236.0,0
2025-08-04 15:00:00,14236.0,0
2025-08-04 21:00:00,14236.0,0
2025-08-04 21:30:00,14236.0,0
2025-08-04 22:00:00,14236.0,0
2025-08-04 22:30:00,14236.0,0
2025-08-04 23:00:00,14236.0,0
2025-08-05 09:00:00,14236.0,0
2025-08-05 09:30:00,14236.0,0
2025-08-05 10:00:00,14236.0,0
2025-08-05 10:30:00,14236.0,0
2025-08-05 11:00:00,14236.0,0
2025-08-05 11:30:00,14236.0,0
2025-08-05 13:30:00,14236.0,0
2025-08-05 14:00:00,14236.0,0
2025-08-05 14:30:00,14236.0,0
2025-08-05 15:00:00,14236.0,0
2025-08-05 21:00:00,14236.0,0
2025-08-05 21:30:00,14236.0,0
2025-08-05 22:00:00,14236.0,0
2025-08-05 22:30:00,14236.0,0
2025-08-05 23:00:00,14236.0,0
2025-08-06 09:00:00,14236.0,0
2025-08-06 09:30:00,14236.0,0
2025-08-06 10:00:00,14236.0,0
2025-08-06 10:30:00,14236.0,0
2025-08-06 11:00:00,14236.0,0
2025-08-06 11:30:00,14236.0,0
2025-08-06 13:30:00,14236.0,0
2025-08-06 14:00:00,14236.0,0
2025-08-06 14:30:00,14236.0,0
2025-08-06 15:00:00,14236.0,0
2025-08-06 21:00:00,14236.0,0
2025-08-06 21:30:00,14236.0,0
2025-08-06 22:00:00,14236.0,0
2025-08-06 22:30:00,14236.0,0
2025-08-06 23:00:00,14236.0,0
2025-08-07 09:00:00,14236.0,0
2025-08-07 09:30:00,14236.0,0
2025-08-07 10:00:00,14236.0,0
2025-08-07 10:30:00,14236.0,0
2025-08-07 11:00:00,14236.0,0
2025-08-07 11:30:00,14236.0,0
2025-08-07 13:30:00,14236.0,0
2025-08-07 14:00:00,14236.0,0
2025-08-07 14:30:00,14236.0,0
2025-08-07 15:00:00,14236.0,0
2025-08-07 21:00:00,14236.0,0
2025-08-07 21:30:00,14236.0,0
2025-08-07 22:00:00,14236.0,0
2025-08-07 22:30:00,14236.0,0
2025-08-07 23:00:00,14236.0,0
2025-08-08 09:00:00,14236.0,0
2025-08-08 09:30:00,14236.0,0
2025-08-08 10:00:00,14236.0,0
2025-08-08 10:30:00,14236.0,0
2025-08-08 11:00:00,14236.0,0
2025-08-08 11:30:00,14236.0,0
2025-08-08 13:30:00,14236.0,0
2025-08-08 14:00:00,14236.0,0
2025-08-08 14:30:00,14236.0,0
2025-08-08 15:00:00,14236.0,0
2025-08-08 21:00:00,14236.0,0
2025-08-08 21:30:00,14236.0,0
2025-08-08 22:00:00,14236.0,0
2025-08-08 22:30:00,14236.0,0
2025-08-08 23:00:00,14236.0,0
2025-08-11 09:00:00,14236.0,0
2025-08-11 09:30:00,14236.0,0
2025-08-11 10:00:00,14236.0,0
2025-08-11 10:30:00,14236.0,0
2025-08-11 11:00:00,14236.0,0
2025-08-11 11:30:00,14236.0,0
2025-08-11 13:30:00,14236.0,0
2025-08-11 14:00:00,14236.0,0
2025-08-11 14:30:00,14236.0,0
2025-08-11 15:00:00,14236.0,0
2025-08-11 21:00:00,14236.0,0
2025-08-11 21:30:00,14236.0,0
2025-08-11 22:00:00,14236.0,0
2025-08-11 22:30:00,14236.0,0
2025-08-11 23:00:00,14236.0,0
2025-08-12 09:00:00,14236.0,0
2025-08-12 09:30:00,14236.0,0
2025-08-12 10:00:00,14236.0,0
2025-08-12 10:30:00,14236.0,0
2025-08-12 11:00:00,14236.0,0
2025-08-12 11:30:00,14236.0,0
2025-08-12 13:30:00,14236.0,0
2025-08-12 14:00:00,14236.0,0
2025-08-12 14:30:00,14236.0,0
2025-08-12 15:00:00,14236.0,0
2025-08-12 21:00:00,14236.0,0
2025-08-12 21:30:00,14236.0,0
2025-08-12 22:00:00,14236.0,0
2025-08-12 22:30:00,14236.0,0
2025-08-12 23:00:00,14236.0,0
2025-08-13 09:00:00,14236.0,0
2025-08-13 09:30:00,14236.0,0
2025-08-13 10:00:00,14236.0,0
2025-08-13 10:30:00,14236.0,0
2025-08-13 11:00:00,14236.0,0
2025-08-13 11:30:00,14236.0,0
2025-08-13 13:30:00,14236.0,0
2025-08-13 14:00:00,14236.0,0
2025-08-13 14:30:00,14236.0,0
2025-08-13 15:00:00,14236.0,0
2025-08-13 21:00:00,14236.0,0
2025-08-13 21:30:00,14236.0,0
2025-08-13 22:00:00,14236.0,0
2025-08-13 22:30:00,14236.0,0
2025-08-13 23:00:00,14236.0,0
2025-08-15 09:00:00,14236.0,0
2025-08-15 09:30:00,14236.0,0
2025-08-15 10:00:00,14236.0,0
2025-08-15 10:30:00,14236.0,0
2025-08-15 11:00:00,14236.0,0
2025-08-15 11:30:00,14236.0,0
2025-08-15 13:30:00,14236.0,0
2025-08-15 14:00:00,14236.0,0
2025-08-15 14:30:00,14236.0,0
2025-08-15 15:00:00,14236.0,0
2025-08-15 21:00:00,14236.0,0
2025-08-15 21:30:00,14236.0,0
2025-08-15 22:00:00,14236.0,0
2025-08-15 22:30:00,14236.0,0
2025-08-15 23:00:00,14236.0,0
2025-08-18 09:00:00,14236.0,0
2025-08-18 09:30:00,14236.0,0
2025-08-18 10:00:00,14236.0,0
2025-08-18 10:30:00,14236.0,0
2025-08-18 11:00:00,14236.0,0
2025-08-18 11:30:00,14236.0,0
2025-08-18 13:30:00,14236.0,0
2025-08-18 14:00:00,14236.0,0
2025-08-18 14:30:00,14236.0,0
2025-08-18 15:00:00,14236.0,0
2025-08-18 21:00:00,14236.0,0
2025-08-18 21:30:00,14236.0,0
2025-08-18 22:00:00,14236.0,0
2025-08-18 22:30:00,14236.0,0
2025-08-18 23:00:00,14236.0,0
2025-08-19 09:00:00,14236.0,0
2025-08-19 09:30:00,14236.0,0
2025-08-19 10:00:00,14236.0,0
2025-08-19 10:30:00,14236.0,0
2025-08-19 11:00:00,14236.0,0
2025-08-19 11:30:00,14236.0,0
2025-08-19 13:30:00,14236.0,0
2025-08-19 14:00:00,14236.0,0
2025-08-19 14:30:00,14236.0,0
2025-08-19 15:00:00,14236.0,0
2025-08-19 21:00:00,14236.0,0
2025-08-19 21:30:00,14236.0,0
2025-08-19 22:00:00,14236.0,0
2025-08-19 22:30:00,14236.0,0
2025-08-19 23:00:00,14236.0,0
2025-08-20 09:00:00,14236.0,0
2025-08-20 09:30:00,14236.0,0
2025-08-20 10:00:00,14236.0,0
2025-08-20 10:30:00,14236.0,0
2025-08-20 11:00:00,14236.0,0
2025-08-20 11:30:00,14236.0,0
2025-08-20 13:30:00,14236.0,0
2025-08-20 14:00:00,14236.0,0
2025-08-20 14:30:00,14236.0,0
2025-08-20 15:00:00,14236.0,0
2025-08-20 21:00:00,14236.0,0
2025-08-20 21:30:00,14236.0,0
2025-08-20 22:00:00,14236.0,0
2025-08-20 22:30:00,14236.0,0
2025-08-20 23:00:00,14236.0,0
2025-08-21 09:00:00,14236.0,0
2025-08-21 09:30:00,14236.0,0
2025-08-21 10:00:00,14236.0,0
2025-08-21 10:30:00,14236.0,0
2025-08-21 11:00:00,14236.0,0
2025-08-21 11:30:00,14236.0,0
2025-08-21 13:30:00,14236.0,0
2025-08-21 14:00:00,14236.0,0
2025-08-21 14:30:00,14236.0,0
2025-08-21 15:00:00,14236.0,0
2025-08-21 21:00:00,14236.0,0
2025-08-21 21:30:00,14236.0,0
2025-08-21 22:00:00,14236.0,0
2025-08-21 22:30:00,14236.0,0
2025-08-21 23:00:00,14236.0,0
2025-08-22 09:00:00,14236.0,0
2025-08-22 09:30:00,11219.24342105263,-1
2025-08-22 10:00:00,11278.868421052632,-1
2025-08-22 10:30:00,11261.434210526317,-1
2025-08-22 11:00:00,11281.309210526317,-1
2025-08-22 11:30:00,11281.309210526317,-1
2025-08-22 13:30:00,11318.618421052632,-1
2025-08-22 14:00:00,11256.552631578948,-1
2025-08-22 14:30:00,11318.618421052633,-1
2025-08-22 15:00:00,11122.309210526317,-1
2025-08-22 21:00:00,10995.736842105269,-1
2025-08-22 21:30:00,13856.750000000005,0
2025-08-22 22:00:00,13856.750000000005,0
2025-08-22 22:30:00,13856.750000000005,0
2025-08-22 23:00:00,13856.750000000005,0
2025-08-25 09:00:00,13856.750000000005,0
2025-08-25 09:30:00,13856.750000000005,0
2025-08-25 10:00:00,13856.750000000005,0
2025-08-25 10:30:00,13856.750000000005,0
2025-08-25 11:00:00,13856.750000000005,0
2025-08-25 11:30:00,13856.750000000005,0
2025-08-25 13:30:00,13856.750000000005,0
2025-08-25 14:00:00,13856.750000000005,0
2025-08-25 14:30:00,13856.750000000005,0
2025-08-25 15:00:00,13856.750000000005,0
2025-08-25 21:00:00,13856.750000000005,0
2025-08-25 21:30:00,13856.750000000005,0
2025-08-25 22:00:00,13856.750000000005,0
2025-08-25 22:30:00,13856.750000000005,0
2025-08-25 23:00:00,13856.750000000005,0
2025-08-26 09:00:00,13856.750000000005,0
2025-08-26 09:30:00,13856.750000000005,0
2025-08-26 10:00:00,13856.750000000005,0
2025-08-26 10:30:00,13856.750000000005,0
2025-08-26 11:00:00,13856.750000000005,0
2025-08-26 11:30:00,13856.750000000005,0
2025-08-26 13:30:00,13856.750000000005,0
2025-08-26 14:00:00,13856.750000000005,0
2025-08-26 14:30:00,13856.750000000005,0
2025-08-26 15:00:00,13856.750000000005,0
2025-08-26 21:00:00,13856.750000000005,0
2025-08-26 21:30:00,13856.750000000005,0
2025-08-26 22:00:00,13856.750000000005,0
2025-08-26 22:30:00,13856.750000000005,0
2025-08-26 23:00:00,13856.750000000005,0
2025-08-27 09:00:00,13856.750000000005,0
2025-08-27 09:30:00,13856.750000000005,0
2025-08-27 10:00:00,13856.750000000005,0
2025-08-27 10:30:00,13856.750000000005,0
2025-08-27 11:00:00,13856.750000000005,0
2025-08-27 11:30:00,13856.750000000005,0
2025-08-27 13:30:00,13856.750000000005,0
2025-08-27 14:00:00,13856.750000000005,0
2025-08-27 14:30:00,13856.750000000005,0
2025-08-27 15:00:00,13856.750000000005,0
2025-08-27 21:00:00,13856.750000000005,0
2025-08-27 21:30:00,13856.750000000005,0
2025-08-27 22:00:00,10951.572368421057,-1
2025-08-27 22:30:00,11090.697368421057,-1
2025-08-27 23:00:00,10971.447368421053,-1
2025-08-28 09:00:00,10991.322368421055,-1
2025-08-28 09:30:00,10934.138157894738,-1
2025-08-28 10:00:00,10834.763157894738,-1
2025-08-28 10:30:00,10817.328947368422,-1
2025-08-28 11:00:00,10874.513157894738,-1
2025-08-28 11:30:00,10834.763157894738,-1
2025-08-28 13:30:00,10784.901315789477,-1
2025-08-28 14:00:00,10663.21052631579,-1
2025-08-28 14:30:00,10566.276315789473,-1
2025-08-28 15:00:00,10566.276315789473,-1
2025-08-28 21:00:00,10536.638157894735,-1
2025-08-28 21:30:00,10693.197368421052,-1
2025-08-28 22:00:00,10715.513157894735,-1
2025-08-28 22:30:00,10658.328947368418,-1
2025-08-28 23:00:00,10735.388157894733,-1
2025-08-29 09:00:00,10775.138157894733,-1
2025-08-29 09:30:00,10772.69736842105,-1
2025-08-29 10:00:00,10792.57236842105,-1
2025-08-29 10:30:00,10772.69736842105,-1
2025-08-29 11:00:00,10775.138157894733,-1
2025-08-29 11:30:00,10755.263157894735,-1
2025-08-29 13:30:00,10777.57894736842,-1
2025-08-29 14:00:00,10556.513157894737,-1
2025-08-29 14:30:00,10636.013157894737,-1
2025-08-29 15:00:00,10459.578947368422,-1
2025-08-29 21:00:00,10660.769736842103,-1
2025-08-29 21:30:00,10958.894736842105,-1
2025-08-29 22:00:00,11058.269736842103,-1
2025-08-29 22:30:00,11020.960526315786,-1
2025-08-29 23:00:00,11038.394736842103,-1
2025-09-01 09:00:00,11177.519736842103,-1
2025-09-01 09:30:00,11217.269736842103,-1
2025-09-01 10:00:00,11336.519736842105,-1
2025-09-01 10:30:00,11393.703947368424,-1
2025-09-01 11:00:00,11431.013157894738,-1
2025-09-01 11:30:00,11607.447368421053,-1
2025-09-01 13:30:00,11624.88157894737,-1
2025-09-01 14:00:00,11463.440789473687,-1
2025-09-01 14:30:00,11443.565789473687,-1
2025-09-01 15:00:00,11423.690789473687,-1
2025-09-01 21:00:00,11418.809210526319,-1
2025-09-01 21:30:00,11259.80921052632,-1
2025-09-01 22:00:00,11242.375000000005,-1
2025-09-01 22:30:00,11279.68421052632,-1
2025-09-01 23:00:00,11416.368421052637,-1
2025-09-02 09:00:00,11456.118421052637,-1
2025-09-02 09:30:00,11379.059210526319,-1
2025-09-02 10:00:00,11379.059210526319,-1
2025-09-02 10:30:00,11436.243421052633,-1
2025-09-02 11:00:00,11354.30263157895,-1
2025-09-02 11:30:00,11336.868421052635,-1
2025-09-02 13:30:00,11354.302631578952,-1
2025-09-02 14:00:00,11394.052631578952,-1
2025-09-02 14:30:00,11553.05263157895,-1
2025-09-02 15:00:00,11553.05263157895,-1
2025-09-02 21:00:00,11431.361842105265,-1
2025-09-02 21:30:00,11294.67763157895,-1
2025-09-02 22:00:00,11254.92763157895,-1
2025-09-02 22:30:00,11371.736842105267,-1
2025-09-02 23:00:00,11312.111842105265,-1
2025-09-03 09:00:00,11351.861842105265,-1
2025-09-03 09:30:00,11433.80263157895,-1
2025-09-03 10:00:00,11495.868421052635,-1
2025-09-03 10:30:00,11475.993421052635,-1
2025-09-03 11:00:00,11495.868421052635,-1
2025-09-03 11:30:00,11555.493421052637,-1
2025-09-03 13:30:00,11595.243421052637,-1
2025-09-03 14:00:00,11555.493421052637,-1
2025-09-03 14:30:00,11538.05921052632,-1
2025-09-03 15:00:00,11498.30921052632,-1
2025-09-03 21:00:00,11523.065789473689,-1
2025-09-03 21:30:00,11639.875000000004,-1
2025-09-03 22:00:00,11617.559210526317,-1
2025-09-03 22:30:00,11617.559210526317,-1
2025-09-03 23:00:00,11677.184210526319,-1
2025-09-04 09:00:00,11677.184210526319,-1
2025-09-04 09:30:00,11577.809210526317,-1
2025-09-04 10:00:00,11456.118421052635,-1
2025-09-04 10:30:00,11515.743421052637,-1
2025-09-04 11:00:00,11359.184210526322,-1
2025-09-04 11:30:00,11339.30921052632,-1
2025-09-04 13:30:00,11456.118421052635,-1
2025-09-04 14:00:00,11413.92763157895,-1
2025-09-04 14:30:00,11394.052631578952,-1
2025-09-04 15:00:00,11471.111842105267,-1
2025-09-04 21:00:00,11466.230263157899,-1
2025-09-04 21:30:00,11406.6052631579,-1
2025-09-04 22:00:00,11483.664473684215,-1
2025-09-04 22:30:00,11505.980263157899,-1
2025-09-04 23:00:00,11525.8552631579,-1
2025-09-05 09:00:00,11543.289473684217,-1
2025-09-05 09:30:00,11463.789473684219,-1
2025-09-05 10:00:00,11424.039473684219,-1
2025-09-05 10:30:00,11424.039473684219,-1
2025-09-05 11:00:00,11344.539473684217,-1
2025-09-05 11:30:00,11287.3552631579,-1
2025-09-05 13:30:00,11185.539473684217,-1
2025-09-05 14:00:00,13983.092105263166,0
2025-09-05 14:30:00,13983.092105263166,0
2025-09-05 15:00:00,13983.092105263166,0
2025-09-05 21:00:00,13983.092105263166,0
2025-09-05 21:30:00,13983.092105263166,0
2025-09-05 22:00:00,13983.092105263166,0
2025-09-05 22:30:00,13983.092105263166,0
2025-09-05 23:00:00,13983.092105263166,0
2025-09-08 09:00:00,13983.092105263166,0
2025-09-08 09:30:00,13983.092105263166,0
2025-09-08 10:00:00,13983.092105263166,0
2025-09-08 10:30:00,13983.092105263166,0
2025-09-08 11:00:00,13983.092105263166,0
2025-09-08 11:30:00,13983.092105263166,0
2025-09-08 13:30:00,13983.092105263166,0
2025-09-08 14:00:00,13983.092105263166,0
2025-09-08 14:30:00,13983.092105263166,0
2025-09-08 15:00:00,13983.092105263166,0
2025-09-08 21:00:00,13983.092105263166,0
2025-09-08 21:30:00,13983.092105263166,0
2025-09-08 22:00:00,13983.092105263166,0
2025-09-08 22:30:00,13983.092105263166,0
2025-09-08 23:00:00,13983.092105263166,0
2025-09-09 09:00:00,13983.092105263166,0
2025-09-09 09:30:00,13983.092105263166,0
2025-09-09 10:00:00,13983.092105263166,0
2025-09-09 10:30:00,13983.092105263166,0
2025-09-09 11:00:00,13983.092105263166,0
2025-09-09 11:30:00,13983.092105263166,0
2025-09-09 13:30:00,13983.092105263166,0
2025-09-09 14:00:00,13983.092105263166,0
2025-09-09 14:30:00,13983.092105263166,0
2025-09-09 15:00:00,13983.092105263166,0
2025-09-09 21:00:00,13983.092105263166,0
2025-09-09 21:30:00,13983.092105263166,0
2025-09-09 22:00:00,13983.092105263166,0
2025-09-09 22:30:00,13983.092105263166,0
2025-09-09 23:00:00,13983.092105263166,0
2025-09-10 09:00:00,13983.092105263166,0
2025-09-10 09:30:00,13983.092105263166,0
2025-09-10 10:00:00,13983.092105263166,0
2025-09-10 10:30:00,13983.092105263166,0
2025-09-10 11:00:00,13983.092105263166,0
2025-09-10 11:30:00,13983.092105263166,0
2025-09-10 13:30:00,13983.092105263166,0
2025-09-10 14:00:00,13983.092105263166,0
2025-09-10 14:30:00,13983.092105263166,0
2025-09-10 15:00:00,13983.092105263166,0
2025-09-10 21:00:00,13983.092105263166,0
2025-09-10 21:30:00,13983.092105263166,0
2025-09-10 22:00:00,13983.092105263166,0
2025-09-10 22:30:00,13983.092105263166,0
2025-09-10 23:00:00,13983.092105263166,0
2025-09-11 09:00:00,13983.092105263166,0
2025-09-11 09:30:00,13983.092105263166,0
2025-09-11 10:00:00,13983.092105263166,0
2025-09-11 10:30:00,13983.092105263166,0
2025-09-11 11:00:00,13983.092105263166,0
2025-09-11 11:30:00,13983.092105263166,0
2025-09-11 13:30:00,13983.092105263166,0
2025-09-11 14:00:00,13983.092105263166,0
2025-09-11 14:30:00,13983.092105263166,0
2025-09-11 15:00:00,13983.092105263166,0
2025-09-11 21:00:00,13983.092105263166,0
2025-09-11 21:30:00,13983.092105263166,0
2025-09-11 22:00:00,13983.092105263166,0
2025-09-11 22:30:00,13983.092105263166,0
2025-09-11 23:00:00,13983.092105263166,0
2025-09-12 09:00:00,13983.092105263166,0
2025-09-12 09:30:00,13983.092105263166,0
2025-09-12 10:00:00,13983.092105263166,0
2025-09-12 10:30:00,13983.092105263166,0
2025-09-12 11:00:00,13983.092105263166,0
2025-09-12 11:30:00,13983.092105263166,0
2025-09-12 13:30:00,13983.092105263166,0
2025-09-12 14:00:00,13983.092105263166,0
2025-09-12 14:30:00,13983.092105263166,0
2025-09-12 15:00:00,13983.092105263166,0
2025-09-12 21:00:00,13983.092105263166,0
2025-09-12 21:30:00,13983.092105263166,0
2025-09-12 22:00:00,13983.092105263166,0
2025-09-12 22:30:00,13983.092105263166,0
2025-09-12 23:00:00,13983.092105263166,0
2025-09-15 09:00:00,13983.092105263166,0
2025-09-15 09:30:00,13983.092105263166,0
2025-09-15 10:00:00,13983.092105263166,0
2025-09-15 10:30:00,13983.092105263166,0
2025-09-15 11:00:00,13983.092105263166,0
2025-09-15 11:30:00,13983.092105263166,0
2025-09-15 13:30:00,13983.092105263166,0
2025-09-15 14:00:00,13983.092105263166,0
2025-09-15 14:30:00,13983.092105263166,0
2025-09-15 15:00:00,13983.092105263166,0
2025-09-15 21:00:00,13983.092105263166,0
2025-09-15 21:30:00,13983.092105263166,0
2025-09-15 22:00:00,13983.092105263166,0
2025-09-15 22:30:00,13983.092105263166,0
2025-09-15 23:00:00,13983.092105263166,0
2025-09-16 09:00:00,13983.092105263166,0
2025-09-16 09:30:00,13983.092105263166,0
2025-09-16 10:00:00,13983.092105263166,0
2025-09-16 10:30:00,13983.092105263166,0
2025-09-16 11:00:00,13983.092105263166,0
2025-09-16 11:30:00,13983.092105263166,0
2025-09-16 13:30:00,13983.092105263166,0
2025-09-16 14:00:00,13983.092105263166,0
2025-09-16 14:30:00,13983.092105263166,0
2025-09-16 15:00:00,13983.092105263166,0
2025-09-16 21:00:00,13983.092105263166,0
2025-09-16 21:30:00,13983.092105263166,0
2025-09-16 22:00:00,13983.092105263166,0
2025-09-16 22:30:00,13983.092105263166,0
2025-09-16 23:00:00,13983.092105263166,0
2025-09-17 09:00:00,13983.092105263166,0
2025-09-17 09:30:00,13983.092105263166,0
2025-09-17 10:00:00,13983.092105263166,0
2025-09-17 10:30:00,13983.092105263166,0
2025-09-17 11:00:00,13983.092105263166,0
2025-09-17 11:30:00,13983.092105263166,0
2025-09-17 13:30:00,13983.092105263166,0
2025-09-17 14:00:00,13983.092105263166,0
2025-09-17 14:30:00,13983.092105263166,0
2025-09-17 15:00:00,13983.092105263166,0
2025-09-17 21:00:00,13983.092105263166,0
2025-09-17 21:30:00,13983.092105263166,0
2025-09-17 22:00:00,13983.092105263166,0
2025-09-17 22:30:00,13983.092105263166,0
2025-09-17 23:00:00,13983.092105263166,0
2025-09-18 09:00:00,13983.092105263166,0
2025-09-18 09:30:00,13983.092105263166,0
2025-09-18 10:00:00,13983.092105263166,0
2025-09-18 10:30:00,13983.092105263166,0
2025-09-18 11:00:00,13983.092105263166,0
2025-09-18 11:30:00,13983.092105263166,0
2025-09-18 13:30:00,13983.092105263166,0
2025-09-18 14:00:00,13983.092105263166,0
2025-09-18 14:30:00,13983.092105263166,0
2025-09-18 15:00:00,13983.092105263166,0
2025-09-18 21:00:00,13983.092105263166,0
2025-09-18 21:30:00,13983.092105263166,0
2025-09-18 22:00:00,13983.092105263166,0
2025-09-18 22:30:00,13983.092105263166,0
2025-09-18 23:00:00,13983.092105263166,0
2025-09-19 09:00:00,13983.092105263166,0
2025-09-19 09:30:00,13983.092105263166,0
2025-09-19 10:00:00,13983.092105263166,0
2025-09-19 10:30:00,13983.092105263166,0
2025-09-19 11:00:00,13983.092105263166,0
2025-09-19 11:30:00,13983.092105263166,0
2025-09-19 13:30:00,13983.092105263166,0
2025-09-19 14:00:00,13983.092105263166,0
2025-09-19 14:30:00,13983.092105263166,0
2025-09-19 15:00:00,13983.092105263166,0
2025-09-19 21:00:00,13983.092105263166,0
2025-09-19 21:30:00,13983.092105263166,0
2025-09-19 22:00:00,13983.092105263166,0
2025-09-19 22:30:00,13983.092105263166,0
2025-09-19 23:00:00,13983.092105263166,0
2025-09-22 09:00:00,13983.092105263166,0
2025-09-22 09:30:00,13983.092105263166,0
2025-09-22 10:00:00,13983.092105263166,0
2025-09-22 10:30:00,13983.092105263166,0
2025-09-22 11:00:00,13983.092105263166,0
2025-09-22 11:30:00,13983.092105263166,0
2025-09-22 13:30:00,11074.776315789484,-1
2025-09-22 14:00:00,11077.217105263167,-1
2025-09-22 14:30:00,11015.15131578948,-1
2025-09-22 15:00:00,10997.717105263164,-1
2025-09-22 21:00:00,11027.3552631579,-1
2025-09-22 21:30:00,11345.355263157904,-1
2025-09-22 22:00:00,11265.855263157904,-1
2025-09-22 22:30:00,11347.796052631587,-1
2025-09-22 23:00:00,11325.480263157902,-1
2025-09-23 09:00:00,11305.605263157902,-1
2025-09-23 09:30:00,11243.539473684214,-1
2025-09-23 10:00:00,11342.914473684215,-1
2025-09-23 10:30:00,11342.914473684215,-1
2025-09-23 11:00:00,11283.289473684217,-1
2025-09-23 11:30:00,11419.97368421053,-1
2025-09-23 13:30:00,11360.348684210532,-1
2025-09-23 14:00:00,11280.848684210532,-1
2025-09-23 14:30:00,11280.848684210532,-1
2025-09-23 15:00:00,11280.848684210532,-1
2025-09-23 21:00:00,11288.519736842112,-1
2025-09-23 21:30:00,11251.210526315794,-1
2025-09-23 22:00:00,11213.901315789477,-1
2025-09-23 22:30:00,11233.776315789477,-1
2025-09-23 23:00:00,11251.210526315794,-1
2025-09-24 09:00:00,11293.401315789477,-1
2025-09-24 09:30:00,11092.210526315794,-1
2025-09-24 10:00:00,13987.394736842109,0
2025-09-24 10:30:00,13987.394736842109,0
2025-09-24 11:00:00,13987.394736842109,0
2025-09-24 11:30:00,13987.394736842109,0
2025-09-24 13:30:00,13987.394736842109,0
2025-09-24 14:00:00,13987.394736842109,0
2025-09-24 14:30:00,13987.394736842109,0
2025-09-24 15:00:00,13987.394736842109,0
2025-09-24 21:00:00,13987.394736842109,0
2025-09-24 21:30:00,13987.394736842109,0
2025-09-24 22:00:00,13987.394736842109,0
2025-09-24 22:30:00,13987.394736842109,0
2025-09-24 23:00:00,13987.394736842109,0
2025-09-25 09:00:00,13987.394736842109,0
2025-09-25 09:30:00,13987.394736842109,0
2025-09-25 10:00:00,13987.394736842109,0
2025-09-25 10:30:00,13987.394736842109,0
2025-09-25 11:00:00,13987.394736842109,0
2025-09-25 11:30:00,13987.394736842109,0
2025-09-25 13:30:00,13987.394736842109,0
2025-09-25 14:00:00,13987.394736842109,0
2025-09-25 14:30:00,13987.394736842109,0
2025-09-25 15:00:00,13987.394736842109,0
2025-09-25 21:00:00,13987.394736842109,0
2025-09-25 21:30:00,13987.394736842109,0
2025-09-25 22:00:00,13987.394736842109,0
2025-09-25 22:30:00,13987.394736842109,0
2025-09-25 23:00:00,13987.394736842109,0
2025-09-26 09:00:00,13987.394736842109,0
2025-09-26 09:30:00,13987.394736842109,0
2025-09-26 10:00:00,13987.394736842109,0
2025-09-26 10:30:00,13987.394736842109,0
2025-09-26 11:00:00,13987.394736842109,0
2025-09-26 11:30:00,13987.394736842109,0
2025-09-26 13:30:00,13987.394736842109,0
2025-09-26 14:00:00,13987.394736842109,0
2025-09-26 14:30:00,13987.394736842109,0
2025-09-26 15:00:00,13987.394736842109,0
2025-09-26 21:00:00,13987.394736842109,0
2025-09-26 21:30:00,13987.394736842109,0
2025-09-26 22:00:00,13987.394736842109,0
2025-09-26 22:30:00,13987.394736842109,0
2025-09-26 23:00:00,13987.394736842109,0
2025-09-29 09:00:00,13987.394736842109,0
2025-09-29 09:30:00,13987.394736842109,0
2025-09-29 10:00:00,13987.394736842109,0
2025-09-29 10:30:00,13987.394736842109,0
2025-09-29 11:00:00,13987.394736842109,0
2025-09-29 11:30:00,13987.394736842109,0
2025-09-29 13:30:00,13987.394736842109,0
2025-09-29 14:00:00,13987.394736842109,0
2025-09-29 14:30:00,13987.394736842109,0
2025-09-29 15:00:00,13987.394736842109,0
2025-09-29 21:00:00,13987.394736842109,0
2025-09-29 21:30:00,13987.394736842109,0
2025-09-29 22:00:00,13987.394736842109,0
2025-09-29 22:30:00,13987.394736842109,0
2025-09-29 23:00:00,13987.394736842109,0
2025-09-30 09:00:00,13987.394736842109,0
2025-09-30 09:30:00,13987.394736842109,0
2025-09-30 10:00:00,13987.394736842109,0
2025-09-30 10:30:00,13987.394736842109,0
2025-09-30 11:00:00,13987.394736842109,0
2025-09-30 11:30:00,13987.394736842109,0
2025-09-30 13:30:00,13987.394736842109,0
2025-09-30 14:00:00,13987.394736842109,0
2025-09-30 14:30:00,13987.394736842109,0
2025-09-30 15:00:00,13987.394736842109,0
2025-10-09 09:00:00,10833.953947368425,-1
2025-10-09 09:30:00,11092.328947368424,-1
2025-10-09 10:00:00,10856.269736842105,-1
2025-10-09 10:30:00,10814.07894736842,-1
2025-10-09 11:00:00,11070.013157894735,-1
2025-10-09 11:30:00,11209.138157894737,-1
2025-10-09 13:30:00,11169.388157894735,-1
2025-10-09 14:00:00,11169.388157894735,-1
2025-10-09 14:30:00,11032.703947368424,-1
2025-10-09 15:00:00,10973.07894736842,-1
2025-10-09 21:00:00,10839.184210526313,-1
2025-10-09 21:30:00,10637.99342105263,-1
2025-10-09 22:00:00,13643.013157894735,0
2025-10-09 22:30:00,13643.013157894735,0
2025-10-09 23:00:00,13643.013157894735,0
2025-10-10 09:00:00,13643.013157894735,0
2025-10-10 09:30:00,13643.013157894735,0
2025-10-10 10:00:00,13643.013157894735,0
2025-10-10 10:30:00,13643.013157894735,0
2025-10-10 11:00:00,13643.013157894735,0
2025-10-10 11:30:00,13643.013157894735,0
2025-10-10 13:30:00,13643.013157894735,0
2025-10-10 14:00:00,13643.013157894735,0
2025-10-10 14:30:00,13643.013157894735,0
2025-10-10 15:00:00,13643.013157894735,0
2025-10-10 21:00:00,13643.013157894735,0
2025-10-10 21:30:00,10726.677631578945,-1
2025-10-10 22:00:00,10806.177631578948,-1
2025-10-10 22:30:00,10843.486842105262,-1
2025-10-10 23:00:00,10903.111842105263,-1
2025-10-13 09:00:00,10937.631578947368,-1
2025-10-13 09:30:00,10997.25657894737,-1
2025-10-13 10:00:00,11014.690789473683,-1
2025-10-13 10:30:00,10818.381578947367,-1
2025-10-13 11:00:00,10858.131578947368,-1
2025-10-13 11:30:00,10875.565789473685,-1
2025-10-13 13:30:00,10835.815789473683,-1
2025-10-13 14:00:00,10756.315789473685,-1
2025-10-13 14:30:00,10656.940789473683,-1
2025-10-13 15:00:00,10776.190789473685,-1
2025-10-13 21:00:00,10873.125000000002,-1
2025-10-13 21:30:00,10992.375000000004,-1
2025-10-13 22:00:00,11094.19078947369,-1
2025-10-13 22:30:00,11250.750000000005,-1
2025-10-13 23:00:00,11427.18421052632,-1
2025-10-14 09:00:00,11444.618421052637,-1
2025-10-14 09:30:00,11546.434210526322,-1
2025-10-14 10:00:00,11466.93421052632,-1
2025-10-14 10:30:00,11484.368421052633,-1
2025-10-14 11:00:00,11680.67763157895,-1
2025-10-14 11:30:00,11720.42763157895,-1
2025-10-14 13:30:00,11757.736842105267,-1
2025-10-14 14:00:00,11755.296052631584,-1
2025-10-14 14:30:00,11673.3552631579,-1
2025-10-14 15:00:00,11713.1052631579,-1
2025-10-14 21:00:00,11695.671052631584,-1
2025-10-14 21:30:00,11737.861842105267,-1
2025-10-14 22:00:00,11640.92763157895,-1
2025-10-14 22:30:00,11680.677631578952,-1
2025-10-14 23:00:00,11780.05263157895,-1
2025-10-15 09:00:00,11683.118421052633,-1
2025-10-15 09:30:00,11643.368421052633,-1
2025-10-15 10:00:00,11640.927631578948,-1
2025-10-15 10:30:00,11678.236842105265,-1
2025-10-15 11:00:00,11777.611842105267,-1
2025-10-15 11:30:00,11896.861842105263,-1
2025-10-15 13:30:00,11857.111842105263,-1
2025-10-15 14:00:00,11857.111842105263,-1
2025-10-15 14:30:00,11894.42105263158,-1
2025-10-15 15:00:00,11874.54605263158,-1
2025-10-15 21:00:00,11934.519736842107,-1
2025-10-15 21:30:00,11974.269736842107,-1
2025-10-15 22:00:00,12014.019736842107,-1
2025-10-15 22:30:00,12014.019736842107,-1
2025-10-15 23:00:00,12011.578947368422,-1
2025-10-16 09:00:00,11991.70394736842,-1
2025-10-16 09:30:00,11832.70394736842,-1
2025-10-16 10:00:00,11832.70394736842,-1
2025-10-16 10:30:00,11832.70394736842,-1
2025-10-16 11:00:00,11733.328947368424,-1
2025-10-16 11:30:00,11954.394736842107,-1
2025-10-16 13:30:00,12014.019736842107,-1
2025-10-16 14:00:00,11892.328947368424,-1
2025-10-16 14:30:00,11889.888157894738,-1
2025-10-16 15:00:00,11691.138157894738,-1
2025-10-16 21:00:00,14466.723684210529,0
2025-10-16 21:30:00,14466.723684210529,0
2025-10-16 22:00:00,14466.723684210529,0
2025-10-16 22:30:00,14466.723684210529,0
2025-10-16 23:00:00,14466.723684210529,0
2025-10-17 09:00:00,14466.723684210529,0
2025-10-17 09:30:00,14466.723684210529,0
2025-10-17 10:00:00,14466.723684210529,0
2025-10-17 10:30:00,14466.723684210529,0
2025-10-17 11:00:00,11679.05263157895,-1
2025-10-17 11:30:00,11716.361842105265,-1
2025-10-17 13:30:00,11775.986842105267,-1
2025-10-17 14:00:00,11838.05263157895,-1
2025-10-17 14:30:00,12016.92763157895,-1
2025-10-17 15:00:00,12118.743421052637,-1
2025-10-17 21:00:00,12029.480263157897,-1
2025-10-17 21:30:00,11751.230263157897,-1
2025-10-17 22:00:00,11828.289473684214,-1
2025-10-17 22:30:00,11810.855263157897,-1
2025-10-17 23:00:00,11830.730263157897,-1
2025-10-20 09:00:00,12027.039473684214,-1
2025-10-20 09:30:00,11927.664473684214,-1
2025-10-20 10:00:00,11890.355263157897,-1
2025-10-20 10:30:00,11947.53947368421,-1
2025-10-20 11:00:00,12086.66447368421,-1
2025-10-20 11:30:00,12069.230263157893,-1
2025-10-20 13:30:00,12089.105263157895,-1
2025-10-20 14:00:00,12325.16447368421,-1
2025-10-20 14:30:00,12265.539473684212,-1
2025-10-20 15:00:00,12285.41447368421,-1
2025-10-20 21:00:00,12292.736842105263,-1
2025-10-20 21:30:00,12372.236842105262,-1
2025-10-20 22:00:00,12372.236842105262,-1
2025-10-20 22:30:00,12411.986842105262,-1
2025-10-20 23:00:00,12312.611842105265,-1
2025-10-21 09:00:00,12292.736842105263,-1
2025-10-21 09:30:00,12352.361842105265,-1
2025-10-21 10:00:00,12352.361842105265,-1
2025-10-21 10:30:00,12409.546052631582,-1
2025-10-21 11:00:00,12190.92105263158,-1
2025-10-21 11:30:00,12113.861842105263,-1
2025-10-21 13:30:00,12153.611842105263,-1
2025-10-21 14:00:00,12156.052631578948,-1
2025-10-21 14:30:00,12156.052631578948,-1
2025-10-21 15:00:00,12277.743421052633,-1
2025-10-21 21:00:00,12474.05263157895,-1
2025-10-21 21:30:00,12295.17763157895,-1
2025-10-21 22:00:00,12272.861842105263,-1
2025-10-21 22:30:00,12312.611842105267,-1
2025-10-21 23:00:00,12292.736842105265,-1
2025-10-22 09:00:00,12275.302631578948,-1
2025-10-22 09:30:00,12136.17763157895,-1
2025-10-22 10:00:00,12136.17763157895,-1
2025-10-22 10:30:00,12074.111842105267,-1
2025-10-22 11:00:00,12171.046052631584,-1
2025-10-22 11:30:00,12148.7302631579,-1
2025-10-22 13:30:00,12188.4802631579,-1
2025-10-22 14:00:00,12325.164473684214,-1
2025-10-22 14:30:00,12302.84868421053,-1
2025-10-22 15:00:00,12243.223684210529,-1
2025-10-22 21:00:00,12240.782894736843,-1
2025-10-22 21:30:00,12439.532894736845,-1
2025-10-22 22:00:00,12476.84210526316,-1
2025-10-22 22:30:00,12474.401315789477,-1
2025-10-22 23:00:00,12335.276315789477,-1
2025-10-23 09:00:00,12295.526315789475,-1
2025-10-23 09:30:00,12255.776315789475,-1
2025-10-23 10:00:00,12317.84210526316,-1
2025-10-23 10:30:00,12158.84210526316,-1
2025-10-23 11:00:00,12220.907894736842,-1
2025-10-23 11:30:00,12181.157894736842,-1
2025-10-23 13:30:00,12081.782894736842,-1
2025-10-23 14:00:00,14749.973684210527,0
2025-10-23 14:30:00,14749.973684210527,0
2025-10-23 15:00:00,14749.973684210527,0
2025-10-23 21:00:00,14749.973684210527,0
2025-10-23 21:30:00,14749.973684210527,0
2025-10-23 22:00:00,14749.973684210527,0
2025-10-23 22:30:00,14749.973684210527,0
2025-10-23 23:00:00,14749.973684210527,0
2025-10-24 09:00:00,14749.973684210527,0
2025-10-24 09:30:00,14749.973684210527,0
2025-10-24 10:00:00,14749.973684210527,0
2025-10-24 10:30:00,14749.973684210527,0
2025-10-24 11:00:00,14749.973684210527,0
2025-10-24 11:30:00,14749.973684210527,0
2025-10-24 13:30:00,14749.973684210527,0
2025-10-24 14:00:00,14749.973684210527,0
2025-10-24 14:30:00,14749.973684210527,0
2025-10-24 15:00:00,14749.973684210527,0
2025-10-24 21:00:00,14749.973684210527,0
2025-10-24 21:30:00,14749.973684210527,0
2025-10-24 22:00:00,14749.973684210527,0
2025-10-24 22:30:00,14749.973684210527,0
2025-10-24 23:00:00,14749.973684210527,0
2025-10-27 09:00:00,14749.973684210527,0
2025-10-27 09:30:00,14749.973684210527,0
2025-10-27 10:00:00,14749.973684210527,0
2025-10-27 10:30:00,14749.973684210527,0
2025-10-27 11:00:00,14749.973684210527,0
2025-10-27 11:30:00,14749.973684210527,0
2025-10-27 13:30:00,14749.973684210527,0
2025-10-27 14:00:00,14749.973684210527,0
2025-10-27 14:30:00,14749.973684210527,0
2025-10-27 15:00:00,14749.973684210527,0
2025-10-27 21:00:00,14749.973684210527,0
2025-10-27 21:30:00,14749.973684210527,0
2025-10-27 22:00:00,14749.973684210527,0
2025-10-27 22:30:00,14749.973684210527,0
2025-10-27 23:00:00,14749.973684210527,0
2025-10-28 09:00:00,14749.973684210527,0
2025-10-28 09:30:00,14749.973684210527,0
2025-10-28 10:00:00,14749.973684210527,0
2025-10-28 10:30:00,14749.973684210527,0
2025-10-28 11:00:00,14749.973684210527,0
2025-10-28 11:30:00,14749.973684210527,0
2025-10-28 13:30:00,14749.973684210527,0
2025-10-28 14:00:00,14749.973684210527,0
2025-10-28 14:30:00,14749.973684210527,0
2025-10-28 15:00:00,14749.973684210527,0
2025-10-28 21:00:00,14749.973684210527,0
2025-10-28 21:30:00,14749.973684210527,0
2025-10-28 22:00:00,14749.973684210527,0
2025-10-28 22:30:00,14749.973684210527,0
2025-10-28 23:00:00,14749.973684210527,0
2025-10-29 09:00:00,14749.973684210527,0
2025-10-29 09:30:00,14749.973684210527,0
2025-10-29 10:00:00,14749.973684210527,0
2025-10-29 10:30:00,14749.973684210527,0
2025-10-29 11:00:00,14749.973684210527,0
2025-10-29 11:30:00,14749.973684210527,0
2025-10-29 13:30:00,14749.973684210527,0
2025-10-29 14:00:00,14749.973684210527,0
2025-10-29 14:30:00,14749.973684210527,0
2025-10-29 15:00:00,14749.973684210527,0
2025-10-29 21:00:00,14749.973684210527,0
2025-10-29 21:30:00,14749.973684210527,0
2025-10-29 22:00:00,14749.973684210527,0
2025-10-29 22:30:00,14749.973684210527,0
2025-10-29 23:00:00,14749.973684210527,0
2025-10-30 09:00:00,14749.973684210527,0
2025-10-30 09:30:00,14749.973684210527,0
2025-10-30 10:00:00,14749.973684210527,0
2025-10-30 10:30:00,14749.973684210527,0
2025-10-30 11:00:00,14749.973684210527,0
2025-10-30 11:30:00,14749.973684210527,0
2025-10-30 13:30:00,14749.973684210527,0
2025-10-30 14:00:00,14749.973684210527,0
2025-10-30 14:30:00,14749.973684210527,0
2025-10-30 15:00:00,14749.973684210527,0
2025-10-30 21:00:00,14749.973684210527,0
2025-10-30 21:30:00,14749.973684210527,0
2025-10-30 22:00:00,14749.973684210527,0
2025-10-30 22:30:00,14749.973684210527,0
2025-10-30 23:00:00,14749.973684210527,0
2025-10-31 09:00:00,14749.973684210527,0
2025-10-31 09:30:00,14749.973684210527,0
2025-10-31 10:00:00,14749.973684210527,0
2025-10-31 10:30:00,14749.973684210527,0
2025-10-31 11:00:00,14749.973684210527,0
2025-10-31 11:30:00,14749.973684210527,0
2025-10-31 13:30:00,14749.973684210527,0
2025-10-31 14:00:00,14749.973684210527,0
2025-10-31 14:30:00,14749.973684210527,0
2025-10-31 15:00:00,14749.973684210527,0
2025-10-31 21:00:00,14749.973684210527,0
2025-10-31 21:30:00,14749.973684210527,0
2025-10-31 22:00:00,14749.973684210527,0
2025-10-31 22:30:00,14749.973684210527,0
2025-10-31 23:00:00,14749.973684210527,0
2025-11-03 09:00:00,14749.973684210527,0
2025-11-03 09:30:00,14749.973684210527,0
2025-11-03 10:00:00,14749.973684210527,0
2025-11-03 10:30:00,14749.973684210527,0
2025-11-03 11:00:00,14749.973684210527,0
2025-11-03 11:30:00,14749.973684210527,0
2025-11-03 13:30:00,14749.973684210527,0
2025-11-03 14:00:00,14749.973684210527,0
2025-11-03 14:30:00,14749.973684210527,0
2025-11-03 15:00:00,14749.973684210527,0
2025-11-03 21:00:00,14749.973684210527,0
2025-11-03 21:30:00,14749.973684210527,0
2025-11-03 22:00:00,14749.973684210527,0
2025-11-03 22:30:00,14749.973684210527,0
2025-11-03 23:00:00,14749.973684210527,0
2025-11-04 09:00:00,14749.973684210527,0
2025-11-04 09:30:00,14749.973684210527,0
2025-11-04 10:00:00,14749.973684210527,0
2025-11-04 10:30:00,14749.973684210527,0
2025-11-04 11:00:00,14749.973684210527,0
2025-11-04 11:30:00,14749.973684210527,0
2025-11-04 13:30:00,14749.973684210527,0
2025-11-04 14:00:00,14749.973684210527,0
2025-11-04 14:30:00,14749.973684210527,0
2025-11-04 15:00:00,14749.973684210527,0
2025-11-04 21:00:00,14749.973684210527,0
2025-11-04 21:30:00,14749.973684210527,0
2025-11-04 22:00:00,14749.973684210527,0
2025-11-04 22:30:00,14749.973684210527,0
2025-11-04 23:00:00,14749.973684210527,0
2025-11-05 09:00:00,14749.973684210527,0
2025-11-05 09:30:00,14749.973684210527,0
2025-11-05 10:00:00,14749.973684210527,0
2025-11-05 10:30:00,14749.973684210527,0
2025-11-05 11:00:00,14749.973684210527,0
2025-11-05 11:30:00,14749.973684210527,0
2025-11-05 13:30:00,14749.973684210527,0
2025-11-05 14:00:00,14749.973684210527,0
2025-11-05 14:30:00,14749.973684210527,0
2025-11-05 15:00:00,14749.973684210527,0
2025-11-05 21:00:00,14749.973684210527,0
2025-11-05 21:30:00,14749.973684210527,0
2025-11-05 22:00:00,14749.973684210527,0
2025-11-05 22:30:00,14749.973684210527,0
2025-11-05 23:00:00,14749.973684210527,0
2025-11-06 09:00:00,14749.973684210527,0
2025-11-06 09:30:00,14749.973684210527,0
2025-11-06 10:00:00,12152.33552631579,-1
2025-11-06 10:30:00,12050.519736842103,-1
2025-11-06 11:00:00,12028.20394736842,-1
2025-11-06 11:30:00,11971.019736842103,-1
2025-11-06 13:30:00,11951.144736842101,-1
2025-11-06 14:00:00,11948.703947368416,-1
2025-11-06 14:30:00,11926.388157894733,-1
2025-11-06 15:00:00,11829.453947368416,-1
2025-11-06 21:00:00,11812.0197368421,-1
2025-11-06 21:30:00,11712.644736842103,-1
2025-11-06 22:00:00,11732.519736842101,-1
2025-11-06 22:30:00,11732.519736842101,-1
2025-11-06 23:00:00,11734.960526315786,-1
2025-11-07 09:00:00,11794.585526315783,-1
2025-11-07 09:30:00,11876.526315789468,-1
2025-11-07 10:00:00,11893.960526315783,-1
2025-11-07 10:30:00,11794.585526315783,-1
2025-11-07 11:00:00,11812.019736842098,-1
2025-11-07 11:30:00,11871.6447368421,-1
2025-11-07 13:30:00,11951.1447368421,-1
2025-11-07 14:00:00,11951.1447368421,-1
2025-11-07 14:30:00,11951.1447368421,-1
2025-11-07 15:00:00,12010.7697368421,-1
2025-11-07 21:00:00,12115.026315789468,-1
2025-11-07 21:30:00,11993.335526315783,-1
2025-11-07 22:00:00,12052.960526315783,-1
2025-11-07 22:30:00,12052.960526315783,-1
2025-11-07 23:00:00,12072.835526315785,-1
2025-11-10 09:00:00,12269.1447368421,-1
2025-11-10 09:30:00,12448.0197368421,-1
2025-11-10 10:00:00,12525.078947368418,-1
2025-11-10 10:30:00,12624.45394736842,-1
2025-11-10 11:00:00,12661.763157894735,-1
2025-11-10 11:30:00,12579.822368421048,-1
2025-11-10 13:30:00,12559.94736842105,-1
2025-11-10 14:00:00,12579.822368421048,-1
2025-11-10 14:30:00,12440.69736842105,-1
2025-11-10 15:00:00,12500.32236842105,-1
2025-11-10 21:00:00,12487.769736842101,-1
2025-11-10 21:30:00,12410.710526315783,-1
2025-11-10 22:00:00,12472.77631578947,-1
2025-11-10 22:30:00,12532.401315789466,-1
2025-11-10 23:00:00,12510.085526315781,-1
2025-11-11 09:00:00,12529.960526315783,-1
2025-11-11 09:30:00,12507.6447368421,-1
2025-11-11 10:00:00,12547.3947368421,-1
2025-11-11 10:30:00,12564.828947368416,-1
2025-11-11 11:00:00,12703.953947368416,-1
2025-11-11 11:30:00,12684.078947368414,-1
2025-11-11 13:30:00,12664.203947368416,-1
2025-11-11 14:00:00,12703.953947368416,-1
2025-11-11 14:30:00,12666.6447368421,-1
2025-11-11 15:00:00,12766.0197368421,-1
2025-11-11 21:00:00,12671.526315789466,-1
2025-11-11 21:30:00,12572.15131578947,-1
2025-11-11 22:00:00,12534.842105263153,-1
2025-11-11 22:30:00,12574.592105263153,-1
2025-11-11 23:00:00,12574.592105263153,-1
2025-11-12 09:00:00,12616.782894736836,-1
2025-11-12 09:30:00,12636.657894736836,-1
2025-11-12 10:00:00,12616.782894736836,-1
2025-11-12 10:30:00,12693.842105263155,-1
2025-11-12 11:00:00,12872.717105263155,-1
2025-11-12 11:30:00,12852.842105263153,-1
2025-11-12 13:30:00,12872.717105263155,-1
2025-11-12 14:00:00,12872.717105263155,-1
2025-11-12 14:30:00,12852.842105263153,-1
2025-11-12 15:00:00,12793.217105263157,-1
2025-11-12 21:00:00,12850.401315789473,-1
2025-11-12 21:30:00,12810.651315789473,-1
2025-11-12 22:00:00,12733.592105263157,-1
2025-11-12 22:30:00,12795.657894736842,-1
2025-11-12 23:00:00,12855.282894736843,-1
2025-11-13 09:00:00,12875.157894736842,-1
2025-11-13 09:30:00,12773.342105263158,-1
2025-11-13 10:00:00,12753.467105263157,-1
2025-11-13 10:30:00,12733.592105263158,-1
2025-11-13 11:00:00,12693.842105263158,-1
2025-11-13 11:30:00,12673.967105263157,-1
2025-11-13 13:30:00,12654.092105263157,-1
2025-11-13 14:00:00,12614.342105263157,-1
2025-11-13 14:30:00,12614.342105263157,-1
2025-11-13 15:00:00,12636.65789473684,-1
2025-11-13 21:00:00,12656.53289473684,-1
2025-11-13 21:30:00,12778.223684210523,-1
2025-11-13 22:00:00,12718.598684210523,-1
2025-11-13 22:30:00,12740.914473684208,-1
2025-11-13 23:00:00,12798.098684210525,-1
2025-11-14 09:00:00,12937.223684210523,-1
2025-11-14 09:30:00,12917.348684210523,-1
2025-11-14 10:00:00,12880.039473684206,-1
2025-11-14 10:30:00,12899.914473684206,-1
2025-11-14 11:00:00,12999.289473684206,-1
2025-11-14 11:30:00,13039.039473684208,-1
2025-11-14 13:30:00,13019.164473684208,-1
2025-11-14 14:00:00,12999.289473684206,-1
2025-11-14 14:30:00,13016.723684210523,-1
2025-11-14 15:00:00,13078.789473684206,-1
2025-11-14 21:00:00,13026.48684210526,-1
2025-11-14 21:30:00,12989.177631578943,-1
2025-11-14 22:00:00,13051.243421052628,-1
2025-11-14 22:30:00,13110.86842105263,-1
2025-11-14 23:00:00,13088.552631578947,-1
2025-11-17 09:00:00,13212.684210526313,-1
2025-11-17 09:30:00,13130.743421052626,-1
2025-11-17 10:00:00,13207.802631578943,-1
2025-11-17 10:30:00,13185.486842105258,-1
2025-11-17 11:00:00,13225.236842105258,-1
2025-11-17 11:30:00,13066.23684210526,-1
2025-11-17 13:30:00,13043.921052631573,-1
2025-11-17 14:00:00,13004.171052631575,-1
2025-11-17 14:30:00,13046.361842105258,-1
2025-11-17 15:00:00,13103.546052631575,-1
2025-11-17 21:00:00,13098.664473684206,-1
2025-11-17 21:30:00,13081.23026315789,-1
2025-11-17 22:00:00,13063.796052631573,-1
2025-11-17 22:30:00,13043.921052631573,-1
2025-11-17 23:00:00,13063.796052631573,-1
2025-11-18 09:00:00,13086.111842105256,-1
2025-11-18 09:30:00,13103.546052631571,-1
2025-11-18 10:00:00,13220.355263157886,-1
2025-11-18 10:30:00,13103.54605263157,-1
2025-11-18 11:00:00,13145.736842105254,-1
2025-11-18 11:30:00,13148.177631578938,-1
2025-11-18 13:30:00,13148.177631578938,-1
2025-11-18 14:00:00,13289.743421052623,-1
2025-11-18 14:30:00,13269.86842105262,-1
2025-11-18 15:00:00,13289.743421052623,-1
2025-11-18 21:00:00,13324.611842105252,-1
2025-11-18 21:30:00,13324.611842105252,-1
2025-11-18 22:00:00,13327.052631578938,-1
2025-11-18 22:30:00,13327.052631578938,-1
2025-11-18 23:00:00,13364.361842105254,-1
2025-11-19 09:00:00,13364.361842105254,-1
2025-11-19 09:30:00,13267.42763157894,-1
2025-11-19 10:00:00,13369.243421052623,-1
2025-11-19 10:30:00,13272.309210526306,-1
2025-11-19 11:00:00,13272.309210526306,-1
2025-11-19 11:30:00,13210.243421052623,-1
2025-11-19 13:30:00,13172.934210526308,-1
2025-11-19 14:00:00,13334.374999999989,-1
2025-11-19 14:30:00,13393.99999999999,-1
2025-11-19 15:00:00,13396.440789473676,-1
2025-11-19 21:00:00,13339.256578947363,-1
2025-11-19 21:30:00,13478.381578947363,-1
2025-11-19 22:00:00,13557.881578947363,-1
2025-11-19 22:30:00,13518.131578947363,-1
2025-11-19 23:00:00,13557.881578947363,-1
2025-11-20 09:00:00,13575.31578947368,-1
2025-11-20 09:30:00,13754.190789473678,-1
2025-11-20 10:00:00,13714.440789473678,-1
2025-11-20 10:30:00,13736.756578947361,-1
2025-11-20 11:00:00,13836.131578947361,-1
2025-11-20 11:30:00,13619.947368421044,-1
2025-11-20 13:30:00,13582.638157894728,-1
2025-11-20 14:00:00,13701.888157894726,-1
2025-11-20 14:30:00,13664.57894736841,-1
2025-11-20 15:00:00,13724.203947368407,-1
2025-11-20 21:00:00,13774.065789473672,-1
2025-11-20 21:30:00,13736.756578947356,-1
2025-11-20 22:00:00,13739.19736842104,-1
2025-11-20 22:30:00,13818.69736842104,-1
2025-11-20 23:00:00,13836.131578947357,-1
2025-11-21 09:00:00,13875.881578947357,-1
2025-11-21 09:30:00,13878.322368421042,-1
2025-11-21 10:00:00,14000.013157894726,-1
2025-11-21 10:30:00,14039.763157894724,-1
2025-11-21 11:00:00,14059.638157894726,-1
2025-11-21 11:30:00,14019.888157894722,-1
2025-11-21 13:30:00,14019.888157894722,-1
2025-11-21 14:00:00,13860.888157894726,-1
2025-11-21 14:30:00,13662.138157894724,-1
2025-11-21 15:00:00,13781.388157894722,-1
2025-11-21 21:00:00,13798.822368421037,-1
2025-11-21 21:30:00,13756.631578947354,-1
2025-11-21 22:00:00,13776.506578947352,-1
2025-11-21 22:30:00,13699.447368421039,-1
2025-11-21 23:00:00,13741.638157894722,-1
2025-11-24 09:00:00,13739.197368421039,-1
2025-11-24 09:30:00,13617.506578947356,-1
2025-11-24 10:00:00,13716.881578947356,-1
2025-11-24 10:30:00,13756.631578947356,-1
2025-11-24 11:00:00,13719.322368421039,-1
2025-11-24 11:30:00,13699.44736842104,-1
2025-11-24 13:30:00,13639.822368421039,-1
2025-11-24 14:00:00,13284.513157894724,-1
2025-11-24 14:30:00,15730.592105263146,0
2025-11-24 15:00:00,15730.592105263146,0
2025-11-24 21:00:00,15730.592105263146,0
2025-11-24 21:30:00,15730.592105263146,0
2025-11-24 22:00:00,15730.592105263146,0
2025-11-24 22:30:00,15730.592105263146,0
2025-11-24 23:00:00,15730.592105263146,0
2025-11-25 09:00:00,15730.592105263146,0
2025-11-25 09:30:00,15730.592105263146,0
2025-11-25 10:00:00,15730.592105263146,0
2025-11-25 10:30:00,15730.592105263146,0
2025-11-25 11:00:00,15730.592105263146,0
2025-11-25 11:30:00,15730.592105263146,0
2025-11-25 13:30:00,15730.592105263146,0
2025-11-25 14:00:00,15730.592105263146,0
2025-11-25 14:30:00,15730.592105263146,0
2025-11-25 15:00:00,15730.592105263146,0
2025-11-25 21:00:00,15730.592105263146,0
2025-11-25 21:30:00,15730.592105263146,0
2025-11-25 22:00:00,15730.592105263146,0
2025-11-25 22:30:00,15730.592105263146,0
2025-11-25 23:00:00,15730.592105263146,0
2025-11-26 09:00:00,15730.592105263146,0
2025-11-26 09:30:00,15730.592105263146,0
2025-11-26 10:00:00,15730.592105263146,0
2025-11-26 10:30:00,15730.592105263146,0
2025-11-26 11:00:00,15730.592105263146,0
2025-11-26 11:30:00,15730.592105263146,0
2025-11-26 13:30:00,15730.592105263146,0
2025-11-26 14:00:00,15730.592105263146,0
2025-11-26 14:30:00,15730.592105263146,0
2025-11-26 15:00:00,15730.592105263146,0
2025-11-26 21:00:00,15730.592105263146,0
2025-11-26 21:30:00,15730.592105263146,0
2025-11-26 22:00:00,15730.592105263146,0
2025-11-26 22:30:00,15730.592105263146,0
2025-11-26 23:00:00,15730.592105263146,0
2025-11-27 09:00:00,15730.592105263146,0
2025-11-27 09:30:00,15730.592105263146,0
2025-11-27 10:00:00,15730.592105263146,0
2025-11-27 10:30:00,15730.592105263146,0
2025-11-27 11:00:00,15730.592105263146,0
2025-11-27 11:30:00,15730.592105263146,0
2025-11-27 13:30:00,15730.592105263146,0
2025-11-27 14:00:00,15730.592105263146,0
2025-11-27 14:30:00,15730.592105263146,0
2025-11-27 15:00:00,15730.592105263146,0
2025-11-27 21:00:00,15730.592105263146,0
2025-11-27 21:30:00,15730.592105263146,0
2025-11-27 22:00:00,15730.592105263146,0
2025-11-27 22:30:00,15730.592105263146,0
2025-11-27 23:00:00,15730.592105263146,0
2025-11-28 09:00:00,15730.592105263146,0
2025-11-28 09:30:00,15730.592105263146,0
2025-11-28 10:00:00,15730.592105263146,0
2025-11-28 10:30:00,15730.592105263146,0
2025-11-28 11:00:00,15730.592105263146,0
2025-11-28 11:30:00,15730.592105263146,0
2025-11-28 13:30:00,15730.592105263146,0
2025-11-28 14:00:00,15730.592105263146,0
2025-11-28 14:30:00,15730.592105263146,0
2025-11-28 15:00:00,15730.592105263146,0
2025-11-28 21:00:00,15730.592105263146,0
2025-11-28 21:30:00,15730.592105263146,0
2025-11-28 22:00:00,15730.592105263146,0
2025-11-28 22:30:00,15730.592105263146,0
2025-11-28 23:00:00,15730.592105263146,0
2025-12-01 09:00:00,15730.592105263146,0
2025-12-01 09:30:00,15730.592105263146,0
2025-12-01 10:00:00,15730.592105263146,0
2025-12-01 10:30:00,15730.592105263146,0
2025-12-01 11:00:00,15730.592105263146,0
2025-12-01 11:30:00,15730.592105263146,0
2025-12-01 13:30:00,15730.592105263146,0
2025-12-01 14:00:00,15730.592105263146,0
2025-12-01 14:30:00,15730.592105263146,0
2025-12-01 15:00:00,15730.592105263146,0
2025-12-01 21:00:00,15730.592105263146,0
2025-12-01 21:30:00,15730.592105263146,0
2025-12-01 22:00:00,15730.592105263146,0
2025-12-01 22:30:00,15730.592105263146,0
2025-12-01 23:00:00,15730.592105263146,0
2025-12-02 09:00:00,15730.592105263146,0
2025-12-02 09:30:00,15730.592105263146,0
2025-12-02 10:00:00,15730.592105263146,0
2025-12-02 10:30:00,15730.592105263146,0
2025-12-02 11:00:00,15730.592105263146,0
2025-12-02 11:30:00,15730.592105263146,0
2025-12-02 13:30:00,15730.592105263146,0
2025-12-02 14:00:00,15730.592105263146,0
2025-12-02 14:30:00,15730.592105263146,0
2025-12-02 15:00:00,15730.592105263146,0
2025-12-02 21:00:00,15730.592105263146,0
2025-12-02 21:30:00,15730.592105263146,0
2025-12-02 22:00:00,13276.611842105252,-1
2025-12-02 22:30:00,13256.73684210525,-1
2025-12-02 23:00:00,13256.73684210525,-1
2025-12-03 09:00:00,13177.236842105252,-1
2025-12-03 09:30:00,13038.111842105252,-1
2025-12-03 10:00:00,13077.861842105252,-1
2025-12-03 10:30:00,13117.611842105252,-1
2025-12-03 11:00:00,13117.611842105252,-1
2025-12-03 11:30:00,13135.046052631567,-1
2025-12-03 13:30:00,13157.361842105252,-1
2025-12-03 14:00:00,13139.92763157894,-1
2025-12-03 14:30:00,13239.302631578936,-1
2025-12-03 15:00:00,13216.98684210525,-1
2025-12-03 21:00:00,13423.40789473683,-1
2025-12-03 21:30:00,13602.28289473683,-1
2025-12-03 22:00:00,13582.407894736829,-1
2025-12-03 22:30:00,13564.973684210512,-1
2025-12-03 23:00:00,13525.223684210512,-1
2025-12-04 09:00:00,13445.723684210514,-1
2025-12-04 09:30:00,13644.473684210516,-1
2025-12-04 10:00:00,13487.9144736842,-1
2025-12-04 10:30:00,13468.039473684199,-1
2025-12-04 11:00:00,13468.039473684199,-1
2025-12-04 11:30:00,13530.105263157882,-1
2025-12-04 13:30:00,13567.414473684199,-1
2025-12-04 14:00:00,13624.598684210516,-1
2025-12-04 14:30:00,13522.78289473683,-1
2025-12-04 15:00:00,13502.907894736829,-1
2025-12-04 21:00:00,13483.03289473683,-1
2025-12-04 21:30:00,13480.592105263146,-1
2025-12-04 22:00:00,13463.157894736829,-1
2025-12-04 22:30:00,13525.22368421051,-1
2025-12-04 23:00:00,13525.22368421051,-1
2025-12-05 09:00:00,13564.97368421051,-1
2025-12-05 09:30:00,13644.473684210512,-1
2025-12-05 10:00:00,13741.407894736829,-1
2025-12-05 10:30:00,13699.217105263146,-1
2025-12-05 11:00:00,13756.401315789459,-1
2025-12-05 11:30:00,13796.15131578946,-1
2025-12-05 13:30:00,13796.15131578946,-1
2025-12-05 14:00:00,13699.217105263144,-1
2025-12-05 14:30:00,13758.842105263146,-1
2025-12-05 15:00:00,13838.342105263142,-1
2025-12-05 21:00:00,13694.335526315775,-1
2025-12-05 21:30:00,13438.401315789459,-1
2025-12-05 22:00:00,13617.276315789457,-1
2025-12-05 22:30:00,13657.026315789459,-1
2025-12-05 23:00:00,13617.276315789457,-1
2025-12-08 09:00:00,13714.210526315772,-1
2025-12-08 09:30:00,13617.276315789455,-1
2025-12-08 10:00:00,13619.71710526314,-1
2025-12-08 10:30:00,13619.71710526314,-1
2025-12-08 11:00:00,13758.842105263138,-1
2025-12-08 11:30:00,13719.092105263138,-1
2025-12-08 13:30:00,13696.776315789455,-1
2025-12-08 14:00:00,13659.46710526314,-1
2025-12-08 14:30:00,13659.46710526314,-1
2025-12-08 15:00:00,13696.776315789455,-1
2025-12-08 21:00:00,13840.782894736823,-1
2025-12-08 21:30:00,13962.473684210507,-1
2025-12-08 22:00:00,14041.973684210507,-1
2025-12-08 22:30:00,14022.098684210509,-1
2025-12-08 23:00:00,14044.414473684195,-1
2025-12-09 09:00:00,14066.730263157879,-1
2025-12-09 09:30:00,13867.980263157879,-1
2025-12-09 10:00:00,13910.171052631564,-1
2025-12-09 10:30:00,13932.486842105247,-1
2025-12-09 11:00:00,13932.486842105247,-1
2025-12-09 11:30:00,13949.921052631562,-1
2025-12-09 13:30:00,13930.046052631562,-1
2025-12-09 14:00:00,13890.29605263156,-1
2025-12-09 14:30:00,13947.480263157879,-1
2025-12-09 15:00:00,13967.355263157877,-1
2025-12-09 21:00:00,13932.486842105245,-1
2025-12-09 21:30:00,14093.927631578925,-1
2025-12-09 22:00:00,14153.552631578925,-1
2025-12-09 22:30:00,14136.118421052608,-1
2025-12-09 23:00:00,14098.809210526295,-1
2025-12-10 09:00:00,14257.809210526295,-1
2025-12-10 09:30:00,14218.059210526297,-1
2025-12-10 10:00:00,14357.184210526295,-1
2025-12-10 10:30:00,14277.684210526295,-1
2025-12-10 11:00:00,14277.684210526295,-1
2025-12-10 11:30:00,14220.499999999982,-1
2025-12-10 13:30:00,14218.059210526297,-1
2025-12-10 14:00:00,14116.243421052615,-1
2025-12-10 14:30:00,14178.309210526299,-1
2025-12-10 15:00:00,14277.684210526299,-1
2025-12-10 21:00:00,14486.546052631562,-1
2025-12-10 21:30:00,14307.671052631566,-1
2025-12-10 22:00:00,14307.671052631566,-1
2025-12-10 22:30:00,14344.980263157879,-1
2025-12-10 23:00:00,14305.23026315788,-1
2025-12-11 09:00:00,14342.539473684199,-1
2025-12-11 09:30:00,14439.473684210516,-1
2025-12-11 10:00:00,14402.1644736842,-1
2025-12-11 10:30:00,14362.414473684203,-1
2025-12-11 11:00:00,14419.598684210518,-1
2025-12-11 11:30:00,14399.72368421052,-1
2025-12-11 13:30:00,14384.730263157888,-1
2025-12-11 14:00:00,14503.98026315789,-1
2025-12-11 14:30:00,14523.855263157886,-1
2025-12-11 15:00:00,14523.855263157886,-1
2025-12-11 21:00:00,14600.914473684203,-1
2025-12-11 21:30:00,14722.605263157886,-1
2025-12-11 22:00:00,14543.730263157884,-1
2025-12-11 22:30:00,14503.980263157886,-1
2025-12-11 23:00:00,14583.480263157886,-1
2025-12-12 09:00:00,14605.796052631567,-1
2025-12-12 09:30:00,14546.17105263157,-1
2025-12-12 10:00:00,14449.236842105252,-1
2025-12-12 10:30:00,14508.86184210525,-1
2025-12-12 11:00:00,14588.36184210525,-1
2025-12-12 11:30:00,14610.677631578932,-1
2025-12-12 13:30:00,14630.552631578934,-1
2025-12-12 14:00:00,14690.177631578932,-1
2025-12-12 14:30:00,14769.677631578932,-1
2025-12-12 15:00:00,14906.361842105252,-1
2025-12-12 21:00:00,14759.914473684199,-1
2025-12-12 21:30:00,14603.355263157884,-1
2025-12-12 22:00:00,14685.29605263157,-1
2025-12-12 22:30:00,14705.171052631566,-1
2025-12-12 23:00:00,14744.921052631564,-1
2025-12-15 09:00:00,15087.465751699805,-1
2025-12-15 09:30:00,14993.56125661041,-1
2025-12-15 10:00:00,15011.134027621292,-1
2025-12-15 10:30:00,14981.754551087473,-1
2025-12-15 11:00:00,14968.025823735221,-1
2025-12-15 11:30:00,14981.75455108747,-1
2025-12-15 13:30:00,14999.327322098352,-1
2025-12-15 14:00:00,15140.184064732446,-1
2025-12-15 14:30:00,15108.882566369315,-1
2025-12-15 15:00:00,15093.231817187747,-1
2025-12-15 21:00:00,15171.48556309558,-1
2025-12-15 21:30:00,15140.184064732446,-1
2025-12-15 22:00:00,15359.294553274374,-1
2025-12-15 22:30:00,15341.721782263492,-1
2025-12-15 23:00:00,15357.37253144506,-1
2025-12-16 09:00:00,15373.023280626623,-1
2025-12-16 09:30:00,15200.865039629394,-1
2025-12-16 10:00:00,15234.088559821841,-1
2025-12-16 10:30:00,15218.437810640276,-1
2025-12-16 11:00:00,15108.882566369311,-1
2025-12-16 11:30:00,15171.485563095577,-1
2025-12-16 13:30:00,15218.437810640276,-1
2025-12-16 14:00:00,15202.78706145871,-1
2025-12-16 14:30:00,15220.359832469589,-1
2025-12-16 15:00:00,15081.425111664807,-1
2025-12-16 21:00:00,15059.73372244825,-1
2025-12-16 21:30:00,14999.052747551299,-1
2025-12-16 22:00:00,15014.703496732865,-1
2025-12-16 22:30:00,15000.974769380617,-1
2025-12-16 23:00:00,14985.32402019905,-1
2025-12-17 09:00:00,15000.974769380617,-1
2025-12-17 09:30:00,15032.27626774375,-1
2025-12-17 10:00:00,15108.607991822268,-1
2025-12-17 10:30:00,15016.625518562185,-1
2025-12-17 11:00:00,14908.992296120534,-1
2025-12-17 11:30:00,14940.293794483669,-1
2025-12-17 13:30:00,14926.56506713142,-1
2025-12-17 14:00:00,14910.914317949853,-1
2025-12-17 14:30:00,14987.246042028371,-1
2025-12-17 15:00:00,14971.595292846805,-1
2025-12-17 21:00:00,14954.022521835925,-1
2025-12-17 21:30:00,14500.1507955705,-1
2025-12-17 22:00:00,16530.792131108414,0
2025-12-17 22:30:00,16530.792131108414,0
2025-12-17 23:00:00,16530.792131108414,0
2025-12-18 09:00:00,16530.792131108414,0
2025-12-18 09:30:00,16530.792131108414,0
2025-12-18 10:00:00,16530.792131108414,0
2025-12-18 10:30:00,16530.792131108414,0
2025-12-18 11:00:00,16530.792131108414,0
2025-12-18 11:30:00,16530.792131108414,0
2025-12-18 13:30:00,16530.792131108414,0
2025-12-18 14:00:00,16530.792131108414,0
2025-12-18 14:30:00,16530.792131108414,0
2025-12-18 15:00:00,16530.792131108414,0
2025-12-18 21:00:00,16530.792131108414,0
2025-12-18 21:30:00,16530.792131108414,0
2025-12-18 22:00:00,16530.792131108414,0
2025-12-18 22:30:00,16530.792131108414,0
2025-12-18 23:00:00,16530.792131108414,0
2025-12-19 09:00:00,16530.792131108414,0
2025-12-19 09:30:00,16530.792131108414,0
2025-12-19 10:00:00,16530.792131108414,0
2025-12-19 10:30:00,16530.792131108414,0
2025-12-19 11:00:00,16530.792131108414,0
2025-12-19 11:30:00,14515.852090484947,-1
2025-12-19 13:30:00,14500.20134130338,-1
2025-12-19 14:00:00,14594.105836392779,-1
2025-12-19 14:30:00,14562.804338029646,-1
2025-12-19 15:00:00,14547.15358884808,-1
2025-12-19 21:00:00,14648.746171254737,-1
2025-12-19 21:30:00,14541.11294881309,-1
2025-12-19 22:00:00,14556.763697994655,-1
2025-12-19 22:30:00,14558.68571982397,-1
2025-12-19 23:00:00,14496.082723097703,-1
2025-12-22 09:00:00,14529.30624329015,-1
2025-12-22 09:30:00,14654.51223674268,-1
2025-12-22 10:00:00,14717.115233468947,-1
2025-12-22 10:30:00,14670.162985924248,-1
2025-12-22 11:00:00,14717.115233468947,-1
2025-12-22 11:30:00,14670.162985924248,-1
2025-12-22 13:30:00,14685.813735105816,-1
2025-12-22 14:00:00,14656.434258571999,-1
2025-12-22 14:30:00,14640.78350939043,-1
2025-12-22 15:00:00,14607.559989197984,-1
2025-12-22 21:00:00,14619.366694720922,-1
2025-12-22 21:30:00,14511.733472279271,-1
2025-12-22 22:00:00,14574.336469005537,-1
2025-12-22 22:30:00,14699.542462458068,-1
2025-12-22 23:00:00,14699.542462458068,-1
2025-12-23 09:00:00,14732.765982650519,-1
2025-12-23 09:30:00,14717.11523346895,-1
2025-12-23 10:00:00,14734.688004479829,-1
2025-12-23 10:30:00,14705.308527946014,-1
2025-12-23 11:00:00,14720.959277127577,-1
2025-12-23 11:30:00,14674.007029582877,-1
2025-12-23 13:30:00,14656.434258571995,-1
2025-12-23 14:00:00,14689.657778764442,-1
2025-12-23 14:30:00,14658.35628040131,-1
2025-12-23 15:00:00,14640.783509390427,-1
2025-12-23 21:00:00,14498.004744927015,-1
2025-12-23 21:30:00,14591.909240016414,-1
2025-12-23 22:00:00,14511.733472279268,-1
2025-12-23 22:30:00,14574.336469005533,-1
2025-12-23 23:00:00,14572.41444717622,-1
2025-12-24 09:00:00,14617.444672891603,-1
2025-12-24 09:30:00,14648.746171254737,-1
2025-12-24 10:00:00,14490.316657609757,-1
2025-12-24 10:30:00,16469.06340375616,0
2025-12-24 11:00:00,16469.06340375616,0
2025-12-24 11:30:00,16469.06340375616,0
2025-12-24 13:30:00,16469.06340375616,0
2025-12-24 14:00:00,16469.06340375616,0
2025-12-24 14:30:00,16469.06340375616,0
2025-12-24 15:00:00,16469.06340375616,0
2025-12-24 21:00:00,16469.06340375616,0
2025-12-24 21:30:00,16469.06340375616,0
2025-12-24 22:00:00,16469.06340375616,0
2025-12-24 22:30:00,16469.06340375616,0
2025-12-24 23:00:00,16469.06340375616,0
2025-12-25 09:00:00,16469.06340375616,0
2025-12-25 09:30:00,16469.06340375616,0
2025-12-25 10:00:00,16469.06340375616,0
2025-12-25 10:30:00,16469.06340375616,0
2025-12-25 11:00:00,16469.06340375616,0
2025-12-25 11:30:00,16469.06340375616,0
2025-12-25 13:30:00,16469.06340375616,0
2025-12-25 14:00:00,16469.06340375616,0
2025-12-25 14:30:00,16469.06340375616,0
2025-12-25 15:00:00,16469.06340375616,0
2025-12-25 21:00:00,16469.06340375616,0
2025-12-25 21:30:00,16469.06340375616,0
2025-12-25 22:00:00,16469.06340375616,0
2025-12-25 22:30:00,16469.06340375616,0
2025-12-25 23:00:00,16469.06340375616,0
2025-12-26 09:00:00,16469.06340375616,0
2025-12-26 09:30:00,16469.06340375616,0
2025-12-26 10:00:00,16469.06340375616,0
2025-12-26 10:30:00,16469.06340375616,0
2025-12-26 11:00:00,16469.06340375616,0
2025-12-26 11:30:00,16469.06340375616,0
2025-12-26 13:30:00,16469.06340375616,0
2025-12-26 14:00:00,16469.06340375616,0
2025-12-26 14:30:00,16469.06340375616,0
2025-12-26 15:00:00,16469.06340375616,0
2025-12-26 21:00:00,16469.06340375616,0
2025-12-26 21:30:00,16469.06340375616,0
2025-12-26 22:00:00,16469.06340375616,0
2025-12-26 22:30:00,16469.06340375616,0
2025-12-26 23:00:00,16469.06340375616,0
2025-12-29 09:00:00,16469.06340375616,0
2025-12-29 09:30:00,16469.06340375616,0
2025-12-29 10:00:00,16469.06340375616,0
2025-12-29 10:30:00,16469.06340375616,0
2025-12-29 11:00:00,16469.06340375616,0
2025-12-29 11:30:00,16469.06340375616,0
2025-12-29 13:30:00,16469.06340375616,0
2025-12-29 14:00:00,16469.06340375616,0
2025-12-29 14:30:00,16469.06340375616,0
2025-12-29 15:00:00,16469.06340375616,0
2025-12-29 21:00:00,16469.06340375616,0
2025-12-29 21:30:00,16469.06340375616,0
2025-12-29 22:00:00,16469.06340375616,0
2025-12-29 22:30:00,16469.06340375616,0
2025-12-29 23:00:00,16469.06340375616,0
2025-12-30 09:00:00,16469.06340375616,0
2025-12-30 09:30:00,16469.06340375616,0
2025-12-30 10:00:00,16469.06340375616,0
2025-12-30 10:30:00,16469.06340375616,0
2025-12-30 11:00:00,16469.06340375616,0
2025-12-30 11:30:00,16469.06340375616,0
2025-12-30 13:30:00,16469.06340375616,0
2025-12-30 14:00:00,16469.06340375616,0
2025-12-30 14:30:00,16469.06340375616,0
2025-12-30 15:00:00,16469.06340375616,0
2025-12-30 21:00:00,16469.06340375616,0
2025-12-30 21:30:00,16469.06340375616,0
2025-12-30 22:00:00,16469.06340375616,0
2025-12-30 22:30:00,16469.06340375616,0
2025-12-30 23:00:00,16469.06340375616,0
2025-12-31 09:00:00,16469.06340375616,0
2025-12-31 09:30:00,16469.06340375616,0
2025-12-31 10:00:00,16469.06340375616,0
2025-12-31 10:30:00,16469.06340375616,0
2025-12-31 11:00:00,16469.06340375616,0
2025-12-31 11:30:00,16469.06340375616,0
2025-12-31 13:30:00,16469.06340375616,0
2025-12-31 14:00:00,16469.06340375616,0
2025-12-31 14:30:00,16469.06340375616,0
2025-12-31 15:00:00,16469.06340375616,0
2026-01-05 09:00:00,16469.06340375616,0
2026-01-05 09:30:00,16469.06340375616,0
2026-01-05 10:00:00,16469.06340375616,0
2026-01-05 10:30:00,16469.06340375616,0
2026-01-05 11:00:00,16469.06340375616,0
2026-01-05 11:30:00,16469.06340375616,0
2026-01-05 13:30:00,16469.06340375616,0
2026-01-05 14:00:00,16469.06340375616,0
2026-01-05 14:30:00,16469.06340375616,0
2026-01-05 15:00:00,16469.06340375616,0
2026-01-05 21:00:00,16469.06340375616,0
2026-01-05 21:30:00,16469.06340375616,0
2026-01-05 22:00:00,16469.06340375616,0
2026-01-05 22:30:00,16469.06340375616,0
2026-01-05 23:00:00,16469.06340375616,0
2026-01-06 09:00:00,16469.06340375616,0
2026-01-06 09:30:00,16469.06340375616,0
2026-01-06 10:00:00,16469.06340375616,0
2026-01-06 10:30:00,16469.06340375616,0
2026-01-06 11:00:00,16469.06340375616,0
2026-01-06 11:30:00,16469.06340375616,0
2026-01-06 13:30:00,16469.06340375616,0
2026-01-06 14:00:00,16469.06340375616,0
2026-01-06 14:30:00,16469.06340375616,0
2026-01-06 15:00:00,16469.06340375616,0
2026-01-06 21:00:00,16469.06340375616,0
2026-01-06 21:30:00,16469.06340375616,0
2026-01-06 22:00:00,16469.06340375616,0
2026-01-06 22:30:00,16469.06340375616,0
2026-01-06 23:00:00,16469.06340375616,0
2026-01-07 09:00:00,16469.06340375616,0
2026-01-07 09:30:00,16469.06340375616,0
2026-01-07 10:00:00,16469.06340375616,0
2026-01-07 10:30:00,16469.06340375616,0
2026-01-07 11:00:00,16469.06340375616,0
2026-01-07 11:30:00,16469.06340375616,0
2026-01-07 13:30:00,16469.06340375616,0
2026-01-07 14:00:00,16469.06340375616,0
2026-01-07 14:30:00,16469.06340375616,0
2026-01-07 15:00:00,16469.06340375616,0
2026-01-07 21:00:00,16469.06340375616,0
2026-01-07 21:30:00,16469.06340375616,0
2026-01-07 22:00:00,16469.06340375616,0
2026-01-07 22:30:00,16469.06340375616,0
2026-01-07 23:00:00,16469.06340375616,0
2026-01-08 09:00:00,16469.06340375616,0
2026-01-08 09:30:00,16469.06340375616,0
2026-01-08 10:00:00,16469.06340375616,0
2026-01-08 10:30:00,16469.06340375616,0
2026-01-08 11:00:00,16469.06340375616,0
2026-01-08 11:30:00,16469.06340375616,0
2026-01-08 13:30:00,16469.06340375616,0
2026-01-08 14:00:00,16469.06340375616,0
2026-01-08 14:30:00,16469.06340375616,0
2026-01-08 15:00:00,16469.06340375616,0
2026-01-08 21:00:00,16469.06340375616,0
2026-01-08 21:30:00,16469.06340375616,0
2026-01-08 22:00:00,16469.06340375616,0
2026-01-08 22:30:00,16469.06340375616,0
2026-01-08 23:00:00,16469.06340375616,0
2026-01-09 09:00:00,16469.06340375616,0
2026-01-09 09:30:00,16469.06340375616,0
2026-01-09 10:00:00,16469.06340375616,0
2026-01-09 10:30:00,16469.06340375616,0
2026-01-09 11:00:00,16469.06340375616,0
2026-01-09 11:30:00,16469.06340375616,0
2026-01-09 13:30:00,16469.06340375616,0
2026-01-09 14:00:00,16469.06340375616,0
2026-01-09 14:30:00,16469.06340375616,0
2026-01-09 15:00:00,16469.06340375616,0
2026-01-09 21:00:00,16469.06340375616,0
2026-01-09 21:30:00,16469.06340375616,0
2026-01-09 22:00:00,16469.06340375616,0
2026-01-09 22:30:00,16469.06340375616,0
2026-01-09 23:00:00,16469.06340375616,0
2026-01-12 09:00:00,16469.06340375616,0
2026-01-12 09:30:00,16469.06340375616,0
2026-01-12 10:00:00,16469.06340375616,0
2026-01-12 10:30:00,16469.06340375616,0
2026-01-12 11:00:00,16469.06340375616,0
2026-01-12 11:30:00,16469.06340375616,0
2026-01-12 13:30:00,16469.06340375616,0
2026-01-12 14:00:00,16469.06340375616,0
2026-01-12 14:30:00,16469.06340375616,0
2026-01-12 15:00:00,16469.06340375616,0
2026-01-12 21:00:00,16469.06340375616,0
2026-01-12 21:30:00,16469.06340375616,0
2026-01-12 22:00:00,16469.06340375616,0
2026-01-12 22:30:00,16469.06340375616,0
2026-01-12 23:00:00,16469.06340375616,0
2026-01-13 09:00:00,16469.06340375616,0
2026-01-13 09:30:00,16469.06340375616,0
2026-01-13 10:00:00,16469.06340375616,0
2026-01-13 10:30:00,16469.06340375616,0
2026-01-13 11:00:00,16469.06340375616,0
2026-01-13 11:30:00,16469.06340375616,0
2026-01-13 13:30:00,16469.06340375616,0
2026-01-13 14:00:00,14440.943784874533,-1
2026-01-13 14:30:00,14485.974010589916,-1
2026-01-13 15:00:00,14626.830753224014,-1
2026-01-13 21:00:00,14714.969182825467,-1
2026-01-13 21:30:00,14730.619932007032,-1
2026-01-13 22:00:00,14808.873677914866,-1
2026-01-13 22:30:00,14759.99940854085,-1
2026-01-13 23:00:00,14746.270681188598,-1
2026-01-14 09:00:00,14806.951656085552,-1
2026-01-14 09:30:00,14758.077386711537,-1
2026-01-14 10:00:00,14756.155364882221,-1
2026-01-14 10:30:00,14803.10761242692,-1
2026-01-14 11:00:00,14787.456863245352,-1
2026-01-14 11:30:00,14726.775888348402,-1
2026-01-14 13:30:00,14648.247567893524,-1
2026-01-14 14:00:00,14726.501313801358,-1
2026-01-14 14:30:00,14587.56659299658,-1
2026-01-14 15:00:00,14585.644571167264,-1
2026-01-14 21:00:00,14644.403524234898,-1
2026-01-14 21:30:00,14769.609517687428,-1
2026-01-14 22:00:00,14753.958768505863,-1
2026-01-14 22:30:00,14691.355771779596,-1
2026-01-14 23:00:00,14675.70502259803,-1
2026-01-15 09:00:00,14630.674796882646,-1
2026-01-15 09:30:00,14615.024047701081,-1
2026-01-15 10:00:00,14630.674796882646,-1
2026-01-15 10:30:00,14710.850564619792,-1
2026-01-15 11:00:00,14757.80281216449,-1
2026-01-15 11:30:00,14742.152062982923,-1
2026-01-15 13:30:00,14695.199815438224,-1
2026-01-15 14:00:00,14712.772586449106,-1
2026-01-15 14:30:00,14728.42333563067,-1
2026-01-15 15:00:00,14742.15206298292,-1
2026-01-15 21:00:00,14529.082214475982,-1
2026-01-15 21:30:00,16626.994314039926,0
2026-01-15 22:00:00,16626.994314039926,0
2026-01-15 22:30:00,16626.994314039926,0
2026-01-15 23:00:00,16626.994314039926,0
2026-01-16 09:00:00,16626.994314039926,0
2026-01-16 09:30:00,16626.994314039926,0
2026-01-16 10:00:00,16626.994314039926,0
2026-01-16 10:30:00,16626.994314039926,0
2026-01-16 11:00:00,16626.994314039926,0
2026-01-16 11:30:00,16626.994314039926,0
2026-01-16 13:30:00,16626.994314039926,0
2026-01-16 14:00:00,16626.994314039926,0
2026-01-16 14:30:00,16626.994314039926,0
2026-01-16 15:00:00,16626.994314039926,0
2026-01-16 21:00:00,16626.994314039926,0
2026-01-16 21:30:00,16626.994314039926,0
2026-01-16 22:00:00,16626.994314039926,0
2026-01-16 22:30:00,16626.994314039926,0
2026-01-16 23:00:00,16626.994314039926,0
2026-01-19 09:00:00,16626.994314039926,0
2026-01-19 09:30:00,16626.994314039926,0
2026-01-19 10:00:00,16626.994314039926,0
2026-01-19 10:30:00,16626.994314039926,0
2026-01-19 11:00:00,16626.994314039926,0
2026-01-19 11:30:00,14489.59402543438,-1
2026-01-19 13:30:00,14456.370505241934,-1
2026-01-19 14:00:00,14503.322752786633,-1
2026-01-19 14:30:00,14472.0212544235,-1
2026-01-19 15:00:00,14505.244774615952,-1
2026-01-19 21:00:00,14567.847771342214,-1
2026-01-19 21:30:00,14599.149269705345,-1
2026-01-19 22:00:00,14597.227247876031,-1
2026-01-19 22:30:00,14583.498520523783,-1
2026-01-19 23:00:00,14599.149269705345,-1
2026-01-20 09:00:00,14542.312338467029,-1
2026-01-20 09:30:00,14495.36009092233,-1
2026-01-20 10:00:00,14557.963087648592,-1
2026-01-20 10:30:00,14556.041065819278,-1
2026-01-20 11:00:00,14589.264586011728,-1
2026-01-20 11:30:00,14573.61383683016,-1
2026-01-20 13:30:00,14557.963087648592,-1
2026-01-20 14:00:00,14556.041065819278,-1
2026-01-20 14:30:00,14557.963087648592,-1
2026-01-20 15:00:00,14683.169081101127,-1
2026-01-20 21:00:00,14683.169081101127,-1
2026-01-20 21:30:00,14667.518331919558,-1
2026-01-20 22:00:00,14622.488106204175,-1
2026-01-20 22:30:00,14669.440353748874,-1
2026-01-20 23:00:00,14622.488106204175,-1
2026-01-21 09:00:00,14638.138855385738,-1
2026-01-21 09:30:00,14683.169081101123,-1
2026-01-21 10:00:00,14683.169081101123,-1
2026-01-21 10:30:00,14716.39260129357,-1
2026-01-21 11:00:00,14687.013124759753,-1
2026-01-21 11:30:00,14735.887394133768,-1
2026-01-21 13:30:00,14673.284397407504,-1
2026-01-21 14:00:00,14798.490390860034,-1
2026-01-21 14:30:00,14816.063161870914,-1
2026-01-21 15:00:00,14880.588180426492,-1
2026-01-21 21:00:00,14843.520616575415,-1
2026-01-21 21:30:00,14937.425111664814,-1
2026-01-21 22:00:00,14702.663873941317,-1
2026-01-21 22:30:00,14796.568369030716,-1
2026-01-21 23:00:00,14782.839641678464,-1
2026-01-22 09:00:00,14753.460165144646,-1
2026-01-22 09:30:00,14690.857168418379,-1
2026-01-22 10:00:00,14706.507917599947,-1
2026-01-22 10:30:00,14755.382186973962,-1
2026-01-22 11:00:00,14677.12844106613,-1
2026-01-22 11:30:00,14645.826942702999,-1
2026-01-22 13:30:00,14612.603422510552,-1
2026-01-22 14:00:00,14583.223945976732,-1
2026-01-22 14:30:00,14632.098215350747,-1
2026-01-22 15:00:00,14598.8746951583,-1
2026-01-22 21:00:00,14655.711626396622,-1
2026-01-22 21:30:00,14640.060877215054,-1
2026-01-22 22:00:00,14687.013124759753,-1
2026-01-22 22:30:00,14640.060877215054,-1
2026-01-22 23:00:00,14591.186607841038,-1
2026-01-23 09:00:00,14512.932861933208,-1
2026-01-23 09:30:00,16537.808131983176,0
2026-01-23 10:00:00,16537.808131983176,0
2026-01-23 10:30:00,16537.808131983176,0
2026-01-23 11:00:00,16537.808131983176,0
2026-01-23 11:30:00,16537.808131983176,0
2026-01-23 13:30:00,16537.808131983176,0
2026-01-23 14:00:00,16537.808131983176,0
2026-01-23 14:30:00,16537.808131983176,0
2026-01-23 15:00:00,16537.808131983176,0
2026-01-23 21:00:00,16537.808131983176,0
2026-01-23 21:30:00,16537.808131983176,0
2026-01-23 22:00:00,16537.808131983176,0
2026-01-23 22:30:00,16537.808131983176,0
2026-01-23 23:00:00,16537.808131983176,0
2026-01-26 09:00:00,16537.808131983176,0
2026-01-26 09:30:00,16537.808131983176,0
2026-01-26 10:00:00,16537.808131983176,0
2026-01-26 10:30:00,16537.808131983176,0
2026-01-26 11:00:00,16537.808131983176,0
2026-01-26 11:30:00,16537.808131983176,0
2026-01-26 13:30:00,16537.808131983176,0
2026-01-26 14:00:00,16537.808131983176,0
2026-01-26 14:30:00,16537.808131983176,0
2026-01-26 15:00:00,16537.808131983176,0
2026-01-26 21:00:00,16537.808131983176,0
2026-01-26 21:30:00,16537.808131983176,0
2026-01-26 22:00:00,16537.808131983176,0
2026-01-26 22:30:00,16537.808131983176,0
2026-01-26 23:00:00,16537.808131983176,0
2026-01-27 09:00:00,16537.808131983176,0
2026-01-27 09:30:00,16537.808131983176,0
2026-01-27 10:00:00,16537.808131983176,0
2026-01-27 10:30:00,16537.808131983176,0
2026-01-27 11:00:00,16537.808131983176,0
2026-01-27 11:30:00,16537.808131983176,0
2026-01-27 13:30:00,16537.808131983176,0
2026-01-27 14:00:00,16537.808131983176,0
2026-01-27 14:30:00,16537.808131983176,0
2026-01-27 15:00:00,16537.808131983176,0
2026-01-27 21:00:00,16537.808131983176,0
2026-01-27 21:30:00,16537.808131983176,0
2026-01-27 22:00:00,16537.808131983176,0
2026-01-27 22:30:00,16537.808131983176,0
2026-01-27 23:00:00,16537.808131983176,0
2026-01-28 09:00:00,16537.808131983176,0
2026-01-28 09:30:00,16537.808131983176,0
2026-01-28 10:00:00,16537.808131983176,0
2026-01-28 10:30:00,16537.808131983176,0
2026-01-28 11:00:00,16537.808131983176,0
2026-01-28 11:30:00,16537.808131983176,0
2026-01-28 13:30:00,16537.808131983176,0
2026-01-28 14:00:00,16537.808131983176,0
2026-01-28 14:30:00,16537.808131983176,0
2026-01-28 15:00:00,16537.808131983176,0
2026-01-28 21:00:00,16537.808131983176,0
2026-01-28 21:30:00,16537.808131983176,0
2026-01-28 22:00:00,16537.808131983176,0
2026-01-28 22:30:00,16537.808131983176,0
2026-01-28 23:00:00,16537.808131983176,0
2026-01-29 09:00:00,16537.808131983176,0
2026-01-29 09:30:00,16537.808131983176,0
2026-01-29 10:00:00,16537.808131983176,0
2026-01-29 10:30:00,16537.808131983176,0
2026-01-29 11:00:00,16537.808131983176,0
2026-01-29 11:30:00,16537.808131983176,0
2026-01-29 13:30:00,16537.808131983176,0
2026-01-29 14:00:00,16537.808131983176,0
2026-01-29 14:30:00,16537.808131983176,0
2026-01-29 15:00:00,16537.808131983176,0
2026-01-29 21:00:00,16537.808131983176,0
2026-01-29 21:30:00,16537.808131983176,0
2026-01-29 22:00:00,16537.808131983176,0
2026-01-29 22:30:00,16537.808131983176,0
2026-01-29 23:00:00,16537.808131983176,0
2026-01-30 09:00:00,16537.808131983176,0
2026-01-30 09:30:00,16537.808131983176,0
2026-01-30 10:00:00,16537.808131983176,0
2026-01-30 10:30:00,16537.808131983176,0
2026-01-30 11:00:00,16537.808131983176,0
2026-01-30 11:30:00,16537.808131983176,0
2026-01-30 13:30:00,16537.808131983176,0
2026-01-30 14:00:00,16537.808131983176,0
2026-01-30 14:30:00,16537.808131983176,0
2026-01-30 15:00:00,16537.808131983176,0
2026-01-30 21:00:00,16537.808131983176,0
2026-01-30 21:30:00,16537.808131983176,0
2026-01-30 22:00:00,16537.808131983176,0
2026-01-30 22:30:00,16537.808131983176,0
2026-01-30 23:00:00,16537.808131983176,0
2026-02-02 09:00:00,16537.808131983176,0
2026-02-02 09:30:00,16537.808131983176,0
2026-02-02 10:00:00,16537.808131983176,0
2026-02-02 10:30:00,16537.808131983176,0
2026-02-02 11:00:00,16537.808131983176,0
2026-02-02 11:30:00,16537.808131983176,0
2026-02-02 13:30:00,16537.808131983176,0
2026-02-02 14:00:00,16537.808131983176,0
2026-02-02 14:30:00,16537.808131983176,0
2026-02-02 15:00:00,14388.051988760604,-1
2026-02-02 21:00:00,14311.99483922913,-1
2026-02-02 21:30:00,14108.53509986877,-1
2026-02-02 22:00:00,14092.884350687202,-1
2026-02-02 22:30:00,14126.107870879649,-1
2026-02-02 23:00:00,14143.680641890533,-1
2026-02-03 09:00:00,14174.982140253664,-1
2026-02-03 09:30:00,14096.728394345831,-1
2026-02-03 10:00:00,16146.589948176897,0
2026-02-03 10:30:00,16146.589948176897,0
2026-02-03 11:00:00,16146.589948176897,0
2026-02-03 11:30:00,16146.589948176897,0
2026-02-03 13:30:00,16146.589948176897,0
2026-02-03 14:00:00,16146.589948176897,0
2026-02-03 14:30:00,16146.589948176897,0
2026-02-03 15:00:00,16146.589948176897,0
2026-02-03 21:00:00,16146.589948176897,0
2026-02-03 21:30:00,16146.589948176897,0
2026-02-03 22:00:00,16146.589948176897,0
2026-02-03 22:30:00,16146.589948176897,0
2026-02-03 23:00:00,16146.589948176897,0
2026-02-04 09:00:00,16146.589948176897,0
2026-02-04 09:30:00,16146.589948176897,0
2026-02-04 10:00:00,16146.589948176897,0
2026-02-04 10:30:00,16146.589948176897,0
2026-02-04 11:00:00,16146.589948176897,0
2026-02-04 11:30:00,16146.589948176897,0
2026-02-04 13:30:00,16146.589948176897,0
2026-02-04 14:00:00,16146.589948176897,0
2026-02-04 14:30:00,16146.589948176897,0
2026-02-04 15:00:00,16146.589948176897,0
2026-02-04 21:00:00,16146.589948176897,0
2026-02-04 21:30:00,16146.589948176897,0
2026-02-04 22:00:00,16146.589948176897,0
2026-02-04 22:30:00,16146.589948176897,0
2026-02-04 23:00:00,16146.589948176897,0
2026-02-05 09:00:00,16146.589948176897,0
2026-02-05 09:30:00,16146.589948176897,0
2026-02-05 10:00:00,16146.589948176897,0
2026-02-05 10:30:00,16146.589948176897,0
2026-02-05 11:00:00,16146.589948176897,0
2026-02-05 11:30:00,16146.589948176897,0
2026-02-05 13:30:00,16146.589948176897,0
2026-02-05 14:00:00,16146.589948176897,0
2026-02-05 14:30:00,16146.589948176897,0
2026-02-05 15:00:00,16146.589948176897,0
2026-02-05 21:00:00,16146.589948176897,0
2026-02-05 21:30:00,16146.589948176897,0
2026-02-05 22:00:00,16146.589948176897,0
2026-02-05 22:30:00,16146.589948176897,0
2026-02-05 23:00:00,16146.589948176897,0
2026-02-06 09:00:00,16146.589948176897,0
2026-02-06 09:30:00,16146.589948176897,0
2026-02-06 10:00:00,16146.589948176897,0
2026-02-06 10:30:00,16146.589948176897,0
2026-02-06 11:00:00,16146.589948176897,0
2026-02-06 11:30:00,16146.589948176897,0
2026-02-06 13:30:00,16146.589948176897,0
2026-02-06 14:00:00,16146.589948176897,0
2026-02-06 14:30:00,16146.589948176897,0
2026-02-06 15:00:00,16146.589948176897,0
2026-02-06 21:00:00,16146.589948176897,0
2026-02-06 21:30:00,16146.589948176897,0
2026-02-06 22:00:00,16146.589948176897,0
2026-02-06 22:30:00,14112.704263807322,-1
2026-02-06 23:00:00,14145.927783999769,-1
2026-02-09 09:00:00,14024.840408752916,-1
2026-02-09 09:30:00,14134.395653023877,-1
2026-02-09 10:00:00,14071.79265629761,-1
2026-02-09 10:30:00,14071.79265629761,-1
2026-02-09 11:00:00,13962.237412026649,-1
2026-02-09 11:30:00,13901.556437129697,-1
2026-02-09 13:30:00,13696.17467594002,-1
2026-02-09 14:00:00,15769.100491722867,0
2026-02-09 14:30:00,15769.100491722867,0
2026-02-09 15:00:00,15769.100491722867,0
2026-02-09 21:00:00,15769.100491722867,0
2026-02-09 21:30:00,15769.100491722867,0
2026-02-09 22:00:00,15769.100491722867,0
2026-02-09 22:30:00,15769.100491722867,0
2026-02-09 23:00:00,15769.100491722867,0
2026-02-10 09:00:00,15769.100491722867,0
2026-02-10 09:30:00,15769.100491722867,0
2026-02-10 10:00:00,15769.100491722867,0
2026-02-10 10:30:00,15769.100491722867,0
2026-02-10 11:00:00,15769.100491722867,0
2026-02-10 11:30:00,15769.100491722867,0
2026-02-10 13:30:00,15769.100491722867,0
2026-02-10 14:00:00,15769.100491722867,0
2026-02-10 14:30:00,15769.100491722867,0
2026-02-10 15:00:00,15769.100491722867,0
2026-02-10 21:00:00,15769.100491722867,0
2026-02-10 21:30:00,13647.350952298886,-1
2026-02-10 22:00:00,13678.652450662019,-1
2026-02-10 22:30:00,13708.031927195836,-1
2026-02-10 23:00:00,13694.303199843584,-1
2026-02-11 09:00:00,13696.225221672898,-1
2026-02-11 09:30:00,13725.604698206716,-1
2026-02-11 10:00:00,13663.001701480449,-1
2026-02-11 10:30:00,13629.778181287998,-1
2026-02-11 11:00:00,13645.428930469567,-1
2026-02-11 11:30:00,13584.747955572615,-1
2026-02-11 13:30:00,13477.114733130964,-1
2026-02-11 14:00:00,13524.066980675663,-1
2026-02-11 14:30:00,13617.971475765062,-1
2026-02-11 15:00:00,13617.971475765062,-1
2026-02-11 21:00:00,13715.72001451309,-1
2026-02-11 21:30:00,13760.750240228474,-1
2026-02-11 22:00:00,13747.021512876221,-1
2026-02-11 22:30:00,13731.370763694658,-1
2026-02-11 23:00:00,13747.021512876221,-1
2026-02-12 09:00:00,13747.021512876221,-1
2026-02-12 09:30:00,13653.117017786823,-1
2026-02-12 10:00:00,13604.24274841281,-1
2026-02-12 10:30:00,13557.29050086811,-1
2026-02-12 11:00:00,13602.320726583494,-1
2026-02-12 11:30:00,13571.019228220362,-1
2026-02-12 13:30:00,13571.019228220362,-1
2026-02-12 14:00:00,13584.747955572615,-1
2026-02-12 14:30:00,13694.303199843576,-1
2026-02-12 15:00:00,13711.87597085446,-1
2026-02-12 21:00:00,13745.09949104691,-1
2026-02-12 21:30:00,13743.177469217595,-1
2026-02-12 22:00:00,13698.147243502211,-1
2026-02-12 22:30:00,13743.177469217595,-1
2026-02-12 23:00:00,13741.25544738828,-1
2026-02-13 09:00:00,13805.780465943863,-1
2026-02-13 09:30:00,13821.431215125425,-1
2026-02-13 10:00:00,13821.431215125425,-1
2026-02-13 10:30:00,13792.05173859161,-1
2026-02-13 11:00:00,13762.672262057793,-1
2026-02-13 11:30:00,13807.702487773176,-1
2026-02-13 13:30:00,13809.624509602492,-1
2026-02-13 14:00:00,13793.973760420924,-1
2026-02-13 14:30:00,13858.498778976504,-1
2026-02-13 15:00:00,14046.3077691553,-1
2026-02-24 09:00:00,14013.3588235099,-1
2026-02-24 09:30:00,14171.78833715488,-1
2026-02-24 10:00:00,14187.439086336444,-1
2026-02-24 10:30:00,14093.534591247048,-1
2026-02-24 11:00:00,13921.376350249819,-1
2026-02-24 11:30:00,13907.647622897568,-1
2026-02-24 13:30:00,13954.599870442265,-1
2026-02-24 14:00:00,13985.901368805398,-1
2026-02-24 14:30:00,14048.504365531662,-1
2026-02-24 15:00:00,14015.280845339212,-1
2026-02-24 21:00:00,13954.59987044226,-1
2026-02-24 21:30:00,13798.092378626598,-1
2026-02-24 22:00:00,15817.20158318862,0
2026-02-24 22:30:00,15817.20158318862,0
2026-02-24 23:00:00,15817.20158318862,0
2026-02-25 09:00:00,15817.20158318862,0
2026-02-25 09:30:00,15817.20158318862,0
2026-02-25 10:00:00,15817.20158318862,0
2026-02-25 10:30:00,15817.20158318862,0
2026-02-25 11:00:00,15817.20158318862,0
2026-02-25 11:30:00,15817.20158318862,0
2026-02-25 13:30:00,15817.20158318862,0
2026-02-25 14:00:00,15817.20158318862,0
2026-02-25 14:30:00,15817.20158318862,0
2026-02-25 15:00:00,15817.20158318862,0
2026-02-25 21:00:00,15817.20158318862,0
2026-02-25 21:30:00,15817.20158318862,0
2026-02-25 22:00:00,15817.20158318862,0
2026-02-25 22:30:00,15817.20158318862,0
2026-02-25 23:00:00,15817.20158318862,0
2026-02-26 09:00:00,15817.20158318862,0
2026-02-26 09:30:00,15817.20158318862,0
2026-02-26 10:00:00,15817.20158318862,0
2026-02-26 10:30:00,15817.20158318862,0
2026-02-26 11:00:00,15817.20158318862,0
2026-02-26 11:30:00,15817.20158318862,0
2026-02-26 13:30:00,15817.20158318862,0
2026-02-26 14:00:00,15817.20158318862,0
2026-02-26 14:30:00,15817.20158318862,0
2026-02-26 15:00:00,15817.20158318862,0
2026-02-26 21:00:00,15817.20158318862,0
2026-02-26 21:30:00,15817.20158318862,0
2026-02-26 22:00:00,15817.20158318862,0
2026-02-26 22:30:00,15817.20158318862,0
2026-02-26 23:00:00,15817.20158318862,0
2026-02-27 09:00:00,15817.20158318862,0
2026-02-27 09:30:00,15817.20158318862,0
2026-02-27 10:00:00,15817.20158318862,0
2026-02-27 10:30:00,15817.20158318862,0
2026-02-27 11:00:00,15817.20158318862,0
2026-02-27 11:30:00,15817.20158318862,0
2026-02-27 13:30:00,15817.20158318862,0
2026-02-27 14:00:00,15817.20158318862,0
2026-02-27 14:30:00,15817.20158318862,0
2026-02-27 15:00:00,15817.20158318862,0
2026-02-27 21:00:00,15817.20158318862,0
2026-02-27 21:30:00,15817.20158318862,0
2026-02-27 22:00:00,15817.20158318862,0
2026-02-27 22:30:00,15817.20158318862,0
2026-02-27 23:00:00,15817.20158318862,0
2026-03-02 09:00:00,15817.20158318862,0
2026-03-02 09:30:00,15817.20158318862,0
2026-03-02 10:00:00,13835.210488210554,-1
2026-03-02 10:30:00,13895.891463107502,-1
2026-03-02 11:00:00,13909.620190459751,-1
2026-03-02 11:30:00,13784.414197007221,-1
2026-03-02 13:30:00,13784.414197007221,-1
2026-03-02 14:00:00,13753.112698644089,-1
2026-03-02 14:30:00,13706.16045109939,-1
2026-03-02 15:00:00,13706.16045109939,-1
2026-03-02 21:00:00,13713.84853841665,-1
2026-03-02 21:30:00,13778.373556972232,-1
2026-03-02 22:00:00,13807.75303350605,-1
2026-03-02 22:30:00,13854.705281050748,-1
2026-03-02 23:00:00,13809.675055335365,-1
2026-03-03 09:00:00,13809.675055335365,-1
2026-03-03 09:30:00,13717.69258207528,-1
2026-03-03 10:00:00,13782.217600630864,-1
2026-03-03 10:30:00,13815.44112082331,-1
2026-03-03 11:00:00,13658.933629007644,-1
2026-03-03 11:30:00,13645.204901655392,-1
2026-03-03 13:30:00,13613.903403292261,-1
2026-03-03 14:00:00,13662.777672666274,-1
2026-03-03 14:30:00,13519.998908202862,-1
2026-03-03 15:00:00,15508.355763495842,0
2026-03-03 21:00:00,15508.355763495842,0
2026-03-03 21:30:00,15508.355763495842,0
2026-03-03 22:00:00,15508.355763495842,0
2026-03-03 22:30:00,15508.355763495842,0
2026-03-03 23:00:00,15508.355763495842,0
2026-03-04 09:00:00,15508.355763495842,0
2026-03-04 09:30:00,15508.355763495842,0
2026-03-04 10:00:00,15508.355763495842,0
2026-03-04 10:30:00,15508.355763495842,0
2026-03-04 11:00:00,15508.355763495842,0
2026-03-04 11:30:00,15508.355763495842,0
2026-03-04 13:30:00,15508.355763495842,0
2026-03-04 14:00:00,15508.355763495842,0
2026-03-04 14:30:00,15508.355763495842,0
2026-03-04 15:00:00,15508.355763495842,0
2026-03-04 21:00:00,15508.355763495842,0
2026-03-04 21:30:00,15508.355763495842,0
2026-03-04 22:00:00,15508.355763495842,0
2026-03-04 22:30:00,15508.355763495842,0
2026-03-04 23:00:00,15508.355763495842,0
2026-03-05 09:00:00,15508.355763495842,0
2026-03-05 09:30:00,15508.355763495842,0
2026-03-05 10:00:00,15508.355763495842,0
2026-03-05 10:30:00,15508.355763495842,0
2026-03-05 11:00:00,15508.355763495842,0
2026-03-05 11:30:00,15508.355763495842,0
2026-03-05 13:30:00,15508.355763495842,0
2026-03-05 14:00:00,15508.355763495842,0
2026-03-05 14:30:00,15508.355763495842,0
2026-03-05 15:00:00,15508.355763495842,0
2026-03-05 21:00:00,15508.355763495842,0
2026-03-05 21:30:00,15508.355763495842,0
2026-03-05 22:00:00,15508.355763495842,0
2026-03-05 22:30:00,15508.355763495842,0
2026-03-05 23:00:00,15508.355763495842,0
2026-03-06 09:00:00,15508.355763495842,0
2026-03-06 09:30:00,15508.355763495842,0
2026-03-06 10:00:00,15508.355763495842,0
2026-03-06 10:30:00,15508.355763495842,0
2026-03-06 11:00:00,15508.355763495842,0
2026-03-06 11:30:00,15508.355763495842,0
2026-03-06 13:30:00,15508.355763495842,0
2026-03-06 14:00:00,15508.355763495842,0
2026-03-06 14:30:00,15508.355763495842,0
2026-03-06 15:00:00,15508.355763495842,0
2026-03-06 21:00:00,15508.355763495842,0
2026-03-06 21:30:00,15508.355763495842,0
2026-03-06 22:00:00,15508.355763495842,0
2026-03-06 22:30:00,15508.355763495842,0
2026-03-06 23:00:00,15508.355763495842,0
2026-03-09 09:00:00,15508.355763495842,0
2026-03-09 09:30:00,15508.355763495842,0
2026-03-09 10:00:00,15508.355763495842,0
2026-03-09 10:30:00,15508.355763495842,0
2026-03-09 11:00:00,15508.355763495842,0
2026-03-09 11:30:00,15508.355763495842,0
2026-03-09 13:30:00,15508.355763495842,0
2026-03-09 14:00:00,15508.355763495842,0
2026-03-09 14:30:00,15508.355763495842,0
2026-03-09 15:00:00,15508.355763495842,0
2026-03-09 21:00:00,15508.355763495842,0
2026-03-09 21:30:00,15508.355763495842,0
2026-03-09 22:00:00,15508.355763495842,0
2026-03-09 22:30:00,15508.355763495842,0
2026-03-09 23:00:00,15508.355763495842,0
2026-03-10 09:00:00,15508.355763495842,0
2026-03-10 09:30:00,15508.355763495842,0
2026-03-10 10:00:00,15508.355763495842,0
2026-03-10 10:30:00,15508.355763495842,0
2026-03-10 11:00:00,15508.355763495842,0
2026-03-10 11:30:00,15508.355763495842,0
2026-03-10 13:30:00,15508.355763495842,0
2026-03-10 14:00:00,15508.355763495842,0
2026-03-10 14:30:00,15508.355763495842,0
2026-03-10 15:00:00,15508.355763495842,0
2026-03-10 21:00:00,15508.355763495842,0
2026-03-10 21:30:00,15508.355763495842,0
2026-03-10 22:00:00,15508.355763495842,0
2026-03-10 22:30:00,15508.355763495842,0
2026-03-10 23:00:00,15508.355763495842,0
2026-03-11 09:00:00,15508.355763495842,0
2026-03-11 09:30:00,15508.355763495842,0
2026-03-11 10:00:00,15508.355763495842,0
2026-03-11 10:30:00,15508.355763495842,0
2026-03-11 11:00:00,15508.355763495842,0
2026-03-11 11:30:00,15508.355763495842,0
2026-03-11 13:30:00,15508.355763495842,0
2026-03-11 14:00:00,15508.355763495842,0
2026-03-11 14:30:00,15508.355763495842,0
2026-03-11 15:00:00,15508.355763495842,0
2026-03-11 21:00:00,15508.355763495842,0
2026-03-11 21:30:00,15508.355763495842,0
2026-03-11 22:00:00,15508.355763495842,0
2026-03-11 22:30:00,15508.355763495842,0
2026-03-11 23:00:00,15508.355763495842,0
2026-03-12 09:00:00,15508.355763495842,0
2026-03-12 09:30:00,15508.355763495842,0
2026-03-12 10:00:00,15508.355763495842,0
2026-03-12 10:30:00,15508.355763495842,0
2026-03-12 11:00:00,15508.355763495842,0
2026-03-12 11:30:00,15508.355763495842,0
2026-03-12 13:30:00,15508.355763495842,0
2026-03-12 14:00:00,15508.355763495842,0
2026-03-12 14:30:00,15508.355763495842,0
2026-03-12 15:00:00,15508.355763495842,0
2026-03-12 21:00:00,15508.355763495842,0
2026-03-12 21:30:00,15508.355763495842,0
2026-03-12 22:00:00,15508.355763495842,0
2026-03-12 22:30:00,15508.355763495842,0
2026-03-12 23:00:00,15508.355763495842,0
2026-03-13 09:00:00,15508.355763495842,0
2026-03-13 09:30:00,15508.355763495842,0
2026-03-13 10:00:00,15508.355763495842,0
2026-03-13 10:30:00,15508.355763495842,0
2026-03-13 11:00:00,15508.355763495842,0
2026-03-13 11:30:00,15508.355763495842,0
2026-03-13 13:30:00,15508.355763495842,0
2026-03-13 14:00:00,15508.355763495842,0
2026-03-13 14:30:00,15508.355763495842,0
2026-03-13 15:00:00,15508.355763495842,0
2026-03-13 21:00:00,15508.355763495842,0
2026-03-13 21:30:00,15508.355763495842,0
2026-03-13 22:00:00,15508.355763495842,0
2026-03-13 22:30:00,15508.355763495842,0
2026-03-13 23:00:00,15508.355763495842,0
2026-03-16 09:00:00,15508.355763495842,0
2026-03-16 09:30:00,15508.355763495842,0
2026-03-16 10:00:00,15508.355763495842,0
2026-03-16 10:30:00,15508.355763495842,0
2026-03-16 11:00:00,15508.355763495842,0
2026-03-16 11:30:00,15508.355763495842,0
2026-03-16 13:30:00,15508.355763495842,0
2026-03-16 14:00:00,15508.355763495842,0
2026-03-16 14:30:00,15508.355763495842,0
2026-03-16 15:00:00,15508.355763495842,0
2026-03-16 21:00:00,15508.355763495842,0
2026-03-16 21:30:00,15508.355763495842,0
2026-03-16 22:00:00,15508.355763495842,0
2026-03-16 22:30:00,13332.515038303987,-1
2026-03-16 23:00:00,13285.56279075929,-1
2026-03-17 09:00:00,13256.183314225473,-1
2026-03-17 09:30:00,13256.183314225473,-1
2026-03-17 10:00:00,13160.356797306758,-1
2026-03-17 10:30:00,13207.309044851458,-1
2026-03-17 11:00:00,13252.339270566841,-1
2026-03-17 11:30:00,13189.736273840579,-1
2026-03-17 13:30:00,13205.387023022144,-1
2026-03-17 14:00:00,13158.434775477443,-1
2026-03-17 14:30:00,13250.417248737527,-1
2026-03-17 15:00:00,13326.748972816044,-1
2026-03-17 21:00:00,13254.261292396157,-1
2026-03-17 21:30:00,13269.912041577725,-1
2026-03-17 22:00:00,13222.959794033026,-1
2026-03-17 22:30:00,13254.261292396157,-1
2026-03-17 23:00:00,13283.640768929978,-1
2026-03-18 09:00:00,13301.21353994086,-1
2026-03-18 09:30:00,13377.545264019376,-1
2026-03-18 10:00:00,13549.703505016605,-1
2026-03-18 10:30:00,13612.306501742873,-1
2026-03-18 11:00:00,13676.83152029845,-1
2026-03-18 11:30:00,13647.452043764635,-1
2026-03-18 13:30:00,13649.37406559395,-1
2026-03-18 14:00:00,13633.723316412386,-1
2026-03-18 14:30:00,13647.452043764639,-1
2026-03-18 15:00:00,13710.0550404909,-1
2026-03-18 21:00:00,13700.719505891368,-1
2026-03-18 21:30:00,13716.370255072936,-1
2026-03-18 22:00:00,13810.274750162334,-1
2026-03-18 22:30:00,13794.624000980766,-1
2026-03-18 23:00:00,13794.624000980766,-1
2026-03-19 09:00:00,13792.70197915145,-1
2026-03-19 09:30:00,13841.576248525465,-1
2026-03-19 10:00:00,13810.274750162334,-1
2026-03-19 10:30:00,13886.606474240849,-1
2026-03-19 11:00:00,13933.558721785548,-1
2026-03-19 11:30:00,13966.782241977995,-1
2026-03-19 13:30:00,13921.752016262612,-1
2026-03-19 14:00:00,13984.355012988879,-1
2026-03-19 14:30:00,13984.355012988879,-1
2026-03-19 15:00:00,13876.721790547232,-1
2026-03-19 21:00:00,13915.711376227628,-1
2026-03-19 21:30:00,13978.31437295389,-1
2026-03-19 22:00:00,13992.043100306139,-1
2026-03-19 22:30:00,13958.819580113688,-1
2026-03-19 23:00:00,13976.392351124572,-1
2026-03-20 09:00:00,13947.012874590755,-1
2026-03-20 09:30:00,13900.060627046056,-1
2026-03-20 10:00:00,13837.457630319788,-1
2026-03-20 10:30:00,13898.138605216736,-1
2026-03-20 11:00:00,13837.457630319785,-1
2026-03-20 11:30:00,13821.806881138222,-1
2026-03-20 13:30:00,13837.457630319785,-1
2026-03-20 14:00:00,13839.3796521491,-1
2026-03-20 14:30:00,13856.952423159979,-1
2026-03-20 15:00:00,13966.507667430946,-1
2026-03-20 21:00:00,14017.303958634275,-1
2026-03-20 21:30:00,13753.163244376963,-1
2026-03-20 22:00:00,13706.210996832264,-1
2026-03-20 22:30:00,13500.829235642588,-1
2026-03-20 23:00:00,15556.456854961598,0
2026-03-23 09:00:00,15556.456854961598,0
2026-03-23 09:30:00,15556.456854961598,0
2026-03-23 10:00:00,15556.456854961598,0
2026-03-23 10:30:00,15556.456854961598,0
2026-03-23 11:00:00,15556.456854961598,0
2026-03-23 11:30:00,15556.456854961598,0
2026-03-23 13:30:00,15556.456854961598,0
2026-03-23 14:00:00,15556.456854961598,0
2026-03-23 14:30:00,15556.456854961598,0
2026-03-23 15:00:00,15556.456854961598,0
2026-03-23 21:00:00,15556.456854961598,0
2026-03-23 21:30:00,15556.456854961598,0
2026-03-23 22:00:00,15556.456854961598,0
2026-03-23 22:30:00,15556.456854961598,0
2026-03-23 23:00:00,15556.456854961598,0
2026-03-24 09:00:00,15556.456854961598,0
2026-03-24 09:30:00,15556.456854961598,0
2026-03-24 10:00:00,15556.456854961598,0
2026-03-24 10:30:00,15556.456854961598,0
2026-03-24 11:00:00,15556.456854961598,0
2026-03-24 11:30:00,15556.456854961598,0
2026-03-24 13:30:00,15556.456854961598,0
2026-03-24 14:00:00,15556.456854961598,0
2026-03-24 14:30:00,15556.456854961598,0
2026-03-24 15:00:00,15556.456854961598,0
2026-03-24 21:00:00,15556.456854961598,0
2026-03-24 21:30:00,15556.456854961598,0
2026-03-24 22:00:00,15556.456854961598,0
2026-03-24 22:30:00,15556.456854961598,0
2026-03-24 23:00:00,15556.456854961598,0
2026-03-25 09:00:00,15556.456854961598,0
2026-03-25 09:30:00,13508.567868692728,-1
2026-03-25 10:00:00,13477.266370329595,-1
2026-03-25 10:30:00,13479.18839215891,-1
2026-03-25 11:00:00,13465.459664806662,-1
2026-03-25 11:30:00,13449.808915625094,-1
2026-03-25 13:30:00,13418.507417261962,-1
2026-03-25 14:00:00,13420.429439091278,-1
2026-03-25 14:30:00,13404.77868990971,-1
2026-03-25 15:00:00,13391.049962557458,-1
2026-03-25 21:00:00,13451.73093745441,-1
2026-03-25 21:30:00,13606.31640744076,-1
2026-03-25 22:00:00,13621.967156622324,-1
2026-03-25 22:30:00,13606.31640744076,-1
2026-03-25 23:00:00,13606.31640744076,-1
2026-03-26 09:00:00,13588.743636429877,-1
2026-03-26 09:30:00,13575.014909077625,-1
2026-03-26 10:00:00,13747.173150074854,-1
2026-03-26 10:30:00,13778.474648437988,-1
2026-03-26 11:00:00,13809.776146801121,-1
2026-03-26 11:30:00,13827.348917812,-1
2026-03-26 13:30:00,13809.776146801118,-1
2026-03-26 14:00:00,13807.854124971802,-1
2026-03-26 14:30:00,13856.728394345817,-1
2026-03-26 15:00:00,13747.17315007485,-1
2026-03-26 21:00:00,13758.979855597787,-1
2026-03-26 21:30:00,13915.48734741345,-1
2026-03-26 22:00:00,13854.806372516498,-1
2026-03-26 22:30:00,13854.806372516498,-1
2026-03-26 23:00:00,13774.630604779348,-1
2026-03-27 09:00:00,13727.678357234649,-1
2026-03-27 09:30:00,13649.424611326818,-1
2026-03-27 10:00:00,13729.600379063964,-1
2026-03-27 10:30:00,13729.600379063964,-1
2026-03-27 11:00:00,13807.854124971795,-1
2026-03-27 11:30:00,13713.949629882396,-1
2026-03-27 13:30:00,13682.648131519265,-1
2026-03-27 14:00:00,13684.570153348579,-1
2026-03-27 14:30:00,13651.346633156132,-1
2026-03-27 15:00:00,13682.648131519265,-1
2026-03-27 21:00:00,13719.990269917387,-1
2026-03-27 21:30:00,13751.29176828052,-1
2026-03-27 22:00:00,13766.942517462086,-1
2026-03-27 22:30:00,13782.593266643651,-1
2026-03-27 23:00:00,13784.515288472967,-1
2026-03-30 09:00:00,13792.477950337274,-1
2026-03-30 09:30:00,13684.844727895623,-1
2026-03-30 10:00:00,13749.3697464512,-1
2026-03-30 10:30:00,13747.447724621885,-1
2026-03-30 11:00:00,13780.671244814335,-1
2026-03-30 11:30:00,13780.671244814335,-1
2026-03-30 13:30:00,13735.641019098952,-1
2026-03-30 14:00:00,13690.610793383568,-1
2026-03-30 14:30:00,13674.960044202004,-1
2026-03-30 15:00:00,13753.213790109834,-1
2026-03-30 21:00:00,13802.088059483849,-1
2026-03-30 21:30:00,13880.341805391683,-1
2026-03-30 22:00:00,13911.643303754816,-1
2026-03-30 22:30:00,13911.643303754816,-1
2026-03-30 23:00:00,13911.643303754816,-1
2026-03-31 09:00:00,13878.419783562369,-1
2026-03-31 09:30:00,14036.849297207345,-1
2026-03-31 10:00:00,14019.276526196467,-1
2026-03-31 10:30:00,13987.97502783333,-1
2026-03-31 11:00:00,13974.246300481078,-1
2026-03-31 11:30:00,14066.228773741163,-1
2026-03-31 13:30:00,14064.306751911847,-1
2026-03-31 14:00:00,14017.354504367147,-1
2026-03-31 14:30:00,14111.258999456546,-1
2026-03-31 15:00:00,14095.608250274978,-1
2026-03-31 21:00:00,14162.055290659875,-1
2026-03-31 21:30:00,14238.387014738395,-1
2026-03-31 22:00:00,14238.387014738395,-1
2026-03-31 22:30:00,14255.959785749277,-1
2026-03-31 23:00:00,14240.309036567709,-1
2026-04-01 09:00:00,14224.658287386146,-1
2026-04-01 09:30:00,14224.658287386146,-1
2026-04-01 10:00:00,14130.753792296748,-1
2026-04-01 10:30:00,14038.771319036667,-1
2026-04-01 11:00:00,14068.150795570482,-1
2026-04-01 11:30:00,14130.75379229675,-1
2026-04-01 13:30:00,14177.706039841449,-1
2026-04-01 14:00:00,14336.135553486429,-1
2026-04-01 14:30:00,14381.165779201812,-1
2026-04-01 15:00:00,14381.165779201812,-1
2026-04-01 21:00:00,14420.429939429252,-1
2026-04-01 21:30:00,14436.080688610818,-1
2026-04-01 22:00:00,14467.382186973951,-1
2026-04-01 22:30:00,14467.382186973951,-1
2026-04-01 23:00:00,14438.002710440134,-1
2026-04-02 09:00:00,14408.623233906317,-1
2026-04-02 09:30:00,14361.670986361618,-1
2026-04-02 10:00:00,14441.846754098764,-1
2026-04-02 10:30:00,14424.273983087884,-1
2026-04-02 11:00:00,14457.497503280334,-1
2026-04-02 11:30:00,14441.846754098766,-1
2026-04-02 13:30:00,14426.1960049172,-1
2026-04-02 14:00:00,14471.226230632583,-1
2026-04-02 14:30:00,14596.432224085112,-1
2026-04-02 15:00:00,14361.670986361616,-1
2026-04-02 21:00:00,14422.351961258568,-1
2026-04-02 21:30:00,14625.81170061893,-1
2026-04-02 22:00:00,14610.160951437365,-1
2026-04-02 22:30:00,14641.462449800498,-1
2026-04-02 23:00:00,14578.85945307423,-1
2026-04-03 09:00:00,14608.238929608047,-1
2026-04-03 09:30:00,14592.588180426479,-1
2026-04-03 10:00:00,14606.316907778728,-1
2026-04-03 10:30:00,14637.618406141863,-1
2026-04-03 11:00:00,14653.269155323427,-1
2026-04-03 11:30:00,14684.570653686562,-1
2026-04-03 13:30:00,14684.570653686562,-1
2026-04-03 14:00:00,14700.221402868126,-1
2026-04-03 14:30:00,14698.29938103881,-1
2026-04-03 15:00:00,14821.583352662026,-1
2026-04-07 09:00:00,14743.329606754196,-1
2026-04-07 09:30:00,14758.980355935762,-1
2026-04-07 10:00:00,14821.583352662026,-1
2026-04-07 10:30:00,14931.138596932993,-1
2026-04-07 11:00:00,14852.884851025157,-1
2026-04-07 11:30:00,14788.359832469576,-1
2026-04-07 13:30:00,14788.359832469576,-1
2026-04-07 14:00:00,14929.216575103674,-1
2026-04-07 14:30:00,14911.643804092795,-1
2026-04-07 15:00:00,14974.246800819057,-1
2026-04-07 21:00:00,15042.890437580312,-1
2026-04-07 21:30:00,14995.938190035613,-1
2026-04-07 22:00:00,15011.588939217181,-1
2026-04-07 22:30:00,15027.23968839875,-1
2026-04-07 23:00:00,14995.938190035613,-1
2026-04-08 09:00:00,15034.927775716005,-1
2026-04-08 09:30:00,14876.498262071025,-1
2026-04-08 10:00:00,14737.563541266243,-1
2026-04-08 10:30:00,14751.292268618496,-1
2026-04-08 11:00:00,14782.593766981627,-1
2026-04-08 11:30:00,14784.515788810942,-1
2026-04-08 13:30:00,14798.244516163195,-1
2026-04-08 14:00:00,14815.817287174073,-1
2026-04-08 14:30:00,14862.769534718773,-1
2026-04-08 15:00:00,14833.390058184952,-1
2026-04-08 21:00:00,14766.668443253013,-1
2026-04-08 21:30:00,14764.746421423697,-1
2026-04-08 22:00:00,14780.397170605265,-1
2026-04-08 22:30:00,14811.698668968396,-1
2026-04-08 23:00:00,14735.366944889882,-1
2026-04-09 09:00:00,14751.017694071445,-1
2026-04-09 09:30:00,14829.27143997928,-1
2026-04-09 10:00:00,14735.366944889882,-1
2026-04-09 10:30:00,14766.668443253013,-1
2026-04-09 11:00:00,14780.397170605265,-1
2026-04-09 11:30:00,14766.668443253013,-1
2026-04-09 13:30:00,14751.017694071445,-1
2026-04-09 14:00:00,14737.288966719192,-1
2026-04-09 14:30:00,14770.512486911639,-1
2026-04-09 15:00:00,14835.037505467222,-1
2026-04-09 21:00:00,15001.429680976506,-1
2026-04-09 21:30:00,15048.381928521205,-1
2026-04-09 22:00:00,15003.351702805821,-1
2026-04-09 22:30:00,14958.321477090436,-1
2026-04-09 23:00:00,14989.622975453569,-1
2026-04-10 09:00:00,14991.544997282883,-1
2026-04-10 09:30:00,14848.766232819475,-1
2026-04-10 10:00:00,14880.067731182606,-1
2026-04-10 10:30:00,14866.339003830353,-1
2026-04-10 11:00:00,14850.688254648785,-1
2026-04-10 11:30:00,14788.085257922523,-1
2026-04-10 13:30:00,14833.115483637906,-1
2026-04-10 14:00:00,14880.067731182606,-1
2026-04-10 14:30:00,14895.718480364174,-1
2026-04-10 15:00:00,14958.321477090436,-1
2026-04-10 21:00:00,14970.12818261337,-1
2026-04-10 21:30:00,15001.429680976506,-1
2026-04-10 22:00:00,14970.12818261337,-1
2026-04-10 22:30:00,14860.572938342408,-1
2026-04-10 23:00:00,14844.92218916084,-1
2026-04-13 09:00:00,14886.108371217593,-1
2026-04-13 09:30:00,14948.71136794386,-1
2026-04-13 10:00:00,15011.314364670125,-1
2026-04-13 10:30:00,15058.266612214824,-1
2026-04-13 11:00:00,14995.66361548856,-1
2026-04-13 11:30:00,15011.314364670125,-1
2026-04-13 13:30:00,14981.934888136308,-1
2026-04-13 14:00:00,14999.50765914719,-1
2026-04-13 14:30:00,15030.809157510323,-1
2026-04-13 15:00:00,15093.412154236588,-1
2026-04-13 21:00:00,15030.809157510323,-1
2026-04-13 21:30:00,14905.603164057791,-1
2026-04-13 22:00:00,14952.55541160249,-1
2026-04-13 22:30:00,14921.25391323936,-1
2026-04-13 23:00:00,14936.904662420928,-1
2026-04-15 09:00:00,15529.419758453634,-1
2026-04-15 09:30:00,15548.874283520667,-1
2026-04-15 10:00:00,15519.692495920115,-1
2026-04-15 10:30:00,15519.692495920115,-1
2026-04-15 11:00:00,15511.159809487204,-1
2026-04-15 11:30:00,15501.432546953687,-1
2026-04-15 13:30:00,15501.432546953687,-1
2026-04-15 14:00:00,15511.159809487204,-1
2026-04-15 14:30:00,15520.887072020723,-1
2026-04-15 15:00:00,15472.250759353139,-1
2026-04-15 21:00:00,15472.250759353139,-1
2026-04-15 21:30:00,15502.627123054293,-1
2026-04-15 22:00:00,15540.341597087752,-1
2026-04-15 22:30:00,15550.06885962127,-1
2026-04-15 23:00:00,15539.147020987144,-1
2026-04-16 09:00:00,15568.328808587692,-1
2026-04-16 09:30:00,15596.316020087635,-1
2026-04-16 10:00:00,15614.57596905406,-1
2026-04-16 10:30:00,15604.848706520543,-1
2026-04-16 11:00:00,15634.030494121089,-1
2026-04-16 11:30:00,15643.757756654608,-1
2026-04-16 13:30:00,15643.757756654608,-1
2026-04-16 14:00:00,15653.485019188125,-1
2026-04-16 14:30:00,15672.939544255158,-1
2026-04-16 15:00:00,15595.121443987027,-1
2026-04-16 21:00:00,15653.485019188125,-1
2026-04-16 21:30:00,15711.848594389223,-1
2026-04-16 22:00:00,15702.12133185571,-1
2026-04-16 22:30:00,15702.12133185571,-1
2026-04-16 23:00:00,15710.65401828862,-1
2026-04-17 09:00:00,15690.00491712098,-1
2026-04-17 09:30:00,15660.82312952043,-1
2026-04-17 10:00:00,15670.550392053947,-1
2026-04-17 10:30:00,15641.3686044534,-1
2026-04-17 11:00:00,15418.836142283131,-1
2026-04-17 11:30:00,16686.1729070396,0
2026-04-17 13:30:00,16686.1729070396,0
2026-04-17 14:00:00,16686.1729070396,0
2026-04-17 14:30:00,16686.1729070396,0
2026-04-17 15:00:00,16686.1729070396,0
2026-04-17 21:00:00,16686.1729070396,0
2026-04-17 21:30:00,16686.1729070396,0
2026-04-17 22:00:00,16686.1729070396,0
2026-04-17 22:30:00,16686.1729070396,0
2026-04-17 23:00:00,16686.1729070396,0
2026-04-20 09:00:00,16686.1729070396,0
2026-04-20 09:30:00,16686.1729070396,0
2026-04-20 10:00:00,16686.1729070396,0
2026-04-20 10:30:00,16686.1729070396,0
2026-04-20 11:00:00,16686.1729070396,0
2026-04-20 11:30:00,16686.1729070396,0
2026-04-20 13:30:00,16686.1729070396,0
2026-04-20 14:00:00,16686.1729070396,0
2026-04-20 14:30:00,16686.1729070396,0
2026-04-20 15:00:00,16686.1729070396,0
2026-04-20 21:00:00,16686.1729070396,0
2026-04-20 21:30:00,16686.1729070396,0
2026-04-20 22:00:00,16686.1729070396,0
2026-04-20 22:30:00,16686.1729070396,0
2026-04-20 23:00:00,16686.1729070396,0
2026-04-21 09:00:00,16686.1729070396,0
2026-04-21 09:30:00,16686.1729070396,0
2026-04-21 10:00:00,16686.1729070396,0
2026-04-21 10:30:00,16686.1729070396,0
2026-04-21 11:00:00,16686.1729070396,0
2026-04-21 11:30:00,16686.1729070396,0
2026-04-21 13:30:00,16686.1729070396,0
2026-04-21 14:00:00,16686.1729070396,0
2026-04-21 14:30:00,15369.470912453868,-1
2026-04-21 15:00:00,15358.549073819742,-1
2026-04-21 21:00:00,15348.821811286223,-1
2026-04-21 21:30:00,15367.08176025265,-1
2026-04-21 22:00:00,15356.159921618528,-1
2026-04-21 22:30:00,15364.692608051439,-1
2026-04-21 23:00:00,15373.22529448435,-1
2026-04-22 09:00:00,15412.134344618415,-1
2026-04-22 09:30:00,15373.22529448435,-1
2026-04-22 10:00:00,15333.121668249676,-1
2026-04-22 10:30:00,15333.121668249676,-1
2026-04-22 11:00:00,15313.667143182643,-1
2026-04-22 11:30:00,15303.93988064913,-1
2026-04-22 13:30:00,15313.667143182647,-1
2026-04-22 14:00:00,15323.394405716166,-1
2026-04-22 14:30:00,15322.199829615558,-1
2026-04-22 15:00:00,15311.277990981433,-1
2026-04-22 21:00:00,15304.110534377789,-1
2026-04-22 21:30:00,16586.976788442153,0
2026-04-22 22:00:00,16586.976788442153,0
2026-04-22 22:30:00,16586.976788442153,0
2026-04-22 23:00:00,16586.976788442153,0
2026-04-23 09:00:00,16586.976788442153,0
2026-04-23 09:30:00,16586.976788442153,0
2026-04-23 10:00:00,16586.976788442153,0
2026-04-23 10:30:00,16586.976788442153,0
2026-04-23 11:00:00,16586.976788442153,0
2026-04-23 11:30:00,16586.976788442153,0
2026-04-23 13:30:00,16586.976788442153,0
2026-04-23 14:00:00,16586.976788442153,0
2026-04-23 14:30:00,16586.976788442153,0
2026-04-23 15:00:00,16586.976788442153,0
2026-04-23 21:00:00,16586.976788442153,0
2026-04-23 21:30:00,16586.976788442153,0
2026-04-23 22:00:00,16586.976788442153,0
2026-04-23 22:30:00,16586.976788442153,0
2026-04-23 23:00:00,16586.976788442153,0
2026-04-24 09:00:00,16586.976788442153,0
2026-04-24 09:30:00,16586.976788442153,0
2026-04-24 10:00:00,16586.976788442153,0
2026-04-24 10:30:00,15271.640023685684,-1
2026-04-24 11:00:00,15241.263659984526,-1
2026-04-24 11:30:00,15259.52360895095,-1
2026-04-24 13:30:00,15268.056295383862,-1
2026-04-24 14:00:00,15277.78355791738,-1
2026-04-24 14:30:00,15286.316244350292,-1
2026-04-24 15:00:00,15316.692608051446,-1
2026-04-24 21:00:00,15356.796234286117,-1
2026-04-24 21:30:00,15238.874507783315,-1
2026-04-24 22:00:00,15259.523608950954,-1
2026-04-24 22:30:00,15278.978134017987,-1
2026-04-24 23:00:00,15259.523608950954,-1
2026-04-27 09:00:00,15298.43265908502,-1
2026-04-27 09:30:00,15338.536285319693,-1
2026-04-27 10:00:00,15281.367286219202,-1
2026-04-27 10:30:00,15302.016387386842,-1
2026-04-27 11:00:00,15302.016387386842,-1
2026-04-27 11:30:00,15292.289124853327,-1
2026-04-27 13:30:00,15300.821811286238,-1
2026-04-27 14:00:00,15320.27633635327,-1
2026-04-27 14:30:00,15328.809022786178,-1
2026-04-27 15:00:00,15357.99081038673,-1
2026-04-27 21:00:00,15348.26354785321,-1
2026-04-27 21:30:00,15416.354385587827,-1
2026-04-27 22:00:00,15485.63979942305,-1
2026-04-27 22:30:00,15485.63979942305,-1
2026-04-27 23:00:00,15506.288900590689,-1
2026-04-28 09:00:00,15488.028951624265,-1
2026-04-28 09:30:00,15585.301576959428,-1
2026-04-28 10:00:00,15633.93788962701,-1
2026-04-28 10:30:00,15625.4052031941,-1
2026-04-28 11:00:00,15644.859728261134,-1
2026-04-28 11:30:00,15607.145254227675,-1
2026-04-28 13:30:00,15625.4052031941,-1
2026-04-28 14:00:00,15615.677940660582,-1
2026-04-28 14:30:00,15624.210627093493,-1
2026-04-28 15:00:00,15642.470576059917,-1
2026-04-28 21:00:00,15668.068635358646,-1
2026-04-28 21:30:00,15688.717736526287,-1
2026-04-28 22:00:00,15630.35416132519,-1
2026-04-28 22:30:00,15649.808686392222,-1
2026-04-28 23:00:00,15688.717736526287,-1
2026-04-29 09:00:00,15687.52316042568,-1
2026-04-29 09:30:00,15706.977685492713,-1
2026-04-29 10:00:00,15716.70494802623,-1
2026-04-29 10:30:00,15706.977685492713,-1
2026-04-29 11:00:00,15705.783109392105,-1
2026-04-29 11:30:00,15697.250422959194,-1
2026-04-29 13:30:00,15697.250422959194,-1
2026-04-29 14:00:00,15715.51037192562,-1
2026-04-29 14:30:00,15696.055846858588,-1
2026-04-29 15:00:00,15726.432210559742,-1
2026-04-29 21:00:00,15726.432210559742,-1
2026-04-29 21:30:00,15765.341260693807,-1
2026-04-29 22:00:00,15775.068523227324,-1
2026-04-29 22:30:00,15775.068523227324,-1
2026-04-29 23:00:00,15785.99036186145,-1
2026-04-30 09:00:00,15784.795785760844,-1
2026-04-30 09:30:00,15706.977685492713,-1
2026-04-30 10:00:00,15708.17226159332,-1
2026-04-30 10:30:00,15726.432210559746,-1
2026-04-30 11:00:00,15601.17237372464,-1
2026-04-30 11:30:00,16829.088127161067,0
2026-04-30 13:30:00,16829.088127161067,0
2026-04-30 14:00:00,16829.088127161067,0
2026-04-30 14:30:00,16829.088127161067,0
2026-04-30 15:00:00,16829.088127161067,0
2026-05-06 09:00:00,16829.088127161067,0
2026-05-06 09:30:00,16829.088127161067,0
2026-05-06 10:00:00,16829.088127161067,0
2026-05-06 10:30:00,16829.088127161067,0
2026-05-06 11:00:00,16829.088127161067,0
2026-05-06 11:30:00,16829.088127161067,0
2026-05-06 13:30:00,16829.088127161067,0
2026-05-06 14:00:00,16829.088127161067,0
2026-05-06 14:30:00,16829.088127161067,0
2026-05-06 15:00:00,16829.088127161067,0
2026-05-06 21:00:00,16829.088127161067,0
2026-05-06 21:30:00,16829.088127161067,0
2026-05-06 22:00:00,16829.088127161067,0
2026-05-06 22:30:00,16829.088127161067,0
2026-05-06 23:00:00,16829.088127161067,0
2026-05-07 09:00:00,16829.088127161067,0
2026-05-07 09:30:00,16829.088127161067,0
2026-05-07 10:00:00,16829.088127161067,0
2026-05-07 10:30:00,16829.088127161067,0
2026-05-07 11:00:00,16829.088127161067,0
2026-05-07 11:30:00,16829.088127161067,0
2026-05-07 13:30:00,16829.088127161067,0
2026-05-07 14:00:00,16829.088127161067,0
2026-05-07 14:30:00,16829.088127161067,0
2026-05-07 15:00:00,16829.088127161067,0
2026-05-07 21:00:00,16829.088127161067,0
2026-05-07 21:30:00,16829.088127161067,0
2026-05-07 22:00:00,16829.088127161067,0
2026-05-07 22:30:00,16829.088127161067,0
2026-05-07 23:00:00,16829.088127161067,0
2026-05-08 09:00:00,16829.088127161067,0
2026-05-08 09:30:00,16829.088127161067,0
2026-05-08 10:00:00,16829.088127161067,0
2026-05-08 10:30:00,16829.088127161067,0
2026-05-08 11:00:00,16829.088127161067,0
2026-05-08 11:30:00,16829.088127161067,0
2026-05-08 13:30:00,16829.088127161067,0
2026-05-08 14:00:00,16829.088127161067,0
2026-05-08 14:30:00,16829.088127161067,0
2026-05-08 15:00:00,16829.088127161067,0
2026-05-08 21:00:00,16829.088127161067,0
2026-05-08 21:30:00,16829.088127161067,0
2026-05-08 22:00:00,16829.088127161067,0
2026-05-08 22:30:00,16829.088127161067,0
2026-05-08 23:00:00,16829.088127161067,0
2026-05-11 09:00:00,16829.088127161067,0
2026-05-11 09:30:00,16829.088127161067,0
2026-05-11 10:00:00,16829.088127161067,0
2026-05-11 10:30:00,16829.088127161067,0
2026-05-11 11:00:00,16829.088127161067,0
2026-05-11 11:30:00,16829.088127161067,0
2026-05-11 13:30:00,16829.088127161067,0
2026-05-11 14:00:00,16829.088127161067,0
2026-05-11 14:30:00,16829.088127161067,0
2026-05-11 15:00:00,16829.088127161067,0
2026-05-11 21:00:00,16829.088127161067,0
2026-05-11 21:30:00,16829.088127161067,0
2026-05-11 22:00:00,16829.088127161067,0
2026-05-11 22:30:00,16829.088127161067,0
2026-05-11 23:00:00,16829.088127161067,0
2026-05-12 09:00:00,16829.088127161067,0
2026-05-12 09:30:00,16829.088127161067,0
2026-05-12 10:00:00,16829.088127161067,0
2026-05-12 10:30:00,16829.088127161067,0
2026-05-12 11:00:00,16829.088127161067,0
2026-05-12 11:30:00,16829.088127161067,0
2026-05-12 13:30:00,16829.088127161067,0
2026-05-12 14:00:00,16829.088127161067,0
2026-05-12 14:30:00,16829.088127161067,0
2026-05-12 15:00:00,16829.088127161067,0
2026-05-12 21:00:00,16829.088127161067,0
2026-05-12 21:30:00,16829.088127161067,0
2026-05-12 22:00:00,16829.088127161067,0
2026-05-12 22:30:00,16829.088127161067,0
2026-05-12 23:00:00,16829.088127161067,0
2026-05-13 09:00:00,16829.088127161067,0
2026-05-13 09:30:00,16829.088127161067,0
2026-05-13 10:00:00,16829.088127161067,0
2026-05-13 10:30:00,16829.088127161067,0
2026-05-13 11:00:00,16829.088127161067,0
2026-05-13 11:30:00,16829.088127161067,0
2026-05-13 13:30:00,16829.088127161067,0
2026-05-13 14:00:00,16829.088127161067,0
2026-05-13 14:30:00,16829.088127161067,0
2026-05-13 15:00:00,16829.088127161067,0
2026-05-13 21:00:00,16829.088127161067,0
2026-05-13 21:30:00,16829.088127161067,0
2026-05-13 22:00:00,16829.088127161067,0
2026-05-13 22:30:00,16829.088127161067,0
2026-05-13 23:00:00,16829.088127161067,0
2026-05-14 09:00:00,16829.088127161067,0
2026-05-14 09:30:00,16829.088127161067,0
2026-05-14 10:00:00,16829.088127161067,0
2026-05-14 10:30:00,16829.088127161067,0
2026-05-14 11:00:00,16829.088127161067,0
2026-05-14 11:30:00,16829.088127161067,0
2026-05-14 13:30:00,16829.088127161067,0
2026-05-14 14:00:00,16829.088127161067,0
2026-05-14 14:30:00,16829.088127161067,0
2026-05-14 15:00:00,16829.088127161067,0
2026-05-14 21:00:00,16829.088127161067,0
2026-05-14 21:30:00,16829.088127161067,0
2026-05-14 22:00:00,16829.088127161067,0
2026-05-14 22:30:00,16829.088127161067,0
2026-05-14 23:00:00,16829.088127161067,0
2026-05-15 09:00:00,16829.088127161067,0
2026-05-15 09:30:00,16829.088127161067,0
2026-05-15 10:00:00,16829.088127161067,0
2026-05-15 10:30:00,16829.088127161067,0
2026-05-15 11:00:00,16829.088127161067,0
2026-05-15 11:30:00,16829.088127161067,0
2026-05-15 13:30:00,16829.088127161067,0
2026-05-15 14:00:00,16829.088127161067,0
2026-05-15 14:30:00,16829.088127161067,0
2026-05-15 15:00:00,15566.312710831318,-1
2026-05-15 21:00:00,15573.65082116362,-1
2026-05-15 21:30:00,15591.910770130044,-1
2026-05-15 22:00:00,15553.001719995978,-1
2026-05-15 22:30:00,15572.456245063011,-1
2026-05-15 23:00:00,15580.988931495922,-1
2026-05-18 09:00:00,15621.092557730595,-1
2026-05-18 09:30:00,15728.092445599275,-1
2026-05-18 10:00:00,15601.638032663563,-1
2026-05-18 10:30:00,15553.001719995978,-1
2026-05-18 11:00:00,15523.819932395429,-1
2026-05-18 11:30:00,15554.196296096587,-1
2026-05-18 13:30:00,15554.196296096587,-1
2026-05-18 14:00:00,15533.547194928946,-1
2026-05-18 14:30:00,15553.001719995978,-1
2026-05-18 15:00:00,15582.18350759653,-1
2026-05-18 21:00:00,15599.248880462348,-1
2026-05-18 21:30:00,15638.157930596413,-1
2026-05-18 22:00:00,15629.625244163506,-1
2026-05-18 22:30:00,15649.079769230539,-1
2026-05-18 23:00:00,15639.352506697023,-1
2026-05-19 09:00:00,15630.819820264112,-1
2026-05-19 09:30:00,15670.923446498786,-1
2026-05-19 10:00:00,15670.923446498786,-1
2026-05-19 10:30:00,15701.29981019994,-1
2026-05-19 11:00:00,15719.559759166365,-1
2026-05-19 11:30:00,15729.28702169988,-1
2026-05-19 13:30:00,15709.832496632847,-1
2026-05-19 14:00:00,15690.377971565815,-1
2026-05-19 14:30:00,15729.28702169988,-1
2026-05-19 15:00:00,15739.014284233397,-1
2026-05-19 21:00:00,15763.417767431516,-1
2026-05-19 21:30:00,15802.326817565581,-1
2026-05-19 22:00:00,15753.690504897997,-1
2026-05-19 22:30:00,15784.066868599151,-1
2026-05-19 23:00:00,15774.339606065634,-1
2026-05-20 09:00:00,15802.326817565578,-1
2026-05-20 09:30:00,15791.404978931456,-1
2026-05-20 10:00:00,15812.054080099095,-1
2026-05-20 10:30:00,15842.430443800253,-1
2026-05-20 11:00:00,15822.97591873322,-1
2026-05-20 11:30:00,15843.625019900861,-1
2026-05-20 13:30:00,15863.079544967894,-1
2026-05-20 14:00:00,15825.365070934435,-1
2026-05-20 14:30:00,15835.09233346795,-1
2026-05-20 15:00:00,15825.365070934431,-1
2026-05-20 21:00:00,15788.84517300158,-1
2026-05-20 21:30:00,15779.117910468063,-1
2026-05-20 22:00:00,15807.105121968003,-1
2026-05-20 22:30:00,15797.377859434484,-1
2026-05-20 23:00:00,15808.29969806861,-1
2026-05-21 09:00:00,15798.572435535092,-1
2026-05-21 09:30:00,15672.118022599378,-1
2026-05-21 10:00:00,15653.858073632953,-1
2026-05-21 10:30:00,15595.494498431855,-1
2026-05-21 11:00:00,15557.780024398397,-1
2026-05-21 11:30:00,16772.555440728145,0
2026-05-21 13:30:00,16772.555440728145,0
2026-05-21 14:00:00,16772.555440728145,0
2026-05-21 14:30:00,16772.555440728145,0
2026-05-21 15:00:00,16772.555440728145,0
2026-05-21 21:00:00,16772.555440728145,0
2026-05-21 21:30:00,16772.555440728145,0
2026-05-21 22:00:00,16772.555440728145,0
2026-05-21 22:30:00,16772.555440728145,0
2026-05-21 23:00:00,16772.555440728145,0
2026-05-22 09:00:00,16772.555440728145,0
2026-05-22 09:30:00,16772.555440728145,0
2026-05-22 10:00:00,16772.555440728145,0
2026-05-22 10:30:00,16772.555440728145,0
2026-05-22 11:00:00,16772.555440728145,0
2026-05-22 11:30:00,16772.555440728145,0
2026-05-22 13:30:00,16772.555440728145,0
2026-05-22 14:00:00,16772.555440728145,0
2026-05-22 14:30:00,16772.555440728145,0
2026-05-22 15:00:00,16772.555440728145,0
2026-05-22 21:00:00,16772.555440728145,0
2026-05-22 21:30:00,16772.555440728145,0
2026-05-22 22:00:00,16772.555440728145,0
2026-05-22 22:30:00,16772.555440728145,0
2026-05-22 23:00:00,16772.555440728145,0
2026-05-25 09:00:00,16772.555440728145,0
2026-05-25 09:30:00,16772.555440728145,0
2026-05-25 10:00:00,16772.555440728145,0
2026-05-25 10:30:00,16772.555440728145,0
2026-05-25 11:00:00,16772.555440728145,0
2026-05-25 11:30:00,16772.555440728145,0
2026-05-25 13:30:00,16772.555440728145,0
2026-05-25 14:00:00,16772.555440728145,0
2026-05-25 14:30:00,16772.555440728145,0
2026-05-25 15:00:00,16772.555440728145,0
2026-05-25 21:00:00,16772.555440728145,0
2026-05-25 21:30:00,16772.555440728145,0
2026-05-25 22:00:00,16772.555440728145,0
2026-05-25 22:30:00,16772.555440728145,0
2026-05-25 23:00:00,16772.555440728145,0
2026-05-26 09:00:00,16772.555440728145,0
2026-05-26 09:30:00,16772.555440728145,0
2026-05-26 10:00:00,16772.555440728145,0
2026-05-26 10:30:00,16772.555440728145,0
2026-05-26 11:00:00,16772.555440728145,0
2026-05-26 11:30:00,16772.555440728145,0
2026-05-26 13:30:00,16772.555440728145,0
2026-05-26 14:00:00,16772.555440728145,0
2026-05-26 14:30:00,16772.555440728145,0
2026-05-26 15:00:00,15492.373344075262,-1
2026-05-26 21:00:00,15503.295182709388,-1
2026-05-26 21:30:00,15463.191556474716,-1
2026-05-26 22:00:00,15452.26971784059,-1
2026-05-26 22:30:00,15404.827981273615,-1
2026-05-26 23:00:00,15432.815192773554,-1
2026-05-27 09:00:00,15441.347879206465,-1
2026-05-27 09:30:00,15413.360667706522,-1
2026-05-27 10:00:00,16622.163203533233,0
2026-05-27 10:30:00,16622.163203533233,0
2026-05-27 11:00:00,16622.163203533233,0
2026-05-27 11:30:00,16622.163203533233,0
2026-05-27 13:30:00,16622.163203533233,0
2026-05-27 14:00:00,16622.163203533233,0
2026-05-27 14:30:00,16622.163203533233,0
2026-05-27 15:00:00,16622.163203533233,0
2026-05-27 21:00:00,16622.163203533233,0
2026-05-27 21:30:00,16622.163203533233,0
2026-05-27 22:00:00,16622.163203533233,0
2026-05-27 22:30:00,16622.163203533233,0
2026-05-27 23:00:00,16622.163203533233,0
2026-05-28 09:00:00,16622.163203533233,0
2026-05-28 09:30:00,16622.163203533233,0
2026-05-28 10:00:00,16622.163203533233,0
2026-05-28 10:30:00,16622.163203533233,0
2026-05-28 11:00:00,16622.163203533233,0
2026-05-28 11:30:00,16622.163203533233,0
2026-05-28 13:30:00,16622.163203533233,0
2026-05-28 14:00:00,16622.163203533233,0
2026-05-28 14:30:00,16622.163203533233,0
2026-05-28 15:00:00,16622.163203533233,0
2026-05-28 21:00:00,16622.163203533233,0
2026-05-28 21:30:00,16622.163203533233,0
2026-05-28 22:00:00,16622.163203533233,0
2026-05-28 22:30:00,16622.163203533233,0
2026-05-28 23:00:00,16622.163203533233,0
2026-05-29 09:00:00,16622.163203533233,0
2026-05-29 09:30:00,16622.163203533233,0
2026-05-29 10:00:00,16622.163203533233,0
2026-05-29 10:30:00,16622.163203533233,0
2026-05-29 11:00:00,16622.163203533233,0
2026-05-29 11:30:00,16622.163203533233,0
2026-05-29 13:30:00,16622.163203533233,0
2026-05-29 14:00:00,16622.163203533233,0
2026-05-29 14:30:00,16622.163203533233,0
2026-05-29 15:00:00,16622.163203533233,0
2026-05-29 21:00:00,16622.163203533233,0
2026-05-29 21:30:00,16622.163203533233,0
2026-05-29 22:00:00,16622.163203533233,0
2026-05-29 22:30:00,16622.163203533233,0
2026-05-29 23:00:00,16622.163203533233,0
2026-06-01 01:00:00,16622.163203533233,0
2026-06-01 01:30:00,16622.163203533233,0
2026-06-01 02:00:00,16622.163203533233,0
2026-06-01 02:30:00,16622.163203533233,0
2026-06-01 03:00:00,16622.163203533233,0
2026-06-01 03:30:00,16622.163203533233,0
2026-06-01 05:30:00,16622.163203533233,0
2026-06-01 06:00:00,16622.163203533233,0
2026-06-01 06:30:00,16622.163203533233,0
2026-06-01 07:00:00,16622.163203533233,0
2026-06-01 09:00:00,16622.163203533233,0
2026-06-01 09:30:00,16622.163203533233,0
2026-06-01 10:00:00,16622.163203533233,0
2026-06-01 10:30:00,16622.163203533233,0
2026-06-01 11:00:00,16622.163203533233,0
2026-06-01 11:30:00,16622.163203533233,0
2026-06-01 13:00:00,16622.163203533233,0
2026-06-01 13:30:00,16622.163203533233,0
2026-06-01 14:00:00,16622.163203533233,0
2026-06-01 14:30:00,16622.163203533233,0
2026-06-01 15:00:00,16622.163203533233,0
2026-06-01 21:00:00,16622.163203533233,0
2026-06-01 21:30:00,16622.163203533233,0
2026-06-01 22:00:00,16622.163203533233,0
2026-06-01 22:30:00,16622.163203533233,0
2026-06-01 23:00:00,16622.163203533233,0
2026-06-02 01:00:00,16622.163203533233,0
2026-06-02 01:30:00,16622.163203533233,0
2026-06-02 02:00:00,16622.163203533233,0
2026-06-02 02:30:00,16622.163203533233,0
2026-06-02 03:00:00,16622.163203533233,0
2026-06-02 03:30:00,16622.163203533233,0
2026-06-02 05:30:00,16622.163203533233,0
2026-06-02 06:00:00,16622.163203533233,0
2026-06-02 06:30:00,16622.163203533233,0
2026-06-02 07:00:00,16622.163203533233,0
2026-06-02 09:00:00,16622.163203533233,0
2026-06-02 09:30:00,16622.163203533233,0
2026-06-02 10:00:00,16622.163203533233,0
2026-06-02 10:30:00,16622.163203533233,0
2026-06-02 11:00:00,16622.163203533233,0
2026-06-02 11:30:00,16622.163203533233,0
2026-06-02 13:00:00,16622.163203533233,0
2026-06-02 13:30:00,16622.163203533233,0
2026-06-02 14:00:00,16622.163203533233,0
2026-06-02 14:30:00,16622.163203533233,0
2026-06-02 15:00:00,16622.163203533233,0
2026-06-02 21:00:00,16622.163203533233,0
2026-06-02 21:30:00,16622.163203533233,0
2026-06-02 22:00:00,16622.163203533233,0
2026-06-02 22:30:00,16622.163203533233,0
2026-06-02 23:00:00,16622.163203533233,0
2026-06-03 01:00:00,16622.163203533233,0
2026-06-03 01:30:00,16622.163203533233,0
2026-06-03 02:00:00,16622.163203533233,0
2026-06-03 02:30:00,16622.163203533233,0
2026-06-03 03:00:00,16622.163203533233,0
2026-06-03 03:30:00,16622.163203533233,0
2026-06-03 05:30:00,16622.163203533233,0
2026-06-03 06:00:00,16622.163203533233,0
2026-06-03 06:30:00,16622.163203533233,0
2026-06-03 07:00:00,16622.163203533233,0
2026-06-03 09:00:00,16622.163203533233,0
2026-06-03 09:30:00,16622.163203533233,0
2026-06-03 10:00:00,16622.163203533233,0
2026-06-03 10:30:00,16622.163203533233,0
2026-06-03 11:00:00,16622.163203533233,0
2026-06-03 11:30:00,16622.163203533233,0
2026-06-03 13:00:00,16622.163203533233,0
2026-06-03 13:30:00,16622.163203533233,0
2026-06-03 14:00:00,16622.163203533233,0
2026-06-03 14:30:00,16622.163203533233,0
2026-06-03 15:00:00,16622.163203533233,0
2026-06-03 21:00:00,16622.163203533233,0
2026-06-03 21:30:00,16622.163203533233,0
2026-06-03 22:00:00,16622.163203533233,0
2026-06-03 22:30:00,16622.163203533233,0
2026-06-03 23:00:00,16622.163203533233,0
2026-06-04 01:00:00,16622.163203533233,0
2026-06-04 01:30:00,16622.163203533233,0
2026-06-04 02:00:00,15388.569574804036,-1
2026-06-04 02:30:00,15398.296837337553,-1
2026-06-04 03:00:00,15446.933150005138,-1
2026-06-04 03:30:00,15427.478624938105,-1
2026-06-04 05:30:00,15427.478624938105,-1
2026-06-04 06:00:00,15437.205887471622,-1
2026-06-04 06:30:00,15446.933150005138,-1
2026-06-04 07:00:00,15417.751362404586,-1
2026-06-04 09:00:00,15403.416449197299,-1
2026-06-04 09:30:00,15461.780024398397,-1
2026-06-04 10:00:00,15490.961811998945,-1
2026-06-04 10:30:00,15510.416337065977,-1
2026-06-04 11:00:00,15557.858073632953,-1
2026-06-04 11:30:00,15546.936234998828,-1
2026-06-04 13:00:00,15556.663497532345,-1
2026-06-04 13:30:00,15556.663497532345,-1
2026-06-04 14:00:00,15527.481709931795,-1
2026-06-04 14:30:00,15556.663497532345,-1
2026-06-04 15:00:00,15595.57254766641,-1
2026-06-04 21:00:00,15599.326929696892,-1
2026-06-04 21:30:00,15599.326929696892,-1
2026-06-04 22:00:00,15570.145142096342,-1
2026-06-04 22:30:00,15590.794243263981,-1
2026-06-04 23:00:00,15621.170606965139,-1
2026-06-05 01:00:00,15611.443344431622,-1
2026-06-05 01:30:00,15669.80691963272,-1
2026-06-05 02:00:00,15679.534182166233,-1
2026-06-05 02:30:00,15689.261444699752,-1
2026-06-05 03:00:00,15689.261444699752,-1
2026-06-05 03:30:00,15728.170494833817,-1
2026-06-05 05:30:00,15729.365070934424,-1
2026-06-05 06:00:00,15739.092333467943,-1
2026-06-05 06:30:00,15787.728646135525,-1
2026-06-05 07:00:00,15758.546858534975,-1
2026-06-05 09:00:00,15739.43364092526,-1
2026-06-05 09:30:00,15797.797216126357,-1
2026-06-05 10:00:00,15817.25174119339,-1
2026-06-05 10:30:00,15807.52447865987,-1
2026-06-05 11:00:00,15817.25174119339,-1
2026-06-05 11:30:00,15847.628104894548,-1
2026-06-05 13:00:00,15864.522824031708,-1
2026-06-05 13:30:00,15874.250086565227,-1
2026-06-05 14:00:00,15864.522824031708,-1
2026-06-05 14:30:00,15864.522824031708,-1
2026-06-05 15:00:00,15825.613773897643,-1
2026-06-05 21:00:00,15829.197502199466,-1
2026-06-05 21:30:00,15840.119340833591,-1
2026-06-05 22:00:00,15821.859391867165,-1
2026-06-05 22:30:00,15821.859391867165,-1
2026-06-05 23:00:00,15791.483028166007,-1
2026-06-08 01:00:00,15830.392078300072,-1
2026-06-08 01:30:00,15849.846603367107,-1
2026-06-08 02:00:00,15888.755653501172,-1
2026-06-08 02:30:00,15869.301128434137,-1
2026-06-08 03:00:00,15869.301128434137,-1
2026-06-08 03:30:00,15869.301128434137,-1
2026-06-08 05:30:00,15859.57386590062,-1
2026-06-08 06:00:00,15810.937553233036,-1
2026-06-08 06:30:00,15830.392078300069,-1
2026-06-08 07:00:00,15859.57386590062,-1
2026-06-08 09:00:00,15899.848145863953,-1
2026-06-08 09:30:00,15909.575408397472,-1
2026-06-08 10:00:00,15948.484458531537,-1
2026-06-08 10:30:00,15929.029933464502,-1
2026-06-08 11:00:00,15927.835357363896,-1
2026-06-08 11:30:00,15929.029933464502,-1
2026-06-08 13:00:00,15911.964560598684,-1
2026-06-08 13:30:00,15960.600873266269,-1
2026-06-08 14:00:00,15931.419085665722,-1
2026-06-08 14:30:00,15941.14634819924,-1
2026-06-08 15:00:00,15970.328135799788,-1
2026-06-08 21:00:00,15955.82256886384,-1
2026-06-08 21:30:00,16003.264305430816,-1
2026-06-08 22:00:00,15983.809780363783,-1
2026-06-08 22:30:00,15992.34246679669,-1
2026-06-08 23:00:00,16021.524254397238,-1
2026-06-09 01:00:00,16011.796991863719,-1
2026-06-09 01:30:00,16031.251516930752,-1
2026-06-09 02:00:00,16021.524254397234,-1
2026-06-09 02:30:00,16002.0697293302,-1
2026-06-09 03:00:00,16011.796991863719,-1
2026-06-09 03:30:00,16031.251516930752,-1
2026-06-09 05:30:00,16031.251516930752,-1
2026-06-09 06:00:00,16040.978779464265,-1
2026-06-09 06:30:00,16011.796991863715,-1
2026-06-09 07:00:00,16040.978779464265,-1
2026-06-09 09:00:00,16028.862364729534,-1
2026-06-09 09:30:00,16048.316889796566,-1
2026-06-09 10:00:00,16038.589627263049,-1
2026-06-09 10:30:00,16028.862364729534,-1
2026-06-09 11:00:00,16037.395051162444,-1
2026-06-09 11:30:00,16056.849576229477,-1
2026-06-09 13:00:00,16068.965990964207,-1
2026-06-09 13:30:00,16039.784203363659,-1
2026-06-09 14:00:00,16068.965990964207,-1
2026-06-09 14:30:00,16078.693253497724,-1
2026-06-09 15:00:00,16107.875041098272,-1
2026-06-09 21:00:00,16111.629423128754,-1
2026-06-09 21:30:00,16072.720372994689,-1
2026-06-09 22:00:00,16103.096736695843,-1
2026-06-09 22:30:00,16112.82399922936,-1
2026-06-09 23:00:00,16133.473100397001,-1
2026-06-10 01:00:00,16172.382150531066,-1
2026-06-10 01:30:00,16172.382150531066,-1
2026-06-10 02:00:00,16094.564050262936,-1
2026-06-10 02:30:00,16045.927737595352,-1
2026-06-10 03:00:00,16094.564050262936,-1
2026-06-10 03:30:00,16104.29131279645,-1
2026-06-10 05:30:00,16114.018575329967,-1
2026-06-10 06:00:00,16094.564050262936,-1
2026-06-10 06:30:00,16094.564050262936,-1
2026-06-10 07:00:00,16133.473100397001,-1
2026-06-10 09:00:00,16180.914836963977,-1
2026-06-10 09:30:00,16180.914836963977,-1
2026-06-10 10:00:00,16093.369474162328,-1
2026-06-10 10:30:00,16055.65500012887,-1
2026-06-10 11:00:00,16103.096736695847,-1
2026-06-10 11:30:00,16112.82399922936,-1
2026-06-10 13:00:00,16105.485888897056,-1
2026-06-10 13:30:00,16095.758626363538,-1
2026-06-10 14:00:00,16115.213151430571,-1
2026-06-10 14:30:00,16105.485888897056,-1
2026-06-10 15:00:00,16115.213151430575,-1
2026-06-10 21:00:00,16095.758626363542,-1
2026-06-10 21:30:00,16105.485888897056,-1
2026-06-10 22:00:00,16115.213151430575,-1
2026-06-10 22:30:00,16105.485888897056,-1
2026-06-10 23:00:00,16115.213151430575,-1
2026-06-11 01:00:00,16144.39493903112,-1
2026-06-11 01:30:00,16163.849464098155,-1
2026-06-11 02:00:00,16154.122201564636,-1
2026-06-11 02:30:00,16183.303989165188,-1
2026-06-11 03:00:00,16163.849464098155,-1
2026-06-11 03:30:00,16086.031363830025,-1
2026-06-11 05:30:00,16076.30410129651,-1
2026-06-11 06:00:00,16095.758626363542,-1
2026-06-11 06:30:00,16076.30410129651,-1
2026-06-11 07:00:00,16105.485888897056,-1
2026-06-11 09:00:00,16135.86225259821,-1
2026-06-11 09:30:00,16155.316777665244,-1
2026-06-11 10:00:00,16155.316777665244,-1
2026-06-11 10:30:00,16183.303989165188,-1
2026-06-11 11:00:00,16163.849464098155,-1
2026-06-11 11:30:00,16086.031363830025,-1
2026-06-11 13:00:00,16081.082405698939,-1
2026-06-11 13:30:00,16090.809668232458,-1
2026-06-11 14:00:00,16090.809668232458,-1
2026-06-11 14:30:00,16090.809668232458,-1
2026-06-11 15:00:00,16110.264193299488,-1
2026-06-11 21:00:00,16098.14777856476,-1
2026-06-11 21:30:00,16107.87504109828,-1
2026-06-11 22:00:00,16116.40772753119,-1
2026-06-11 22:30:00,16126.134990064707,-1
2026-06-11 23:00:00,16144.394939031132,-1
2026-06-12 01:00:00,16124.940413964101,-1
2026-06-12 01:30:00,16163.849464098166,-1
2026-06-12 02:00:00,16115.213151430582,-1
2026-06-12 02:30:00,16115.213151430582,-1
2026-06-12 03:00:00,16115.213151430582,-1
2026-06-12 03:30:00,16086.031363830036,-1
2026-06-12 05:30:00,16115.213151430582,-1
2026-06-12 06:00:00,16144.394939031128,-1
2026-06-12 06:30:00,16144.394939031128,-1
2026-06-12 07:00:00,16144.394939031128,-1
2026-06-12 09:00:00,16126.134990064704,-1
2026-06-12 09:30:00,16145.589515131736,-1
2026-06-12 10:00:00,16088.420516031245,-1
2026-06-12 10:30:00,16089.615092131853,-1
2026-06-12 11:00:00,16099.342354665368,-1
2026-06-12 11:30:00,16068.965990964214,-1
2026-06-12 13:00:00,16036.029821333184,-1
2026-06-12 13:30:00,15890.120883330437,-1
2026-06-12 14:00:00,17069.059016641968,0
2026-06-12 14:30:00,17069.059016641968,0
2026-06-12 15:00:00,17069.059016641968,0
2026-06-12 21:00:00,17069.059016641968,0
2026-06-12 21:30:00,17069.059016641968,0
2026-06-12 22:00:00,17069.059016641968,0
2026-06-12 22:30:00,17069.059016641968,0
2026-06-12 23:00:00,17069.059016641968,0
2026-06-15 01:00:00,17069.059016641968,0
2026-06-15 01:30:00,17069.059016641968,0
2026-06-15 02:00:00,17069.059016641968,0
2026-06-15 02:30:00,17069.059016641968,0
2026-06-15 03:00:00,17069.059016641968,0
2026-06-15 03:30:00,17069.059016641968,0
2026-06-15 05:30:00,17069.059016641968,0
2026-06-15 06:00:00,17069.059016641968,0
2026-06-15 06:30:00,17069.059016641968,0
2026-06-15 07:00:00,17069.059016641968,0
2026-06-15 09:00:00,17069.059016641968,0
2026-06-15 09:30:00,17069.059016641968,0
2026-06-15 10:00:00,17069.059016641968,0
2026-06-15 10:30:00,17069.059016641968,0
2026-06-15 11:00:00,17069.059016641968,0
2026-06-15 11:30:00,17069.059016641968,0
2026-06-15 13:00:00,17069.059016641968,0
2026-06-15 13:30:00,17069.059016641968,0
2026-06-15 14:00:00,17069.059016641968,0
2026-06-15 14:30:00,17069.059016641968,0
2026-06-15 15:00:00,17069.059016641968,0
2026-06-15 21:00:00,17069.059016641968,0
2026-06-15 21:30:00,17069.059016641968,0
2026-06-15 22:00:00,17069.059016641968,0
2026-06-15 22:30:00,17069.059016641968,0
2026-06-15 23:00:00,17069.059016641968,0
2026-06-16 01:00:00,17069.059016641968,0
2026-06-16 01:30:00,17069.059016641968,0
2026-06-16 02:00:00,17069.059016641968,0
2026-06-16 02:30:00,17069.059016641968,0
2026-06-16 03:00:00,17069.059016641968,0
2026-06-16 03:30:00,17069.059016641968,0
2026-06-16 05:30:00,17069.059016641968,0
2026-06-16 06:00:00,17069.059016641968,0
2026-06-16 06:30:00,17069.059016641968,0
2026-06-16 07:00:00,17069.059016641968,0
2026-06-16 09:00:00,17069.059016641968,0
2026-06-16 09:30:00,17069.059016641968,0
2026-06-16 10:00:00,17069.059016641968,0
2026-06-16 10:30:00,17069.059016641968,0
2026-06-16 11:00:00,17069.059016641968,0
2026-06-16 11:30:00,17069.059016641968,0
2026-06-16 13:00:00,17069.059016641968,0
2026-06-16 13:30:00,17069.059016641968,0
2026-06-16 14:00:00,17069.059016641968,0
2026-06-16 14:30:00,17069.059016641968,0
2026-06-16 15:00:00,17069.059016641968,0
2026-06-16 21:00:00,17069.059016641968,0
2026-06-16 21:30:00,17069.059016641968,0
2026-06-16 22:00:00,17069.059016641968,0
2026-06-16 22:30:00,17069.059016641968,0
2026-06-16 23:00:00,17069.059016641968,0
2026-06-17 01:00:00,17069.059016641968,0
2026-06-17 01:30:00,17069.059016641968,0
2026-06-17 02:00:00,17069.059016641968,0
2026-06-17 02:30:00,17069.059016641968,0
2026-06-17 03:00:00,17069.059016641968,0
2026-06-17 03:30:00,17069.059016641968,0
2026-06-17 05:30:00,17069.059016641968,0
2026-06-17 06:00:00,17069.059016641968,0
2026-06-17 06:30:00,17069.059016641968,0
2026-06-17 07:00:00,17069.059016641968,0
2026-06-17 09:00:00,15856.626450266382,-1
2026-06-17 09:30:00,15838.366501299955,-1
2026-06-17 10:00:00,15827.444662665835,-1
2026-06-17 10:30:00,15835.977349098746,-1
2026-06-17 11:00:00,15845.704611632264,-1
2026-06-17 11:30:00,15854.237298065174,-1
2026-06-17 13:00:00,15866.183059071247,-1
2026-06-17 13:30:00,15895.364846671793,-1
2026-06-17 14:00:00,15905.092109205312,-1
2026-06-17 14:30:00,15914.819371738831,-1
2026-06-17 15:00:00,15924.546634272348,-1
2026-06-17 21:00:00,15927.106440202224,-1
2026-06-17 21:30:00,15955.093651702162,-1
2026-06-17 22:00:00,15964.82091423568,-1
2026-06-17 22:30:00,15974.5481767692,-1
2026-06-17 23:00:00,15984.275439302717,-1
2026-06-18 01:00:00,15955.09365170217,-1
2026-06-18 01:30:00,15955.09365170217,-1
2026-06-18 02:00:00,15955.09365170217,-1
2026-06-18 02:30:00,15974.548176769204,-1
2026-06-18 03:00:00,16003.729964369753,-1
2026-06-18 03:30:00,16013.457226903272,-1
2026-06-18 05:30:00,16003.729964369753,-1
2026-06-18 06:00:00,16091.275327171403,-1
2026-06-18 06:30:00,16071.82080210437,-1
2026-06-18 07:00:00,16081.548064637884,-1
2026-06-18 09:00:00,16041.615092131871,-1
2026-06-18 09:30:00,16040.420516031263,-1
2026-06-18 10:00:00,16058.68046499769,-1
2026-06-18 10:30:00,16068.407727531205,-1
2026-06-18 11:00:00,16097.58951513175,-1
2026-06-18 11:30:00,16115.849464098177,-1
2026-06-18 13:30:00,16115.849464098177,-1
2026-06-18 14:00:00,16192.4729882657,-1
2026-06-18 14:30:00,16174.213039299275,-1
2026-06-18 15:00:00,16175.407615399881,-1
2026-06-22 01:00:00,16129.160454933513,-1
2026-06-22 01:30:00,16109.70592986648,-1
2026-06-22 02:00:00,16158.34224253406,-1
2026-06-22 02:30:00,16168.069505067579,-1
2026-06-22 03:00:00,16158.34224253406,-1
2026-06-22 03:30:00,16168.069505067579,-1
2026-06-22 05:30:00,16158.34224253406,-1
2026-06-22 06:00:00,16168.069505067579,-1
2026-06-22 06:30:00,16158.34224253406,-1
2026-06-22 07:00:00,16168.069505067579,-1
2026-06-22 09:00:00,16120.627768500603,-1
2026-06-22 09:30:00,16109.705929866477,-1
2026-06-22 10:00:00,16148.614980000542,-1
2026-06-22 10:30:00,16158.34224253406,-1
2026-06-22 11:00:00,16148.614980000542,-1
2026-06-22 11:30:00,16159.536818634668,-1
2026-06-22 13:00:00,16181.380495902915,-1
2026-06-22 13:30:00,16230.016808570494,-1
2026-06-22 14:00:00,16239.744071104013,-1
2026-06-22 14:30:00,16210.562283503465,-1
2026-06-22 15:00:00,16220.289546036984,-1
2026-06-22 21:00:00,16222.849351966857,-1
2026-06-22 21:30:00,16272.680240735048,-1
2026-06-22 22:00:00,16282.407503268567,-1
2026-06-22 22:30:00,16253.225715668019,-1
2026-06-22 23:00:00,16262.952978201538,-1
2026-06-23 01:00:00,16243.498453134505,-1
2026-06-23 01:30:00,16214.316665533954,-1
2026-06-23 02:00:00,16233.771190600986,-1
2026-06-23 02:30:00,16243.498453134502,-1
2026-06-23 03:00:00,16262.952978201534,-1
2026-06-23 03:30:00,16301.8620283356,-1
2026-06-23 05:30:00,16301.8620283356,-1
2026-06-23 06:00:00,16301.8620283356,-1
2026-06-23 06:30:00,16311.589290869117,-1
2026-06-23 07:00:00,16282.407503268567,-1
2026-06-23 09:00:00,16269.096512433227,-1
2026-06-23 09:30:00,16239.914724832679,-1
2026-06-23 10:00:00,16269.096512433227,-1
2026-06-23 10:30:00,16287.356461399651,-1
2026-06-23 11:00:00,16305.616410366078,-1
2026-06-23 11:30:00,16344.525460500143,-1
2026-06-23 13:00:00,16342.136308298928,-1
2026-06-23 13:30:00,16351.863570832445,-1
2026-06-23 14:00:00,16332.409045765413,-1
2026-06-23 14:30:00,16322.6817832319,-1
2026-06-23 15:00:00,16342.136308298932,-1
2026-06-23 21:00:00,16342.136308298932,-1
2026-06-23 21:30:00,16351.863570832445,-1
2026-06-23 22:00:00,16332.409045765413,-1
2026-06-23 22:30:00,16322.6817832319,-1
2026-06-23 23:00:00,16322.6817832319,-1
2026-06-24 01:00:00,16322.6817832319,-1
2026-06-24 01:30:00,16322.6817832319,-1
2026-06-24 02:00:00,16303.227258164867,-1
2026-06-24 02:30:00,16225.409157896736,-1
2026-06-24 03:00:00,16196.227370296185,-1
2026-06-24 03:30:00,16235.13642043025,-1
2026-06-24 05:30:00,16235.13642043025,-1
2026-06-24 06:00:00,16254.590945497283,-1
2026-06-24 06:30:00,16283.772733097834,-1
2026-06-24 07:00:00,16283.772733097834,-1
2026-06-24 09:00:00,16278.823774966744,-1
2026-06-24 09:30:00,16280.018351067352,-1
2026-06-24 10:00:00,16269.096512433227,-1
2026-06-24 10:30:00,16191.278412165097,-1
2026-06-24 11:00:00,16171.823887098064,-1
2026-06-24 11:30:00,16209.538361131521,-1
2026-06-24 13:00:00,16213.122089433344,-1
2026-06-24 13:30:00,16203.394826899828,-1
2026-06-24 14:00:00,17345.301101092533,0
2026-06-24 14:30:00,17345.301101092533,0
2026-06-24 15:00:00,17345.301101092533,0
2026-06-24 21:00:00,17345.301101092533,0
2026-06-24 21:30:00,17345.301101092533,0
2026-06-24 22:00:00,17345.301101092533,0
2026-06-24 22:30:00,17345.301101092533,0
2026-06-24 23:00:00,17345.301101092533,0
2026-06-25 01:00:00,17345.301101092533,0
2026-06-25 01:30:00,17345.301101092533,0
2026-06-25 02:00:00,17345.301101092533,0
2026-06-25 02:30:00,17345.301101092533,0
2026-06-25 03:00:00,17345.301101092533,0
2026-06-25 03:30:00,17345.301101092533,0
2026-06-25 05:30:00,17345.301101092533,0
2026-06-25 06:00:00,17345.301101092533,0
2026-06-25 06:30:00,17345.301101092533,0
2026-06-25 07:00:00,17345.301101092533,0
2026-06-25 09:00:00,17345.301101092533,0
2026-06-25 09:30:00,17345.301101092533,0
2026-06-25 10:00:00,17345.301101092533,0
2026-06-25 10:30:00,17345.301101092533,0
2026-06-25 11:00:00,17345.301101092533,0
2026-06-25 11:30:00,17345.301101092533,0
2026-06-25 13:00:00,17345.301101092533,0
2026-06-25 13:30:00,17345.301101092533,0
2026-06-25 14:00:00,17345.301101092533,0
2026-06-25 14:30:00,17345.301101092533,0
2026-06-25 15:00:00,17345.301101092533,0
2026-06-25 21:00:00,17345.301101092533,0
2026-06-25 21:30:00,17345.301101092533,0
2026-06-25 22:00:00,17345.301101092533,0
2026-06-25 22:30:00,17345.301101092533,0
2026-06-25 23:00:00,17345.301101092533,0
2026-06-26 01:00:00,17345.301101092533,0
2026-06-26 01:30:00,16138.158800305355,-1
2026-06-26 02:00:00,16089.52248763777,-1
2026-06-26 02:30:00,16099.24975017129,-1
2026-06-26 03:00:00,16138.158800305355,-1
2026-06-26 03:30:00,16128.431537771836,-1
2026-06-26 05:30:00,16128.431537771836,-1
2026-06-26 06:00:00,16128.431537771836,-1
2026-06-26 06:30:00,16118.704275238319,-1
2026-06-26 07:00:00,16147.886062838865,-1
2026-06-26 09:00:00,16202.665909738142,-1
2026-06-26 09:30:00,16172.289546036984,-1
2026-06-26 10:00:00,16123.6532333694,-1
2026-06-26 10:30:00,16133.380495902918,-1
2026-06-26 11:00:00,16180.822232469895,-1
2026-06-26 11:30:00,16171.094969936375,-1
2026-06-26 13:00:00,16180.822232469895,-1
2026-06-26 13:30:00,16190.549495003412,-1
2026-06-26 14:00:00,16122.458657268797,-1
2026-06-26 14:30:00,16122.458657268797,-1
2026-06-26 15:00:00,16190.549495003412,-1
2026-06-26 21:00:00,16197.887605335716,-1
2026-06-26 21:30:00,16216.14755430214,-1
2026-06-26 22:00:00,16148.056716567526,-1
2026-06-26 22:30:00,16139.524030134615,-1
2026-06-26 23:00:00,16129.796767601096,-1
2026-06-29 01:00:00,16178.43308026868,-1
2026-06-29 01:30:00,16178.43308026868,-1
2026-06-29 02:00:00,16188.160342802197,-1
2026-06-29 02:30:00,16178.43308026868,-1
2026-06-29 03:00:00,16207.614867869226,-1
2026-06-29 03:30:00,16139.524030134611,-1
2026-06-29 05:30:00,16139.524030134611,-1
2026-06-29 06:00:00,16129.796767601096,-1
2026-06-29 06:30:00,16120.069505067579,-1
2026-06-29 07:00:00,17263.17035536089,0
2026-06-29 09:00:00,17263.17035536089,0
2026-06-29 09:30:00,17263.17035536089,0
2026-06-29 10:00:00,17263.17035536089,0
2026-06-29 10:30:00,17263.17035536089,0
2026-06-29 11:00:00,17263.17035536089,0
2026-06-29 11:30:00,17263.17035536089,0
2026-06-29 13:00:00,17263.17035536089,0
2026-06-29 13:30:00,17263.17035536089,0
2026-06-29 14:00:00,17263.17035536089,0
2026-06-29 14:30:00,17263.17035536089,0
2026-06-29 15:00:00,17263.17035536089,0
2026-06-29 21:00:00,17263.17035536089,0
2026-06-29 21:30:00,17263.17035536089,0
2026-06-29 22:00:00,17263.17035536089,0
2026-06-29 22:30:00,17263.17035536089,0
2026-06-29 23:00:00,17263.17035536089,0
2026-06-30 01:00:00,17263.17035536089,0
2026-06-30 01:30:00,17263.17035536089,0
2026-06-30 02:00:00,17263.17035536089,0
2026-06-30 02:30:00,17263.17035536089,0
2026-06-30 03:00:00,17263.17035536089,0
2026-06-30 03:30:00,17263.17035536089,0
2026-06-30 05:30:00,17263.17035536089,0
2026-06-30 06:00:00,17263.17035536089,0
2026-06-30 06:30:00,17263.17035536089,0
2026-06-30 07:00:00,17263.17035536089,0
2026-06-30 09:00:00,17263.17035536089,0
2026-06-30 09:30:00,17263.17035536089,0
2026-06-30 10:00:00,17263.17035536089,0
2026-06-30 10:30:00,17263.17035536089,0
2026-06-30 11:00:00,17263.17035536089,0
2026-06-30 11:30:00,17263.17035536089,0
2026-06-30 13:00:00,17263.17035536089,0
2026-06-30 13:30:00,17263.17035536089,0
2026-06-30 14:00:00,17263.17035536089,0
2026-06-30 14:30:00,17263.17035536089,0
2026-06-30 15:00:00,17263.17035536089,0
2026-07-01 01:00:00,17263.17035536089,0
2026-07-01 01:30:00,16081.455460143776,-1
2026-07-01 02:00:00,16081.455460143776,-1
2026-07-01 02:30:00,16120.364510277841,-1
2026-07-01 03:00:00,16071.728197610259,-1
2026-07-01 03:30:00,16062.00093507674,-1
2026-07-01 05:30:00,16052.273672543222,-1
2026-07-01 06:00:00,16042.546410009703,-1
2026-07-01 06:30:00,16091.182722677288,-1
2026-07-01 07:00:00,16091.182722677288,-1
2026-07-01 09:00:00,16116.780781976013,-1
2026-07-01 09:30:00,16098.520833009587,-1
2026-07-01 10:00:00,16089.98814657668,-1
2026-07-01 10:30:00,16128.897196710745,-1
2026-07-01 11:00:00,16080.260884043162,-1
2026-07-01 11:30:00,16070.533621509643,-1
2026-07-01 13:00:00,16055.85740084504,-1
2026-07-01 13:30:00,16026.67561324449,-1
2026-07-01 14:00:00,16036.402875778007,-1
2026-07-01 14:30:00,16055.85740084504,-1
2026-07-01 15:00:00,16065.584663378555,-1
2026-07-02 01:00:00,16065.584663378555,-1
2026-07-02 01:30:00,16065.584663378555,-1
2026-07-02 02:00:00,16046.130138311522,-1
2026-07-02 02:30:00,16104.49371351262,-1
2026-07-02 03:00:00,16085.039188445588,-1
2026-07-02 03:30:00,16075.311925912072,-1
2026-07-02 05:30:00,16065.584663378555,-1
2026-07-02 06:00:00,15987.766563110425,-1
2026-07-02 06:30:00,17121.310804598877,0
2026-07-02 07:00:00,17121.310804598877,0
2026-07-02 09:00:00,17121.310804598877,0
2026-07-02 09:30:00,17121.310804598877,0
2026-07-02 10:00:00,17121.310804598877,0
2026-07-02 10:30:00,17121.310804598877,0
2026-07-02 11:00:00,17121.310804598877,0
2026-07-02 11:30:00,17121.310804598877,0
2026-07-02 13:00:00,17121.310804598877,0
2026-07-02 13:30:00,17121.310804598877,0
2026-07-02 14:00:00,17121.310804598877,0
2026-07-02 14:30:00,17121.310804598877,0
2026-07-02 15:00:00,17121.310804598877,0
2026-07-03 01:00:00,17121.310804598877,0
2026-07-03 01:30:00,17121.310804598877,0
2026-07-03 02:00:00,17121.310804598877,0
2026-07-03 02:30:00,17121.310804598877,0
2026-07-03 03:00:00,17121.310804598877,0
2026-07-03 03:30:00,17121.310804598877,0
2026-07-03 05:30:00,17121.310804598877,0
2026-07-03 06:00:00,17121.310804598877,0
2026-07-03 06:30:00,17121.310804598877,0
2026-07-03 07:00:00,17121.310804598877,0
2026-07-03 09:00:00,17121.310804598877,0
2026-07-03 09:30:00,17121.310804598877,0
2026-07-03 10:00:00,17121.310804598877,0
2026-07-03 10:30:00,17121.310804598877,0
2026-07-03 11:00:00,17121.310804598877,0
2026-07-03 11:30:00,17121.310804598877,0
2026-07-03 13:00:00,17121.310804598877,0
2026-07-03 13:30:00,17121.310804598877,0
2026-07-03 14:00:00,17121.310804598877,0
2026-07-03 14:30:00,17121.310804598877,0
2026-07-03 15:00:00,17121.310804598877,0
2026-07-06 01:00:00,17121.310804598877,0
2026-07-06 01:30:00,17121.310804598877,0
2026-07-06 02:00:00,17121.310804598877,0
2026-07-06 02:30:00,17121.310804598877,0
2026-07-06 03:00:00,17121.310804598877,0
2026-07-06 03:30:00,17121.310804598877,0
2026-07-06 05:30:00,17121.310804598877,0
2026-07-06 06:00:00,17121.310804598877,0
2026-07-06 06:30:00,17121.310804598877,0
2026-07-06 07:00:00,17121.310804598877,0
2026-07-06 13:00:00,17121.310804598877,0
2026-07-06 13:30:00,17121.310804598877,0
2026-07-06 14:00:00,17121.310804598877,0
2026-07-06 14:30:00,17121.310804598877,0
2026-07-06 15:00:00,17121.310804598877,0
2026-07-07 01:00:00,17121.310804598877,0
2026-07-07 01:30:00,17121.310804598877,0
2026-07-07 02:00:00,17121.310804598877,0
2026-07-07 02:30:00,17121.310804598877,0
2026-07-07 03:00:00,17121.310804598877,0
2026-07-07 03:30:00,17121.310804598877,0
2026-07-07 05:30:00,17121.310804598877,0
2026-07-07 06:00:00,17121.310804598877,0
2026-07-07 06:30:00,17121.310804598877,0
2026-07-07 07:00:00,17121.310804598877,0
2026-07-07 09:30:00,17121.310804598877,0
2026-07-07 10:00:00,17121.310804598877,0
2026-07-07 10:30:00,17121.310804598877,0
2026-07-07 11:00:00,17121.310804598877,0
2026-07-07 11:30:00,17121.310804598877,0
2026-07-07 13:30:00,17121.310804598877,0
2026-07-07 14:00:00,17121.310804598877,0
2026-07-07 14:30:00,17121.310804598877,0
2026-07-07 15:00:00,17121.310804598877,0
