datetime,open,high,low,close,volume,open_interest
2026-06-01 01:00:00,1051,1053,1049,1051,18111,1323219
2026-06-01 01:01:00,1051,1052,1050,1050,7746,1324035
2026-06-01 01:02:00,1050,1051,1048,1049,7067,1324653
2026-06-01 01:03:00,1049,1049,1046,1046,10046,1325862
2026-06-01 01:04:00,1046,1048,1046,1047,9216,1326788
2026-06-01 01:05:00,1047,1049,1046,1048,6281,1327571
2026-06-01 01:06:00,1048,1050,1048,1049,6366,1328026
2026-06-01 01:07:00,1049,1049,1047,1048,5107,1328582
2026-06-01 01:08:00,1048,1049,1047,1047,3278,1328903
2026-06-01 01:09:00,1047,1048,1046,1046,7466,1330362
2026-06-01 01:10:00,1046,1047,1046,1046,2661,1330211
2026-06-01 01:11:00,1046,1047,1045,1046,6218,1331139
2026-06-01 01:12:00,1046,1048,1046,1048,3251,1331563
2026-06-01 01:13:00,1048,1048,1046,1048,3874,1330836
2026-06-01 01:14:00,1048,1048,1047,1048,1138,1330622
2026-06-01 01:15:00,1048,1048,1047,1047,1891,1331190
2026-06-01 01:16:00,1047,1048,1046,1048,4302,1331649
2026-06-01 01:17:00,1048,1048,1047,1047,892,1331215
2026-06-01 01:18:00,1047,1048,1047,1047,1721,1331131
2026-06-01 01:19:00,1047,1048,1047,1048,1258,1331037
2026-06-01 01:20:00,1048,1048,1047,1048,2382,1330207
2026-06-01 01:21:00,1048,1048,1047,1047,941,1329832
2026-06-01 01:22:00,1047,1049,1047,1049,2488,1329571
2026-06-01 01:23:00,1049,1051,1048,1051,13505,1333239
2026-06-01 01:24:00,1051,1052,1050,1051,4866,1332315
2026-06-01 01:25:00,1051,1052,1050,1051,3164,1332674
2026-06-01 01:26:00,1051,1054,1050,1052,7521,1332756
2026-06-01 01:27:00,1052,1053,1052,1052,4023,1332456
2026-06-01 01:28:00,1052,1053,1052,1053,1747,1332953
2026-06-01 01:29:00,1053,1053,1051,1052,3606,1332792
2026-06-01 01:30:00,1052,1053,1051,1051,2145,1332556
2026-06-01 01:31:00,1051,1053,1051,1052,1343,1332137
2026-06-01 01:32:00,1052,1054,1052,1054,2691,1332816
2026-06-01 01:33:00,1054,1055,1054,1055,7142,1333348
2026-06-01 01:34:00,1055,1055,1053,1054,5081,1334694
2026-06-01 01:35:00,1054,1055,1054,1054,4628,1334369
2026-06-01 01:36:00,1054,1055,1053,1054,2755,1334340
2026-06-01 01:37:00,1054,1055,1053,1053,2054,1334206
2026-06-01 01:38:00,1053,1054,1053,1053,1627,1334381
2026-06-01 01:39:00,1053,1054,1053,1053,911,1334240
2026-06-01 01:40:00,1053,1055,1053,1055,2825,1334249
2026-06-01 01:41:00,1055,1056,1054,1056,11985,1339387
2026-06-01 01:42:00,1056,1056,1054,1054,5078,1339408
2026-06-01 01:43:00,1054,1055,1054,1054,1412,1339163
2026-06-01 01:44:00,1054,1055,1054,1055,1868,1338383
2026-06-01 01:45:00,1055,1055,1054,1055,1576,1338847
2026-06-01 01:46:00,1055,1055,1053,1054,5483,1338212
2026-06-01 01:47:00,1054,1056,1054,1056,2903,1337936
2026-06-01 01:48:00,1056,1056,1054,1056,2462,1337163
2026-06-01 01:49:00,1056,1056,1055,1056,2071,1337028
2026-06-01 01:50:00,1056,1056,1053,1054,3887,1337522
2026-06-01 01:51:00,1054,1056,1054,1054,3369,1338286
2026-06-01 01:52:00,1054,1055,1054,1054,1061,1338169
2026-06-01 01:53:00,1054,1056,1054,1055,2241,1338313
2026-06-01 01:54:00,1055,1056,1055,1055,1072,1338326
2026-06-01 01:55:00,1055,1056,1055,1055,1578,1338011
2026-06-01 01:56:00,1055,1056,1055,1056,759,1337870
2026-06-01 01:57:00,1056,1056,1055,1056,881,1337856
2026-06-01 01:58:00,1056,1056,1055,1056,1041,1337713
2026-06-01 01:59:00,1056,1056,1055,1056,1059,1337710
2026-06-01 02:00:00,1056,1056,1055,1056,833,1337529
2026-06-01 02:01:00,1056,1056,1055,1056,745,1337403
2026-06-01 02:02:00,1056,1056,1055,1056,1068,1336952
2026-06-01 02:03:00,1056,1057,1055,1057,3648,1335838
2026-06-01 02:04:00,1057,1057,1056,1057,1531,1335462
2026-06-01 02:05:00,1057,1057,1056,1057,1155,1335216
2026-06-01 02:06:00,1057,1058,1056,1058,4843,1334508
2026-06-01 02:07:00,1058,1060,1057,1060,13127,1333346
2026-06-01 02:08:00,1060,1060,1058,1059,6952,1332757
2026-06-01 02:09:00,1059,1060,1058,1058,4384,1332658
2026-06-01 02:10:00,1058,1060,1058,1060,3039,1333481
2026-06-01 02:11:00,1060,1060,1058,1059,4531,1334078
2026-06-01 02:12:00,1059,1059,1057,1059,6429,1334366
2026-06-01 02:13:00,1059,1059,1056,1057,6413,1333795
2026-06-01 02:14:00,1057,1058,1057,1058,2031,1333149
2026-06-01 02:30:00,1057,1058,1056,1056,5520,1331842
2026-06-01 02:31:00,1056,1057,1056,1056,3676,1331291
2026-06-01 02:32:00,1056,1058,1056,1058,2558,1331743
2026-06-01 02:33:00,1058,1058,1056,1056,1818,1331895
2026-06-01 02:34:00,1056,1057,1055,1055,3474,1331467
2026-06-01 02:35:00,1055,1056,1054,1055,5306,1331264
2026-06-01 02:36:00,1055,1057,1054,1056,3084,1332073
2026-06-01 02:37:00,1056,1056,1055,1055,1647,1332300
2026-06-01 02:38:00,1055,1056,1055,1056,777,1332399
2026-06-01 02:39:00,1056,1056,1055,1055,731,1332234
2026-06-01 02:40:00,1055,1056,1054,1054,2190,1331691
2026-06-01 02:41:00,1054,1055,1053,1054,3996,1331201
2026-06-01 02:42:00,1054,1055,1053,1054,3740,1330604
2026-06-01 02:43:00,1054,1056,1053,1055,4228,1330209
2026-06-01 02:44:00,1055,1056,1054,1055,876,1330065
2026-06-01 02:45:00,1055,1055,1054,1054,1998,1329764
2026-06-01 02:46:00,1054,1055,1054,1054,628,1329716
2026-06-01 02:47:00,1054,1055,1054,1054,723,1329648
2026-06-01 02:48:00,1054,1055,1053,1054,2903,1330368
2026-06-01 02:49:00,1054,1055,1054,1055,1701,1331037
2026-06-01 02:50:00,1055,1058,1054,1057,8941,1332763
2026-06-01 02:51:00,1057,1058,1056,1057,3046,1333385
2026-06-01 02:52:00,1057,1058,1056,1057,2169,1333779
2026-06-01 02:53:00,1057,1057,1056,1057,840,1334158
2026-06-01 02:54:00,1057,1058,1056,1058,1659,1334884
2026-06-01 02:55:00,1058,1059,1057,1058,8941,1339304
2026-06-01 02:56:00,1058,1058,1057,1058,955,1339945
2026-06-01 02:57:00,1058,1058,1057,1058,942,1340107
2026-06-01 02:58:00,1058,1058,1056,1057,1775,1340463
2026-06-01 02:59:00,1057,1058,1057,1058,1005,1340626
2026-06-01 03:00:00,1058,1058,1057,1057,418,1340629
2026-06-01 03:01:00,1057,1059,1057,1059,2280,1340244
2026-06-01 03:02:00,1059,1059,1057,1058,1479,1340284
2026-06-01 03:03:00,1058,1058,1057,1058,488,1340414
2026-06-01 03:04:00,1058,1058,1057,1058,1025,1340328
2026-06-01 03:05:00,1058,1058,1057,1057,1760,1339509
2026-06-01 03:06:00,1057,1058,1057,1058,844,1339370
2026-06-01 03:07:00,1058,1058,1057,1058,429,1339250
2026-06-01 03:08:00,1058,1058,1057,1058,707,1339326
2026-06-01 03:09:00,1058,1058,1057,1057,2238,1339537
2026-06-01 03:10:00,1057,1058,1057,1058,817,1339799
2026-06-01 03:11:00,1058,1058,1057,1058,825,1339575
2026-06-01 03:12:00,1058,1058,1057,1058,490,1339807
2026-06-01 03:13:00,1058,1058,1057,1057,336,1339810
2026-06-01 03:14:00,1057,1058,1057,1057,588,1339689
2026-06-01 03:15:00,1057,1058,1057,1057,1595,1339438
2026-06-01 03:16:00,1057,1057,1056,1056,776,1338957
2026-06-01 03:17:00,1056,1057,1054,1056,6458,1338772
2026-06-01 03:18:00,1056,1056,1055,1055,718,1338523
2026-06-01 03:19:00,1055,1056,1055,1055,897,1338664
2026-06-01 03:20:00,1055,1056,1054,1054,1681,1337682
2026-06-01 03:21:00,1054,1056,1054,1054,1527,1337760
2026-06-01 03:22:00,1054,1055,1054,1054,521,1337657
2026-06-01 03:23:00,1054,1055,1054,1055,987,1337755
2026-06-01 03:24:00,1055,1055,1054,1055,648,1337457
2026-06-01 03:25:00,1055,1055,1054,1054,823,1337206
2026-06-01 03:26:00,1054,1056,1054,1056,2821,1338190
2026-06-01 03:27:00,1056,1057,1055,1056,3575,1336470
2026-06-01 03:28:00,1056,1057,1056,1056,922,1336738
2026-06-01 03:29:00,1056,1057,1056,1056,1479,1336356
2026-06-01 05:30:00,1057,1058,1055,1056,4804,1335924
2026-06-01 05:31:00,1056,1056,1055,1056,1307,1335890
2026-06-01 05:32:00,1056,1056,1055,1056,664,1335893
2026-06-01 05:33:00,1056,1057,1055,1057,1963,1335790
2026-06-01 05:34:00,1057,1057,1056,1056,541,1335812
2026-06-01 05:35:00,1056,1057,1055,1056,1150,1335347
2026-06-01 05:36:00,1056,1056,1055,1056,453,1335288
2026-06-01 05:37:00,1056,1056,1055,1055,547,1335446
2026-06-01 05:38:00,1055,1056,1055,1055,602,1335356
2026-06-01 05:39:00,1055,1056,1055,1056,323,1335246
2026-06-01 05:40:00,1056,1056,1055,1055,2279,1334641
2026-06-01 05:41:00,1055,1055,1054,1055,636,1334647
2026-06-01 05:42:00,1055,1056,1054,1056,1736,1334068
2026-06-01 05:43:00,1056,1056,1055,1055,351,1334228
2026-06-01 05:44:00,1055,1057,1055,1057,1865,1334372
2026-06-01 05:45:00,1057,1057,1056,1057,336,1334293
2026-06-01 05:46:00,1057,1057,1056,1057,402,1334286
2026-06-01 05:47:00,1057,1058,1056,1058,2340,1334442
2026-06-01 05:48:00,1058,1058,1057,1058,605,1334737
2026-06-01 05:49:00,1058,1061,1057,1060,19993,1341878
2026-06-01 05:50:00,1060,1060,1058,1059,4808,1341932
2026-06-01 05:51:00,1059,1060,1059,1060,2193,1342560
2026-06-01 05:52:00,1060,1061,1060,1060,8882,1345546
2026-06-01 05:53:00,1060,1061,1059,1059,4114,1344919
2026-06-01 05:54:00,1059,1060,1059,1060,1122,1344639
2026-06-01 05:55:00,1060,1060,1059,1060,881,1344505
2026-06-01 05:56:00,1060,1060,1058,1058,3874,1345150
2026-06-01 05:57:00,1058,1059,1058,1058,896,1345067
2026-06-01 05:58:00,1058,1060,1058,1059,5981,1344712
2026-06-01 05:59:00,1059,1060,1058,1059,2615,1344016
2026-06-01 06:00:00,1059,1060,1058,1060,2253,1344052
2026-06-01 06:01:00,1060,1060,1059,1059,940,1343924
2026-06-01 06:02:00,1059,1060,1059,1060,942,1344189
2026-06-01 06:03:00,1060,1060,1059,1060,2534,1344282
2026-06-01 06:04:00,1060,1060,1059,1059,847,1344290
2026-06-01 06:05:00,1059,1060,1058,1058,2919,1344157
2026-06-01 06:06:00,1058,1059,1058,1058,1349,1345186
2026-06-01 06:07:00,1058,1059,1057,1057,4005,1344182
2026-06-01 06:08:00,1057,1058,1057,1058,887,1344073
2026-06-01 06:09:00,1058,1058,1057,1057,402,1344013
2026-06-01 06:10:00,1057,1058,1057,1058,779,1343870
2026-06-01 06:11:00,1058,1058,1057,1057,2482,1342699
2026-06-01 06:12:00,1057,1058,1057,1057,2075,1342493
2026-06-01 06:13:00,1057,1058,1057,1057,401,1342319
2026-06-01 06:14:00,1057,1058,1057,1058,335,1342300
2026-06-01 06:15:00,1058,1058,1057,1058,807,1342517
2026-06-01 06:16:00,1058,1058,1057,1057,824,1342473
2026-06-01 06:17:00,1057,1058,1057,1057,974,1342179
2026-06-01 06:18:00,1057,1058,1056,1056,2911,1340810
2026-06-01 06:19:00,1056,1057,1054,1055,10762,1341767
2026-06-01 06:20:00,1055,1055,1054,1054,2533,1341551
2026-06-01 06:21:00,1054,1056,1054,1054,5472,1339883
2026-06-01 06:22:00,1054,1055,1054,1054,2675,1339935
2026-06-01 06:23:00,1054,1055,1053,1053,3830,1338608
2026-06-01 06:24:00,1053,1053,1051,1052,9738,1337589
2026-06-01 06:25:00,1052,1054,1052,1054,4037,1336811
2026-06-01 06:26:00,1054,1054,1052,1054,3852,1336119
2026-06-01 06:27:00,1054,1055,1053,1055,3170,1335942
2026-06-01 06:28:00,1055,1055,1054,1055,653,1335881
2026-06-01 06:29:00,1055,1055,1054,1054,644,1335799
2026-06-01 06:30:00,1054,1056,1054,1055,4361,1335021
2026-06-01 06:31:00,1055,1055,1054,1054,560,1334976
2026-06-01 06:32:00,1054,1055,1054,1055,538,1334944
2026-06-01 06:33:00,1055,1055,1054,1054,500,1334995
2026-06-01 06:34:00,1054,1056,1054,1055,1407,1335479
2026-06-01 06:35:00,1055,1056,1055,1056,599,1335232
2026-06-01 06:36:00,1056,1056,1054,1055,2040,1335229
2026-06-01 06:37:00,1055,1055,1054,1055,456,1335316
2026-06-01 06:38:00,1055,1055,1053,1054,2689,1334696
2026-06-01 06:39:00,1054,1055,1053,1054,1175,1334361
2026-06-01 06:40:00,1054,1055,1054,1054,641,1334430
2026-06-01 06:41:00,1054,1055,1054,1054,367,1334579
2026-06-01 06:42:00,1054,1055,1054,1055,543,1334489
2026-06-01 06:43:00,1055,1056,1055,1055,2584,1334940
2026-06-01 06:44:00,1055,1056,1054,1055,1676,1334692
2026-06-01 06:45:00,1055,1056,1054,1056,1436,1334853
2026-06-01 06:46:00,1056,1056,1055,1055,1089,1334551
2026-06-01 06:47:00,1055,1056,1055,1055,872,1334353
2026-06-01 06:48:00,1055,1056,1054,1055,1546,1334268
2026-06-01 06:49:00,1055,1056,1054,1055,2015,1334503
2026-06-01 06:50:00,1055,1056,1055,1056,770,1334302
2026-06-01 06:51:00,1056,1057,1055,1056,2607,1334468
2026-06-01 06:52:00,1056,1057,1055,1056,2793,1333734
2026-06-01 06:53:00,1056,1056,1055,1056,991,1333885
2026-06-01 06:54:00,1056,1056,1055,1055,986,1334064
2026-06-01 06:55:00,1055,1056,1055,1056,1301,1334053
2026-06-01 06:56:00,1056,1056,1055,1055,1430,1333788
2026-06-01 06:57:00,1055,1056,1055,1055,2306,1333080
2026-06-01 06:58:00,1055,1056,1055,1055,3920,1331750
2026-06-01 06:59:00,1055,1057,1055,1056,6490,1329631
2026-06-01 13:00:00,1058,1058,1051,1052,24320,1330489
2026-06-01 13:01:00,1052,1053,1052,1053,5592,1331505
2026-06-01 13:02:00,1053,1053,1050,1052,13500,1329318
2026-06-01 13:03:00,1052,1052,1049,1050,13366,1329314
2026-06-01 13:04:00,1050,1051,1049,1050,5524,1329985
2026-06-01 13:05:00,1050,1051,1050,1051,4262,1331534
2026-06-01 13:06:00,1051,1052,1050,1051,4233,1331729
2026-06-01 13:07:00,1051,1053,1051,1052,4870,1331378
2026-06-01 13:08:00,1052,1052,1051,1052,1563,1331636
2026-06-01 13:09:00,1052,1052,1051,1052,1591,1331629
2026-06-01 13:10:00,1052,1052,1051,1052,1407,1331450
2026-06-01 13:11:00,1052,1053,1051,1053,3907,1332844
2026-06-01 13:12:00,1053,1053,1051,1051,2903,1333010
2026-06-01 13:13:00,1051,1052,1051,1051,2473,1332794
2026-06-01 13:14:00,1051,1053,1050,1053,6389,1334115
2026-06-01 13:15:00,1053,1054,1052,1053,4407,1333900
2026-06-01 13:16:00,1053,1053,1052,1053,1293,1333763
2026-06-01 13:17:00,1053,1054,1052,1054,2219,1333533
2026-06-01 13:18:00,1054,1054,1052,1052,2607,1333312
2026-06-01 13:19:00,1052,1053,1052,1053,699,1333382
2026-06-01 13:20:00,1053,1054,1052,1054,2035,1333608
2026-06-01 13:21:00,1054,1054,1052,1053,1967,1333237
2026-06-01 13:22:00,1053,1054,1053,1054,683,1333039
2026-06-01 13:23:00,1054,1054,1053,1053,578,1332851
2026-06-01 13:24:00,1053,1054,1053,1054,617,1332673
2026-06-01 13:25:00,1054,1054,1053,1054,899,1332511
2026-06-01 13:26:00,1054,1054,1053,1054,630,1332457
2026-06-01 13:27:00,1054,1054,1053,1054,820,1332371
2026-06-01 13:28:00,1054,1054,1053,1054,746,1332429
2026-06-01 13:29:00,1054,1054,1053,1053,801,1332510
2026-06-01 13:30:00,1053,1054,1053,1053,529,1332412
2026-06-01 13:31:00,1053,1054,1052,1053,1402,1332327
2026-06-01 13:32:00,1053,1053,1050,1050,7705,1334216
2026-06-01 13:33:00,1050,1050,1048,1049,11735,1336698
2026-06-01 13:34:00,1049,1050,1048,1050,5805,1338022
2026-06-01 13:35:00,1050,1050,1048,1048,2870,1339185
2026-06-01 13:36:00,1048,1049,1047,1049,7901,1339876
2026-06-01 13:37:00,1049,1049,1048,1049,821,1339689
2026-06-01 13:38:00,1049,1049,1048,1048,977,1339580
2026-06-01 13:39:00,1048,1049,1048,1048,3858,1339835
2026-06-01 13:40:00,1048,1050,1048,1050,3011,1339575
2026-06-01 13:41:00,1050,1050,1049,1049,592,1339417
2026-06-01 13:42:00,1049,1050,1049,1050,598,1339426
2026-06-01 13:43:00,1050,1050,1049,1050,797,1339323
2026-06-01 13:44:00,1050,1051,1049,1051,3124,1338847
2026-06-01 13:45:00,1051,1051,1050,1050,3615,1338322
2026-06-01 13:46:00,1050,1051,1050,1051,797,1338660
2026-06-01 13:47:00,1051,1051,1050,1051,748,1338586
2026-06-01 13:48:00,1051,1051,1050,1050,432,1338580
2026-06-01 13:49:00,1050,1051,1050,1051,577,1338524
2026-06-01 13:50:00,1051,1052,1049,1052,7581,1338673
2026-06-01 13:51:00,1052,1052,1050,1051,3594,1338796
2026-06-01 13:52:00,1051,1052,1051,1052,545,1338825
2026-06-01 13:53:00,1052,1052,1051,1051,432,1338880
2026-06-01 13:54:00,1051,1052,1051,1052,368,1338762
2026-06-01 13:55:00,1052,1052,1051,1052,619,1338706
2026-06-01 13:56:00,1052,1052,1051,1052,395,1338449
2026-06-01 13:57:00,1052,1052,1051,1052,613,1338264
2026-06-01 13:58:00,1052,1052,1050,1050,1914,1337618
2026-06-01 13:59:00,1050,1051,1049,1050,3614,1337978
2026-06-01 14:00:00,1050,1050,1049,1050,2037,1337178
2026-06-01 14:01:00,1050,1050,1049,1050,1060,1336644
2026-06-01 14:02:00,1050,1050,1048,1049,2740,1336432
2026-06-01 14:03:00,1049,1049,1048,1049,1631,1335936
2026-06-01 14:04:00,1049,1049,1048,1048,1169,1336004
2026-06-01 14:05:00,1048,1049,1048,1049,1154,1336243
2026-06-01 14:06:00,1049,1050,1048,1050,1789,1335635
2026-06-01 14:07:00,1050,1050,1049,1050,474,1335631
2026-06-01 14:08:00,1050,1050,1049,1050,302,1335652
2026-06-01 14:09:00,1050,1050,1049,1049,414,1335574
2026-06-01 14:10:00,1049,1050,1049,1049,354,1335604
2026-06-01 14:11:00,1049,1050,1049,1050,211,1335656
2026-06-01 14:12:00,1050,1050,1049,1049,122,1335673
2026-06-01 14:13:00,1049,1050,1049,1050,239,1335725
2026-06-01 14:14:00,1050,1050,1049,1050,185,1335763
2026-06-01 14:15:00,1050,1050,1049,1049,269,1335838
2026-06-01 14:16:00,1049,1050,1049,1050,473,1335901
2026-06-01 14:17:00,1050,1050,1049,1050,200,1335894
2026-06-01 14:18:00,1050,1050,1049,1049,303,1335753
2026-06-01 14:19:00,1049,1050,1048,1049,2153,1335014
2026-06-01 14:20:00,1049,1050,1048,1050,2094,1334295
2026-06-01 14:21:00,1050,1050,1049,1049,321,1334338
2026-06-01 14:22:00,1049,1050,1049,1049,317,1334341
2026-06-01 14:23:00,1049,1050,1049,1050,523,1334392
2026-06-01 14:24:00,1050,1050,1049,1049,257,1334347
2026-06-01 14:25:00,1049,1050,1049,1050,351,1334297
2026-06-01 14:26:00,1050,1050,1049,1050,247,1334330
2026-06-01 14:27:00,1050,1050,1049,1050,850,1334010
2026-06-01 14:28:00,1050,1050,1049,1049,329,1333852
2026-06-01 14:29:00,1049,1050,1049,1050,508,1333895
2026-06-01 14:30:00,1050,1050,1048,1049,3175,1334205
2026-06-01 14:31:00,1049,1050,1049,1050,324,1334205
2026-06-01 14:32:00,1050,1050,1049,1050,291,1334095
2026-06-01 14:33:00,1050,1050,1049,1049,157,1334052
2026-06-01 14:34:00,1049,1050,1049,1050,268,1333965
2026-06-01 14:35:00,1050,1050,1049,1049,498,1333879
2026-06-01 14:36:00,1049,1051,1049,1050,2807,1333403
2026-06-01 14:37:00,1050,1051,1050,1051,3297,1331696
2026-06-01 14:38:00,1051,1051,1050,1051,277,1331578
2026-06-01 14:39:00,1051,1051,1050,1051,349,1331476
2026-06-01 14:40:00,1051,1051,1050,1050,374,1331389
2026-06-01 14:41:00,1050,1051,1050,1051,456,1331337
2026-06-01 14:42:00,1051,1051,1050,1051,449,1331293
2026-06-01 14:43:00,1051,1051,1050,1051,480,1331226
2026-06-01 14:44:00,1051,1052,1050,1051,2276,1331772
2026-06-01 14:45:00,1051,1052,1051,1052,2092,1331224
2026-06-01 14:46:00,1052,1052,1051,1051,3658,1331615
2026-06-01 14:47:00,1051,1052,1051,1052,351,1331576
2026-06-01 14:48:00,1052,1052,1051,1052,449,1331244
2026-06-01 14:49:00,1052,1052,1051,1051,398,1331029
2026-06-01 14:50:00,1051,1052,1051,1052,331,1330903
2026-06-01 14:51:00,1052,1052,1051,1052,488,1330745
2026-06-01 14:52:00,1052,1052,1051,1052,1709,1330533
2026-06-01 14:53:00,1052,1052,1051,1052,788,1330390
2026-06-01 14:54:00,1052,1052,1051,1052,414,1330410
2026-06-01 14:55:00,1052,1052,1051,1052,508,1330352
2026-06-01 14:56:00,1052,1052,1051,1051,1061,1329821
2026-06-01 14:57:00,1051,1052,1050,1051,1356,1329208
2026-06-01 14:58:00,1051,1051,1050,1051,1088,1328901
2026-06-01 14:59:00,1051,1053,1050,1053,4686,1326241
2026-06-02 01:00:00,1053,1053,1049,1049,4543,1325578
2026-06-02 01:01:00,1049,1052,1049,1052,4596,1324938
2026-06-02 01:02:00,1052,1053,1051,1051,5841,1326091
2026-06-02 01:03:00,1051,1052,1050,1051,2953,1326223
2026-06-02 01:04:00,1051,1051,1050,1051,1726,1325267
2026-06-02 01:05:00,1051,1051,1050,1051,1116,1325102
2026-06-02 01:06:00,1051,1051,1050,1050,782,1325139
2026-06-02 01:07:00,1050,1051,1050,1051,1169,1325351
2026-06-02 01:08:00,1051,1051,1050,1050,536,1325473
2026-06-02 01:09:00,1050,1051,1049,1050,2709,1324759
2026-06-02 01:10:00,1050,1052,1049,1052,3762,1326064
2026-06-02 01:11:00,1052,1053,1051,1052,733,1326085
2026-06-02 01:12:00,1052,1052,1050,1051,1840,1326137
2026-06-02 01:13:00,1051,1051,1050,1050,1014,1326044
2026-06-02 01:14:00,1050,1051,1049,1049,2370,1325597
2026-06-02 01:15:00,1049,1050,1049,1049,608,1325547
2026-06-02 01:16:00,1049,1050,1049,1049,1579,1325726
2026-06-02 01:17:00,1049,1050,1048,1048,3121,1325747
2026-06-02 01:18:00,1048,1050,1048,1050,1748,1325522
2026-06-02 01:19:00,1050,1050,1049,1049,1063,1325527
2026-06-02 01:20:00,1049,1050,1049,1050,603,1325570
2026-06-02 01:21:00,1050,1050,1049,1049,405,1325581
2026-06-02 01:22:00,1049,1050,1049,1049,498,1325368
2026-06-02 01:23:00,1049,1051,1049,1050,2393,1326062
2026-06-02 01:24:00,1050,1051,1049,1049,1914,1326055
2026-06-02 01:25:00,1049,1051,1049,1050,1025,1325984
2026-06-02 01:26:00,1050,1051,1049,1049,1764,1326348
2026-06-02 01:27:00,1049,1050,1049,1050,549,1326124
2026-06-02 01:28:00,1050,1050,1049,1049,287,1325998
2026-06-02 01:29:00,1049,1050,1049,1049,362,1326002
2026-06-02 01:30:00,1049,1050,1048,1048,3296,1326758
2026-06-02 01:31:00,1048,1049,1047,1048,5770,1326175
2026-06-02 01:32:00,1048,1049,1048,1048,900,1325959
2026-06-02 01:33:00,1048,1050,1048,1049,3098,1325867
2026-06-02 01:34:00,1049,1049,1047,1047,1966,1325587
2026-06-02 01:35:00,1047,1048,1046,1046,8104,1326542
2026-06-02 01:36:00,1046,1047,1045,1046,15063,1326684
2026-06-02 01:37:00,1046,1046,1045,1046,2220,1326584
2026-06-02 01:38:00,1046,1047,1045,1046,3539,1327499
2026-06-02 01:39:00,1046,1047,1045,1045,4419,1327402
2026-06-02 01:40:00,1045,1047,1045,1046,3134,1327948
2026-06-02 01:41:00,1046,1046,1045,1046,1487,1327734
2026-06-02 01:42:00,1046,1046,1044,1044,11156,1328924
2026-06-02 01:43:00,1044,1045,1044,1044,2967,1327890
2026-06-02 01:44:00,1044,1045,1042,1042,14880,1330020
2026-06-02 01:45:00,1042,1043,1039,1039,27376,1324741
2026-06-02 01:46:00,1039,1041,1039,1041,13750,1326918
2026-06-02 01:47:00,1041,1042,1040,1042,6275,1329085
2026-06-02 01:48:00,1042,1042,1040,1041,6182,1328191
2026-06-02 01:49:00,1041,1041,1039,1039,10269,1331576
2026-06-02 01:50:00,1039,1039,1036,1038,26804,1335108
2026-06-02 01:51:00,1038,1040,1037,1039,17180,1343778
2026-06-02 01:52:00,1039,1040,1038,1038,3333,1343778
2026-06-02 01:53:00,1038,1039,1038,1038,4865,1344690
2026-06-02 01:54:00,1038,1039,1037,1037,4032,1344261
2026-06-02 01:55:00,1037,1039,1037,1038,5447,1343245
2026-06-02 01:56:00,1038,1039,1038,1039,2192,1344149
2026-06-02 01:57:00,1039,1039,1038,1038,1656,1344502
2026-06-02 01:58:00,1038,1039,1038,1038,1722,1344259
2026-06-02 01:59:00,1038,1039,1038,1039,2242,1344661
2026-06-02 02:00:00,1039,1039,1038,1039,2181,1345038
2026-06-02 02:01:00,1039,1040,1038,1040,5344,1345959
2026-06-02 02:02:00,1040,1040,1039,1040,2756,1345927
2026-06-02 02:03:00,1040,1040,1039,1039,1777,1346477
2026-06-02 02:04:00,1039,1040,1038,1039,5665,1346542
2026-06-02 02:05:00,1039,1039,1038,1039,1792,1346706
2026-06-02 02:06:00,1039,1040,1038,1040,4255,1349158
2026-06-02 02:07:00,1040,1040,1039,1040,2947,1349038
2026-06-02 02:08:00,1040,1040,1039,1040,645,1349255
2026-06-02 02:09:00,1040,1040,1039,1040,830,1349256
2026-06-02 02:10:00,1040,1040,1039,1039,669,1349452
2026-06-02 02:11:00,1039,1040,1039,1040,609,1349349
2026-06-02 02:12:00,1040,1040,1039,1040,1231,1348984
2026-06-02 02:13:00,1040,1040,1039,1039,484,1348872
2026-06-02 02:14:00,1039,1040,1038,1039,4052,1348944
2026-06-02 02:30:00,1039,1040,1038,1039,4140,1347584
2026-06-02 02:31:00,1039,1040,1039,1040,936,1347963
2026-06-02 02:32:00,1040,1040,1039,1039,931,1348035
2026-06-02 02:33:00,1039,1040,1039,1039,1301,1348189
2026-06-02 02:34:00,1039,1040,1039,1039,620,1348152
2026-06-02 02:35:00,1039,1040,1039,1039,634,1348329
2026-06-02 02:36:00,1039,1040,1039,1039,936,1348426
2026-06-02 02:37:00,1039,1040,1039,1039,926,1348714
2026-06-02 02:38:00,1039,1040,1039,1040,519,1349014
2026-06-02 02:39:00,1040,1040,1039,1040,702,1349241
2026-06-02 02:40:00,1040,1040,1038,1038,3271,1349850
2026-06-02 02:41:00,1038,1039,1038,1038,725,1349967
2026-06-02 02:42:00,1038,1040,1038,1039,5544,1349535
2026-06-02 02:43:00,1039,1040,1039,1040,530,1349571
2026-06-02 02:44:00,1040,1040,1039,1040,453,1349535
2026-06-02 02:45:00,1040,1040,1038,1039,4026,1349067
2026-06-02 02:46:00,1039,1040,1039,1039,342,1349078
2026-06-02 02:47:00,1039,1040,1039,1040,410,1349014
2026-06-02 02:48:00,1040,1040,1039,1040,790,1348848
2026-06-02 02:49:00,1040,1040,1038,1039,2482,1349358
2026-06-02 02:50:00,1039,1041,1039,1041,9136,1351656
2026-06-02 02:51:00,1041,1042,1040,1042,5884,1350853
2026-06-02 02:52:00,1042,1042,1041,1042,3430,1350513
2026-06-02 02:53:00,1042,1042,1040,1040,1512,1350157
2026-06-02 02:54:00,1040,1041,1040,1041,577,1349890
2026-06-02 02:55:00,1041,1041,1040,1040,508,1349866
2026-06-02 02:56:00,1040,1041,1040,1041,490,1349916
2026-06-02 02:57:00,1041,1041,1040,1041,810,1349498
2026-06-02 02:58:00,1041,1041,1040,1040,797,1349364
2026-06-02 02:59:00,1040,1041,1040,1040,1150,1349005
2026-06-02 03:00:00,1040,1041,1040,1041,591,1349269
2026-06-02 03:01:00,1041,1042,1040,1040,3713,1348468
2026-06-02 03:02:00,1040,1042,1040,1041,4231,1347047
2026-06-02 03:03:00,1041,1042,1041,1042,836,1346834
2026-06-02 03:04:00,1042,1042,1041,1041,1116,1347113
2026-06-02 03:05:00,1041,1042,1041,1042,1384,1346722
2026-06-02 03:06:00,1042,1042,1040,1041,2141,1347015
2026-06-02 03:07:00,1041,1041,1040,1041,443,1347110
2026-06-02 03:08:00,1041,1041,1040,1041,559,1347194
2026-06-02 03:09:00,1041,1041,1040,1041,247,1347299
2026-06-02 03:10:00,1041,1041,1040,1040,290,1347420
2026-06-02 03:11:00,1040,1041,1040,1041,452,1347417
2026-06-02 03:12:00,1041,1041,1040,1040,421,1347226
2026-06-02 03:13:00,1040,1041,1040,1040,742,1347178
2026-06-02 03:14:00,1040,1041,1040,1040,416,1347006
2026-06-02 03:15:00,1040,1041,1040,1041,1033,1346468
2026-06-02 03:16:00,1041,1041,1040,1041,354,1346531
2026-06-02 03:17:00,1041,1041,1039,1040,4218,1347150
2026-06-02 03:18:00,1040,1040,1039,1040,899,1347335
2026-06-02 03:19:00,1040,1041,1039,1041,2513,1347649
2026-06-02 03:20:00,1041,1041,1040,1040,526,1347493
2026-06-02 03:21:00,1040,1041,1040,1041,277,1347593
2026-06-02 03:22:00,1041,1041,1040,1040,369,1347819
2026-06-02 03:23:00,1040,1041,1040,1041,437,1348098
2026-06-02 03:24:00,1041,1041,1039,1039,3380,1347691
2026-06-02 03:25:00,1039,1041,1039,1041,1573,1346816
2026-06-02 03:26:00,1041,1041,1040,1041,805,1346339
2026-06-02 03:27:00,1041,1042,1041,1042,2952,1345771
2026-06-02 03:28:00,1042,1042,1040,1041,632,1345518
2026-06-02 03:29:00,1041,1042,1040,1041,1030,1345410
2026-06-02 05:30:00,1042,1044,1042,1043,11738,1342471
2026-06-02 05:31:00,1043,1044,1042,1043,4469,1340812
2026-06-02 05:32:00,1043,1045,1042,1045,6589,1337743
2026-06-02 05:33:00,1045,1045,1044,1045,1434,1337662
2026-06-02 05:34:00,1045,1045,1044,1044,2299,1337768
2026-06-02 05:35:00,1044,1045,1044,1044,1992,1337194
2026-06-02 05:36:00,1044,1044,1043,1044,928,1337429
2026-06-02 05:37:00,1044,1044,1043,1043,3003,1336136
2026-06-02 05:38:00,1043,1044,1043,1043,690,1336313
2026-06-02 05:39:00,1043,1044,1042,1043,669,1336101
2026-06-02 05:40:00,1043,1044,1042,1044,2270,1336670
2026-06-02 05:41:00,1044,1045,1043,1045,3411,1337366
2026-06-02 05:42:00,1045,1045,1044,1044,1650,1336744
2026-06-02 05:43:00,1044,1045,1044,1044,650,1336631
2026-06-02 05:44:00,1044,1045,1043,1044,1904,1336475
2026-06-02 05:45:00,1044,1045,1043,1045,3017,1336189
2026-06-02 05:46:00,1045,1045,1044,1045,2643,1335952
2026-06-02 05:47:00,1045,1045,1044,1045,2501,1335722
2026-06-02 05:48:00,1045,1046,1044,1045,5178,1336226
2026-06-02 05:49:00,1045,1046,1044,1045,2604,1336025
2026-06-02 05:50:00,1045,1045,1044,1044,974,1335496
2026-06-02 05:51:00,1044,1047,1044,1046,7396,1335979
2026-06-02 05:52:00,1046,1047,1045,1046,4487,1335064
2026-06-02 05:53:00,1046,1046,1045,1046,428,1334894
2026-06-02 05:54:00,1046,1046,1044,1044,2731,1335279
2026-06-02 05:55:00,1044,1046,1044,1046,1672,1335152
2026-06-02 05:56:00,1046,1046,1045,1046,550,1335271
2026-06-02 05:57:00,1046,1046,1045,1045,1937,1334832
2026-06-02 05:58:00,1045,1045,1044,1044,707,1335019
2026-06-02 05:59:00,1044,1045,1044,1045,702,1335357
2026-06-02 06:00:00,1045,1045,1044,1044,676,1335352
2026-06-02 06:01:00,1044,1045,1044,1045,680,1335230
2026-06-02 06:02:00,1045,1045,1044,1044,430,1335087
2026-06-02 06:03:00,1044,1045,1044,1045,737,1334946
2026-06-02 06:04:00,1045,1045,1044,1044,412,1334811
2026-06-02 06:05:00,1044,1045,1044,1044,3375,1333654
2026-06-02 06:06:00,1044,1045,1044,1044,487,1333658
2026-06-02 06:07:00,1044,1045,1044,1044,372,1333738
2026-06-02 06:08:00,1044,1045,1044,1044,404,1333847
2026-06-02 06:09:00,1044,1045,1044,1045,435,1333910
2026-06-02 06:10:00,1045,1045,1044,1044,628,1333762
2026-06-02 06:11:00,1044,1045,1043,1043,3837,1332560
2026-06-02 06:12:00,1043,1044,1043,1043,707,1332732
2026-06-02 06:13:00,1043,1044,1043,1044,340,1332694
2026-06-02 06:14:00,1044,1044,1043,1043,465,1332837
2026-06-02 06:15:00,1043,1044,1042,1043,3050,1333066
2026-06-02 06:16:00,1043,1043,1042,1042,1798,1332712
2026-06-02 06:17:00,1042,1042,1041,1042,3539,1332926
2026-06-02 06:18:00,1042,1042,1041,1041,532,1332918
2026-06-02 06:19:00,1041,1042,1041,1042,3009,1331926
2026-06-02 06:20:00,1042,1043,1042,1043,413,1331936
2026-06-02 06:21:00,1043,1043,1041,1042,3951,1331492
2026-06-02 06:22:00,1042,1043,1041,1042,2336,1331730
2026-06-02 06:23:00,1042,1042,1041,1042,1377,1331233
2026-06-02 06:24:00,1042,1043,1042,1043,1018,1330921
2026-06-02 06:25:00,1043,1043,1042,1042,531,1330929
2026-06-02 06:26:00,1042,1043,1042,1042,308,1330946
2026-06-02 06:27:00,1042,1043,1042,1043,191,1330916
2026-06-02 06:28:00,1043,1043,1042,1042,308,1330955
2026-06-02 06:29:00,1042,1043,1042,1042,228,1330912
2026-06-02 06:30:00,1042,1043,1042,1042,274,1330953
2026-06-02 06:31:00,1042,1043,1042,1042,600,1331197
2026-06-02 06:32:00,1042,1044,1042,1044,3506,1330341
2026-06-02 06:33:00,1044,1044,1043,1044,297,1330291
2026-06-02 06:34:00,1044,1045,1043,1045,2944,1328849
2026-06-02 06:35:00,1045,1045,1044,1044,2144,1328351
2026-06-02 06:36:00,1044,1045,1043,1045,1061,1328250
2026-06-02 06:37:00,1045,1045,1044,1044,1870,1327641
2026-06-02 06:38:00,1044,1045,1043,1045,2114,1327063
2026-06-02 06:39:00,1045,1045,1044,1044,602,1327071
2026-06-02 06:40:00,1044,1045,1044,1045,308,1327034
2026-06-02 06:41:00,1045,1045,1044,1045,397,1327083
2026-06-02 06:42:00,1045,1045,1044,1044,393,1326994
2026-06-02 06:43:00,1044,1045,1043,1044,2817,1326276
2026-06-02 06:44:00,1044,1044,1043,1044,543,1326129
2026-06-02 06:45:00,1044,1045,1043,1044,1279,1325695
2026-06-02 06:46:00,1044,1045,1044,1045,654,1325742
2026-06-02 06:47:00,1045,1045,1044,1044,1325,1326044
2026-06-02 06:48:00,1044,1045,1044,1045,1837,1326551
2026-06-02 06:49:00,1045,1045,1044,1044,499,1326454
2026-06-02 06:50:00,1044,1045,1043,1044,3715,1325759
2026-06-02 06:51:00,1044,1045,1043,1045,5194,1325905
2026-06-02 06:52:00,1045,1046,1045,1045,1931,1326168
2026-06-02 06:53:00,1045,1046,1045,1046,1494,1325802
2026-06-02 06:54:00,1046,1046,1045,1046,1063,1325609
2026-06-02 06:55:00,1046,1046,1044,1044,3081,1325105
2026-06-02 06:56:00,1044,1045,1044,1045,1390,1324648
2026-06-02 06:57:00,1045,1045,1044,1044,1553,1324233
2026-06-02 06:58:00,1044,1045,1044,1045,2824,1323289
2026-06-02 06:59:00,1045,1045,1042,1043,10386,1319257
2026-06-02 13:00:00,1041,1048,1041,1046,22365,1320572
2026-06-02 13:01:00,1046,1046,1043,1043,8757,1321650
2026-06-02 13:02:00,1043,1045,1043,1045,7409,1322338
2026-06-02 13:03:00,1045,1048,1044,1048,9882,1324484
2026-06-02 13:04:00,1048,1048,1046,1047,4940,1325447
2026-06-02 13:05:00,1047,1047,1046,1047,3019,1326160
2026-06-02 13:06:00,1047,1047,1046,1047,2381,1326447
2026-06-02 13:07:00,1047,1047,1045,1046,4509,1325909
2026-06-02 13:08:00,1046,1048,1046,1048,5401,1327389
2026-06-02 13:09:00,1048,1048,1047,1047,7079,1328601
2026-06-02 13:10:00,1047,1049,1047,1049,8070,1328281
2026-06-02 13:11:00,1049,1049,1047,1048,4647,1328821
2026-06-02 13:12:00,1048,1049,1048,1048,2490,1329605
2026-06-02 13:13:00,1048,1049,1048,1048,2131,1330018
2026-06-02 13:14:00,1048,1049,1047,1047,2836,1329816
2026-06-02 13:15:00,1047,1048,1047,1047,1581,1330347
2026-06-02 13:16:00,1047,1048,1047,1047,1592,1330505
2026-06-02 13:17:00,1047,1048,1047,1047,988,1330517
2026-06-02 13:18:00,1047,1048,1047,1047,871,1330310
2026-06-02 13:19:00,1047,1048,1047,1047,1389,1330260
2026-06-02 13:20:00,1047,1049,1047,1049,4126,1331743
2026-06-02 13:21:00,1049,1049,1048,1049,1935,1332158
2026-06-02 13:22:00,1049,1049,1048,1048,1618,1332719
2026-06-02 13:23:00,1048,1049,1048,1049,1082,1332917
2026-06-02 13:24:00,1049,1049,1048,1049,1157,1332919
2026-06-02 13:25:00,1049,1049,1047,1048,2583,1332552
2026-06-02 13:26:00,1048,1048,1047,1047,901,1332551
2026-06-02 13:27:00,1047,1048,1047,1048,687,1332935
2026-06-02 13:28:00,1048,1048,1047,1048,980,1333144
2026-06-02 13:29:00,1048,1049,1047,1048,5236,1331739
2026-06-02 13:30:00,1048,1048,1047,1048,780,1332176
2026-06-02 13:31:00,1048,1048,1047,1048,561,1332202
2026-06-02 13:32:00,1048,1048,1047,1048,444,1332261
2026-06-02 13:33:00,1048,1048,1047,1047,1435,1331997
2026-06-02 13:34:00,1047,1048,1047,1048,888,1331665
2026-06-02 13:35:00,1048,1048,1047,1047,2182,1332403
2026-06-02 13:36:00,1047,1047,1046,1047,673,1332566
2026-06-02 13:37:00,1047,1048,1046,1047,2250,1332320
2026-06-02 13:38:00,1047,1048,1047,1047,434,1332405
2026-06-02 13:39:00,1047,1048,1047,1048,447,1332369
2026-06-02 13:40:00,1048,1048,1047,1047,417,1332381
2026-06-02 13:41:00,1047,1048,1047,1048,297,1332358
2026-06-02 13:42:00,1048,1048,1047,1048,278,1332435
2026-06-02 13:43:00,1048,1048,1046,1047,1888,1333076
2026-06-02 13:44:00,1047,1047,1046,1046,452,1332965
2026-06-02 13:45:00,1046,1048,1046,1047,2182,1332901
2026-06-02 13:46:00,1047,1048,1047,1048,396,1332896
2026-06-02 13:47:00,1048,1048,1047,1048,256,1332827
2026-06-02 13:48:00,1048,1048,1047,1048,260,1332944
2026-06-02 13:49:00,1048,1048,1047,1048,534,1332913
2026-06-02 13:50:00,1048,1048,1047,1048,255,1332803
2026-06-02 13:51:00,1048,1048,1047,1048,177,1332841
2026-06-02 13:52:00,1048,1048,1047,1048,288,1332869
2026-06-02 13:53:00,1048,1048,1047,1047,298,1332845
2026-06-02 13:54:00,1047,1048,1047,1048,1588,1332254
2026-06-02 13:55:00,1048,1049,1047,1047,5165,1332963
2026-06-02 13:56:00,1047,1048,1047,1047,961,1332737
2026-06-02 13:57:00,1047,1049,1047,1049,3898,1330629
2026-06-02 13:58:00,1049,1049,1048,1048,595,1330658
2026-06-02 13:59:00,1048,1049,1048,1049,337,1330689
2026-06-02 14:00:00,1049,1049,1048,1049,677,1330871
2026-06-02 14:01:00,1049,1049,1048,1049,490,1330861
2026-06-02 14:02:00,1049,1049,1048,1049,684,1330657
2026-06-02 14:03:00,1049,1049,1048,1048,734,1330509
2026-06-02 14:04:00,1048,1050,1048,1050,4908,1331979
2026-06-02 14:05:00,1050,1052,1049,1051,12627,1332663
2026-06-02 14:06:00,1051,1052,1051,1051,2877,1332723
2026-06-02 14:07:00,1051,1052,1051,1051,5468,1332632
2026-06-02 14:08:00,1051,1052,1050,1051,4717,1331482
2026-06-02 14:09:00,1051,1052,1050,1051,3611,1331652
2026-06-02 14:10:00,1051,1051,1050,1051,648,1331603
2026-06-02 14:11:00,1051,1051,1050,1051,1069,1331618
2026-06-02 14:12:00,1051,1051,1050,1051,583,1331962
2026-06-02 14:13:00,1051,1051,1049,1050,4472,1331826
2026-06-02 14:14:00,1050,1051,1050,1051,508,1332025
2026-06-02 14:15:00,1051,1051,1050,1051,664,1332056
2026-06-02 14:16:00,1051,1051,1050,1050,922,1332016
2026-06-02 14:17:00,1050,1051,1050,1051,812,1332040
2026-06-02 14:18:00,1051,1051,1050,1050,943,1331675
2026-06-02 14:19:00,1050,1051,1050,1051,918,1331258
2026-06-02 14:20:00,1051,1051,1049,1051,3640,1330662
2026-06-02 14:21:00,1051,1051,1050,1051,555,1330638
2026-06-02 14:22:00,1051,1051,1050,1050,362,1330796
2026-06-02 14:23:00,1050,1051,1050,1051,321,1330751
2026-06-02 14:24:00,1051,1051,1050,1051,299,1330664
2026-06-02 14:25:00,1051,1052,1050,1051,3703,1330670
2026-06-02 14:26:00,1051,1053,1051,1053,8054,1332101
2026-06-02 14:27:00,1053,1053,1052,1053,2233,1331836
2026-06-02 14:28:00,1053,1054,1052,1053,5473,1330052
2026-06-02 14:29:00,1053,1054,1053,1053,5736,1328957
2026-06-02 14:30:00,1053,1054,1052,1052,2817,1328598
2026-06-02 14:31:00,1052,1053,1051,1052,4248,1328450
2026-06-02 14:32:00,1052,1053,1052,1052,3811,1329476
2026-06-02 14:33:00,1052,1053,1051,1053,2128,1330259
2026-06-02 14:34:00,1053,1053,1052,1053,1017,1330251
2026-06-02 14:35:00,1053,1053,1052,1053,1513,1330041
2026-06-02 14:36:00,1053,1053,1052,1053,5336,1330539
2026-06-02 14:37:00,1053,1053,1051,1051,2107,1330408
2026-06-02 14:38:00,1051,1053,1051,1053,1709,1330875
2026-06-02 14:39:00,1053,1053,1052,1053,558,1330865
2026-06-02 14:40:00,1053,1053,1052,1052,907,1330956
2026-06-02 14:41:00,1052,1053,1051,1051,2969,1331475
2026-06-02 14:42:00,1051,1052,1050,1050,3667,1330437
2026-06-02 14:43:00,1050,1051,1049,1049,4563,1329311
2026-06-02 14:44:00,1049,1051,1049,1050,2564,1329310
2026-06-02 14:45:00,1050,1051,1050,1050,812,1329106
2026-06-02 14:46:00,1050,1051,1050,1050,433,1329108
2026-06-02 14:47:00,1050,1051,1050,1051,315,1328946
2026-06-02 14:48:00,1051,1051,1050,1050,1510,1328252
2026-06-02 14:49:00,1050,1051,1050,1051,1942,1326863
2026-06-02 14:50:00,1051,1051,1050,1050,243,1326721
2026-06-02 14:51:00,1050,1051,1050,1050,456,1326408
2026-06-02 14:52:00,1050,1052,1050,1051,1146,1326437
2026-06-02 14:53:00,1051,1052,1051,1051,1656,1325595
2026-06-02 14:54:00,1051,1052,1051,1052,1252,1325239
2026-06-02 14:55:00,1052,1052,1051,1052,412,1325178
2026-06-02 14:56:00,1052,1052,1050,1050,2228,1324199
2026-06-02 14:57:00,1050,1051,1050,1050,740,1323947
2026-06-02 14:58:00,1050,1051,1050,1051,1046,1323564
2026-06-02 14:59:00,1051,1052,1050,1051,3422,1322043
2026-06-03 01:00:00,1051,1053,1051,1051,5161,1321909
2026-06-03 01:01:00,1051,1052,1051,1052,1777,1321684
2026-06-03 01:02:00,1052,1052,1051,1052,3310,1321231
2026-06-03 01:03:00,1052,1052,1051,1052,2186,1320908
2026-06-03 01:04:00,1052,1052,1051,1052,2643,1321227
2026-06-03 01:05:00,1052,1052,1051,1052,1034,1321517
2026-06-03 01:06:00,1052,1052,1051,1052,1365,1321356
2026-06-03 01:07:00,1052,1052,1051,1051,2173,1321080
2026-06-03 01:08:00,1051,1051,1049,1049,4906,1319475
2026-06-03 01:09:00,1049,1051,1049,1051,2038,1320068
2026-06-03 01:10:00,1051,1051,1050,1051,512,1320122
2026-06-03 01:11:00,1051,1051,1050,1051,982,1319870
2026-06-03 01:12:00,1051,1051,1050,1051,796,1319968
2026-06-03 01:13:00,1051,1051,1050,1050,1216,1319797
2026-06-03 01:14:00,1050,1051,1049,1050,3426,1319101
2026-06-03 01:15:00,1050,1050,1048,1048,3449,1318575
2026-06-03 01:16:00,1048,1049,1047,1047,7387,1317210
2026-06-03 01:17:00,1047,1049,1047,1047,7010,1317803
2026-06-03 01:18:00,1047,1048,1046,1046,3676,1316758
2026-06-03 01:19:00,1046,1048,1046,1047,3771,1316042
2026-06-03 01:20:00,1047,1047,1046,1046,2327,1315464
2026-06-03 01:21:00,1046,1047,1046,1046,3170,1315035
2026-06-03 01:22:00,1046,1047,1045,1045,3328,1314608
2026-06-03 01:23:00,1045,1046,1044,1044,9520,1313253
2026-06-03 01:24:00,1044,1045,1044,1044,1840,1313217
2026-06-03 01:25:00,1044,1045,1044,1044,1633,1312668
2026-06-03 01:26:00,1044,1046,1044,1045,6598,1313050
2026-06-03 01:27:00,1045,1045,1044,1044,2100,1311950
2026-06-03 01:28:00,1044,1047,1044,1047,6398,1311560
2026-06-03 01:29:00,1047,1048,1046,1048,3376,1310534
2026-06-03 01:30:00,1048,1049,1047,1048,3639,1309064
2026-06-03 01:31:00,1048,1049,1047,1047,2110,1309179
2026-06-03 01:32:00,1047,1048,1047,1048,1502,1308864
2026-06-03 01:33:00,1048,1049,1047,1048,1856,1308499
2026-06-03 01:34:00,1048,1049,1048,1048,925,1308463
2026-06-03 01:35:00,1048,1049,1048,1048,597,1308540
2026-06-03 01:36:00,1048,1049,1048,1049,2293,1308105
2026-06-03 01:37:00,1049,1050,1049,1049,3778,1308123
2026-06-03 01:38:00,1049,1050,1048,1048,3097,1307820
2026-06-03 01:39:00,1048,1049,1048,1049,794,1307700
2026-06-03 01:40:00,1049,1050,1048,1050,2414,1308075
2026-06-03 01:41:00,1050,1050,1048,1048,2440,1308535
2026-06-03 01:42:00,1048,1049,1047,1049,2581,1308011
2026-06-03 01:43:00,1049,1049,1048,1048,776,1307808
2026-06-03 01:44:00,1048,1050,1048,1050,2369,1308180
2026-06-03 01:45:00,1050,1050,1048,1049,2697,1307783
2026-06-03 01:46:00,1049,1049,1048,1048,847,1307410
2026-06-03 01:47:00,1048,1049,1048,1048,1305,1306881
2026-06-03 01:48:00,1048,1049,1048,1048,780,1306830
2026-06-03 01:49:00,1048,1049,1048,1048,872,1306881
2026-06-03 01:50:00,1048,1050,1048,1049,1191,1306911
2026-06-03 01:51:00,1049,1050,1049,1049,438,1306933
2026-06-03 01:52:00,1049,1050,1048,1048,1016,1306921
2026-06-03 01:53:00,1048,1049,1048,1049,346,1306884
2026-06-03 01:54:00,1049,1049,1048,1049,335,1306824
2026-06-03 01:55:00,1049,1049,1047,1047,2152,1306731
2026-06-03 01:56:00,1047,1049,1047,1049,2147,1306492
2026-06-03 01:57:00,1049,1049,1047,1047,1222,1306292
2026-06-03 01:58:00,1047,1048,1046,1047,1784,1306418
2026-06-03 01:59:00,1047,1048,1046,1047,1691,1306215
2026-06-03 02:00:00,1047,1048,1047,1048,1227,1305985
2026-06-03 02:01:00,1048,1048,1047,1048,796,1306256
2026-06-03 02:02:00,1048,1048,1047,1047,1053,1306670
2026-06-03 02:03:00,1047,1048,1046,1047,1226,1306951
2026-06-03 02:04:00,1047,1047,1046,1046,753,1307071
2026-06-03 02:05:00,1046,1047,1046,1046,1076,1307067
2026-06-03 02:06:00,1046,1047,1046,1047,940,1306817
2026-06-03 02:07:00,1047,1047,1046,1047,653,1306764
2026-06-03 02:08:00,1047,1047,1046,1047,493,1306654
2026-06-03 02:09:00,1047,1047,1046,1047,565,1306433
2026-06-03 02:10:00,1047,1047,1045,1046,1951,1305911
2026-06-03 02:11:00,1046,1047,1045,1046,1663,1306293
2026-06-03 02:12:00,1046,1047,1045,1045,2795,1305673
2026-06-03 02:13:00,1045,1046,1045,1046,464,1305543
2026-06-03 02:14:00,1046,1046,1045,1045,911,1305447
2026-06-03 02:30:00,1045,1046,1044,1044,5045,1304735
2026-06-03 02:31:00,1044,1045,1043,1044,5423,1303636
2026-06-03 02:32:00,1044,1045,1043,1044,3710,1303905
2026-06-03 02:33:00,1044,1044,1043,1043,1728,1304227
2026-06-03 02:34:00,1043,1044,1042,1044,6731,1303689
2026-06-03 02:35:00,1044,1045,1043,1045,3194,1303930
2026-06-03 02:36:00,1045,1045,1044,1044,732,1303891
2026-06-03 02:37:00,1044,1046,1044,1046,2118,1303538
2026-06-03 02:38:00,1046,1046,1045,1046,571,1303412
2026-06-03 02:39:00,1046,1046,1045,1045,352,1303283
2026-06-03 02:40:00,1045,1046,1044,1045,2192,1302679
2026-06-03 02:41:00,1045,1045,1044,1045,895,1302475
2026-06-03 02:42:00,1045,1045,1044,1044,688,1302460
2026-06-03 02:43:00,1044,1045,1044,1045,868,1302593
2026-06-03 02:44:00,1045,1046,1044,1045,785,1302512
2026-06-03 02:45:00,1045,1046,1044,1045,1729,1302243
2026-06-03 02:46:00,1045,1046,1045,1045,669,1302317
2026-06-03 02:47:00,1045,1047,1045,1047,1999,1302842
2026-06-03 02:48:00,1047,1047,1046,1047,1209,1302829
2026-06-03 02:49:00,1047,1047,1046,1046,565,1302741
2026-06-03 02:50:00,1046,1048,1046,1048,2476,1303437
2026-06-03 02:51:00,1048,1048,1047,1048,1657,1303051
2026-06-03 02:52:00,1048,1048,1047,1048,659,1303271
2026-06-03 02:53:00,1048,1048,1047,1048,423,1303366
2026-06-03 02:54:00,1048,1048,1047,1048,640,1303395
2026-06-03 02:55:00,1048,1048,1047,1047,433,1303388
2026-06-03 02:56:00,1047,1048,1047,1047,631,1303367
2026-06-03 02:57:00,1047,1048,1047,1047,804,1303521
2026-06-03 02:58:00,1047,1048,1047,1048,407,1303687
2026-06-03 02:59:00,1048,1048,1047,1047,692,1303924
2026-06-03 03:00:00,1047,1048,1046,1047,3039,1303864
2026-06-03 03:01:00,1047,1048,1047,1048,657,1303972
2026-06-03 03:02:00,1048,1048,1047,1047,637,1304046
2026-06-03 03:03:00,1047,1048,1047,1047,732,1304530
2026-06-03 03:04:00,1047,1048,1047,1048,666,1304648
2026-06-03 03:05:00,1048,1048,1047,1048,683,1304541
2026-06-03 03:06:00,1048,1048,1047,1048,665,1304575
2026-06-03 03:07:00,1048,1048,1047,1047,432,1304574
2026-06-03 03:08:00,1047,1048,1047,1047,378,1304585
2026-06-03 03:09:00,1047,1048,1047,1048,246,1304586
2026-06-03 03:10:00,1048,1048,1047,1047,510,1304701
2026-06-03 03:11:00,1047,1048,1047,1048,600,1304838
2026-06-03 03:12:00,1048,1048,1047,1048,951,1305240
2026-06-03 03:13:00,1048,1048,1047,1047,344,1305214
2026-06-03 03:14:00,1047,1049,1047,1049,2740,1305583
2026-06-03 03:15:00,1049,1049,1048,1049,906,1305636
2026-06-03 03:16:00,1049,1049,1048,1049,594,1305576
2026-06-03 03:17:00,1049,1049,1048,1049,636,1305601
2026-06-03 03:18:00,1049,1049,1048,1048,252,1305764
2026-06-03 03:19:00,1048,1049,1047,1048,3216,1304382
2026-06-03 03:20:00,1048,1048,1047,1048,336,1304405
2026-06-03 03:21:00,1048,1048,1047,1047,648,1304372
2026-06-03 03:22:00,1047,1048,1047,1048,190,1304352
2026-06-03 03:23:00,1048,1048,1047,1047,260,1304248
2026-06-03 03:24:00,1047,1048,1047,1048,566,1304051
2026-06-03 03:25:00,1048,1048,1046,1046,2794,1304526
2026-06-03 03:26:00,1046,1047,1046,1046,704,1304773
2026-06-03 03:27:00,1046,1047,1046,1047,502,1304860
2026-06-03 03:28:00,1047,1047,1046,1047,550,1304827
2026-06-03 03:29:00,1047,1047,1046,1047,1766,1304337
2026-06-03 05:30:00,1046,1048,1046,1048,3734,1304016
2026-06-03 05:31:00,1048,1049,1047,1049,1718,1304515
2026-06-03 05:32:00,1049,1049,1048,1048,516,1304615
2026-06-03 05:33:00,1048,1049,1048,1049,862,1304423
2026-06-03 05:34:00,1049,1049,1048,1048,1149,1304402
2026-06-03 05:35:00,1048,1049,1048,1048,605,1304501
2026-06-03 05:36:00,1048,1049,1048,1049,430,1304582
2026-06-03 05:37:00,1049,1049,1048,1049,475,1304651
2026-06-03 05:38:00,1049,1049,1048,1048,425,1304654
2026-06-03 05:39:00,1048,1049,1048,1048,388,1304762
2026-06-03 05:40:00,1048,1049,1048,1049,395,1304846
2026-06-03 05:41:00,1049,1049,1048,1048,442,1304888
2026-06-03 05:42:00,1048,1049,1048,1049,365,1305033
2026-06-03 05:43:00,1049,1049,1048,1048,410,1305171
2026-06-03 05:44:00,1048,1049,1048,1048,276,1305190
2026-06-03 05:45:00,1048,1049,1048,1049,411,1305160
2026-06-03 05:46:00,1049,1049,1048,1049,245,1305273
2026-06-03 05:47:00,1049,1049,1048,1048,538,1305190
2026-06-03 05:48:00,1048,1049,1048,1048,383,1305273
2026-06-03 05:49:00,1048,1049,1048,1048,563,1305312
2026-06-03 05:50:00,1048,1049,1048,1049,649,1305458
2026-06-03 05:51:00,1049,1049,1047,1047,2154,1305653
2026-06-03 05:52:00,1047,1049,1047,1048,2303,1305841
2026-06-03 05:53:00,1048,1049,1048,1048,215,1305885
2026-06-03 05:54:00,1048,1049,1048,1048,546,1306179
2026-06-03 05:55:00,1048,1049,1047,1048,3269,1305118
2026-06-03 05:56:00,1048,1049,1048,1049,426,1305093
2026-06-03 05:57:00,1049,1049,1047,1047,1917,1304767
2026-06-03 05:58:00,1047,1048,1047,1048,264,1304842
2026-06-03 05:59:00,1048,1048,1047,1048,566,1304626
2026-06-03 06:00:00,1048,1048,1046,1047,2251,1304547
2026-06-03 06:01:00,1047,1048,1046,1048,2682,1304183
2026-06-03 06:02:00,1048,1049,1047,1048,4498,1305111
2026-06-03 06:03:00,1048,1048,1047,1047,253,1305050
2026-06-03 06:04:00,1047,1048,1047,1047,287,1305048
2026-06-03 06:05:00,1047,1048,1047,1048,209,1305023
2026-06-03 06:06:00,1048,1048,1047,1047,224,1305063
2026-06-03 06:07:00,1047,1048,1047,1047,178,1305074
2026-06-03 06:08:00,1047,1048,1047,1048,174,1305041
2026-06-03 06:09:00,1048,1048,1047,1047,237,1305009
2026-06-03 06:10:00,1047,1048,1047,1048,398,1305095
2026-06-03 06:11:00,1048,1048,1047,1047,313,1305195
2026-06-03 06:12:00,1047,1049,1047,1048,2072,1306160
2026-06-03 06:13:00,1048,1049,1048,1048,305,1306114
2026-06-03 06:14:00,1048,1049,1048,1049,333,1305978
2026-06-03 06:15:00,1049,1049,1048,1049,731,1305784
2026-06-03 06:16:00,1049,1049,1047,1048,1834,1305660
2026-06-03 06:17:00,1048,1048,1047,1048,345,1305749
2026-06-03 06:18:00,1048,1048,1047,1047,635,1305743
2026-06-03 06:19:00,1047,1048,1047,1047,731,1306029
2026-06-03 06:20:00,1047,1048,1047,1048,262,1306018
2026-06-03 06:21:00,1048,1049,1047,1048,1350,1306017
2026-06-03 06:22:00,1048,1049,1048,1049,509,1306074
2026-06-03 06:23:00,1049,1049,1048,1048,321,1306055
2026-06-03 06:24:00,1048,1049,1048,1048,437,1305949
2026-06-03 06:25:00,1048,1049,1048,1048,600,1305999
2026-06-03 06:26:00,1048,1049,1048,1049,457,1305945
2026-06-03 06:27:00,1049,1049,1048,1049,326,1305939
2026-06-03 06:28:00,1049,1049,1047,1048,3180,1304677
2026-06-03 06:29:00,1048,1049,1048,1049,377,1304730
2026-06-03 06:30:00,1049,1049,1048,1049,353,1304696
2026-06-03 06:31:00,1049,1049,1048,1049,435,1304593
2026-06-03 06:32:00,1049,1049,1047,1047,1586,1304761
2026-06-03 06:33:00,1047,1049,1047,1047,2057,1305034
2026-06-03 06:34:00,1047,1048,1047,1048,401,1305178
2026-06-03 06:35:00,1048,1048,1047,1048,444,1305009
2026-06-03 06:36:00,1048,1048,1047,1048,664,1305039
2026-06-03 06:37:00,1048,1048,1047,1048,668,1305018
2026-06-03 06:38:00,1048,1048,1046,1047,2043,1305159
2026-06-03 06:39:00,1047,1048,1046,1047,1824,1305348
2026-06-03 06:40:00,1047,1049,1047,1049,2054,1305564
2026-06-03 06:41:00,1049,1049,1048,1049,464,1305697
2026-06-03 06:42:00,1049,1049,1048,1048,553,1305573
2026-06-03 06:43:00,1048,1049,1048,1048,833,1305479
2026-06-03 06:44:00,1048,1049,1048,1049,496,1305681
2026-06-03 06:45:00,1049,1049,1048,1049,947,1305736
2026-06-03 06:46:00,1049,1049,1048,1049,931,1305576
2026-06-03 06:47:00,1049,1049,1048,1048,626,1305557
2026-06-03 06:48:00,1048,1049,1048,1049,640,1305770
2026-06-03 06:49:00,1049,1050,1049,1050,4585,1306614
2026-06-03 06:50:00,1050,1050,1048,1048,2952,1306340
2026-06-03 06:51:00,1048,1049,1047,1047,1988,1305915
2026-06-03 06:52:00,1047,1049,1047,1048,1838,1305801
2026-06-03 06:53:00,1048,1049,1048,1048,962,1305332
2026-06-03 06:54:00,1048,1050,1048,1049,3449,1305681
2026-06-03 06:55:00,1049,1049,1048,1049,1079,1305634
2026-06-03 06:56:00,1049,1049,1048,1048,1344,1305136
2026-06-03 06:57:00,1048,1049,1048,1048,1220,1304803
2026-06-03 06:58:00,1048,1049,1048,1048,1288,1304200
2026-06-03 06:59:00,1048,1050,1048,1049,6194,1302682
2026-06-03 13:00:00,1048,1049,1044,1046,22015,1300588
2026-06-03 13:01:00,1046,1047,1044,1045,11089,1297599
2026-06-03 13:02:00,1045,1046,1044,1046,7069,1299575
2026-06-03 13:03:00,1046,1046,1044,1045,5606,1299986
2026-06-03 13:04:00,1045,1046,1044,1045,4479,1300353
2026-06-03 13:05:00,1045,1047,1045,1046,4922,1302044
2026-06-03 13:06:00,1046,1046,1044,1044,5378,1302648
2026-06-03 13:07:00,1044,1045,1043,1044,7138,1303368
2026-06-03 13:08:00,1044,1044,1043,1043,3173,1303347
2026-06-03 13:09:00,1043,1045,1043,1045,4601,1303476
2026-06-03 13:10:00,1045,1046,1044,1045,5316,1304202
2026-06-03 13:11:00,1045,1045,1044,1044,2145,1304196
2026-06-03 13:12:00,1044,1046,1044,1044,2730,1304801
2026-06-03 13:13:00,1044,1045,1044,1044,1610,1304662
2026-06-03 13:14:00,1044,1045,1043,1043,3990,1304427
2026-06-03 13:15:00,1043,1044,1043,1043,2071,1304640
2026-06-03 13:16:00,1043,1044,1043,1044,1293,1304802
2026-06-03 13:17:00,1044,1044,1041,1043,15026,1306464
2026-06-03 13:18:00,1043,1043,1042,1043,3080,1306934
2026-06-03 13:19:00,1043,1043,1042,1043,2575,1306918
2026-06-03 13:20:00,1043,1043,1042,1042,2115,1306828
2026-06-03 13:21:00,1042,1044,1042,1044,5701,1307779
2026-06-03 13:22:00,1044,1044,1043,1043,860,1307367
2026-06-03 13:23:00,1043,1045,1043,1045,4064,1307912
2026-06-03 13:24:00,1045,1045,1044,1045,1493,1307784
2026-06-03 13:25:00,1045,1046,1044,1046,4712,1308970
2026-06-03 13:26:00,1046,1046,1045,1045,1212,1308844
2026-06-03 13:27:00,1045,1046,1044,1046,3390,1308426
2026-06-03 13:28:00,1046,1046,1045,1046,995,1307950
2026-06-03 13:29:00,1046,1048,1045,1047,9504,1306304
2026-06-03 13:30:00,1047,1048,1047,1048,2470,1306086
2026-06-03 13:31:00,1048,1048,1046,1046,3964,1306418
2026-06-03 13:32:00,1046,1048,1046,1048,3245,1306148
2026-06-03 13:33:00,1048,1048,1047,1047,847,1306247
2026-06-03 13:34:00,1047,1049,1047,1049,4931,1306355
2026-06-03 13:35:00,1049,1051,1048,1051,13505,1305655
2026-06-03 13:36:00,1051,1052,1050,1051,9059,1305541
2026-06-03 13:37:00,1051,1051,1050,1050,5021,1306233
2026-06-03 13:38:00,1050,1050,1049,1050,1444,1306361
2026-06-03 13:39:00,1050,1050,1048,1048,3850,1306590
2026-06-03 13:40:00,1048,1049,1048,1049,706,1306545
2026-06-03 13:41:00,1049,1049,1048,1048,2028,1306870
2026-06-03 13:42:00,1048,1049,1048,1049,751,1306848
2026-06-03 13:43:00,1049,1049,1047,1048,2474,1307120
2026-06-03 13:44:00,1048,1048,1047,1047,845,1307114
2026-06-03 13:45:00,1047,1048,1047,1047,1098,1307465
2026-06-03 13:46:00,1047,1048,1047,1047,1312,1307191
2026-06-03 13:47:00,1047,1048,1047,1048,1041,1307347
2026-06-03 13:48:00,1048,1048,1046,1046,4272,1307474
2026-06-03 13:49:00,1046,1047,1046,1046,1309,1307938
2026-06-03 13:50:00,1046,1047,1046,1046,438,1308021
2026-06-03 13:51:00,1046,1047,1046,1047,308,1308108
2026-06-03 13:52:00,1047,1047,1046,1046,707,1307940
2026-06-03 13:53:00,1046,1047,1046,1046,501,1307836
2026-06-03 13:54:00,1046,1047,1046,1046,652,1307721
2026-06-03 13:55:00,1046,1047,1046,1047,287,1307760
2026-06-03 13:56:00,1047,1047,1046,1046,217,1307727
2026-06-03 13:57:00,1046,1047,1046,1046,460,1307767
2026-06-03 13:58:00,1046,1047,1046,1046,542,1307778
2026-06-03 13:59:00,1046,1047,1046,1046,553,1307668
2026-06-03 14:00:00,1046,1047,1046,1047,457,1307678
2026-06-03 14:01:00,1047,1047,1046,1046,534,1307739
2026-06-03 14:02:00,1046,1047,1046,1047,741,1307707
2026-06-03 14:03:00,1047,1047,1044,1044,10225,1306218
2026-06-03 14:04:00,1044,1045,1044,1045,1592,1305922
2026-06-03 14:05:00,1045,1045,1044,1044,1140,1305904
2026-06-03 14:06:00,1044,1045,1044,1044,1269,1306102
2026-06-03 14:07:00,1044,1045,1044,1045,576,1306175
2026-06-03 14:08:00,1045,1045,1044,1044,553,1306268
2026-06-03 14:09:00,1044,1045,1043,1044,3535,1307024
2026-06-03 14:10:00,1044,1044,1043,1044,1308,1306782
2026-06-03 14:11:00,1044,1044,1043,1043,1256,1306677
2026-06-03 14:12:00,1043,1045,1043,1045,4334,1306777
2026-06-03 14:13:00,1045,1045,1044,1045,424,1306818
2026-06-03 14:14:00,1045,1045,1044,1045,1773,1306098
2026-06-03 14:15:00,1045,1046,1044,1046,2593,1305846
2026-06-03 14:16:00,1046,1046,1044,1044,2628,1306309
2026-06-03 14:17:00,1044,1045,1044,1045,783,1306299
2026-06-03 14:18:00,1045,1045,1044,1045,258,1306435
2026-06-03 14:19:00,1045,1045,1044,1044,290,1306406
2026-06-03 14:20:00,1044,1045,1044,1044,523,1306329
2026-06-03 14:21:00,1044,1045,1043,1043,4723,1306125
2026-06-03 14:22:00,1043,1044,1043,1043,747,1306257
2026-06-03 14:23:00,1043,1044,1043,1044,515,1306187
2026-06-03 14:24:00,1044,1044,1043,1043,308,1306150
2026-06-03 14:25:00,1043,1044,1043,1044,382,1306003
2026-06-03 14:26:00,1044,1044,1043,1043,930,1305902
2026-06-03 14:27:00,1043,1044,1043,1044,483,1306010
2026-06-03 14:28:00,1044,1044,1043,1044,635,1306101
2026-06-03 14:29:00,1044,1044,1043,1044,976,1306361
2026-06-03 14:30:00,1044,1044,1042,1042,5657,1308768
2026-06-03 14:31:00,1042,1043,1042,1042,1709,1308541
2026-06-03 14:32:00,1042,1043,1042,1042,3048,1309057
2026-06-03 14:33:00,1042,1043,1042,1043,1022,1309351
2026-06-03 14:34:00,1043,1043,1042,1043,768,1309519
2026-06-03 14:35:00,1043,1043,1042,1042,1610,1309581
2026-06-03 14:36:00,1042,1044,1042,1044,4332,1310418
2026-06-03 14:37:00,1044,1044,1043,1043,599,1310313
2026-06-03 14:38:00,1043,1044,1042,1044,3528,1310218
2026-06-03 14:39:00,1044,1044,1043,1043,612,1310167
2026-06-03 14:40:00,1043,1044,1043,1043,639,1310212
2026-06-03 14:41:00,1043,1044,1043,1043,308,1310299
2026-06-03 14:42:00,1043,1044,1043,1044,376,1310490
2026-06-03 14:43:00,1044,1044,1043,1044,319,1310606
2026-06-03 14:44:00,1044,1044,1043,1044,403,1310671
2026-06-03 14:45:00,1044,1044,1043,1043,1468,1310896
2026-06-03 14:46:00,1043,1044,1043,1043,505,1311109
2026-06-03 14:47:00,1043,1044,1043,1044,3049,1311018
2026-06-03 14:48:00,1044,1044,1043,1043,406,1311001
2026-06-03 14:49:00,1043,1044,1043,1044,282,1311071
2026-06-03 14:50:00,1044,1044,1043,1043,615,1311303
2026-06-03 14:51:00,1043,1044,1043,1043,560,1311641
2026-06-03 14:52:00,1043,1044,1043,1043,335,1311630
2026-06-03 14:53:00,1043,1044,1043,1043,3022,1311380
2026-06-03 14:54:00,1043,1044,1042,1043,3133,1311706
2026-06-03 14:55:00,1043,1043,1042,1043,948,1311586
2026-06-03 14:56:00,1043,1043,1042,1043,785,1311607
2026-06-03 14:57:00,1043,1043,1042,1042,1073,1311965
2026-06-03 14:58:00,1042,1043,1042,1042,1283,1311884
2026-06-03 14:59:00,1042,1044,1042,1043,8521,1308919
2026-06-04 01:00:00,1043,1043,1042,1043,3065,1308234
2026-06-04 01:01:00,1043,1043,1041,1041,4940,1306867
2026-06-04 01:02:00,1041,1042,1041,1042,3991,1305432
2026-06-04 01:03:00,1042,1042,1041,1042,1287,1305347
2026-06-04 01:04:00,1042,1042,1038,1039,19796,1304119
2026-06-04 01:05:00,1039,1039,1037,1038,11218,1303329
2026-06-04 01:06:00,1038,1039,1033,1035,33625,1303398
2026-06-04 01:07:00,1035,1036,1034,1036,8123,1305566
2026-06-04 01:08:00,1036,1036,1034,1034,5886,1306952
2026-06-04 01:09:00,1034,1036,1034,1035,5764,1308608
2026-06-04 01:10:00,1035,1035,1034,1035,3579,1308919
2026-06-04 01:11:00,1035,1035,1033,1034,13553,1312424
2026-06-04 01:12:00,1034,1034,1032,1033,10891,1313357
2026-06-04 01:13:00,1033,1035,1033,1035,4560,1314242
2026-06-04 01:14:00,1035,1035,1034,1035,2562,1314303
2026-06-04 01:15:00,1035,1036,1034,1036,4040,1314460
2026-06-04 01:16:00,1036,1036,1035,1035,1417,1314132
2026-06-04 01:17:00,1035,1036,1035,1036,1601,1313656
2026-06-04 01:18:00,1036,1037,1035,1036,3250,1313993
2026-06-04 01:19:00,1036,1037,1036,1037,1638,1314523
2026-06-04 01:20:00,1037,1037,1035,1037,3802,1313984
2026-06-04 01:21:00,1037,1037,1036,1037,2496,1314778
2026-06-04 01:22:00,1037,1037,1036,1037,1250,1315082
2026-06-04 01:23:00,1037,1038,1036,1038,4470,1314880
2026-06-04 01:24:00,1038,1039,1036,1037,8870,1315316
2026-06-04 01:25:00,1037,1037,1036,1037,866,1315391
2026-06-04 01:26:00,1037,1038,1036,1038,3299,1313905
2026-06-04 01:27:00,1038,1039,1037,1038,4133,1313446
2026-06-04 01:28:00,1038,1038,1037,1038,679,1313387
2026-06-04 01:29:00,1038,1038,1037,1037,2343,1313219
2026-06-04 01:30:00,1037,1038,1036,1037,1229,1313350
2026-06-04 01:31:00,1037,1038,1036,1038,1993,1313182
2026-06-04 01:32:00,1038,1038,1037,1037,1436,1312773
2026-06-04 01:33:00,1037,1038,1037,1038,457,1312959
2026-06-04 01:34:00,1038,1038,1037,1038,855,1312940
2026-06-04 01:35:00,1038,1038,1037,1037,768,1312841
2026-06-04 01:36:00,1037,1038,1036,1036,1290,1312917
2026-06-04 01:37:00,1036,1037,1036,1037,522,1313023
2026-06-04 01:38:00,1037,1037,1036,1036,569,1313031
2026-06-04 01:39:00,1036,1037,1036,1037,2442,1313408
2026-06-04 01:40:00,1037,1037,1036,1037,823,1313288
2026-06-04 01:41:00,1037,1037,1036,1036,589,1313424
2026-06-04 01:42:00,1036,1036,1034,1035,8488,1315768
2026-06-04 01:43:00,1035,1036,1035,1036,307,1315687
2026-06-04 01:44:00,1036,1036,1034,1034,2791,1315997
2026-06-04 01:45:00,1034,1036,1034,1036,1978,1316498
2026-06-04 01:46:00,1036,1036,1034,1035,1003,1316474
2026-06-04 01:47:00,1035,1035,1034,1035,1011,1316366
2026-06-04 01:48:00,1035,1035,1034,1034,870,1316139
2026-06-04 01:49:00,1034,1035,1033,1034,6476,1316789
2026-06-04 01:50:00,1034,1034,1033,1034,3170,1318543
2026-06-04 01:51:00,1034,1034,1033,1033,1105,1318478
2026-06-04 01:52:00,1033,1034,1033,1033,969,1318613
2026-06-04 01:53:00,1033,1034,1033,1034,1177,1318407
2026-06-04 01:54:00,1034,1035,1033,1035,2088,1318477
2026-06-04 01:55:00,1035,1035,1034,1034,1666,1318988
2026-06-04 01:56:00,1034,1035,1034,1035,1818,1319369
2026-06-04 01:57:00,1035,1035,1034,1035,720,1319104
2026-06-04 01:58:00,1035,1035,1033,1034,2921,1320093
2026-06-04 01:59:00,1034,1034,1033,1033,960,1319989
2026-06-04 02:00:00,1033,1034,1033,1034,1602,1320618
2026-06-04 02:01:00,1034,1034,1033,1033,1087,1321342
2026-06-04 02:02:00,1033,1034,1033,1034,1251,1321864
2026-06-04 02:03:00,1034,1034,1033,1034,1391,1322196
2026-06-04 02:04:00,1034,1034,1033,1033,1128,1322447
2026-06-04 02:05:00,1033,1034,1033,1033,1584,1322894
2026-06-04 02:06:00,1033,1034,1033,1034,1036,1323352
2026-06-04 02:07:00,1034,1034,1033,1034,1376,1323781
2026-06-04 02:08:00,1034,1034,1033,1033,1475,1324375
2026-06-04 02:09:00,1033,1034,1033,1033,736,1324667
2026-06-04 02:10:00,1033,1034,1031,1032,22313,1329853
2026-06-04 02:11:00,1032,1032,1031,1031,4193,1330275
2026-06-04 02:12:00,1031,1032,1031,1032,3551,1330972
2026-06-04 02:13:00,1032,1032,1031,1032,1262,1330681
2026-06-04 02:14:00,1032,1034,1031,1034,6950,1330154
2026-06-04 02:30:00,1033,1034,1032,1033,5271,1329767
2026-06-04 02:31:00,1033,1033,1032,1033,1246,1330128
2026-06-04 02:32:00,1033,1033,1032,1033,1220,1330210
2026-06-04 02:33:00,1033,1033,1031,1031,2698,1330936
2026-06-04 02:34:00,1031,1032,1031,1032,731,1331086
2026-06-04 02:35:00,1032,1032,1031,1031,2697,1331778
2026-06-04 02:36:00,1031,1032,1031,1031,4201,1332806
2026-06-04 02:37:00,1031,1032,1031,1032,1851,1333242
2026-06-04 02:38:00,1032,1033,1031,1033,1973,1334075
2026-06-04 02:39:00,1033,1033,1032,1033,913,1334426
2026-06-04 02:40:00,1033,1033,1032,1032,3226,1335864
2026-06-04 02:41:00,1032,1033,1031,1032,2856,1335956
2026-06-04 02:42:00,1032,1032,1031,1032,1054,1336108
2026-06-04 02:43:00,1032,1032,1030,1030,7069,1335571
2026-06-04 02:44:00,1030,1031,1030,1030,1389,1335756
2026-06-04 02:45:00,1030,1032,1030,1031,4031,1336357
2026-06-04 02:46:00,1031,1032,1031,1032,2122,1337242
2026-06-04 02:47:00,1032,1032,1031,1032,1972,1337696
2026-06-04 02:48:00,1032,1032,1031,1031,627,1337518
2026-06-04 02:49:00,1031,1032,1031,1032,683,1337494
2026-06-04 02:50:00,1032,1032,1031,1032,600,1337459
2026-06-04 02:51:00,1032,1032,1030,1030,3808,1337781
2026-06-04 02:52:00,1030,1031,1028,1029,13524,1339414
2026-06-04 02:53:00,1029,1030,1027,1029,7744,1338394
2026-06-04 02:54:00,1029,1030,1029,1029,1934,1339162
2026-06-04 02:55:00,1029,1030,1028,1030,2300,1339359
2026-06-04 02:56:00,1030,1030,1029,1029,1477,1339121
2026-06-04 02:57:00,1029,1031,1029,1030,2916,1340240
2026-06-04 02:58:00,1030,1031,1029,1030,1972,1340684
2026-06-04 02:59:00,1030,1030,1029,1029,948,1340730
2026-06-04 03:00:00,1029,1030,1028,1028,2093,1341363
2026-06-04 03:01:00,1028,1029,1028,1029,1763,1341943
2026-06-04 03:02:00,1029,1029,1028,1029,1471,1342532
2026-06-04 03:03:00,1029,1030,1028,1030,2540,1342980
2026-06-04 03:04:00,1030,1030,1029,1030,787,1342906
2026-06-04 03:05:00,1030,1030,1028,1029,1785,1343086
2026-06-04 03:06:00,1029,1029,1028,1028,1148,1343091
2026-06-04 03:07:00,1028,1029,1028,1029,1587,1342913
2026-06-04 03:08:00,1029,1029,1028,1029,830,1343319
2026-06-04 03:09:00,1029,1029,1028,1028,657,1343346
2026-06-04 03:10:00,1028,1029,1028,1029,1538,1343534
2026-06-04 03:11:00,1029,1029,1028,1029,900,1343899
2026-06-04 03:12:00,1029,1029,1028,1029,1269,1344659
2026-06-04 03:13:00,1029,1029,1028,1028,3133,1343677
2026-06-04 03:14:00,1028,1029,1028,1028,1634,1343372
2026-06-04 03:15:00,1028,1030,1027,1027,7368,1342632
2026-06-04 03:16:00,1027,1028,1027,1028,1705,1342670
2026-06-04 03:17:00,1028,1028,1027,1027,1747,1342779
2026-06-04 03:18:00,1027,1028,1027,1028,1228,1343103
2026-06-04 03:19:00,1028,1030,1026,1029,10972,1344701
2026-06-04 03:20:00,1029,1029,1027,1028,2223,1344624
2026-06-04 03:21:00,1028,1029,1027,1029,3173,1344292
2026-06-04 03:22:00,1029,1029,1028,1028,1238,1344518
2026-06-04 03:23:00,1028,1029,1028,1029,696,1344420
2026-06-04 03:24:00,1029,1029,1028,1028,1142,1344402
2026-06-04 03:25:00,1028,1031,1028,1030,6796,1344772
2026-06-04 03:26:00,1030,1030,1029,1030,578,1344653
2026-06-04 03:27:00,1030,1030,1029,1030,951,1344670
2026-06-04 03:28:00,1030,1030,1029,1030,640,1344752
2026-06-04 03:29:00,1030,1031,1029,1030,2847,1344028
2026-06-04 05:30:00,1030,1032,1029,1030,9349,1343097
2026-06-04 05:31:00,1030,1031,1029,1030,4431,1342767
2026-06-04 05:32:00,1030,1031,1029,1030,2799,1342730
2026-06-04 05:33:00,1030,1030,1028,1029,5287,1342830
2026-06-04 05:34:00,1029,1030,1028,1030,2775,1343150
2026-06-04 05:35:00,1030,1030,1028,1028,2681,1343802
2026-06-04 05:36:00,1028,1030,1028,1029,1235,1343899
2026-06-04 05:37:00,1029,1029,1028,1028,774,1344185
2026-06-04 05:38:00,1028,1029,1027,1028,4315,1345325
2026-06-04 05:39:00,1028,1028,1027,1028,1158,1346013
2026-06-04 05:40:00,1028,1029,1027,1029,2427,1346362
2026-06-04 05:41:00,1029,1029,1028,1028,581,1346714
2026-06-04 05:42:00,1028,1029,1028,1029,438,1346788
2026-06-04 05:43:00,1029,1029,1027,1028,2199,1347103
2026-06-04 05:44:00,1028,1028,1027,1028,1410,1347568
2026-06-04 05:45:00,1028,1028,1027,1027,678,1347599
2026-06-04 05:46:00,1027,1028,1027,1027,548,1347732
2026-06-04 05:47:00,1027,1028,1026,1028,6046,1349131
2026-06-04 05:48:00,1028,1028,1027,1028,939,1348842
2026-06-04 05:49:00,1028,1028,1027,1028,590,1348817
2026-06-04 05:50:00,1028,1028,1027,1027,847,1348620
2026-06-04 05:51:00,1027,1029,1027,1029,3107,1349363
2026-06-04 05:52:00,1029,1029,1028,1028,462,1349489
2026-06-04 05:53:00,1028,1029,1028,1028,1074,1349683
2026-06-04 05:54:00,1028,1029,1028,1029,812,1349913
2026-06-04 05:55:00,1029,1029,1028,1028,743,1349865
2026-06-04 05:56:00,1028,1029,1028,1029,1104,1349946
2026-06-04 05:57:00,1029,1030,1028,1029,2836,1349971
2026-06-04 05:58:00,1029,1030,1029,1029,1414,1350712
2026-06-04 05:59:00,1029,1030,1028,1029,1839,1350753
2026-06-04 06:00:00,1029,1029,1028,1029,644,1350931
2026-06-04 06:01:00,1029,1029,1028,1029,490,1351176
2026-06-04 06:02:00,1029,1029,1028,1029,569,1351489
2026-06-04 06:03:00,1029,1029,1028,1029,468,1351657
2026-06-04 06:04:00,1029,1029,1028,1029,565,1351821
2026-06-04 06:05:00,1029,1029,1028,1029,696,1351886
2026-06-04 06:06:00,1029,1029,1028,1029,689,1351788
2026-06-04 06:07:00,1029,1029,1028,1028,562,1351762
2026-06-04 06:08:00,1028,1029,1028,1029,392,1351790
2026-06-04 06:09:00,1029,1029,1028,1029,605,1352019
2026-06-04 06:10:00,1029,1029,1028,1029,406,1352150
2026-06-04 06:11:00,1029,1029,1027,1027,2998,1353472
2026-06-04 06:12:00,1027,1028,1027,1027,791,1353533
2026-06-04 06:13:00,1027,1028,1026,1027,3004,1354158
2026-06-04 06:14:00,1027,1027,1024,1026,15617,1357260
2026-06-04 06:15:00,1026,1026,1025,1025,2705,1357579
2026-06-04 06:16:00,1025,1028,1025,1028,5691,1357379
2026-06-04 06:17:00,1028,1028,1027,1028,1649,1357135
2026-06-04 06:18:00,1028,1028,1026,1027,3665,1357988
2026-06-04 06:19:00,1027,1028,1026,1028,3726,1357597
2026-06-04 06:20:00,1028,1028,1026,1028,2841,1358147
2026-06-04 06:21:00,1028,1028,1027,1028,770,1357980
2026-06-04 06:22:00,1028,1028,1027,1028,985,1358052
2026-06-04 06:23:00,1028,1028,1027,1028,670,1358268
2026-06-04 06:24:00,1028,1028,1026,1027,1323,1358922
2026-06-04 06:25:00,1027,1027,1026,1027,916,1358861
2026-06-04 06:26:00,1027,1027,1026,1027,649,1358674
2026-06-04 06:27:00,1027,1027,1026,1027,628,1358736
2026-06-04 06:28:00,1027,1027,1026,1027,736,1358822
2026-06-04 06:29:00,1027,1027,1026,1027,1034,1359261
2026-06-04 06:30:00,1027,1028,1025,1028,5905,1360383
2026-06-04 06:31:00,1028,1028,1027,1028,1524,1361054
2026-06-04 06:32:00,1028,1028,1027,1027,1333,1361689
2026-06-04 06:33:00,1027,1028,1027,1028,660,1361857
2026-06-04 06:34:00,1028,1028,1026,1027,5029,1362093
2026-06-04 06:35:00,1027,1027,1026,1026,2058,1362209
2026-06-04 06:36:00,1026,1027,1025,1027,5624,1361825
2026-06-04 06:37:00,1027,1027,1026,1027,578,1361643
2026-06-04 06:38:00,1027,1028,1026,1027,3441,1360551
2026-06-04 06:39:00,1027,1029,1027,1029,6040,1361471
2026-06-04 06:40:00,1029,1029,1028,1028,956,1361173
2026-06-04 06:41:00,1028,1029,1028,1028,1855,1360141
2026-06-04 06:42:00,1028,1031,1028,1031,8268,1356762
2026-06-04 06:43:00,1031,1033,1030,1032,14369,1350717
2026-06-04 06:44:00,1032,1035,1032,1034,14669,1346858
2026-06-04 06:45:00,1034,1035,1033,1033,5357,1346418
2026-06-04 06:46:00,1033,1034,1033,1033,2715,1345614
2026-06-04 06:47:00,1033,1034,1032,1033,7760,1344476
2026-06-04 06:48:00,1033,1034,1032,1033,1946,1344504
2026-06-04 06:49:00,1033,1034,1032,1032,3052,1344734
2026-06-04 06:50:00,1032,1033,1032,1033,819,1344361
2026-06-04 06:51:00,1033,1033,1032,1032,1167,1344120
2026-06-04 06:52:00,1032,1034,1032,1032,4517,1344267
2026-06-04 06:53:00,1032,1033,1031,1032,4687,1342807
2026-06-04 06:54:00,1032,1033,1031,1031,4235,1342201
2026-06-04 06:55:00,1031,1032,1031,1032,1553,1341686
2026-06-04 06:56:00,1032,1032,1031,1031,1910,1341418
2026-06-04 06:57:00,1031,1032,1031,1032,2135,1340671
2026-06-04 06:58:00,1032,1032,1031,1032,2864,1340744
2026-06-04 06:59:00,1032,1032,1031,1031,10142,1336765
2026-06-04 13:00:00,1030,1032,1028,1029,23022,1340116
2026-06-04 13:01:00,1029,1030,1028,1029,9280,1340974
2026-06-04 13:02:00,1029,1031,1028,1030,8592,1342675
2026-06-04 13:03:00,1030,1031,1030,1031,3464,1343529
2026-06-04 13:04:00,1031,1032,1029,1030,6504,1343885
2026-06-04 13:05:00,1030,1032,1030,1032,4360,1343849
2026-06-04 13:06:00,1032,1033,1031,1032,6471,1344749
2026-06-04 13:07:00,1032,1033,1031,1032,3568,1344247
2026-06-04 13:08:00,1032,1034,1032,1033,5066,1342945
2026-06-04 13:09:00,1033,1034,1032,1032,3472,1343645
2026-06-04 13:10:00,1032,1033,1032,1033,1719,1344319
2026-06-04 13:11:00,1033,1034,1031,1031,5073,1344924
2026-06-04 13:12:00,1031,1032,1030,1031,3983,1344388
2026-06-04 13:13:00,1031,1031,1028,1029,9228,1344233
2026-06-04 13:14:00,1029,1030,1028,1029,5135,1344870
2026-06-04 13:15:00,1029,1029,1028,1028,3227,1343745
2026-06-04 13:16:00,1028,1030,1028,1029,4489,1343799
2026-06-04 13:17:00,1029,1029,1028,1029,1304,1344285
2026-06-04 13:18:00,1029,1029,1028,1028,1338,1344586
2026-06-04 13:19:00,1028,1029,1028,1028,963,1344735
2026-06-04 13:20:00,1028,1029,1028,1029,905,1344776
2026-06-04 13:21:00,1029,1030,1028,1029,5176,1346419
2026-06-04 13:22:00,1029,1030,1029,1030,825,1346104
2026-06-04 13:23:00,1030,1030,1027,1027,4822,1348313
2026-06-04 13:24:00,1027,1028,1027,1028,1152,1348521
2026-06-04 13:25:00,1028,1028,1027,1027,2237,1349155
2026-06-04 13:26:00,1027,1029,1027,1029,2609,1349657
2026-06-04 13:27:00,1029,1029,1028,1028,603,1349780
2026-06-04 13:28:00,1028,1029,1028,1029,744,1349994
2026-06-04 13:29:00,1029,1029,1028,1029,776,1350102
2026-06-04 13:30:00,1029,1030,1028,1029,3430,1349906
2026-06-04 13:31:00,1029,1031,1029,1031,2629,1349795
2026-06-04 13:32:00,1031,1032,1030,1031,2792,1349431
2026-06-04 13:33:00,1031,1032,1030,1031,4168,1348864
2026-06-04 13:34:00,1031,1032,1031,1032,1503,1348383
2026-06-04 13:35:00,1032,1032,1031,1031,567,1348419
2026-06-04 13:36:00,1031,1033,1031,1032,6609,1348611
2026-06-04 13:37:00,1032,1032,1031,1031,953,1348672
2026-06-04 13:38:00,1031,1032,1030,1031,1693,1348505
2026-06-04 13:39:00,1031,1032,1030,1031,1189,1348329
2026-06-04 13:40:00,1031,1032,1031,1031,322,1348213
2026-06-04 13:41:00,1031,1032,1031,1032,497,1348054
2026-06-04 13:42:00,1032,1032,1030,1030,1363,1348076
2026-06-04 13:43:00,1030,1031,1030,1031,1568,1348624
2026-06-04 13:44:00,1031,1031,1030,1031,447,1348527
2026-06-04 13:45:00,1031,1031,1030,1031,347,1348426
2026-06-04 13:46:00,1031,1031,1030,1031,331,1348549
2026-06-04 13:47:00,1031,1031,1030,1030,424,1348442
2026-06-04 13:48:00,1030,1031,1030,1031,416,1348355
2026-06-04 13:49:00,1031,1031,1030,1030,314,1348425
2026-06-04 13:50:00,1030,1031,1030,1031,658,1348159
2026-06-04 13:51:00,1031,1031,1029,1030,3023,1347963
2026-06-04 13:52:00,1030,1031,1030,1030,1014,1348133
2026-06-04 13:53:00,1030,1031,1030,1030,418,1348306
2026-06-04 13:54:00,1030,1031,1030,1031,221,1348394
2026-06-04 13:55:00,1031,1031,1030,1030,257,1348554
2026-06-04 13:56:00,1030,1031,1030,1030,264,1348581
2026-06-04 13:57:00,1030,1031,1030,1030,279,1348700
2026-06-04 13:58:00,1030,1031,1029,1031,2457,1349327
2026-06-04 13:59:00,1031,1031,1030,1031,226,1349245
2026-06-04 14:00:00,1031,1032,1030,1032,3754,1349633
2026-06-04 14:01:00,1032,1032,1029,1029,2696,1350313
2026-06-04 14:02:00,1029,1030,1029,1030,313,1350278
2026-06-04 14:03:00,1030,1030,1029,1030,271,1350275
2026-06-04 14:04:00,1030,1030,1029,1029,285,1350312
2026-06-04 14:05:00,1029,1030,1029,1029,285,1350379
2026-06-04 14:06:00,1029,1030,1029,1030,299,1350368
2026-06-04 14:07:00,1030,1030,1029,1029,361,1350506
2026-06-04 14:08:00,1029,1030,1029,1030,419,1350345
2026-06-04 14:09:00,1030,1030,1028,1029,2955,1350901
2026-06-04 14:10:00,1029,1030,1028,1029,2156,1350382
2026-06-04 14:11:00,1029,1029,1028,1028,1260,1350605
2026-06-04 14:12:00,1028,1029,1028,1029,315,1350634
2026-06-04 14:13:00,1029,1029,1028,1029,382,1350606
2026-06-04 14:14:00,1029,1029,1028,1028,255,1350519
2026-06-04 14:15:00,1028,1029,1028,1028,4183,1351583
2026-06-04 14:16:00,1028,1029,1028,1028,1780,1352499
2026-06-04 14:17:00,1028,1029,1027,1028,3602,1352481
2026-06-04 14:18:00,1028,1029,1028,1029,121,1352472
2026-06-04 14:19:00,1029,1029,1028,1028,200,1352392
2026-06-04 14:20:00,1028,1029,1028,1029,411,1352523
2026-06-04 14:21:00,1029,1029,1027,1028,2614,1353350
2026-06-04 14:22:00,1028,1028,1027,1027,714,1353502
2026-06-04 14:23:00,1027,1028,1027,1027,1698,1352798
2026-06-04 14:24:00,1027,1028,1027,1028,219,1352691
2026-06-04 14:25:00,1028,1028,1026,1026,5360,1355169
2026-06-04 14:26:00,1026,1027,1026,1026,2053,1355439
2026-06-04 14:27:00,1026,1028,1026,1028,4922,1357370
2026-06-04 14:28:00,1028,1028,1027,1028,1194,1357303
2026-06-04 14:29:00,1028,1028,1027,1028,446,1357336
2026-06-04 14:30:00,1028,1029,1027,1029,1645,1357224
2026-06-04 14:31:00,1029,1029,1027,1028,1985,1357078
2026-06-04 14:32:00,1028,1029,1028,1029,360,1357110
2026-06-04 14:33:00,1029,1029,1028,1029,188,1357097
2026-06-04 14:34:00,1029,1029,1028,1029,213,1357076
2026-06-04 14:35:00,1029,1029,1028,1028,152,1357013
2026-06-04 14:36:00,1028,1029,1027,1028,2692,1356808
2026-06-04 14:37:00,1028,1029,1028,1028,1926,1357191
2026-06-04 14:38:00,1028,1029,1027,1029,1204,1356797
2026-06-04 14:39:00,1029,1029,1028,1029,323,1356710
2026-06-04 14:40:00,1029,1029,1028,1028,175,1356691
2026-06-04 14:41:00,1028,1029,1028,1029,4073,1356735
2026-06-04 14:42:00,1029,1029,1028,1029,913,1356543
2026-06-04 14:43:00,1029,1029,1028,1028,186,1356542
2026-06-04 14:44:00,1028,1029,1028,1029,159,1356465
2026-06-04 14:45:00,1029,1029,1028,1029,323,1356385
2026-06-04 14:46:00,1029,1029,1028,1029,140,1356430
2026-06-04 14:47:00,1029,1029,1027,1028,2828,1357145
2026-06-04 14:48:00,1028,1028,1027,1027,304,1357113
2026-06-04 14:49:00,1027,1028,1027,1028,2225,1356585
2026-06-04 14:50:00,1028,1028,1027,1027,292,1356543
2026-06-04 14:51:00,1027,1028,1026,1026,5165,1357183
2026-06-04 14:52:00,1026,1027,1026,1027,2013,1357693
2026-06-04 14:53:00,1027,1027,1026,1026,1133,1357275
2026-06-04 14:54:00,1026,1027,1026,1026,400,1357266
2026-06-04 14:55:00,1026,1027,1026,1027,2393,1357023
2026-06-04 14:56:00,1027,1027,1026,1027,687,1357078
2026-06-04 14:57:00,1027,1027,1026,1026,847,1357044
2026-06-04 14:58:00,1026,1027,1026,1026,1353,1357035
2026-06-04 14:59:00,1026,1027,1025,1025,7404,1354405
2026-06-05 01:00:00,1025,1027,1025,1026,9226,1354544
2026-06-05 01:01:00,1026,1026,1024,1024,7627,1355347
2026-06-05 01:02:00,1024,1026,1024,1025,5543,1355384
2026-06-05 01:03:00,1025,1026,1025,1025,1480,1355250
2026-06-05 01:04:00,1025,1026,1025,1025,1503,1355664
2026-06-05 01:05:00,1025,1026,1024,1025,4259,1356753
2026-06-05 01:06:00,1025,1025,1022,1022,15125,1357343
2026-06-05 01:07:00,1022,1023,1021,1022,12121,1360461
2026-06-05 01:08:00,1022,1024,1021,1022,6462,1361905
2026-06-05 01:09:00,1022,1023,1021,1022,3116,1361791
2026-06-05 01:10:00,1022,1023,1021,1022,2587,1362583
2026-06-05 01:11:00,1022,1023,1021,1022,2623,1363625
2026-06-05 01:12:00,1022,1022,1021,1022,3990,1365267
2026-06-05 01:13:00,1022,1023,1021,1023,1577,1365280
2026-06-05 01:14:00,1023,1023,1022,1022,1528,1365733
2026-06-05 01:15:00,1022,1023,1021,1021,2543,1366581
2026-06-05 01:16:00,1021,1022,1020,1021,10709,1369503
2026-06-05 01:17:00,1021,1021,1019,1019,11329,1371389
2026-06-05 01:18:00,1019,1020,1019,1019,3983,1370996
2026-06-05 01:19:00,1019,1020,1019,1020,2159,1371462
2026-06-05 01:20:00,1020,1021,1019,1020,3133,1371812
2026-06-05 01:21:00,1020,1021,1020,1021,3126,1372267
2026-06-05 01:22:00,1021,1021,1019,1019,6933,1373347
2026-06-05 01:23:00,1019,1020,1019,1020,2309,1373289
2026-06-05 01:24:00,1020,1021,1020,1021,2340,1373131
2026-06-05 01:25:00,1021,1021,1020,1021,1300,1372629
2026-06-05 01:26:00,1021,1021,1020,1021,1538,1372387
2026-06-05 01:27:00,1021,1022,1020,1022,4987,1372432
2026-06-05 01:28:00,1022,1022,1020,1021,2690,1373039
2026-06-05 01:29:00,1021,1021,1020,1021,1066,1373571
2026-06-05 01:30:00,1021,1021,1020,1020,1326,1374304
2026-06-05 01:31:00,1020,1021,1019,1020,4861,1376005
2026-06-05 01:32:00,1020,1020,1019,1020,2989,1376188
2026-06-05 01:33:00,1020,1021,1020,1021,1224,1375759
2026-06-05 01:34:00,1021,1021,1020,1020,2069,1376289
2026-06-05 01:35:00,1020,1022,1020,1022,1342,1376254
2026-06-05 01:36:00,1022,1022,1021,1021,1102,1376725
2026-06-05 01:37:00,1021,1022,1021,1021,1042,1376885
2026-06-05 01:38:00,1021,1022,1021,1021,881,1377063
2026-06-05 01:39:00,1021,1022,1021,1022,337,1377026
2026-06-05 01:40:00,1022,1022,1020,1021,2959,1377039
2026-06-05 01:41:00,1021,1022,1020,1021,1414,1377339
2026-06-05 01:42:00,1021,1021,1020,1021,762,1377543
2026-06-05 01:43:00,1021,1021,1020,1020,513,1377337
2026-06-05 01:44:00,1020,1021,1020,1021,732,1377434
2026-06-05 01:45:00,1021,1022,1020,1020,2362,1377875
2026-06-05 01:46:00,1020,1021,1020,1021,1270,1377738
2026-06-05 01:47:00,1021,1021,1020,1020,708,1377845
2026-06-05 01:48:00,1020,1020,1019,1019,6099,1380894
2026-06-05 01:49:00,1019,1020,1019,1020,1914,1381566
2026-06-05 01:50:00,1020,1020,1019,1019,1504,1382004
2026-06-05 01:51:00,1019,1020,1019,1020,1808,1381623
2026-06-05 01:52:00,1020,1020,1018,1018,4271,1382898
2026-06-05 01:53:00,1018,1019,1018,1019,1409,1382830
2026-06-05 01:54:00,1019,1020,1018,1018,8310,1384812
2026-06-05 01:55:00,1018,1019,1018,1019,766,1385165
2026-06-05 01:56:00,1019,1019,1018,1019,894,1385728
2026-06-05 01:57:00,1019,1020,1018,1020,2888,1385160
2026-06-05 01:58:00,1020,1020,1019,1019,623,1385191
2026-06-05 01:59:00,1019,1020,1019,1020,1379,1385855
2026-06-05 02:00:00,1020,1020,1018,1019,3256,1385713
2026-06-05 02:01:00,1019,1019,1018,1019,1056,1386075
2026-06-05 02:02:00,1019,1019,1018,1019,1172,1386425
2026-06-05 02:03:00,1019,1019,1018,1019,761,1386784
2026-06-05 02:04:00,1019,1019,1018,1019,738,1387040
2026-06-05 02:05:00,1019,1019,1018,1019,923,1387310
2026-06-05 02:06:00,1019,1019,1018,1019,901,1387880
2026-06-05 02:07:00,1019,1019,1018,1018,857,1388407
2026-06-05 02:08:00,1018,1019,1018,1018,525,1388634
2026-06-05 02:09:00,1018,1019,1018,1019,458,1388919
2026-06-05 02:10:00,1019,1020,1018,1020,4640,1390149
2026-06-05 02:11:00,1020,1020,1019,1019,829,1390671
2026-06-05 02:12:00,1019,1021,1019,1021,5243,1392386
2026-06-05 02:13:00,1021,1021,1020,1021,1244,1392488
2026-06-05 02:14:00,1021,1021,1020,1021,1752,1392353
2026-06-05 02:30:00,1020,1021,1018,1018,6847,1392233
2026-06-05 02:31:00,1018,1019,1018,1019,948,1392426
2026-06-05 02:32:00,1019,1019,1018,1018,1592,1392796
2026-06-05 02:33:00,1018,1019,1018,1019,1258,1393362
2026-06-05 02:34:00,1019,1020,1018,1020,1827,1394496
2026-06-05 02:35:00,1020,1020,1018,1018,3867,1395566
2026-06-05 02:36:00,1018,1020,1018,1019,1645,1395701
2026-06-05 02:37:00,1019,1020,1018,1019,2090,1396498
2026-06-05 02:38:00,1019,1019,1018,1019,1069,1396670
2026-06-05 02:39:00,1019,1019,1018,1018,570,1396890
2026-06-05 02:40:00,1018,1019,1017,1018,7959,1399141
2026-06-05 02:41:00,1018,1019,1017,1019,3413,1399109
2026-06-05 02:42:00,1019,1019,1018,1018,515,1398894
2026-06-05 02:43:00,1018,1019,1017,1017,2629,1399393
2026-06-05 02:44:00,1017,1019,1017,1019,1706,1399360
2026-06-05 02:45:00,1019,1019,1018,1018,759,1399452
2026-06-05 02:46:00,1018,1019,1017,1018,2343,1400094
2026-06-05 02:47:00,1018,1019,1018,1019,454,1400010
2026-06-05 02:48:00,1019,1019,1018,1019,387,1399981
2026-06-05 02:49:00,1019,1019,1018,1019,653,1399907
2026-06-05 02:50:00,1019,1019,1018,1019,689,1400030
2026-06-05 02:51:00,1019,1020,1018,1019,4194,1400705
2026-06-05 02:52:00,1019,1019,1018,1019,1996,1401667
2026-06-05 02:53:00,1019,1019,1018,1018,688,1401945
2026-06-05 02:54:00,1018,1019,1018,1018,494,1402068
2026-06-05 02:55:00,1018,1019,1018,1018,1843,1402268
2026-06-05 02:56:00,1018,1019,1017,1018,2868,1403233
2026-06-05 02:57:00,1018,1018,1017,1018,971,1403426
2026-06-05 02:58:00,1018,1018,1017,1017,1019,1403136
2026-06-05 02:59:00,1017,1018,1017,1017,1080,1403245
2026-06-05 03:00:00,1017,1018,1017,1018,1770,1403854
2026-06-05 03:01:00,1018,1018,1015,1016,20547,1408374
2026-06-05 03:02:00,1016,1016,1015,1015,3521,1409438
2026-06-05 03:03:00,1015,1017,1015,1016,4689,1410717
2026-06-05 03:04:00,1016,1017,1016,1017,1232,1411116
2026-06-05 03:05:00,1017,1017,1016,1016,3208,1412200
2026-06-05 03:06:00,1016,1017,1015,1015,4088,1413962
2026-06-05 03:07:00,1015,1016,1015,1015,3799,1415882
2026-06-05 03:08:00,1015,1016,1015,1015,870,1416050
2026-06-05 03:09:00,1015,1016,1015,1016,987,1416083
2026-06-05 03:10:00,1016,1017,1015,1016,2944,1417236
2026-06-05 03:11:00,1016,1017,1016,1016,1067,1417832
2026-06-05 03:12:00,1016,1017,1015,1016,3488,1419762
2026-06-05 03:13:00,1016,1016,1014,1014,4034,1420195
2026-06-05 03:14:00,1014,1016,1010,1010,34935,1431700
2026-06-05 03:15:00,1010,1012,1010,1011,14745,1437072
2026-06-05 03:16:00,1011,1011,1010,1011,7695,1441970
2026-06-05 03:17:00,1011,1011,1008,1008,16447,1447732
2026-06-05 03:18:00,1008,1010,1008,1009,11701,1452027
2026-06-05 03:19:00,1009,1011,1008,1010,12888,1457919
2026-06-05 03:20:00,1010,1011,1010,1011,5142,1460023
2026-06-05 03:21:00,1011,1011,1009,1010,9058,1462487
2026-06-05 03:22:00,1010,1013,1009,1013,11039,1462906
2026-06-05 03:23:00,1013,1013,1011,1013,6853,1463807
2026-06-05 03:24:00,1013,1014,1012,1013,4893,1462954
2026-06-05 03:25:00,1013,1014,1013,1014,2067,1462978
2026-06-05 03:26:00,1014,1014,1012,1013,3605,1463977
2026-06-05 03:27:00,1013,1014,1012,1013,3343,1463916
2026-06-05 03:28:00,1013,1013,1012,1013,2597,1465110
2026-06-05 03:29:00,1013,1014,1012,1014,4362,1465606
2026-06-05 05:30:00,1013,1014,1012,1013,8861,1466386
2026-06-05 05:31:00,1013,1014,1013,1014,3404,1466512
2026-06-05 05:32:00,1014,1014,1012,1012,4794,1467764
2026-06-05 05:33:00,1012,1013,1012,1012,1344,1467960
2026-06-05 05:34:00,1012,1013,1012,1013,2057,1468468
2026-06-05 05:35:00,1013,1013,1012,1013,1641,1468562
2026-06-05 05:36:00,1013,1013,1011,1011,4284,1469403
2026-06-05 05:37:00,1011,1012,1010,1010,5736,1471439
2026-06-05 05:38:00,1010,1012,1010,1012,3172,1472576
2026-06-05 05:39:00,1012,1012,1011,1011,2101,1473704
2026-06-05 05:40:00,1011,1012,1011,1011,1353,1474401
2026-06-05 05:41:00,1011,1013,1011,1012,4022,1475303
2026-06-05 05:42:00,1012,1012,1011,1012,765,1475790
2026-06-05 05:43:00,1012,1012,1011,1012,1211,1476541
2026-06-05 05:44:00,1012,1012,1010,1010,4814,1478962
2026-06-05 05:45:00,1010,1011,1010,1011,1837,1479817
2026-06-05 05:46:00,1011,1011,1009,1011,7669,1483379
2026-06-05 05:47:00,1011,1011,1010,1011,1419,1482906
2026-06-05 05:48:00,1011,1012,1010,1011,4674,1484497
2026-06-05 05:49:00,1011,1011,1010,1011,2556,1485295
2026-06-05 05:50:00,1011,1011,1010,1011,897,1485210
2026-06-05 05:51:00,1011,1012,1010,1012,2300,1485622
2026-06-05 05:52:00,1012,1012,1011,1012,1441,1485905
2026-06-05 05:53:00,1012,1012,1011,1012,1880,1486275
2026-06-05 05:54:00,1012,1012,1011,1012,2084,1487185
2026-06-05 05:55:00,1012,1013,1011,1012,2744,1487898
2026-06-05 05:56:00,1012,1013,1011,1011,3428,1488752
2026-06-05 05:57:00,1011,1013,1011,1012,1374,1489107
2026-06-05 05:58:00,1012,1013,1012,1013,1040,1489138
2026-06-05 05:59:00,1013,1013,1012,1012,652,1489424
2026-06-05 06:00:00,1012,1013,1011,1012,1967,1489973
2026-06-05 06:01:00,1012,1012,1010,1010,4929,1491742
2026-06-05 06:02:00,1010,1011,1010,1011,1689,1492043
2026-06-05 06:03:00,1011,1011,1009,1009,6109,1494131
2026-06-05 06:04:00,1009,1010,1009,1009,2936,1494402
2026-06-05 06:05:00,1009,1010,1009,1010,2908,1495884
2026-06-05 06:06:00,1010,1010,1009,1010,1837,1496003
2026-06-05 06:07:00,1010,1010,1009,1010,1693,1496864
2026-06-05 06:08:00,1010,1011,1009,1010,1996,1497357
2026-06-05 06:09:00,1010,1011,1009,1010,3424,1498820
2026-06-05 06:10:00,1010,1010,1005,1006,23130,1503867
2026-06-05 06:11:00,1006,1007,1006,1007,7345,1504889
2026-06-05 06:12:00,1007,1007,1004,1005,21436,1511996
2026-06-05 06:13:00,1005,1006,1004,1005,6816,1513588
2026-06-05 06:14:00,1005,1007,1005,1007,8424,1514689
2026-06-05 06:15:00,1007,1008,1006,1006,7292,1515975
2026-06-05 06:16:00,1006,1008,1006,1007,4084,1517698
2026-06-05 06:17:00,1007,1008,1007,1008,2287,1518049
2026-06-05 06:18:00,1008,1008,1007,1008,1796,1518632
2026-06-05 06:19:00,1008,1008,1007,1007,1219,1518894
2026-06-05 06:20:00,1007,1008,1006,1006,4367,1520654
2026-06-05 06:21:00,1006,1007,1006,1006,3618,1520866
2026-06-05 06:22:00,1006,1008,1006,1007,6835,1520667
2026-06-05 06:23:00,1007,1009,1007,1008,4815,1519462
2026-06-05 06:24:00,1008,1009,1008,1009,2840,1520312
2026-06-05 06:25:00,1009,1010,1008,1008,6715,1521047
2026-06-05 06:26:00,1008,1009,1008,1009,1666,1521251
2026-06-05 06:27:00,1009,1009,1007,1007,1802,1521183
2026-06-05 06:28:00,1007,1008,1007,1007,2326,1521610
2026-06-05 06:29:00,1007,1008,1007,1008,2964,1522587
2026-06-05 06:30:00,1008,1008,1007,1007,1534,1522696
2026-06-05 06:31:00,1007,1008,1007,1007,1278,1522880
2026-06-05 06:32:00,1007,1009,1007,1009,3251,1522352
2026-06-05 06:33:00,1009,1010,1008,1009,4305,1523671
2026-06-05 06:34:00,1009,1010,1008,1009,2495,1523926
2026-06-05 06:35:00,1009,1010,1008,1009,1571,1523705
2026-06-05 06:36:00,1009,1009,1008,1009,824,1523650
2026-06-05 06:37:00,1009,1010,1008,1010,1861,1523588
2026-06-05 06:38:00,1010,1010,1009,1010,1428,1523627
2026-06-05 06:39:00,1010,1010,1008,1008,2141,1523849
2026-06-05 06:40:00,1008,1010,1008,1009,1685,1523608
2026-06-05 06:41:00,1009,1010,1009,1009,2382,1523114
2026-06-05 06:42:00,1009,1009,1008,1008,715,1523126
2026-06-05 06:43:00,1008,1009,1008,1008,2294,1522739
2026-06-05 06:44:00,1008,1009,1008,1008,883,1522611
2026-06-05 06:45:00,1008,1010,1008,1010,2535,1522493
2026-06-05 06:46:00,1010,1010,1008,1009,2959,1522765
2026-06-05 06:47:00,1009,1009,1008,1009,1226,1522647
2026-06-05 06:48:00,1009,1010,1008,1008,4492,1522430
2026-06-05 06:49:00,1008,1010,1008,1009,1985,1522435
2026-06-05 06:50:00,1009,1011,1009,1011,7385,1520625
2026-06-05 06:51:00,1011,1011,1009,1010,3429,1519440
2026-06-05 06:52:00,1010,1012,1010,1011,7195,1518403
2026-06-05 06:53:00,1011,1012,1010,1012,2420,1518343
2026-06-05 06:54:00,1012,1012,1011,1012,1994,1518124
2026-06-05 06:55:00,1012,1012,1010,1010,4721,1518323
2026-06-05 06:56:00,1010,1012,1010,1012,2517,1517878
2026-06-05 06:57:00,1012,1012,1010,1011,4165,1517431
2026-06-05 06:58:00,1011,1011,1010,1010,5293,1515547
2026-06-05 06:59:00,1010,1011,1010,1010,11381,1511130
2026-06-05 13:00:00,1008,1009,1006,1007,23893,1514927
2026-06-05 13:01:00,1007,1009,1006,1008,13883,1517996
2026-06-05 13:02:00,1008,1010,1006,1009,12325,1520280
2026-06-05 13:03:00,1009,1010,1007,1007,10025,1521221
2026-06-05 13:04:00,1007,1008,1007,1008,2997,1522068
2026-06-05 13:05:00,1008,1009,1006,1009,7746,1523875
2026-06-05 13:06:00,1009,1009,1008,1008,2374,1523457
2026-06-05 13:07:00,1008,1009,1008,1008,5951,1524536
2026-06-05 13:08:00,1008,1010,1008,1008,7894,1525057
2026-06-05 13:09:00,1008,1009,1007,1008,3442,1525874
2026-06-05 13:10:00,1008,1008,1007,1008,1312,1526333
2026-06-05 13:11:00,1008,1009,1007,1009,3681,1527778
2026-06-05 13:12:00,1009,1009,1008,1009,2378,1528440
2026-06-05 13:13:00,1009,1009,1007,1007,3838,1530055
2026-06-05 13:14:00,1007,1008,1007,1007,1249,1530328
2026-06-05 13:15:00,1007,1009,1007,1008,6196,1530643
2026-06-05 13:16:00,1008,1009,1007,1007,5275,1529110
2026-06-05 13:17:00,1007,1007,1005,1006,9972,1529347
2026-06-05 13:18:00,1006,1007,1006,1007,1204,1529433
2026-06-05 13:19:00,1007,1007,1006,1007,1086,1529771
2026-06-05 13:20:00,1007,1007,1006,1006,1105,1529658
2026-06-05 13:21:00,1006,1007,1006,1006,1009,1529970
2026-06-05 13:22:00,1006,1008,1006,1007,5894,1530795
2026-06-05 13:23:00,1007,1007,1005,1007,6081,1531583
2026-06-05 13:24:00,1007,1007,1006,1007,4218,1531529
2026-06-05 13:25:00,1007,1007,1006,1006,847,1531454
2026-06-05 13:26:00,1006,1007,1005,1007,4883,1531417
2026-06-05 13:27:00,1007,1007,1006,1006,898,1531803
2026-06-05 13:28:00,1006,1007,1004,1004,10531,1533825
2026-06-05 13:29:00,1004,1006,1004,1006,4218,1534423
2026-06-05 13:30:00,1006,1006,1005,1006,2511,1535236
2026-06-05 13:31:00,1006,1006,1005,1006,4028,1535968
2026-06-05 13:32:00,1006,1006,1005,1006,1591,1536444
2026-06-05 13:33:00,1006,1007,1005,1007,4517,1536653
2026-06-05 13:34:00,1007,1008,1006,1008,4155,1538043
2026-06-05 13:35:00,1008,1008,1007,1008,3670,1539724
2026-06-05 13:36:00,1008,1008,1007,1008,573,1539890
2026-06-05 13:37:00,1008,1008,1006,1007,4868,1540200
2026-06-05 13:38:00,1007,1007,1006,1007,2145,1540316
2026-06-05 13:39:00,1007,1008,1007,1007,1981,1540349
2026-06-05 13:40:00,1007,1009,1007,1009,4382,1540399
2026-06-05 13:41:00,1009,1009,1007,1008,3179,1540812
2026-06-05 13:42:00,1008,1008,1007,1007,563,1540873
2026-06-05 13:43:00,1007,1008,1007,1007,1455,1541377
2026-06-05 13:44:00,1007,1007,1006,1007,3997,1541636
2026-06-05 13:45:00,1007,1007,1006,1006,466,1541934
2026-06-05 13:46:00,1006,1008,1006,1008,2816,1541734
2026-06-05 13:47:00,1008,1008,1007,1008,981,1541513
2026-06-05 13:48:00,1008,1008,1007,1008,669,1541283
2026-06-05 13:49:00,1008,1008,1007,1008,1222,1540815
2026-06-05 13:50:00,1008,1008,1007,1007,352,1540985
2026-06-05 13:51:00,1007,1008,1007,1008,223,1541061
2026-06-05 13:52:00,1008,1008,1007,1007,750,1541177
2026-06-05 13:53:00,1007,1008,1007,1008,683,1541475
2026-06-05 13:54:00,1008,1008,1007,1007,297,1541577
2026-06-05 13:55:00,1007,1008,1007,1008,493,1541538
2026-06-05 13:56:00,1008,1009,1007,1008,2536,1540872
2026-06-05 13:57:00,1008,1008,1007,1007,4602,1541888
2026-06-05 13:58:00,1007,1008,1007,1008,300,1541882
2026-06-05 13:59:00,1008,1008,1007,1008,275,1541800
2026-06-05 14:00:00,1008,1008,1007,1007,694,1541817
2026-06-05 14:01:00,1007,1008,1007,1007,1153,1541505
2026-06-05 14:02:00,1007,1008,1007,1007,534,1541404
2026-06-05 14:03:00,1007,1008,1007,1007,467,1541553
2026-06-05 14:04:00,1007,1008,1007,1007,456,1541695
2026-06-05 14:05:00,1007,1008,1007,1007,861,1541927
2026-06-05 14:06:00,1007,1008,1007,1007,967,1542386
2026-06-05 14:07:00,1007,1008,1005,1006,5207,1544510
2026-06-05 14:08:00,1006,1007,1006,1007,903,1544173
2026-06-05 14:09:00,1007,1007,1006,1007,584,1544256
2026-06-05 14:10:00,1007,1007,1006,1006,433,1544215
2026-06-05 14:11:00,1006,1007,1006,1006,543,1544288
2026-06-05 14:12:00,1006,1007,1006,1006,235,1544279
2026-06-05 14:13:00,1006,1007,1006,1006,484,1544220
2026-06-05 14:14:00,1006,1007,1006,1006,672,1544582
2026-06-05 14:15:00,1006,1007,1006,1006,996,1544701
2026-06-05 14:16:00,1006,1007,1006,1006,916,1545050
2026-06-05 14:17:00,1006,1007,1006,1007,517,1545237
2026-06-05 14:18:00,1007,1007,1006,1006,574,1545148
2026-06-05 14:19:00,1006,1007,1006,1006,988,1545103
2026-06-05 14:20:00,1006,1007,1006,1007,502,1545047
2026-06-05 14:21:00,1007,1007,1005,1006,2253,1545883
2026-06-05 14:22:00,1006,1006,1004,1005,10147,1548549
2026-06-05 14:23:00,1005,1006,1004,1005,4126,1547365
2026-06-05 14:24:00,1005,1006,1005,1005,566,1547437
2026-06-05 14:25:00,1005,1007,1005,1006,3481,1548684
2026-06-05 14:26:00,1006,1007,1006,1007,651,1548861
2026-06-05 14:27:00,1007,1007,1006,1007,363,1548879
2026-06-05 14:28:00,1007,1007,1006,1006,434,1548923
2026-06-05 14:29:00,1006,1007,1006,1006,456,1549086
2026-06-05 14:30:00,1006,1008,1006,1007,5930,1548930
2026-06-05 14:31:00,1007,1008,1007,1008,5662,1549975
2026-06-05 14:32:00,1008,1009,1007,1009,5668,1549650
2026-06-05 14:33:00,1009,1010,1008,1009,3648,1549977
2026-06-05 14:34:00,1009,1009,1008,1008,1440,1549737
2026-06-05 14:35:00,1008,1009,1007,1007,2603,1549534
2026-06-05 14:36:00,1007,1008,1006,1006,5151,1548905
2026-06-05 14:37:00,1006,1008,1006,1007,5476,1548080
2026-06-05 14:38:00,1007,1008,1007,1008,519,1548150
2026-06-05 14:39:00,1008,1008,1007,1008,1399,1547454
2026-06-05 14:40:00,1008,1008,1007,1007,253,1547374
2026-06-05 14:41:00,1007,1008,1007,1008,958,1547352
2026-06-05 14:42:00,1008,1008,1007,1008,227,1547282
2026-06-05 14:43:00,1008,1008,1007,1008,317,1547297
2026-06-05 14:44:00,1008,1008,1007,1008,368,1547330
2026-06-05 14:45:00,1008,1008,1006,1008,3944,1546755
2026-06-05 14:46:00,1008,1008,1007,1007,393,1546920
2026-06-05 14:47:00,1007,1009,1007,1008,2846,1547500
2026-06-05 14:48:00,1008,1010,1008,1009,6225,1545568
2026-06-05 14:49:00,1009,1010,1009,1010,1138,1545845
2026-06-05 14:50:00,1010,1011,1009,1011,6507,1544435
2026-06-05 14:51:00,1011,1012,1010,1011,10072,1545289
2026-06-05 14:52:00,1011,1011,1010,1011,1688,1545882
2026-06-05 14:53:00,1011,1012,1010,1011,4011,1545641
2026-06-05 14:54:00,1011,1011,1009,1010,5351,1547168
2026-06-05 14:55:00,1010,1011,1009,1009,2380,1546940
2026-06-05 14:56:00,1009,1010,1009,1010,1531,1546535
2026-06-05 14:57:00,1010,1011,1009,1010,5643,1543136
2026-06-05 14:58:00,1010,1012,1010,1010,5901,1542211
2026-06-05 14:59:00,1010,1011,1010,1011,7336,1538954
2026-06-08 01:00:00,1011,1012,1006,1007,23851,1536477
2026-06-08 01:01:00,1007,1008,1006,1007,5329,1536471
2026-06-08 01:02:00,1007,1008,1006,1007,13137,1537560
2026-06-08 01:03:00,1007,1008,1006,1007,6764,1539576
2026-06-08 01:04:00,1007,1007,1005,1006,6525,1540686
2026-06-08 01:05:00,1006,1008,1005,1006,9100,1541218
2026-06-08 01:06:00,1006,1006,1005,1006,4863,1542869
2026-06-08 01:07:00,1006,1007,1005,1006,7073,1544310
2026-06-08 01:08:00,1006,1007,1004,1006,30124,1550242
2026-06-08 01:09:00,1006,1008,1004,1008,10563,1550934
2026-06-08 01:10:00,1008,1008,1006,1008,4817,1551206
2026-06-08 01:11:00,1008,1009,1006,1009,9945,1551478
2026-06-08 01:12:00,1009,1010,1007,1008,9287,1550471
2026-06-08 01:13:00,1008,1009,1007,1008,2433,1551371
2026-06-08 01:14:00,1008,1010,1007,1010,4260,1552140
2026-06-08 01:15:00,1010,1010,1008,1009,3431,1552709
2026-06-08 01:16:00,1009,1009,1008,1009,1123,1552602
2026-06-08 01:17:00,1009,1009,1007,1007,2154,1551970
2026-06-08 01:18:00,1007,1008,1007,1008,795,1551885
2026-06-08 01:19:00,1008,1008,1006,1006,5164,1552367
2026-06-08 01:20:00,1006,1007,1006,1007,5401,1553308
2026-06-08 01:21:00,1007,1007,1006,1006,2116,1553165
2026-06-08 01:22:00,1006,1007,1006,1007,1244,1552820
2026-06-08 01:23:00,1007,1007,1006,1006,1154,1552895
2026-06-08 01:24:00,1006,1007,1006,1006,598,1553041
2026-06-08 01:25:00,1006,1007,1006,1007,576,1553109
2026-06-08 01:26:00,1007,1007,1006,1006,3876,1554087
2026-06-08 01:27:00,1006,1006,1005,1005,2559,1555010
2026-06-08 01:28:00,1005,1006,1005,1005,8157,1555075
2026-06-08 01:29:00,1005,1006,1005,1005,1644,1554675
2026-06-08 01:30:00,1005,1006,1005,1005,1527,1554711
2026-06-08 01:31:00,1005,1006,1005,1006,3634,1554910
2026-06-08 01:32:00,1006,1006,1005,1005,6004,1555916
2026-06-08 01:33:00,1005,1006,1005,1005,565,1555994
2026-06-08 01:34:00,1005,1006,1005,1005,765,1555771
2026-06-08 01:35:00,1005,1006,1005,1005,741,1556175
2026-06-08 01:36:00,1005,1006,1004,1006,5996,1557113
2026-06-08 01:37:00,1006,1006,1005,1005,1068,1557179
2026-06-08 01:38:00,1005,1006,1005,1005,1122,1557393
2026-06-08 01:39:00,1005,1006,1005,1005,872,1557693
2026-06-08 01:40:00,1005,1006,1005,1005,2298,1558060
2026-06-08 01:41:00,1005,1006,1004,1004,4253,1558437
2026-06-08 01:42:00,1004,1005,1004,1004,1982,1558377
2026-06-08 01:43:00,1004,1005,1002,1002,15888,1557098
2026-06-08 01:44:00,1002,1004,1002,1004,8311,1555927
2026-06-08 01:45:00,1004,1004,1003,1003,1586,1556157
2026-06-08 01:46:00,1003,1005,1003,1004,3133,1555909
2026-06-08 01:47:00,1004,1005,1003,1005,5398,1556419
2026-06-08 01:48:00,1005,1005,1003,1003,3408,1557361
2026-06-08 01:49:00,1003,1004,1003,1003,975,1557484
2026-06-08 01:50:00,1003,1004,1003,1003,2805,1558498
2026-06-08 01:51:00,1003,1004,1003,1003,1606,1558333
2026-06-08 01:52:00,1003,1005,1003,1003,5831,1557792
2026-06-08 01:53:00,1003,1004,1003,1003,1604,1557937
2026-06-08 01:54:00,1003,1004,1003,1003,886,1558248
2026-06-08 01:55:00,1003,1003,1002,1003,8528,1560857
2026-06-08 01:56:00,1003,1003,1001,1002,8660,1560237
2026-06-08 01:57:00,1002,1002,1001,1001,4549,1561425
2026-06-08 01:58:00,1001,1003,1001,1002,7769,1561680
2026-06-08 01:59:00,1002,1002,1000,1000,12124,1563344
2026-06-08 02:00:00,1000,1002,1000,1001,10650,1566858
2026-06-08 02:01:00,1001,1001,1000,1001,2937,1567486
2026-06-08 02:02:00,1001,1001,1000,1001,2145,1568592
2026-06-08 02:03:00,1001,1002,1000,1001,8480,1569651
2026-06-08 02:04:00,1001,1004,1001,1003,8596,1570220
2026-06-08 02:05:00,1003,1004,1002,1003,3616,1569587
2026-06-08 02:06:00,1003,1003,1002,1003,1148,1569583
2026-06-08 02:07:00,1003,1004,1002,1002,3867,1570077
2026-06-08 02:08:00,1002,1003,1001,1002,5236,1573320
2026-06-08 02:09:00,1002,1003,1001,1002,2883,1573926
2026-06-08 02:10:00,1002,1002,1000,1001,5173,1573282
2026-06-08 02:11:00,1001,1002,1001,1001,4695,1573268
2026-06-08 02:12:00,1001,1003,1001,1002,6059,1570255
2026-06-08 02:13:00,1002,1003,1001,1003,3316,1571024
2026-06-08 02:14:00,1003,1003,1001,1003,2441,1571261
2026-06-08 02:30:00,1002,1004,1002,1003,8359,1571736
2026-06-08 02:31:00,1003,1004,1002,1003,2647,1571829
2026-06-08 02:32:00,1003,1004,1003,1004,913,1571609
2026-06-08 02:33:00,1004,1004,1003,1003,863,1571389
2026-06-08 02:34:00,1003,1004,1003,1004,927,1571176
2026-06-08 02:35:00,1004,1004,1003,1003,3038,1570870
2026-06-08 02:36:00,1003,1004,1003,1003,1171,1570981
2026-06-08 02:37:00,1003,1004,1003,1004,625,1571347
2026-06-08 02:38:00,1004,1004,1003,1004,495,1571452
2026-06-08 02:39:00,1004,1004,1003,1003,531,1571666
2026-06-08 02:40:00,1003,1004,1003,1003,407,1571690
2026-06-08 02:41:00,1003,1004,1003,1003,1551,1572633
2026-06-08 02:42:00,1003,1004,1003,1003,940,1572824
2026-06-08 02:43:00,1003,1004,1002,1003,1828,1573693
2026-06-08 02:44:00,1003,1004,1003,1003,2442,1574524
2026-06-08 02:45:00,1003,1005,1003,1005,8570,1574448
2026-06-08 02:46:00,1005,1005,1003,1003,2428,1574901
2026-06-08 02:47:00,1003,1004,1003,1003,439,1574828
2026-06-08 02:48:00,1003,1004,1003,1003,347,1574751
2026-06-08 02:49:00,1003,1005,1003,1004,3503,1573239
2026-06-08 02:50:00,1004,1005,1003,1003,1565,1573608
2026-06-08 02:51:00,1003,1004,1003,1003,782,1573475
2026-06-08 02:52:00,1003,1005,1003,1005,1971,1573644
2026-06-08 02:53:00,1005,1005,1004,1004,3471,1573851
2026-06-08 02:54:00,1004,1005,1003,1004,1317,1574221
2026-06-08 02:55:00,1004,1005,1004,1004,389,1574327
2026-06-08 02:56:00,1004,1005,1004,1004,1007,1574848
2026-06-08 02:57:00,1004,1004,1003,1003,376,1574911
2026-06-08 02:58:00,1003,1004,1003,1003,418,1575047
2026-06-08 02:59:00,1003,1004,1003,1003,525,1575273
2026-06-08 03:00:00,1003,1004,1003,1003,4464,1575969
2026-06-08 03:01:00,1003,1004,1003,1003,372,1576010
2026-06-08 03:02:00,1003,1004,1002,1003,1754,1576231
2026-06-08 03:03:00,1003,1004,1003,1004,1477,1576133
2026-06-08 03:04:00,1004,1004,1003,1003,441,1576081
2026-06-08 03:05:00,1003,1004,1003,1004,528,1576112
2026-06-08 03:06:00,1004,1004,1003,1003,666,1575871
2026-06-08 03:07:00,1003,1004,1002,1002,1315,1575890
2026-06-08 03:08:00,1002,1003,1002,1003,625,1575842
2026-06-08 03:09:00,1003,1003,1002,1002,442,1575675
2026-06-08 03:10:00,1002,1004,1002,1003,2327,1575385
2026-06-08 03:11:00,1003,1004,1003,1003,603,1575436
2026-06-08 03:12:00,1003,1004,1003,1004,645,1575664
2026-06-08 03:13:00,1004,1004,1002,1003,1362,1575240
2026-06-08 03:14:00,1003,1003,1002,1003,614,1575340
2026-06-08 03:15:00,1003,1003,1002,1002,805,1575236
2026-06-08 03:16:00,1002,1004,1002,1003,2114,1574837
2026-06-08 03:17:00,1003,1004,1003,1003,535,1575052
2026-06-08 03:18:00,1003,1004,1003,1004,689,1575139
2026-06-08 03:19:00,1004,1004,1003,1003,555,1575316
2026-06-08 03:20:00,1003,1004,1002,1003,747,1575084
2026-06-08 03:21:00,1003,1004,1002,1003,1364,1575398
2026-06-08 03:22:00,1003,1004,1003,1003,447,1575568
2026-06-08 03:23:00,1003,1004,1003,1003,292,1575697
2026-06-08 03:24:00,1003,1004,1003,1003,230,1575748
2026-06-08 03:25:00,1003,1004,1003,1004,369,1575759
2026-06-08 03:26:00,1004,1004,1003,1003,494,1575761
2026-06-08 03:27:00,1003,1004,1002,1003,2813,1575297
2026-06-08 03:28:00,1003,1004,1003,1004,971,1574545
2026-06-08 03:29:00,1004,1004,1003,1003,2077,1574033
2026-06-08 05:30:00,1003,1004,1002,1004,5357,1574873
2026-06-08 05:31:00,1004,1004,1002,1002,1286,1575132
2026-06-08 05:32:00,1002,1003,1002,1002,1436,1575365
2026-06-08 05:33:00,1002,1004,1002,1003,4552,1575551
2026-06-08 05:34:00,1003,1004,1003,1004,2209,1575880
2026-06-08 05:35:00,1004,1004,1003,1003,1828,1576721
2026-06-08 05:36:00,1003,1004,1003,1003,1472,1576739
2026-06-08 05:37:00,1003,1004,1003,1004,892,1576508
2026-06-08 05:38:00,1004,1004,1002,1002,1748,1577080
2026-06-08 05:39:00,1002,1003,1002,1002,782,1576953
2026-06-08 05:40:00,1002,1005,1002,1005,11583,1579118
2026-06-08 05:41:00,1005,1005,1004,1004,1186,1579057
2026-06-08 05:42:00,1004,1009,1004,1008,23679,1583318
2026-06-08 05:43:00,1008,1008,1007,1007,3928,1583104
2026-06-08 05:44:00,1007,1008,1006,1007,6235,1584525
2026-06-08 05:45:00,1007,1007,1006,1006,1084,1584700
2026-06-08 05:46:00,1006,1007,1006,1007,986,1585111
2026-06-08 05:47:00,1007,1008,1006,1008,3142,1585152
2026-06-08 05:48:00,1008,1008,1006,1007,10299,1585388
2026-06-08 05:49:00,1007,1008,1006,1007,2426,1585601
2026-06-08 05:50:00,1007,1007,1006,1006,653,1585422
2026-06-08 05:51:00,1006,1007,1006,1006,1402,1585199
2026-06-08 05:52:00,1006,1007,1005,1006,3890,1585389
2026-06-08 05:53:00,1006,1006,1005,1005,2194,1585588
2026-06-08 05:54:00,1005,1006,1004,1006,3444,1584258
2026-06-08 05:55:00,1006,1006,1005,1005,707,1584231
2026-06-08 05:56:00,1005,1006,1005,1006,1102,1584185
2026-06-08 05:57:00,1006,1007,1005,1006,2127,1584504
2026-06-08 05:58:00,1006,1007,1006,1007,1626,1584268
2026-06-08 05:59:00,1007,1008,1006,1007,3663,1583002
2026-06-08 06:00:00,1007,1009,1007,1009,4936,1582916
2026-06-08 06:01:00,1009,1009,1008,1008,5098,1582805
2026-06-08 06:02:00,1008,1009,1007,1009,7038,1582249
2026-06-08 06:03:00,1009,1011,1009,1011,6854,1579569
2026-06-08 06:04:00,1011,1011,1009,1010,8223,1579845
2026-06-08 06:05:00,1010,1012,1010,1011,6544,1579812
2026-06-08 06:06:00,1011,1011,1009,1009,4493,1579253
2026-06-08 06:07:00,1009,1010,1009,1009,4383,1580100
2026-06-08 06:08:00,1009,1009,1008,1008,1033,1580100
2026-06-08 06:09:00,1008,1009,1007,1007,2677,1580608
2026-06-08 06:10:00,1007,1009,1007,1009,3065,1579940
2026-06-08 06:11:00,1009,1009,1008,1009,1471,1580071
2026-06-08 06:12:00,1009,1009,1008,1009,776,1579812
2026-06-08 06:13:00,1009,1009,1008,1009,688,1579736
2026-06-08 06:14:00,1009,1009,1008,1008,525,1579571
2026-06-08 06:15:00,1008,1009,1008,1009,815,1579441
2026-06-08 06:16:00,1009,1010,1008,1010,4331,1580125
2026-06-08 06:17:00,1010,1010,1008,1008,1303,1579808
2026-06-08 06:18:00,1008,1009,1008,1009,658,1579627
2026-06-08 06:19:00,1009,1009,1008,1008,533,1579557
2026-06-08 06:20:00,1008,1010,1008,1008,2459,1579663
2026-06-08 06:21:00,1008,1010,1008,1010,1219,1579746
2026-06-08 06:22:00,1010,1010,1008,1009,1691,1579964
2026-06-08 06:23:00,1009,1009,1008,1008,503,1579746
2026-06-08 06:24:00,1008,1009,1008,1008,498,1579817
2026-06-08 06:25:00,1008,1009,1008,1009,648,1579768
2026-06-08 06:26:00,1009,1009,1008,1008,576,1579743
2026-06-08 06:27:00,1008,1009,1008,1009,333,1579782
2026-06-08 06:28:00,1009,1009,1007,1008,2882,1580215
2026-06-08 06:29:00,1008,1009,1008,1009,718,1580473
2026-06-08 06:30:00,1009,1009,1007,1007,1791,1580661
2026-06-08 06:31:00,1007,1008,1006,1006,4097,1580055
2026-06-08 06:32:00,1006,1007,1006,1007,1238,1579832
2026-06-08 06:33:00,1007,1007,1005,1006,7304,1579391
2026-06-08 06:34:00,1006,1006,1005,1006,3222,1579744
2026-06-08 06:35:00,1006,1006,1005,1005,2504,1579638
2026-06-08 06:36:00,1005,1006,1004,1004,3284,1580384
2026-06-08 06:37:00,1004,1006,1004,1006,3381,1581364
2026-06-08 06:38:00,1006,1006,1005,1005,1404,1581195
2026-06-08 06:39:00,1005,1006,1005,1005,817,1580872
2026-06-08 06:40:00,1005,1006,1005,1005,466,1580844
2026-06-08 06:41:00,1005,1006,1005,1005,634,1580679
2026-06-08 06:42:00,1005,1006,1005,1006,580,1580750
2026-06-08 06:43:00,1006,1006,1005,1005,594,1580910
2026-06-08 06:44:00,1005,1007,1005,1006,2907,1581012
2026-06-08 06:45:00,1006,1006,1004,1004,6248,1581451
2026-06-08 06:46:00,1004,1005,1004,1004,978,1581834
2026-06-08 06:47:00,1004,1005,1004,1004,2752,1583060
2026-06-08 06:48:00,1004,1005,1004,1004,1105,1583112
2026-06-08 06:49:00,1004,1005,1004,1004,1565,1582890
2026-06-08 06:50:00,1004,1005,1003,1003,4613,1582474
2026-06-08 06:51:00,1003,1004,1003,1004,4024,1582202
2026-06-08 06:52:00,1004,1005,1003,1004,3515,1581784
2026-06-08 06:53:00,1004,1004,1003,1003,1578,1582248
2026-06-08 06:54:00,1003,1004,1003,1003,1914,1582620
2026-06-08 06:55:00,1003,1005,1003,1004,3675,1582338
2026-06-08 06:56:00,1004,1005,1004,1005,4762,1582507
2026-06-08 06:57:00,1005,1005,1004,1005,2742,1582874
2026-06-08 06:58:00,1005,1005,1003,1003,4188,1582380
2026-06-08 06:59:00,1003,1005,1003,1004,9091,1580438
2026-06-08 13:00:00,1001,1004,1001,1003,24469,1586146
2026-06-08 13:01:00,1003,1003,1001,1001,10646,1587669
2026-06-08 13:02:00,1001,1003,1001,1002,8272,1591615
2026-06-08 13:03:00,1002,1002,997,998,37387,1597979
2026-06-08 13:04:00,998,999,997,998,13311,1599833
2026-06-08 13:05:00,998,999,997,998,14166,1604191
2026-06-08 13:06:00,998,1000,997,997,10546,1605978
2026-06-08 13:07:00,997,998,996,997,17426,1610014
2026-06-08 13:08:00,997,998,996,998,8402,1611463
2026-06-08 13:09:00,998,999,997,998,11525,1610931
2026-06-08 13:10:00,998,999,998,999,4963,1612418
2026-06-08 13:11:00,999,1000,998,998,8303,1614763
2026-06-08 13:12:00,998,999,997,998,7509,1615846
2026-06-08 13:13:00,998,999,998,998,1324,1616292
2026-06-08 13:14:00,998,999,997,997,3796,1617487
2026-06-08 13:15:00,997,999,997,998,3574,1618886
2026-06-08 13:16:00,998,999,997,998,4002,1620069
2026-06-08 13:17:00,998,998,997,997,2000,1620881
2026-06-08 13:18:00,997,998,996,997,8620,1621719
2026-06-08 13:19:00,997,998,997,998,1149,1621913
2026-06-08 13:20:00,998,998,997,997,1362,1622319
2026-06-08 13:21:00,997,998,996,996,6197,1624671
2026-06-08 13:22:00,996,998,996,997,4997,1626349
2026-06-08 13:23:00,997,998,997,998,1878,1626609
2026-06-08 13:24:00,998,999,997,999,3883,1628036
2026-06-08 13:25:00,999,999,997,999,6244,1629346
2026-06-08 13:26:00,999,1000,998,999,6330,1629042
2026-06-08 13:27:00,999,999,998,999,918,1629282
2026-06-08 13:28:00,999,999,998,998,3972,1629332
2026-06-08 13:29:00,998,1000,998,1000,2582,1628675
2026-06-08 13:30:00,1000,1000,998,998,6075,1629104
2026-06-08 13:31:00,998,999,998,998,4755,1629959
2026-06-08 13:32:00,998,999,998,998,628,1630405
2026-06-08 13:33:00,998,999,997,997,7430,1629652
2026-06-08 13:34:00,997,998,997,997,777,1630034
2026-06-08 13:35:00,997,999,997,999,2304,1629625
2026-06-08 13:36:00,999,1000,998,1000,4636,1629770
2026-06-08 13:37:00,1000,1000,999,999,1101,1630287
2026-06-08 13:38:00,999,1000,999,999,829,1630693
2026-06-08 13:39:00,999,1000,998,1000,4934,1631030
2026-06-08 13:40:00,1000,1001,999,1001,9369,1632825
2026-06-08 13:41:00,1001,1002,1000,1000,3104,1631974
2026-06-08 13:42:00,1000,1001,999,1000,2882,1631536
2026-06-08 13:43:00,1000,1000,999,999,603,1631774
2026-06-08 13:44:00,999,1000,999,1000,443,1631829
2026-06-08 13:45:00,1000,1000,999,999,680,1631687
2026-06-08 13:46:00,999,1000,999,1000,676,1631665
2026-06-08 13:47:00,1000,1000,998,999,3829,1631535
2026-06-08 13:48:00,999,1000,998,999,2119,1631881
2026-06-08 13:49:00,999,1000,999,1000,264,1631922
2026-06-08 13:50:00,1000,1000,999,999,469,1632002
2026-06-08 13:51:00,999,1000,998,999,3527,1631953
2026-06-08 13:52:00,999,999,998,998,815,1632266
2026-06-08 13:53:00,998,999,998,998,1092,1631950
2026-06-08 13:54:00,998,999,998,999,947,1631516
2026-06-08 13:55:00,999,999,998,998,496,1631502
2026-06-08 13:56:00,998,999,998,998,518,1631597
2026-06-08 13:57:00,998,999,998,998,1565,1630854
2026-06-08 13:58:00,998,999,998,998,1199,1630686
2026-06-08 13:59:00,998,999,997,998,5349,1631485
2026-06-08 14:00:00,998,1001,998,1001,8785,1633237
2026-06-08 14:01:00,1001,1001,1000,1000,1622,1633406
2026-06-08 14:02:00,1000,1001,1000,1000,4238,1633020
2026-06-08 14:03:00,1000,1001,1000,1001,742,1633060
2026-06-08 14:04:00,1001,1001,1000,1000,1333,1633680
2026-06-08 14:05:00,1000,1001,1000,1001,1200,1633992
2026-06-08 14:06:00,1001,1001,999,1000,3941,1633673
2026-06-08 14:07:00,1000,1001,1000,1000,439,1633770
2026-06-08 14:08:00,1000,1001,1000,1000,648,1634097
2026-06-08 14:09:00,1000,1001,1000,1001,541,1634190
2026-06-08 14:10:00,1001,1001,1000,1000,427,1634252
2026-06-08 14:11:00,1000,1001,1000,1001,394,1634217
2026-06-08 14:12:00,1001,1001,999,999,3537,1635816
2026-06-08 14:13:00,999,1000,999,1000,731,1635797
2026-06-08 14:14:00,1000,1000,999,999,942,1636123
2026-06-08 14:15:00,999,1000,999,999,2135,1636815
2026-06-08 14:16:00,999,1000,999,999,568,1636744
2026-06-08 14:17:00,999,1000,998,998,3258,1635077
2026-06-08 14:18:00,998,1000,998,999,3317,1635510
2026-06-08 14:19:00,999,1000,999,999,402,1635669
2026-06-08 14:20:00,999,1000,999,999,339,1635783
2026-06-08 14:21:00,999,1000,999,999,310,1635733
2026-06-08 14:22:00,999,1000,999,999,446,1635543
2026-06-08 14:23:00,999,1000,999,999,605,1635549
2026-06-08 14:24:00,999,1000,999,999,667,1635434
2026-06-08 14:25:00,999,1000,999,999,481,1635495
2026-06-08 14:26:00,999,1000,999,1000,774,1635583
2026-06-08 14:27:00,1000,1000,999,999,221,1635555
2026-06-08 14:28:00,999,1000,999,999,859,1635858
2026-06-08 14:29:00,999,1000,999,999,592,1635760
2026-06-08 14:30:00,999,1000,999,1000,685,1635879
2026-06-08 14:31:00,1000,1000,999,1000,424,1635865
2026-06-08 14:32:00,1000,1000,999,1000,536,1635861
2026-06-08 14:33:00,1000,1000,999,999,435,1635982
2026-06-08 14:34:00,999,1000,999,999,669,1636289
2026-06-08 14:35:00,999,1000,999,999,306,1636350
2026-06-08 14:36:00,999,1000,999,1000,476,1636297
2026-06-08 14:37:00,1000,1000,999,999,486,1636246
2026-06-08 14:38:00,999,1000,999,999,385,1636144
2026-06-08 14:39:00,999,1000,999,999,284,1636151
2026-06-08 14:40:00,999,1000,999,1000,409,1636128
2026-06-08 14:41:00,1000,1000,999,999,4257,1636543
2026-06-08 14:42:00,999,1000,999,999,293,1636523
2026-06-08 14:43:00,999,1000,999,999,477,1636441
2026-06-08 14:44:00,999,1000,999,999,410,1636419
2026-06-08 14:45:00,999,1000,999,1000,255,1636395
2026-06-08 14:46:00,1000,1000,999,999,344,1636378
2026-06-08 14:47:00,999,1000,998,998,3835,1635752
2026-06-08 14:48:00,998,999,998,999,2075,1635508
2026-06-08 14:49:00,999,999,998,999,656,1635861
2026-06-08 14:50:00,999,999,998,998,876,1635666
2026-06-08 14:51:00,998,999,998,999,1506,1635534
2026-06-08 14:52:00,999,999,998,999,561,1635304
2026-06-08 14:53:00,999,999,998,998,492,1635177
2026-06-08 14:54:00,998,999,998,998,524,1635116
2026-06-08 14:55:00,998,999,998,998,1516,1635262
2026-06-08 14:56:00,998,999,997,998,5495,1636046
2026-06-08 14:57:00,998,999,998,998,721,1635837
2026-06-08 14:58:00,998,999,998,999,1034,1635247
2026-06-08 14:59:00,999,999,997,997,5405,1632262
2026-06-09 01:00:00,997,998,995,998,14341,1634708
2026-06-09 01:01:00,998,1002,997,1002,19682,1634718
2026-06-09 01:02:00,1002,1003,1001,1003,7824,1634772
2026-06-09 01:03:00,1003,1004,1002,1004,8642,1634913
2026-06-09 01:04:00,1004,1004,1003,1003,6611,1635952
2026-06-09 01:05:00,1003,1003,1001,1001,16108,1636409
2026-06-09 01:06:00,1001,1002,1001,1001,1502,1636873
2026-06-09 01:07:00,1001,1002,1000,1000,4123,1638838
2026-06-09 01:08:00,1000,1001,1000,1001,1273,1639234
2026-06-09 01:09:00,1001,1001,1000,1001,900,1639446
2026-06-09 01:10:00,1001,1001,1000,1000,1868,1640072
2026-06-09 01:11:00,1000,1001,999,999,3519,1640244
2026-06-09 01:12:00,999,1000,999,999,754,1640325
2026-06-09 01:13:00,999,1001,999,1000,5534,1641994
2026-06-09 01:14:00,1000,1001,1000,1001,453,1641975
2026-06-09 01:15:00,1001,1001,1000,1001,558,1642115
2026-06-09 01:16:00,1001,1001,999,1000,2955,1641931
2026-06-09 01:17:00,1000,1000,999,1000,645,1642239
2026-06-09 01:18:00,1000,1000,998,998,5481,1643625
2026-06-09 01:19:00,998,999,997,997,4981,1644347
2026-06-09 01:20:00,997,998,997,997,1668,1644618
2026-06-09 01:21:00,997,998,997,997,1068,1645176
2026-06-09 01:22:00,997,998,997,998,986,1645418
2026-06-09 01:23:00,998,999,997,997,5274,1646311
2026-06-09 01:24:00,997,998,996,997,11869,1647895
2026-06-09 01:25:00,997,997,995,996,11912,1650856
2026-06-09 01:26:00,996,997,995,996,5257,1650863
2026-06-09 01:27:00,996,997,996,997,1416,1650894
2026-06-09 01:28:00,997,997,995,995,3497,1651998
2026-06-09 01:29:00,995,997,995,997,2672,1651937
2026-06-09 01:30:00,997,997,996,996,4400,1651425
2026-06-09 01:31:00,996,997,996,996,917,1651981
2026-06-09 01:32:00,996,997,996,996,1062,1652243
2026-06-09 01:33:00,996,997,996,997,1485,1652566
2026-06-09 01:34:00,997,997,995,996,6589,1654660
2026-06-09 01:35:00,996,997,995,996,2797,1655034
2026-06-09 01:36:00,996,996,995,996,1357,1655435
2026-06-09 01:37:00,996,997,996,996,876,1655428
2026-06-09 01:38:00,996,997,995,995,9312,1656257
2026-06-09 01:39:00,995,996,995,996,1197,1656418
2026-06-09 01:40:00,996,997,995,996,2917,1655909
2026-06-09 01:41:00,996,997,996,996,780,1655709
2026-06-09 01:42:00,996,997,995,995,2722,1656739
2026-06-09 01:43:00,995,996,995,995,828,1657029
2026-06-09 01:44:00,995,996,995,995,1759,1657834
2026-06-09 01:45:00,995,997,995,996,4765,1658664
2026-06-09 01:46:00,996,996,995,996,4845,1660718
2026-06-09 01:47:00,996,996,993,995,19612,1663097
2026-06-09 01:48:00,995,996,994,995,5960,1664121
2026-06-09 01:49:00,995,996,994,995,4219,1664618
2026-06-09 01:50:00,995,996,995,996,3230,1665235
2026-06-09 01:51:00,996,996,994,995,3361,1665763
2026-06-09 01:52:00,995,996,994,995,2175,1665399
2026-06-09 01:53:00,995,996,995,995,881,1665680
2026-06-09 01:54:00,995,997,995,996,4614,1666560
2026-06-09 01:55:00,996,997,996,996,434,1666619
2026-06-09 01:56:00,996,997,996,996,300,1666766
2026-06-09 01:57:00,996,997,996,997,1269,1666776
2026-06-09 01:58:00,997,997,996,997,439,1666942
2026-06-09 01:59:00,997,997,996,996,995,1667045
2026-06-09 02:00:00,996,997,996,997,1089,1666942
2026-06-09 02:01:00,997,997,996,996,1217,1667405
2026-06-09 02:02:00,996,997,996,996,851,1667671
2026-06-09 02:03:00,996,997,995,995,2148,1668268
2026-06-09 02:04:00,995,996,994,995,5508,1667565
2026-06-09 02:05:00,995,996,994,995,3693,1667573
2026-06-09 02:06:00,995,996,994,995,2035,1667730
2026-06-09 02:07:00,995,996,994,995,1945,1667607
2026-06-09 02:08:00,995,996,995,995,2428,1667771
2026-06-09 02:09:00,995,996,994,995,2631,1666766
2026-06-09 02:10:00,995,996,994,995,1541,1666698
2026-06-09 02:11:00,995,996,994,996,1540,1666476
2026-06-09 02:12:00,996,996,995,995,712,1666235
2026-06-09 02:13:00,995,997,995,995,4949,1667455
2026-06-09 02:14:00,995,996,995,996,1519,1667201
2026-06-09 02:30:00,996,999,995,999,11908,1666508
2026-06-09 02:31:00,999,1000,998,999,6013,1667560
2026-06-09 02:32:00,999,1000,999,999,2865,1667964
2026-06-09 02:33:00,999,1003,998,1001,22217,1670383
2026-06-09 02:34:00,1001,1004,1001,1002,16623,1671858
2026-06-09 02:35:00,1002,1003,1001,1001,7663,1671093
2026-06-09 02:36:00,1001,1002,1000,1001,5151,1671540
2026-06-09 02:37:00,1001,1001,1000,1001,1187,1671733
2026-06-09 02:38:00,1001,1003,1000,1002,8954,1673306
2026-06-09 02:39:00,1002,1002,1001,1002,1446,1673072
2026-06-09 02:40:00,1002,1002,1000,1000,2917,1673872
2026-06-09 02:41:00,1000,1001,1000,1001,1121,1673639
2026-06-09 02:42:00,1001,1002,1000,1001,5762,1673565
2026-06-09 02:43:00,1001,1001,1000,1000,1007,1673628
2026-06-09 02:44:00,1000,1001,1000,1000,725,1673574
2026-06-09 02:45:00,1000,1001,1000,1001,868,1673355
2026-06-09 02:46:00,1001,1001,1000,1001,901,1673230
2026-06-09 02:47:00,1001,1001,999,1000,11082,1677438
2026-06-09 02:48:00,1000,1000,997,997,5957,1678178
2026-06-09 02:49:00,997,998,997,998,3657,1678011
2026-06-09 02:50:00,998,999,997,999,3166,1678354
2026-06-09 02:51:00,999,999,998,998,634,1678381
2026-06-09 02:52:00,998,999,998,998,884,1678365
2026-06-09 02:53:00,998,999,998,998,807,1678713
2026-06-09 02:54:00,998,999,998,998,548,1678907
2026-06-09 02:55:00,998,999,996,997,7015,1676167
2026-06-09 02:56:00,997,998,996,998,2502,1675469
2026-06-09 02:57:00,998,998,997,997,1186,1674756
2026-06-09 02:58:00,997,998,997,997,3484,1673940
2026-06-09 02:59:00,997,998,997,998,505,1674003
2026-06-09 03:00:00,998,998,997,998,629,1673922
2026-06-09 03:01:00,998,998,997,997,673,1674133
2026-06-09 03:02:00,997,998,997,997,525,1674292
2026-06-09 03:03:00,997,998,996,996,6244,1677708
2026-06-09 03:04:00,996,997,996,996,999,1677809
2026-06-09 03:05:00,996,997,996,997,1557,1678088
2026-06-09 03:06:00,997,997,995,997,5591,1678110
2026-06-09 03:07:00,997,997,996,997,731,1678171
2026-06-09 03:08:00,997,997,996,997,789,1678309
2026-06-09 03:09:00,997,998,996,997,2851,1678964
2026-06-09 03:10:00,997,998,997,997,439,1678814
2026-06-09 03:11:00,997,998,996,997,2530,1679695
2026-06-09 03:12:00,997,998,997,998,683,1679570
2026-06-09 03:13:00,998,998,997,998,378,1679546
2026-06-09 03:14:00,998,998,997,997,419,1679641
2026-06-09 03:15:00,997,998,997,997,515,1679669
2026-06-09 03:16:00,997,998,997,997,469,1679637
2026-06-09 03:17:00,997,998,997,997,677,1679861
2026-06-09 03:18:00,997,998,997,997,404,1679877
2026-06-09 03:19:00,997,998,997,998,400,1679830
2026-06-09 03:20:00,998,998,997,997,459,1679721
2026-06-09 03:21:00,997,998,996,996,2243,1680044
2026-06-09 03:22:00,996,997,996,996,541,1680136
2026-06-09 03:23:00,996,997,996,997,775,1680284
2026-06-09 03:24:00,997,997,995,995,6179,1681414
2026-06-09 03:25:00,995,997,995,996,4257,1679889
2026-06-09 03:26:00,996,997,995,995,3707,1680719
2026-06-09 03:27:00,995,996,995,996,1180,1680540
2026-06-09 03:28:00,996,996,995,995,1146,1680769
2026-06-09 03:29:00,995,997,995,996,3955,1680483
2026-06-09 05:30:00,996,997,995,996,4483,1679981
2026-06-09 05:31:00,996,997,995,996,2660,1678939
2026-06-09 05:32:00,996,996,995,995,1849,1679172
2026-06-09 05:33:00,995,996,995,996,761,1678932
2026-06-09 05:34:00,996,996,995,996,1631,1678575
2026-06-09 05:35:00,996,996,995,995,1001,1678894
2026-06-09 05:36:00,995,996,995,996,1543,1679036
2026-06-09 05:37:00,996,996,995,996,914,1678998
2026-06-09 05:38:00,996,997,995,997,2360,1679649
2026-06-09 05:39:00,997,997,996,996,1147,1679387
2026-06-09 05:40:00,996,997,995,995,4144,1680608
2026-06-09 05:41:00,995,996,995,995,577,1680861
2026-06-09 05:42:00,995,996,995,995,722,1681046
2026-06-09 05:43:00,995,997,995,997,3162,1679989
2026-06-09 05:44:00,997,997,996,996,543,1680116
2026-06-09 05:45:00,996,997,996,997,521,1680314
2026-06-09 05:46:00,997,997,996,996,674,1680254
2026-06-09 05:47:00,996,997,996,997,723,1680163
2026-06-09 05:48:00,997,998,996,997,3563,1679770
2026-06-09 05:49:00,997,997,996,996,695,1679537
2026-06-09 05:50:00,996,997,996,997,723,1679649
2026-06-09 05:51:00,997,997,996,996,314,1679638
2026-06-09 05:52:00,996,997,996,997,507,1679631
2026-06-09 05:53:00,997,997,996,996,543,1679591
2026-06-09 05:54:00,996,998,996,998,3262,1678763
2026-06-09 05:55:00,998,998,996,996,2995,1680111
2026-06-09 05:56:00,996,997,996,997,885,1680076
2026-06-09 05:57:00,997,997,995,995,5226,1682743
2026-06-09 05:58:00,995,996,995,996,456,1682687
2026-06-09 05:59:00,996,996,995,996,606,1682504
2026-06-09 06:00:00,996,996,995,995,3465,1683389
2026-06-09 06:01:00,995,996,995,996,1287,1683629
2026-06-09 06:02:00,996,997,995,997,3150,1683869
2026-06-09 06:03:00,997,997,996,996,797,1683697
2026-06-09 06:04:00,996,997,996,996,668,1683540
2026-06-09 06:05:00,996,997,996,997,746,1683715
2026-06-09 06:06:00,997,997,996,997,933,1683865
2026-06-09 06:07:00,997,998,996,997,4686,1682888
2026-06-09 06:08:00,997,998,997,997,797,1682932
2026-06-09 06:09:00,997,998,996,997,3468,1683001
2026-06-09 06:10:00,997,997,996,997,453,1683008
2026-06-09 06:11:00,997,997,996,997,1092,1683266
2026-06-09 06:12:00,997,997,996,996,522,1683124
2026-06-09 06:13:00,996,997,996,996,714,1682872
2026-06-09 06:14:00,996,998,996,997,6156,1680887
2026-06-09 06:15:00,997,997,996,996,344,1680980
2026-06-09 06:16:00,996,997,996,997,407,1681036
2026-06-09 06:17:00,997,997,996,996,350,1680937
2026-06-09 06:18:00,996,997,996,996,488,1680820
2026-06-09 06:19:00,996,997,995,996,6961,1682492
2026-06-09 06:20:00,996,997,995,996,2333,1682166
2026-06-09 06:21:00,996,997,996,996,1227,1682423
2026-06-09 06:22:00,996,997,996,997,565,1682372
2026-06-09 06:23:00,997,997,996,996,511,1682412
2026-06-09 06:24:00,996,997,996,996,1252,1682081
2026-06-09 06:25:00,996,997,996,996,483,1682056
2026-06-09 06:26:00,996,998,996,998,3225,1681343
2026-06-09 06:27:00,998,998,997,997,1371,1680418
2026-06-09 06:28:00,997,999,997,999,9677,1679899
2026-06-09 06:29:00,999,1000,998,999,6210,1679162
2026-06-09 06:30:00,999,999,997,998,5569,1679691
2026-06-09 06:31:00,998,998,997,998,716,1679652
2026-06-09 06:32:00,998,998,997,998,479,1679786
2026-06-09 06:33:00,998,998,997,997,541,1680025
2026-06-09 06:34:00,997,998,997,997,340,1680069
2026-06-09 06:35:00,997,998,997,997,492,1680110
2026-06-09 06:36:00,997,998,997,997,746,1679880
2026-06-09 06:37:00,997,998,997,997,3603,1680237
2026-06-09 06:38:00,997,998,997,998,505,1680241
2026-06-09 06:39:00,998,998,997,997,772,1680207
2026-06-09 06:40:00,997,998,997,998,758,1680062
2026-06-09 06:41:00,998,999,997,998,3536,1679957
2026-06-09 06:42:00,998,998,997,997,622,1680041
2026-06-09 06:43:00,997,998,997,997,363,1680131
2026-06-09 06:44:00,997,998,997,998,749,1680265
2026-06-09 06:45:00,998,998,997,997,841,1680253
2026-06-09 06:46:00,997,998,996,996,8358,1680108
2026-06-09 06:47:00,996,997,995,995,5180,1680987
2026-06-09 06:48:00,995,996,994,994,11785,1681816
2026-06-09 06:49:00,994,995,993,994,12857,1685959
2026-06-09 06:50:00,994,995,993,994,8118,1689268
2026-06-09 06:51:00,994,995,993,994,9186,1691056
2026-06-09 06:52:00,994,995,993,993,6236,1692105
2026-06-09 06:53:00,993,994,993,994,8444,1692608
2026-06-09 06:54:00,994,995,993,994,6900,1692825
2026-06-09 06:55:00,994,995,993,994,3393,1692017
2026-06-09 06:56:00,994,995,994,994,2811,1691915
2026-06-09 06:57:00,994,995,994,995,2601,1692025
2026-06-09 06:58:00,995,995,994,994,3268,1692106
2026-06-09 06:59:00,994,995,994,995,10364,1689911
2026-06-09 13:00:00,994,994,989,993,32635,1690630
2026-06-09 13:01:00,993,994,992,993,11552,1691208
2026-06-09 13:02:00,993,995,992,993,9863,1694767
2026-06-09 13:03:00,993,994,990,991,19815,1701673
2026-06-09 13:04:00,991,992,990,992,12078,1704867
2026-06-09 13:05:00,992,993,991,991,9057,1707241
2026-06-09 13:06:00,991,992,990,992,10107,1710486
2026-06-09 13:07:00,992,994,992,994,6577,1712050
2026-06-09 13:08:00,994,994,992,992,4122,1713045
2026-06-09 13:09:00,992,994,992,994,3619,1713580
2026-06-09 13:10:00,994,994,993,993,1739,1713903
2026-06-09 13:11:00,993,995,993,995,11800,1711910
2026-06-09 13:12:00,995,996,994,995,7099,1712215
2026-06-09 13:13:00,995,995,994,994,2016,1711869
2026-06-09 13:14:00,994,995,994,995,2183,1711803
2026-06-09 13:15:00,995,995,994,995,1343,1712082
2026-06-09 13:16:00,995,995,994,994,1049,1712130
2026-06-09 13:17:00,994,995,994,995,6553,1712957
2026-06-09 13:18:00,995,996,994,996,5044,1711743
2026-06-09 13:19:00,996,996,994,995,5308,1712728
2026-06-09 13:20:00,995,995,994,995,1192,1712520
2026-06-09 13:21:00,995,995,994,995,752,1712491
2026-06-09 13:22:00,995,996,994,996,3770,1712585
2026-06-09 13:23:00,996,996,995,995,1815,1712230
2026-06-09 13:24:00,995,996,995,995,2174,1712813
2026-06-09 13:25:00,995,996,995,996,1008,1713317
2026-06-09 13:26:00,996,997,995,996,10077,1713084
2026-06-09 13:27:00,996,996,994,995,2133,1713392
2026-06-09 13:28:00,995,995,994,995,772,1713558
2026-06-09 13:29:00,995,995,994,994,556,1713523
2026-06-09 13:30:00,994,997,994,996,7367,1712908
2026-06-09 13:31:00,996,997,995,995,4710,1712608
2026-06-09 13:32:00,995,996,995,996,623,1712493
2026-06-09 13:33:00,996,996,995,996,604,1712554
2026-06-09 13:34:00,996,996,995,995,490,1712525
2026-06-09 13:35:00,995,996,995,996,445,1712507
2026-06-09 13:36:00,996,996,995,996,652,1712596
2026-06-09 13:37:00,996,996,995,996,4682,1712403
2026-06-09 13:38:00,996,996,995,995,452,1712591
2026-06-09 13:39:00,995,996,995,995,493,1712758
2026-06-09 13:40:00,995,996,995,996,550,1712760
2026-06-09 13:41:00,996,996,995,996,477,1712872
2026-06-09 13:42:00,996,996,995,996,864,1712978
2026-06-09 13:43:00,996,996,995,995,395,1713143
2026-06-09 13:44:00,995,996,994,994,3019,1713452
2026-06-09 13:45:00,994,995,994,994,4861,1713464
2026-06-09 13:46:00,994,995,994,994,309,1713510
2026-06-09 13:47:00,994,995,994,994,937,1713197
2026-06-09 13:48:00,994,995,993,994,6698,1713133
2026-06-09 13:49:00,994,995,994,994,1352,1712661
2026-06-09 13:50:00,994,995,994,994,472,1712747
2026-06-09 13:51:00,994,995,994,995,5430,1713459
2026-06-09 13:52:00,995,995,994,994,544,1713387
2026-06-09 13:53:00,994,995,994,994,380,1713334
2026-06-09 13:54:00,994,995,993,994,5455,1714040
2026-06-09 13:55:00,994,995,994,995,1421,1713912
2026-06-09 13:56:00,995,995,993,993,2334,1714145
2026-06-09 13:57:00,993,994,993,993,814,1714185
2026-06-09 13:58:00,993,994,993,994,540,1714389
2026-06-09 13:59:00,994,994,993,993,613,1714442
2026-06-09 14:00:00,993,994,992,993,5386,1714477
2026-06-09 14:01:00,993,993,992,993,1970,1714945
2026-06-09 14:02:00,993,994,992,994,2774,1715329
2026-06-09 14:03:00,994,994,992,992,1675,1716031
2026-06-09 14:04:00,992,994,992,994,3037,1715847
2026-06-09 14:05:00,994,994,992,992,1094,1716524
2026-06-09 14:06:00,992,993,992,992,904,1716758
2026-06-09 14:07:00,992,993,992,993,604,1716891
2026-06-09 14:08:00,993,993,992,992,822,1717245
2026-06-09 14:09:00,992,993,992,992,1306,1718059
2026-06-09 14:10:00,992,993,992,992,942,1718205
2026-06-09 14:11:00,992,993,992,993,1140,1718480
2026-06-09 14:12:00,993,993,992,992,1296,1718593
2026-06-09 14:13:00,992,993,992,993,487,1718745
2026-06-09 14:14:00,993,993,991,991,4847,1721332
2026-06-09 14:15:00,991,993,991,993,4121,1721323
2026-06-09 14:16:00,993,993,991,991,2563,1722374
2026-06-09 14:17:00,991,992,991,991,1088,1722685
2026-06-09 14:18:00,991,992,991,991,1989,1723666
2026-06-09 14:19:00,991,992,991,991,2471,1724230
2026-06-09 14:20:00,991,992,991,991,762,1724161
2026-06-09 14:21:00,991,992,991,991,883,1724392
2026-06-09 14:22:00,991,992,991,991,923,1724633
2026-06-09 14:23:00,991,992,991,991,813,1724618
2026-06-09 14:24:00,991,992,991,992,1224,1725246
2026-06-09 14:25:00,992,992,991,992,709,1725683
2026-06-09 14:26:00,992,992,991,991,382,1725912
2026-06-09 14:27:00,991,992,991,991,310,1726049
2026-06-09 14:28:00,991,992,991,991,486,1726292
2026-06-09 14:29:00,991,992,991,991,820,1726408
2026-06-09 14:30:00,991,992,991,992,1090,1726467
2026-06-09 14:31:00,992,992,991,992,4371,1726243
2026-06-09 14:32:00,992,992,991,991,480,1726430
2026-06-09 14:33:00,991,992,990,990,6188,1727595
2026-06-09 14:34:00,990,992,990,991,5036,1727721
2026-06-09 14:35:00,991,991,990,990,1981,1728039
2026-06-09 14:36:00,990,992,990,991,2777,1728608
2026-06-09 14:37:00,991,992,991,991,842,1728340
2026-06-09 14:38:00,991,992,991,992,668,1727906
2026-06-09 14:39:00,992,992,991,992,498,1727869
2026-06-09 14:40:00,992,992,991,991,582,1727955
2026-06-09 14:41:00,991,992,991,991,527,1728186
2026-06-09 14:42:00,991,992,991,992,1012,1728343
2026-06-09 14:43:00,992,992,990,991,3747,1728527
2026-06-09 14:44:00,991,991,989,989,11999,1735772
2026-06-09 14:45:00,989,991,989,990,5845,1737501
2026-06-09 14:46:00,990,991,990,990,930,1737401
2026-06-09 14:47:00,990,991,989,990,6742,1739853
2026-06-09 14:48:00,990,990,989,989,1437,1740419
2026-06-09 14:49:00,989,990,989,990,1797,1740342
2026-06-09 14:50:00,990,990,989,989,863,1740412
2026-06-09 14:51:00,989,990,988,988,10314,1742824
2026-06-09 14:52:00,988,990,988,989,6565,1741738
2026-06-09 14:53:00,989,990,989,989,1652,1741667
2026-06-09 14:54:00,989,990,989,989,1295,1741271
2026-06-09 14:55:00,989,990,989,990,1598,1741249
2026-06-09 14:56:00,990,990,989,990,1448,1740782
2026-06-09 14:57:00,990,990,989,989,1354,1740865
2026-06-09 14:58:00,989,990,988,989,6412,1739788
2026-06-09 14:59:00,989,990,989,989,6437,1737525
2026-06-10 01:00:00,989,990,985,985,25613,1741570
2026-06-10 01:01:00,985,986,983,984,30145,1749296
2026-06-10 01:02:00,984,986,984,984,12311,1753356
2026-06-10 01:03:00,984,986,984,985,6453,1753448
2026-06-10 01:04:00,985,987,985,986,9763,1752533
2026-06-10 01:05:00,986,988,985,987,11036,1753502
2026-06-10 01:06:00,987,988,986,987,6609,1753687
2026-06-10 01:07:00,987,988,987,987,1445,1754189
2026-06-10 01:08:00,987,988,986,987,3396,1754791
2026-06-10 01:09:00,987,988,987,988,1421,1754808
2026-06-10 01:10:00,988,988,985,985,9899,1757152
2026-06-10 01:11:00,985,987,985,986,7472,1758075
2026-06-10 01:12:00,986,988,986,986,7497,1757458
2026-06-10 01:13:00,986,987,986,987,3788,1758615
2026-06-10 01:14:00,987,988,986,988,4387,1757172
2026-06-10 01:15:00,988,988,987,988,1985,1757138
2026-06-10 01:16:00,988,989,987,988,7550,1756930
2026-06-10 01:17:00,988,989,988,988,4067,1755682
2026-06-10 01:18:00,988,989,988,989,1284,1755426
2026-06-10 01:19:00,989,989,988,989,899,1755789
2026-06-10 01:20:00,989,989,988,988,788,1755827
2026-06-10 01:21:00,988,989,986,986,7135,1756620
2026-06-10 01:22:00,986,987,985,986,4980,1758422
2026-06-10 01:23:00,986,986,985,985,1173,1758386
2026-06-10 01:24:00,985,986,985,986,1167,1758857
2026-06-10 01:25:00,986,986,985,985,2928,1759321
2026-06-10 01:26:00,985,986,984,984,11174,1763326
2026-06-10 01:27:00,984,985,983,983,12929,1766967
2026-06-10 01:28:00,983,985,983,984,4446,1768292
2026-06-10 01:29:00,984,985,984,985,1466,1768771
2026-06-10 01:30:00,985,985,984,985,1330,1768398
2026-06-10 01:31:00,985,985,983,984,6852,1770941
2026-06-10 01:32:00,984,984,983,983,2176,1771613
2026-06-10 01:33:00,983,985,983,984,3083,1772180
2026-06-10 01:34:00,984,985,984,985,1009,1772653
2026-06-10 01:35:00,985,985,984,985,3552,1771541
2026-06-10 01:36:00,985,986,984,985,2386,1772310
2026-06-10 01:37:00,985,985,984,984,576,1772445
2026-06-10 01:38:00,984,986,984,985,2803,1772469
2026-06-10 01:39:00,985,986,985,985,793,1772286
2026-06-10 01:40:00,985,986,985,985,489,1772447
2026-06-10 01:41:00,985,986,984,986,3048,1772781
2026-06-10 01:42:00,986,986,985,986,891,1772737
2026-06-10 01:43:00,986,986,985,985,732,1772414
2026-06-10 01:44:00,985,986,985,986,676,1772290
2026-06-10 01:45:00,986,986,985,985,962,1771968
2026-06-10 01:46:00,985,986,985,986,437,1772018
2026-06-10 01:47:00,986,987,985,986,5052,1772273
2026-06-10 01:48:00,986,990,986,990,14402,1767888
2026-06-10 01:49:00,990,990,988,988,7254,1767048
2026-06-10 01:50:00,988,989,988,988,1673,1767128
2026-06-10 01:51:00,988,990,988,989,5833,1766114
2026-06-10 01:52:00,989,992,989,991,25364,1768807
2026-06-10 01:53:00,991,991,990,990,4053,1769275
2026-06-10 01:54:00,990,991,990,990,3655,1768328
2026-06-10 01:55:00,990,991,990,991,768,1768404
2026-06-10 01:56:00,991,991,990,991,2239,1768145
2026-06-10 01:57:00,991,991,990,990,985,1767872
2026-06-10 01:58:00,990,991,989,989,11852,1764656
2026-06-10 01:59:00,989,991,989,991,7972,1763736
2026-06-10 02:00:00,991,994,991,993,11633,1758309
2026-06-10 02:01:00,993,994,993,994,15029,1754035
2026-06-10 02:02:00,994,998,994,997,27520,1751534
2026-06-10 02:03:00,997,998,996,996,14555,1748681
2026-06-10 02:04:00,996,997,996,996,3520,1747748
2026-06-10 02:05:00,996,997,995,995,5959,1746487
2026-06-10 02:06:00,995,997,995,996,7750,1746513
2026-06-10 02:07:00,996,998,996,996,14701,1740524
2026-06-10 02:08:00,996,997,996,997,4978,1740837
2026-06-10 02:09:00,997,998,996,998,8799,1740477
2026-06-10 02:10:00,998,998,997,997,2440,1739860
2026-06-10 02:11:00,997,998,997,997,2892,1740268
2026-06-10 02:12:00,997,999,997,998,10112,1740302
2026-06-10 02:13:00,998,999,997,998,5524,1738962
2026-06-10 02:14:00,998,998,997,998,3415,1738125
2026-06-10 02:30:00,998,998,997,998,9127,1735949
2026-06-10 02:31:00,998,998,996,996,3953,1733954
2026-06-10 02:32:00,996,997,994,994,14580,1732173
2026-06-10 02:33:00,994,995,994,994,2249,1732001
2026-06-10 02:34:00,994,995,994,995,1122,1732605
2026-06-10 02:35:00,995,995,994,994,1249,1732871
2026-06-10 02:36:00,994,996,993,993,11669,1734333
2026-06-10 02:37:00,993,994,993,993,1346,1734095
2026-06-10 02:38:00,993,994,990,991,18386,1741898
2026-06-10 02:39:00,991,992,991,992,6176,1741807
2026-06-10 02:40:00,992,992,991,992,780,1741858
2026-06-10 02:41:00,992,992,991,991,926,1741582
2026-06-10 02:42:00,991,992,991,992,4862,1741590
2026-06-10 02:43:00,992,992,991,992,1304,1741919
2026-06-10 02:44:00,992,992,991,992,1035,1742089
2026-06-10 02:45:00,992,993,992,993,4058,1742370
2026-06-10 02:46:00,993,993,992,993,1315,1742578
2026-06-10 02:47:00,993,994,992,994,5486,1741524
2026-06-10 02:48:00,994,994,993,994,1608,1741740
2026-06-10 02:49:00,994,994,991,992,6491,1742087
2026-06-10 02:50:00,992,993,992,993,2201,1741606
2026-06-10 02:51:00,993,993,992,992,484,1741627
2026-06-10 02:52:00,992,993,992,993,355,1741854
2026-06-10 02:53:00,993,993,992,993,584,1742049
2026-06-10 02:54:00,993,994,992,994,2385,1741189
2026-06-10 02:55:00,994,995,992,994,5968,1739902
2026-06-10 02:56:00,994,994,993,994,602,1739909
2026-06-10 02:57:00,994,994,993,993,256,1740002
2026-06-10 02:58:00,993,994,993,993,307,1740096
2026-06-10 02:59:00,993,994,993,994,291,1740163
2026-06-10 03:00:00,994,994,993,993,747,1739775
2026-06-10 03:01:00,993,994,993,993,880,1739988
2026-06-10 03:02:00,993,995,993,994,2979,1739574
2026-06-10 03:03:00,994,994,993,993,586,1739349
2026-06-10 03:04:00,993,994,992,993,3061,1739874
2026-06-10 03:05:00,993,994,992,994,1883,1739664
2026-06-10 03:06:00,994,995,993,995,2317,1739072
2026-06-10 03:07:00,995,995,994,994,1191,1739036
2026-06-10 03:08:00,994,995,993,993,1719,1738905
2026-06-10 03:09:00,993,994,993,994,463,1738645
2026-06-10 03:10:00,994,994,993,994,439,1738568
2026-06-10 03:11:00,994,994,992,993,2166,1738884
2026-06-10 03:12:00,993,993,992,992,562,1738807
2026-06-10 03:13:00,992,993,991,992,5647,1737819
2026-06-10 03:14:00,992,993,992,993,479,1737724
2026-06-10 03:15:00,993,993,992,993,569,1737834
2026-06-10 03:16:00,993,994,992,993,4885,1736919
2026-06-10 03:17:00,993,994,993,994,482,1736890
2026-06-10 03:18:00,994,994,993,993,641,1736733
2026-06-10 03:19:00,993,994,993,993,289,1736701
2026-06-10 03:20:00,993,994,993,994,2291,1736439
2026-06-10 03:21:00,994,995,993,993,2301,1735518
2026-06-10 03:22:00,993,994,993,994,1462,1734649
2026-06-10 03:23:00,994,994,990,992,10862,1733041
2026-06-10 03:24:00,992,992,990,991,5576,1731206
2026-06-10 03:25:00,991,992,990,991,6533,1728956
2026-06-10 03:26:00,991,992,991,992,3714,1728436
2026-06-10 03:27:00,992,994,991,993,5429,1727385
2026-06-10 03:28:00,993,993,992,992,887,1727319
2026-06-10 03:29:00,992,993,991,992,2469,1726269
2026-06-10 05:30:00,992,993,991,991,5008,1725552
2026-06-10 05:31:00,991,993,991,992,1774,1725584
2026-06-10 05:32:00,992,993,992,992,2752,1724644
2026-06-10 05:33:00,992,993,992,993,449,1724694
2026-06-10 05:34:00,993,993,992,993,534,1724667
2026-06-10 05:35:00,993,993,992,992,801,1724746
2026-06-10 05:36:00,992,993,992,993,788,1724965
2026-06-10 05:37:00,993,993,992,993,984,1725056
2026-06-10 05:38:00,993,993,992,992,676,1725103
2026-06-10 05:39:00,992,993,992,993,496,1725065
2026-06-10 05:40:00,993,993,992,993,425,1725101
2026-06-10 05:41:00,993,994,992,993,3191,1725164
2026-06-10 05:42:00,993,994,992,994,3092,1725544
2026-06-10 05:43:00,994,994,993,993,643,1725303
2026-06-10 05:44:00,993,994,993,993,540,1725411
2026-06-10 05:45:00,993,994,993,993,1393,1725390
2026-06-10 05:46:00,993,994,991,993,10381,1725075
2026-06-10 05:47:00,993,994,993,993,724,1724795
2026-06-10 05:48:00,993,994,993,993,425,1724815
2026-06-10 05:49:00,993,994,993,994,540,1724927
2026-06-10 05:50:00,994,994,992,992,2261,1724554
2026-06-10 05:51:00,992,993,991,991,1422,1724362
2026-06-10 05:52:00,991,992,991,991,895,1724399
2026-06-10 05:53:00,991,993,991,993,2318,1725042
2026-06-10 05:54:00,993,993,992,992,593,1725008
2026-06-10 05:55:00,992,993,992,992,391,1724955
2026-06-10 05:56:00,992,994,992,994,3495,1724352
2026-06-10 05:57:00,994,994,992,992,1584,1725306
2026-06-10 05:58:00,992,993,992,993,312,1725411
2026-06-10 05:59:00,993,993,992,992,337,1725513
2026-06-10 06:00:00,992,993,992,993,319,1725596
2026-06-10 06:01:00,993,993,992,992,516,1725558
2026-06-10 06:02:00,992,993,992,993,953,1725775
2026-06-10 06:03:00,993,993,992,993,800,1726373
2026-06-10 06:04:00,993,994,992,993,4575,1727150
2026-06-10 06:05:00,993,993,992,992,554,1727079
2026-06-10 06:06:00,992,993,991,991,2198,1727703
2026-06-10 06:07:00,991,992,991,991,799,1727589
2026-06-10 06:08:00,991,992,991,991,1009,1727984
2026-06-10 06:09:00,991,993,991,991,3205,1727937
2026-06-10 06:10:00,991,992,991,992,838,1728181
2026-06-10 06:11:00,992,992,991,991,542,1728280
2026-06-10 06:12:00,991,992,991,992,1517,1728258
2026-06-10 06:13:00,992,992,991,992,472,1728300
2026-06-10 06:14:00,992,992,991,991,436,1728363
2026-06-10 06:15:00,991,991,990,991,5167,1730113
2026-06-10 06:16:00,991,991,990,991,759,1730033
2026-06-10 06:17:00,991,992,990,991,2330,1730433
2026-06-10 06:18:00,991,992,991,991,3878,1731670
2026-06-10 06:19:00,991,993,991,992,2025,1732705
2026-06-10 06:20:00,992,993,991,991,2198,1733156
2026-06-10 06:21:00,991,992,990,991,4455,1733180
2026-06-10 06:22:00,991,992,990,992,2648,1732630
2026-06-10 06:23:00,992,992,991,991,984,1732931
2026-06-10 06:24:00,991,992,990,991,3192,1732268
2026-06-10 06:25:00,991,992,990,991,690,1732362
2026-06-10 06:26:00,991,992,991,991,740,1732265
2026-06-10 06:27:00,991,992,991,991,480,1732203
2026-06-10 06:28:00,991,992,991,992,357,1732266
2026-06-10 06:29:00,992,992,991,991,663,1732488
2026-06-10 06:30:00,991,993,991,993,6119,1731060
2026-06-10 06:31:00,993,994,992,994,3127,1730985
2026-06-10 06:32:00,994,994,993,994,1123,1731052
2026-06-10 06:33:00,994,994,992,992,3390,1731654
2026-06-10 06:34:00,992,994,992,994,1306,1731358
2026-06-10 06:35:00,994,994,992,993,2142,1730710
2026-06-10 06:36:00,993,993,990,991,12525,1726260
2026-06-10 06:37:00,991,991,990,990,1458,1726241
2026-06-10 06:38:00,990,992,990,991,4441,1725873
2026-06-10 06:39:00,991,993,991,992,3409,1725231
2026-06-10 06:40:00,992,993,991,991,2637,1724678
2026-06-10 06:41:00,991,993,991,993,1090,1724707
2026-06-10 06:42:00,993,993,991,991,1488,1725130
2026-06-10 06:43:00,991,993,991,992,1907,1724907
2026-06-10 06:44:00,992,993,991,991,1228,1724495
2026-06-10 06:45:00,991,993,991,992,1486,1724201
2026-06-10 06:46:00,992,993,992,992,731,1724300
2026-06-10 06:47:00,992,994,992,992,3991,1724964
2026-06-10 06:48:00,992,993,992,992,1651,1724375
2026-06-10 06:49:00,992,993,991,991,3151,1723790
2026-06-10 06:50:00,991,992,991,991,2075,1723551
2026-06-10 06:51:00,991,992,991,992,1472,1723444
2026-06-10 06:52:00,992,992,990,991,4754,1723455
2026-06-10 06:53:00,991,992,990,992,4107,1722979
2026-06-10 06:54:00,992,992,990,991,2473,1723195
2026-06-10 06:55:00,991,991,990,991,2182,1722698
2026-06-10 06:56:00,991,992,990,991,3640,1722916
2026-06-10 06:57:00,991,991,989,989,9021,1723923
2026-06-10 06:58:00,989,991,989,991,6112,1722176
2026-06-10 06:59:00,991,991,989,989,10215,1721553
2026-06-10 13:00:00,990,993,989,991,26952,1726145
2026-06-10 13:01:00,991,992,990,992,16469,1732248
2026-06-10 13:02:00,992,993,990,993,11564,1736203
2026-06-10 13:03:00,993,994,991,992,12012,1737984
2026-06-10 13:04:00,992,993,990,990,28369,1742461
2026-06-10 13:05:00,990,992,990,990,7633,1743698
2026-06-10 13:06:00,990,991,988,989,10900,1746862
2026-06-10 13:07:00,989,992,989,991,11527,1748622
2026-06-10 13:08:00,991,993,991,993,6577,1750631
2026-06-10 13:09:00,993,994,991,993,8527,1752526
2026-06-10 13:10:00,993,993,992,992,3303,1754063
2026-06-10 13:11:00,992,994,992,994,6653,1756279
2026-06-10 13:12:00,994,994,992,992,4775,1757645
2026-06-10 13:13:00,992,993,991,991,5010,1759286
2026-06-10 13:14:00,991,993,991,993,3984,1759011
2026-06-10 13:15:00,993,993,991,991,2586,1759929
2026-06-10 13:16:00,991,993,991,992,3775,1761139
2026-06-10 13:17:00,992,993,992,992,1346,1761314
2026-06-10 13:18:00,992,994,992,993,5342,1762701
2026-06-10 13:19:00,993,994,992,993,4095,1764062
2026-06-10 13:20:00,993,994,992,994,3738,1763562
2026-06-10 13:21:00,994,995,993,994,8524,1765364
2026-06-10 13:22:00,994,994,992,993,7303,1767741
2026-06-10 13:23:00,993,994,993,994,2507,1768124
2026-06-10 13:24:00,994,994,991,991,8325,1771036
2026-06-10 13:25:00,991,993,991,992,3102,1771558
2026-06-10 13:26:00,992,993,991,991,1973,1771695
2026-06-10 13:27:00,991,992,991,991,3247,1772818
2026-06-10 13:28:00,991,992,991,992,1806,1773775
2026-06-10 13:29:00,992,992,991,991,1536,1773890
2026-06-10 13:30:00,991,992,991,992,1159,1774231
2026-06-10 13:31:00,992,992,991,991,590,1774327
2026-06-10 13:32:00,991,993,991,992,3272,1774503
2026-06-10 13:33:00,992,992,990,991,8700,1776543
2026-06-10 13:34:00,991,992,991,991,466,1776533
2026-06-10 13:35:00,991,992,991,992,627,1776445
2026-06-10 13:36:00,992,992,991,991,2111,1776067
2026-06-10 13:37:00,991,992,991,992,442,1776032
2026-06-10 13:38:00,992,992,990,991,2049,1776167
2026-06-10 13:39:00,991,991,990,990,961,1775973
2026-06-10 13:40:00,990,991,990,991,1213,1776634
2026-06-10 13:41:00,991,991,990,990,717,1776793
2026-06-10 13:42:00,990,991,989,990,7864,1779363
2026-06-10 13:43:00,990,991,990,991,3476,1779197
2026-06-10 13:44:00,991,991,990,990,558,1779037
2026-06-10 13:45:00,990,992,990,990,4551,1778658
2026-06-10 13:46:00,990,991,990,990,540,1778644
2026-06-10 13:47:00,990,991,990,990,1331,1777891
2026-06-10 13:48:00,990,991,990,990,487,1777860
2026-06-10 13:49:00,990,991,990,990,946,1777690
2026-06-10 13:50:00,990,991,990,991,527,1777935
2026-06-10 13:51:00,991,991,989,990,2633,1778718
2026-06-10 13:52:00,990,991,989,990,4446,1779034
2026-06-10 13:53:00,990,991,990,990,991,1778839
2026-06-10 13:54:00,990,991,989,989,3295,1779232
2026-06-10 13:55:00,989,990,989,990,709,1779352
2026-06-10 13:56:00,990,990,989,989,2660,1780769
2026-06-10 13:57:00,989,990,988,988,4867,1782805
2026-06-10 13:58:00,988,989,987,987,12981,1784921
2026-06-10 13:59:00,987,989,987,989,4152,1783998
2026-06-10 14:00:00,989,990,988,990,4208,1784614
2026-06-10 14:01:00,990,990,988,989,4121,1784236
2026-06-10 14:02:00,989,989,988,989,800,1784354
2026-06-10 14:03:00,989,989,988,988,854,1784594
2026-06-10 14:04:00,988,989,988,988,816,1784594
2026-06-10 14:05:00,988,990,988,990,2834,1784166
2026-06-10 14:06:00,990,990,989,990,820,1783791
2026-06-10 14:07:00,990,991,989,990,7076,1783047
2026-06-10 14:08:00,990,990,989,990,563,1782865
2026-06-10 14:09:00,990,990,989,989,365,1783007
2026-06-10 14:10:00,989,990,989,990,181,1783075
2026-06-10 14:11:00,990,990,989,989,314,1783067
2026-06-10 14:12:00,989,990,989,989,173,1783048
2026-06-10 14:13:00,989,990,989,990,510,1782941
2026-06-10 14:14:00,990,990,989,989,432,1782998
2026-06-10 14:15:00,989,990,989,990,530,1783082
2026-06-10 14:16:00,990,990,989,989,332,1783192
2026-06-10 14:17:00,989,990,989,989,149,1783204
2026-06-10 14:18:00,989,990,988,989,4027,1783621
2026-06-10 14:19:00,989,990,988,989,2645,1783858
2026-06-10 14:20:00,989,990,989,989,369,1783834
2026-06-10 14:21:00,989,990,989,990,342,1783861
2026-06-10 14:22:00,990,990,989,989,489,1783712
2026-06-10 14:23:00,989,990,989,989,356,1783805
2026-06-10 14:24:00,989,990,989,990,393,1783855
2026-06-10 14:25:00,990,990,989,990,511,1783984
2026-06-10 14:26:00,990,990,989,989,2672,1784524
2026-06-10 14:27:00,989,990,989,989,249,1784648
2026-06-10 14:28:00,989,990,989,989,305,1784763
2026-06-10 14:29:00,989,990,989,989,296,1784833
2026-06-10 14:30:00,989,991,989,991,5715,1784647
2026-06-10 14:31:00,991,991,990,991,956,1784828
2026-06-10 14:32:00,991,991,990,991,597,1784811
2026-06-10 14:33:00,991,992,990,991,4315,1783963
2026-06-10 14:34:00,991,992,990,990,2514,1783994
2026-06-10 14:35:00,990,991,990,990,402,1784062
2026-06-10 14:36:00,990,991,990,990,315,1784119
2026-06-10 14:37:00,990,991,990,991,334,1784280
2026-06-10 14:38:00,991,991,990,990,1039,1783785
2026-06-10 14:39:00,990,991,990,990,607,1783624
2026-06-10 14:40:00,990,991,990,990,379,1783649
2026-06-10 14:41:00,990,991,990,990,227,1783681
2026-06-10 14:42:00,990,991,990,990,324,1783835
2026-06-10 14:43:00,990,991,990,990,170,1783840
2026-06-10 14:44:00,990,991,990,990,576,1783768
2026-06-10 14:45:00,990,991,990,991,349,1784019
2026-06-10 14:46:00,991,991,990,990,475,1784174
2026-06-10 14:47:00,990,991,990,990,322,1784321
2026-06-10 14:48:00,990,991,990,990,459,1784374
2026-06-10 14:49:00,990,991,990,991,299,1784391
2026-06-10 14:50:00,991,991,990,990,388,1784439
2026-06-10 14:51:00,990,991,990,990,566,1784333
2026-06-10 14:52:00,990,991,990,991,396,1784298
2026-06-10 14:53:00,991,991,990,990,509,1784350
2026-06-10 14:54:00,990,991,990,990,368,1784289
2026-06-10 14:55:00,990,991,990,990,1064,1784364
2026-06-10 14:56:00,990,991,990,990,1315,1783577
2026-06-10 14:57:00,990,991,990,990,582,1783679
2026-06-10 14:58:00,990,991,990,991,1150,1783536
2026-06-10 14:59:00,991,991,989,990,10560,1780485
2026-06-11 01:00:00,990,991,986,987,16217,1786676
2026-06-11 01:01:00,987,987,986,986,4533,1787307
2026-06-11 01:02:00,986,987,986,986,10045,1790035
2026-06-11 01:03:00,986,987,984,986,22001,1794231
2026-06-11 01:04:00,986,987,985,986,5501,1795185
2026-06-11 01:05:00,986,986,985,985,7624,1796214
2026-06-11 01:06:00,985,987,985,987,5757,1798098
2026-06-11 01:07:00,987,987,985,986,8521,1800774
2026-06-11 01:08:00,986,986,985,986,2168,1801998
2026-06-11 01:09:00,986,987,985,987,5977,1803635
2026-06-11 01:10:00,987,988,986,987,5842,1805062
2026-06-11 01:11:00,987,987,986,987,5907,1805148
2026-06-11 01:12:00,987,987,986,987,1121,1805708
2026-06-11 01:13:00,987,987,985,986,4630,1806274
2026-06-11 01:14:00,986,986,985,985,887,1806577
2026-06-11 01:15:00,985,986,985,986,1363,1806872
2026-06-11 01:16:00,986,987,985,986,7131,1805963
2026-06-11 01:17:00,986,987,986,987,1134,1806349
2026-06-11 01:18:00,987,987,986,986,681,1806283
2026-06-11 01:19:00,986,987,985,986,3680,1808239
2026-06-11 01:20:00,986,987,985,986,4624,1809422
2026-06-11 01:21:00,986,986,985,986,1939,1810043
2026-06-11 01:22:00,986,987,986,987,1688,1810012
2026-06-11 01:23:00,987,987,986,986,630,1810070
2026-06-11 01:24:00,986,987,985,985,4168,1811572
2026-06-11 01:25:00,985,986,984,984,10506,1814565
2026-06-11 01:26:00,984,985,984,984,3510,1815609
2026-06-11 01:27:00,984,985,983,985,8862,1816561
2026-06-11 01:28:00,985,985,983,984,5796,1818466
2026-06-11 01:29:00,984,985,983,985,11648,1819263
2026-06-11 01:30:00,985,985,984,985,2723,1819163
2026-06-11 01:31:00,985,985,982,982,19785,1823082
2026-06-11 01:32:00,982,984,982,984,6054,1822476
2026-06-11 01:33:00,984,984,982,983,10453,1823740
2026-06-11 01:34:00,983,984,983,984,2316,1824420
2026-06-11 01:35:00,984,984,983,983,4091,1825035
2026-06-11 01:36:00,983,984,983,984,1080,1825659
2026-06-11 01:37:00,984,984,983,984,821,1825985
2026-06-11 01:38:00,984,984,983,984,1329,1826528
2026-06-11 01:39:00,984,985,983,985,3942,1827797
2026-06-11 01:40:00,985,986,984,985,6438,1828722
2026-06-11 01:41:00,985,986,984,985,3533,1828636
2026-06-11 01:42:00,985,985,984,985,1006,1829202
2026-06-11 01:43:00,985,985,984,985,621,1829358
2026-06-11 01:44:00,985,985,984,984,584,1829446
2026-06-11 01:45:00,984,986,984,985,2671,1829680
2026-06-11 01:46:00,985,986,984,985,3063,1829638
2026-06-11 01:47:00,985,986,985,986,1341,1829725
2026-06-11 01:48:00,986,986,984,985,2576,1829855
2026-06-11 01:49:00,985,986,985,985,497,1829771
2026-06-11 01:50:00,985,986,985,985,785,1829858
2026-06-11 01:51:00,985,987,985,986,6258,1829771
2026-06-11 01:52:00,986,987,985,987,4186,1829476
2026-06-11 01:53:00,987,987,985,986,2994,1829809
2026-06-11 01:54:00,986,987,986,987,754,1829616
2026-06-11 01:55:00,987,987,986,987,678,1829626
2026-06-11 01:56:00,987,987,985,986,3126,1829161
2026-06-11 01:57:00,986,987,986,986,554,1829114
2026-06-11 01:58:00,986,987,985,985,3089,1828302
2026-06-11 01:59:00,985,987,985,987,1756,1828200
2026-06-11 02:00:00,987,987,985,986,2327,1828608
2026-06-11 02:01:00,986,986,985,985,862,1828841
2026-06-11 02:02:00,985,986,984,984,4933,1830200
2026-06-11 02:03:00,984,986,984,986,2258,1830524
2026-06-11 02:04:00,986,986,985,985,302,1830454
2026-06-11 02:05:00,985,986,985,986,637,1830573
2026-06-11 02:06:00,986,986,985,985,625,1830787
2026-06-11 02:07:00,985,986,984,984,3097,1830721
2026-06-11 02:08:00,984,986,984,985,2047,1831307
2026-06-11 02:09:00,985,986,984,985,1341,1831560
2026-06-11 02:10:00,985,985,984,985,1133,1831941
2026-06-11 02:11:00,985,985,984,984,1973,1832791
2026-06-11 02:12:00,984,985,982,984,11684,1837227
2026-06-11 02:13:00,984,984,983,984,1626,1837481
2026-06-11 02:14:00,984,985,983,985,4201,1837546
2026-06-11 02:30:00,985,985,983,983,3587,1836998
2026-06-11 02:31:00,983,984,983,984,1205,1836763
2026-06-11 02:32:00,984,984,983,984,3259,1837224
2026-06-11 02:33:00,984,984,982,983,4095,1838515
2026-06-11 02:34:00,983,984,983,984,544,1838725
2026-06-11 02:35:00,984,984,983,983,1446,1838724
2026-06-11 02:36:00,983,984,983,984,1745,1838831
2026-06-11 02:37:00,984,984,983,983,1204,1839371
2026-06-11 02:38:00,983,984,983,984,838,1839707
2026-06-11 02:39:00,984,985,983,984,4235,1839848
2026-06-11 02:40:00,984,984,983,983,558,1839986
2026-06-11 02:41:00,983,984,983,983,568,1840183
2026-06-11 02:42:00,983,984,983,984,950,1840704
2026-06-11 02:43:00,984,984,983,984,1414,1841197
2026-06-11 02:44:00,984,984,983,983,1713,1841539
2026-06-11 02:45:00,983,984,983,983,874,1841469
2026-06-11 02:46:00,983,984,983,983,825,1841514
2026-06-11 02:47:00,983,984,983,984,553,1841775
2026-06-11 02:48:00,984,984,983,984,919,1841448
2026-06-11 02:49:00,984,984,983,984,2900,1841291
2026-06-11 02:50:00,984,986,984,986,4549,1840003
2026-06-11 02:51:00,986,986,985,986,2860,1839091
2026-06-11 02:52:00,986,986,985,985,1133,1838397
2026-06-11 02:53:00,985,986,984,984,2905,1838330
2026-06-11 02:54:00,984,985,984,984,350,1838491
2026-06-11 02:55:00,984,985,983,984,4044,1839287
2026-06-11 02:56:00,984,985,984,985,478,1839212
2026-06-11 02:57:00,985,985,984,985,565,1839411
2026-06-11 02:58:00,985,985,984,984,2530,1840298
2026-06-11 02:59:00,984,985,984,985,428,1840536
2026-06-11 03:00:00,985,985,984,985,826,1841115
2026-06-11 03:01:00,985,985,984,984,1383,1840843
2026-06-11 03:02:00,984,986,984,985,2793,1840823
2026-06-11 03:03:00,985,985,984,984,702,1840773
2026-06-11 03:04:00,984,986,984,985,2389,1840850
2026-06-11 03:05:00,985,987,985,987,6518,1840477
2026-06-11 03:06:00,987,990,986,989,18105,1836752
2026-06-11 03:07:00,989,991,988,989,21969,1831943
2026-06-11 03:08:00,989,992,989,992,13264,1831429
2026-06-11 03:09:00,992,993,990,990,16184,1828723
2026-06-11 03:10:00,990,992,990,992,8889,1828810
2026-06-11 03:11:00,992,992,991,991,7910,1829011
2026-06-11 03:12:00,991,993,991,992,12571,1829125
2026-06-11 03:13:00,992,992,991,992,9683,1826027
2026-06-11 03:14:00,992,993,992,992,6897,1824322
2026-06-11 03:15:00,992,993,992,992,8609,1823120
2026-06-11 03:16:00,992,993,991,991,8260,1823552
2026-06-11 03:17:00,991,992,991,991,4388,1822897
2026-06-11 03:18:00,991,992,990,992,5993,1821101
2026-06-11 03:19:00,992,992,991,991,1517,1820947
2026-06-11 03:20:00,991,993,991,992,4614,1819865
2026-06-11 03:21:00,992,994,992,992,10350,1821279
2026-06-11 03:22:00,992,994,992,994,5736,1819433
2026-06-11 03:23:00,994,994,992,992,5734,1819754
2026-06-11 03:24:00,992,993,992,993,1951,1819706
2026-06-11 03:25:00,993,993,991,991,5318,1819058
2026-06-11 03:26:00,991,993,991,993,3006,1818684
2026-06-11 03:27:00,993,993,992,992,1432,1818863
2026-06-11 03:28:00,992,993,992,993,993,1818688
2026-06-11 03:29:00,993,993,992,993,4027,1818735
2026-06-11 05:30:00,993,994,992,994,8790,1818130
2026-06-11 05:31:00,994,997,993,996,26423,1813876
2026-06-11 05:32:00,996,997,995,995,13828,1814628
2026-06-11 05:33:00,995,998,995,997,19812,1810515
2026-06-11 05:34:00,997,998,996,997,12002,1810385
2026-06-11 05:35:00,997,997,995,996,6492,1810557
2026-06-11 05:36:00,996,996,995,996,4677,1808655
2026-06-11 05:37:00,996,996,995,996,4867,1807794
2026-06-11 05:38:00,996,996,994,994,5412,1807349
2026-06-11 05:39:00,994,995,994,994,2832,1806754
2026-06-11 05:40:00,994,995,994,994,1192,1807189
2026-06-11 05:41:00,994,995,994,994,3795,1806466
2026-06-11 05:42:00,994,995,993,994,2402,1805818
2026-06-11 05:43:00,994,994,993,993,1900,1805165
2026-06-11 05:44:00,993,994,993,994,1196,1804876
2026-06-11 05:45:00,994,994,992,993,8113,1805842
2026-06-11 05:46:00,993,993,991,991,5996,1804171
2026-06-11 05:47:00,991,992,991,991,1483,1804210
2026-06-11 05:48:00,991,992,991,991,1024,1803927
2026-06-11 05:49:00,991,992,991,992,2167,1803819
2026-06-11 05:50:00,992,992,991,992,1038,1803930
2026-06-11 05:51:00,992,992,991,992,580,1803993
2026-06-11 05:52:00,992,992,991,991,681,1803935
2026-06-11 05:53:00,991,992,991,992,625,1803931
2026-06-11 05:54:00,992,992,991,992,1382,1804305
2026-06-11 05:55:00,992,992,990,991,3422,1804592
2026-06-11 05:56:00,991,992,991,991,565,1804707
2026-06-11 05:57:00,991,992,990,990,4502,1802352
2026-06-11 05:58:00,990,992,990,992,6795,1802172
2026-06-11 05:59:00,992,992,991,991,464,1802253
2026-06-11 06:00:00,991,992,991,992,3168,1802414
2026-06-11 06:01:00,992,993,991,993,3433,1802088
2026-06-11 06:02:00,993,994,992,993,3452,1801062
2026-06-11 06:03:00,993,994,992,993,2688,1799888
2026-06-11 06:04:00,993,994,992,994,3028,1798644
2026-06-11 06:05:00,994,994,992,994,3535,1797841
2026-06-11 06:06:00,994,994,993,994,1356,1798078
2026-06-11 06:07:00,994,994,992,993,2760,1798264
2026-06-11 06:08:00,993,994,993,993,510,1798396
2026-06-11 06:09:00,993,994,992,992,1362,1798226
2026-06-11 06:10:00,992,994,992,993,1835,1798110
2026-06-11 06:11:00,993,994,992,992,986,1797896
2026-06-11 06:12:00,992,993,992,993,927,1797960
2026-06-11 06:13:00,993,993,992,992,474,1798026
2026-06-11 06:14:00,992,993,991,992,4993,1798415
2026-06-11 06:15:00,992,992,991,992,1284,1799378
2026-06-11 06:16:00,992,993,991,993,2192,1799312
2026-06-11 06:17:00,993,993,992,993,377,1799193
2026-06-11 06:18:00,993,993,991,992,2878,1798171
2026-06-11 06:19:00,992,993,992,992,5789,1798983
2026-06-11 06:20:00,992,994,992,993,3910,1798891
2026-06-11 06:21:00,993,994,993,993,1695,1798600
2026-06-11 06:22:00,993,994,992,992,1439,1799054
2026-06-11 06:23:00,992,993,991,992,6595,1797227
2026-06-11 06:24:00,992,993,992,992,1108,1796895
2026-06-11 06:25:00,992,993,992,993,508,1797051
2026-06-11 06:26:00,993,993,992,992,476,1797058
2026-06-11 06:27:00,992,993,992,992,655,1797159
2026-06-11 06:28:00,992,993,991,992,3257,1798069
2026-06-11 06:29:00,992,994,992,992,5283,1800040
2026-06-11 06:30:00,992,994,992,994,1440,1799501
2026-06-11 06:31:00,994,994,993,993,1414,1800193
2026-06-11 06:32:00,993,994,992,993,5183,1800758
2026-06-11 06:33:00,993,994,993,994,832,1801003
2026-06-11 06:34:00,994,994,992,992,8305,1803817
2026-06-11 06:35:00,992,993,992,993,695,1803354
2026-06-11 06:36:00,993,994,992,992,4813,1802319
2026-06-11 06:37:00,992,993,992,993,476,1802353
2026-06-11 06:38:00,993,993,992,993,469,1802190
2026-06-11 06:39:00,993,993,992,993,517,1802079
2026-06-11 06:40:00,993,993,992,993,1022,1801689
2026-06-11 06:41:00,993,993,992,993,665,1801756
2026-06-11 06:42:00,993,993,992,992,1015,1801751
2026-06-11 06:43:00,992,993,992,993,478,1801721
2026-06-11 06:44:00,993,993,992,993,1627,1801013
2026-06-11 06:45:00,993,993,992,993,4718,1801301
2026-06-11 06:46:00,993,993,992,993,1244,1801018
2026-06-11 06:47:00,993,993,992,992,1046,1800541
2026-06-11 06:48:00,992,993,992,992,2756,1800437
2026-06-11 06:49:00,992,993,992,993,470,1800395
2026-06-11 06:50:00,993,993,992,993,913,1800367
2026-06-11 06:51:00,993,993,992,992,956,1799998
2026-06-11 06:52:00,992,993,991,991,6485,1798438
2026-06-11 06:53:00,991,992,991,992,1744,1798524
2026-06-11 06:54:00,992,992,991,991,947,1798539
2026-06-11 06:55:00,991,992,991,992,1988,1798810
2026-06-11 06:56:00,992,992,991,992,1352,1799478
2026-06-11 06:57:00,992,992,991,991,2181,1799110
2026-06-11 06:58:00,991,992,991,991,3096,1799484
2026-06-11 06:59:00,991,992,990,991,17058,1795475
2026-06-11 13:00:00,989,991,989,990,14163,1797764
2026-06-11 13:01:00,990,991,989,990,12516,1798716
2026-06-11 13:02:00,990,992,990,991,9797,1801381
2026-06-11 13:03:00,991,992,989,989,19201,1808725
2026-06-11 13:04:00,989,990,988,989,11951,1812310
2026-06-11 13:05:00,989,990,989,989,7451,1812171
2026-06-11 13:06:00,989,990,988,990,6107,1812965
2026-06-11 13:07:00,990,992,989,991,10660,1811704
2026-06-11 13:08:00,991,992,990,992,6069,1812329
2026-06-11 13:09:00,992,992,990,990,4817,1813405
2026-06-11 13:10:00,990,991,990,990,9109,1816241
2026-06-11 13:11:00,990,991,990,990,1528,1816055
2026-06-11 13:12:00,990,991,990,991,1768,1816125
2026-06-11 13:13:00,991,991,990,990,1546,1816882
2026-06-11 13:14:00,990,991,990,990,1647,1817354
2026-06-11 13:15:00,990,991,989,990,3964,1818773
2026-06-11 13:16:00,990,990,989,989,833,1818905
2026-06-11 13:17:00,989,990,989,989,786,1818944
2026-06-11 13:18:00,989,990,989,990,1048,1819359
2026-06-11 13:19:00,990,990,989,989,822,1819209
2026-06-11 13:20:00,989,991,988,990,10390,1819614
2026-06-11 13:21:00,990,991,989,990,1645,1819467
2026-06-11 13:22:00,990,990,989,989,1203,1819941
2026-06-11 13:23:00,989,990,989,989,983,1820189
2026-06-11 13:24:00,989,990,989,990,708,1820590
2026-06-11 13:25:00,990,990,989,989,2708,1821262
2026-06-11 13:26:00,989,990,989,989,1755,1821903
2026-06-11 13:27:00,989,990,989,989,660,1822271
2026-06-11 13:28:00,989,990,989,990,821,1822460
2026-06-11 13:29:00,990,990,989,989,621,1822546
2026-06-11 13:30:00,989,990,989,989,1006,1822851
2026-06-11 13:31:00,989,990,989,990,800,1823014
2026-06-11 13:32:00,990,990,989,989,381,1823057
2026-06-11 13:33:00,989,990,989,989,539,1823113
2026-06-11 13:34:00,989,990,989,990,503,1822942
2026-06-11 13:35:00,990,990,988,988,2338,1823134
2026-06-11 13:36:00,988,989,988,989,3286,1823334
2026-06-11 13:37:00,989,990,988,989,6468,1823267
2026-06-11 13:38:00,989,989,988,989,3694,1823752
2026-06-11 13:39:00,989,990,988,989,2485,1823782
2026-06-11 13:40:00,989,990,988,989,3787,1824736
2026-06-11 13:41:00,989,989,988,989,895,1824651
2026-06-11 13:42:00,989,989,988,988,573,1824657
2026-06-11 13:43:00,988,989,988,988,543,1824557
2026-06-11 13:44:00,988,989,988,988,457,1824663
2026-06-11 13:45:00,988,989,988,989,682,1824668
2026-06-11 13:46:00,989,989,988,988,1459,1824929
2026-06-11 13:47:00,988,989,987,987,6161,1825475
2026-06-11 13:48:00,987,988,987,987,1908,1825895
2026-06-11 13:49:00,987,988,987,988,766,1825862
2026-06-11 13:50:00,988,989,987,988,4299,1826360
2026-06-11 13:51:00,988,989,988,989,780,1826562
2026-06-11 13:52:00,989,989,988,989,688,1826715
2026-06-11 13:53:00,989,989,988,989,555,1826933
2026-06-11 13:54:00,989,990,988,990,4856,1826129
2026-06-11 13:55:00,990,990,989,990,643,1825934
2026-06-11 13:56:00,990,990,989,989,313,1826053
2026-06-11 13:57:00,989,990,989,989,396,1826212
2026-06-11 13:58:00,989,990,989,990,151,1826155
2026-06-11 13:59:00,990,990,989,990,529,1826394
2026-06-11 14:00:00,990,990,989,989,1923,1826483
2026-06-11 14:01:00,989,990,989,990,763,1826509
2026-06-11 14:02:00,990,990,988,989,3386,1825906
2026-06-11 14:03:00,989,990,988,989,3223,1826930
2026-06-11 14:04:00,989,989,988,989,849,1826688
2026-06-11 14:05:00,989,989,988,989,476,1826867
2026-06-11 14:06:00,989,989,988,988,1951,1826865
2026-06-11 14:07:00,988,989,988,989,197,1826944
2026-06-11 14:08:00,989,989,988,988,130,1827019
2026-06-11 14:09:00,988,989,988,988,139,1827056
2026-06-11 14:10:00,988,989,988,988,512,1826994
2026-06-11 14:11:00,988,989,988,988,271,1826986
2026-06-11 14:12:00,988,989,988,988,267,1826992
2026-06-11 14:13:00,988,989,988,988,455,1826960
2026-06-11 14:14:00,988,989,988,989,583,1827081
2026-06-11 14:15:00,989,989,988,988,639,1826993
2026-06-11 14:16:00,988,989,988,988,663,1826911
2026-06-11 14:17:00,988,989,988,989,365,1827120
2026-06-11 14:18:00,989,989,988,989,306,1827218
2026-06-11 14:19:00,989,989,988,988,370,1827388
2026-06-11 14:20:00,988,989,988,989,480,1827447
2026-06-11 14:21:00,989,989,988,989,497,1827523
2026-06-11 14:22:00,989,989,988,989,305,1827507
2026-06-11 14:23:00,989,989,988,988,489,1827575
2026-06-11 14:24:00,988,989,988,988,252,1827652
2026-06-11 14:25:00,988,989,988,989,194,1827745
2026-06-11 14:26:00,989,989,988,988,244,1827889
2026-06-11 14:27:00,988,989,988,988,207,1827938
2026-06-11 14:28:00,988,989,988,989,185,1827984
2026-06-11 14:29:00,989,989,988,988,188,1827962
2026-06-11 14:30:00,988,989,988,989,314,1828126
2026-06-11 14:31:00,989,989,988,988,422,1828119
2026-06-11 14:32:00,988,989,988,988,486,1828016
2026-06-11 14:33:00,988,989,988,988,338,1828069
2026-06-11 14:34:00,988,989,988,988,157,1828091
2026-06-11 14:35:00,988,989,988,988,318,1828164
2026-06-11 14:36:00,988,989,988,988,271,1828253
2026-06-11 14:37:00,988,989,988,988,452,1828389
2026-06-11 14:38:00,988,989,988,988,329,1828512
2026-06-11 14:39:00,988,989,987,987,7836,1828571
2026-06-11 14:40:00,987,988,987,987,529,1828841
2026-06-11 14:41:00,987,989,987,988,2945,1828863
2026-06-11 14:42:00,988,989,988,988,215,1828864
2026-06-11 14:43:00,988,989,988,988,226,1828958
2026-06-11 14:44:00,988,989,988,988,224,1828963
2026-06-11 14:45:00,988,989,988,988,344,1828938
2026-06-11 14:46:00,988,989,987,987,2568,1829265
2026-06-11 14:47:00,987,988,987,987,603,1829656
2026-06-11 14:48:00,987,989,987,988,2684,1830271
2026-06-11 14:49:00,988,989,988,988,142,1830219
2026-06-11 14:50:00,988,988,987,988,2952,1829668
2026-06-11 14:51:00,988,988,987,987,450,1829760
2026-06-11 14:52:00,987,988,987,987,355,1829859
2026-06-11 14:53:00,987,988,987,987,529,1830018
2026-06-11 14:54:00,987,988,987,987,907,1829827
2026-06-11 14:55:00,987,988,987,987,585,1829862
2026-06-11 14:56:00,987,988,987,987,994,1830050
2026-06-11 14:57:00,987,988,987,987,1258,1830124
2026-06-11 14:58:00,987,988,987,987,1106,1830083
2026-06-11 14:59:00,987,988,987,987,6562,1827956
2026-06-12 01:00:00,987,989,986,989,7666,1829391
2026-06-12 01:01:00,989,990,988,989,11081,1830590
2026-06-12 01:02:00,989,989,985,986,16366,1833488
2026-06-12 01:03:00,986,987,986,986,2254,1833837
2026-06-12 01:04:00,986,987,986,986,1872,1834199
2026-06-12 01:05:00,986,988,986,987,7389,1835592
2026-06-12 01:06:00,987,987,986,986,1224,1836177
2026-06-12 01:07:00,986,988,986,988,3510,1836153
2026-06-12 01:08:00,988,988,986,987,3302,1836271
2026-06-12 01:09:00,987,988,986,987,2578,1836039
2026-06-12 01:10:00,987,987,986,986,2948,1836653
2026-06-12 01:11:00,986,987,986,986,1852,1836696
2026-06-12 01:12:00,986,987,985,987,5566,1837239
2026-06-12 01:13:00,987,987,985,985,3969,1837590
2026-06-12 01:14:00,985,986,985,985,2627,1837857
2026-06-12 01:15:00,985,986,985,986,2514,1838324
2026-06-12 01:16:00,986,986,984,985,9043,1840861
2026-06-12 01:17:00,985,987,985,985,6431,1840792
2026-06-12 01:18:00,985,986,985,985,2424,1840996
2026-06-12 01:19:00,985,986,985,985,1392,1841455
2026-06-12 01:20:00,985,986,984,985,4656,1842887
2026-06-12 01:21:00,985,985,984,985,5916,1844363
2026-06-12 01:22:00,985,986,985,986,1895,1844424
2026-06-12 01:23:00,986,986,985,985,1238,1844330
2026-06-12 01:24:00,985,987,985,986,5889,1845814
2026-06-12 01:25:00,986,987,985,987,4822,1846576
2026-06-12 01:26:00,987,987,985,986,1550,1846806
2026-06-12 01:27:00,986,986,985,986,1286,1847113
2026-06-12 01:28:00,986,986,985,985,695,1847444
2026-06-12 01:29:00,985,986,985,985,683,1847549
2026-06-12 01:30:00,985,987,985,985,5206,1848133
2026-06-12 01:31:00,985,987,985,986,2728,1848492
2026-06-12 01:32:00,986,987,986,986,898,1848383
2026-06-12 01:33:00,986,987,986,987,1231,1848378
2026-06-12 01:34:00,987,988,986,988,4307,1849076
2026-06-12 01:35:00,988,988,987,988,1604,1849458
2026-06-12 01:36:00,988,989,987,989,5387,1849607
2026-06-12 01:37:00,989,989,988,989,12892,1848189
2026-06-12 01:38:00,989,991,989,990,14479,1844943
2026-06-12 01:39:00,990,990,989,990,2094,1845760
2026-06-12 01:40:00,990,990,989,990,1205,1846442
2026-06-12 01:41:00,990,990,989,990,792,1846463
2026-06-12 01:42:00,990,990,989,990,1345,1846337
2026-06-12 01:43:00,990,990,989,990,513,1846273
2026-06-12 01:44:00,990,990,988,988,5061,1846687
2026-06-12 01:45:00,988,989,988,989,718,1846865
2026-06-12 01:46:00,989,990,988,990,3283,1845897
2026-06-12 01:47:00,990,990,989,989,1237,1845757
2026-06-12 01:48:00,989,990,988,988,2569,1846033
2026-06-12 01:49:00,988,989,988,989,1682,1846092
2026-06-12 01:50:00,989,989,988,988,898,1845862
2026-06-12 01:51:00,988,990,988,990,3585,1846005
2026-06-12 01:52:00,990,991,989,991,4657,1845802
2026-06-12 01:53:00,991,991,989,991,3622,1846011
2026-06-12 01:54:00,991,991,990,990,1417,1846140
2026-06-12 01:55:00,990,991,990,990,3659,1846010
2026-06-12 01:56:00,990,992,990,991,8143,1844770
2026-06-12 01:57:00,991,992,990,991,2877,1845350
2026-06-12 01:58:00,991,992,991,992,4429,1844951
2026-06-12 01:59:00,992,993,991,992,9062,1843000
2026-06-12 02:00:00,992,992,990,990,4877,1844157
2026-06-12 02:01:00,990,991,990,990,2275,1844016
2026-06-12 02:02:00,990,991,990,990,1208,1844168
2026-06-12 02:03:00,990,992,990,991,2883,1844480
2026-06-12 02:04:00,991,992,991,991,1835,1844419
2026-06-12 02:05:00,991,992,991,991,848,1844450
2026-06-12 02:06:00,991,992,991,991,990,1844412
2026-06-12 02:07:00,991,992,990,991,4173,1844627
2026-06-12 02:08:00,991,992,991,992,518,1844484
2026-06-12 02:09:00,992,992,991,991,784,1844725
2026-06-12 02:10:00,991,992,991,991,893,1844401
2026-06-12 02:11:00,991,992,990,992,3000,1844164
2026-06-12 02:12:00,992,992,990,991,1523,1844613
2026-06-12 02:13:00,991,992,990,991,2134,1844294
2026-06-12 02:14:00,991,992,990,991,2447,1844317
2026-06-12 02:30:00,992,992,990,990,3211,1844146
2026-06-12 02:31:00,990,991,990,990,693,1843898
2026-06-12 02:32:00,990,991,989,989,5853,1845298
2026-06-12 02:33:00,989,990,989,990,1383,1845582
2026-06-12 02:34:00,990,990,989,989,494,1845804
2026-06-12 02:35:00,989,990,989,989,781,1845940
2026-06-12 02:36:00,989,990,989,989,637,1845828
2026-06-12 02:37:00,989,990,989,990,728,1845677
2026-06-12 02:38:00,990,990,989,989,690,1845769
2026-06-12 02:39:00,989,990,989,990,375,1845752
2026-06-12 02:40:00,990,990,989,989,536,1845804
2026-06-12 02:41:00,989,990,989,990,467,1845789
2026-06-12 02:42:00,990,991,989,990,5200,1847513
2026-06-12 02:43:00,990,991,989,989,900,1847839
2026-06-12 02:44:00,989,990,989,990,250,1847880
2026-06-12 02:45:00,990,990,989,989,458,1847771
2026-06-12 02:46:00,989,990,989,990,1215,1847936
2026-06-12 02:47:00,990,990,989,989,323,1848060
2026-06-12 02:48:00,989,991,989,991,1552,1847627
2026-06-12 02:49:00,991,991,990,990,582,1847674
2026-06-12 02:50:00,990,991,990,990,698,1847794
2026-06-12 02:51:00,990,991,990,991,841,1848076
2026-06-12 02:52:00,991,991,990,991,294,1848219
2026-06-12 02:53:00,991,991,990,990,543,1848582
2026-06-12 02:54:00,990,991,989,990,2062,1848868
2026-06-12 02:55:00,990,991,989,990,1949,1848256
2026-06-12 02:56:00,990,991,989,989,1125,1848390
2026-06-12 02:57:00,989,990,989,990,856,1848346
2026-06-12 02:58:00,990,990,989,989,584,1848376
2026-06-12 02:59:00,989,990,989,990,304,1848408
2026-06-12 03:00:00,990,990,989,990,386,1848453
2026-06-12 03:01:00,990,990,989,989,393,1848399
2026-06-12 03:02:00,989,990,989,989,574,1848410
2026-06-12 03:03:00,989,991,989,991,2152,1848266
2026-06-12 03:04:00,991,991,990,990,238,1848211
2026-06-12 03:05:00,990,991,990,990,299,1848176
2026-06-12 03:06:00,990,991,990,991,321,1848016
2026-06-12 03:07:00,991,991,990,990,267,1848100
2026-06-12 03:08:00,990,990,989,989,2776,1848250
2026-06-12 03:09:00,989,991,989,990,1596,1848219
2026-06-12 03:10:00,990,991,990,991,1482,1848356
2026-06-12 03:11:00,991,991,990,990,336,1848255
2026-06-12 03:12:00,990,991,990,991,406,1848255
2026-06-12 03:13:00,991,991,990,990,817,1847985
2026-06-12 03:14:00,990,991,990,991,291,1847968
2026-06-12 03:15:00,991,991,990,990,841,1847623
2026-06-12 03:16:00,990,992,990,991,7380,1847289
2026-06-12 03:17:00,991,992,991,991,1722,1847066
2026-06-12 03:18:00,991,992,991,991,2170,1846853
2026-06-12 03:19:00,991,993,991,992,5397,1847054
2026-06-12 03:20:00,992,992,991,992,942,1847512
2026-06-12 03:21:00,992,993,991,993,5067,1844392
2026-06-12 03:22:00,993,995,992,995,18166,1838708
2026-06-12 03:23:00,995,995,993,994,7477,1837455
2026-06-12 03:24:00,994,995,994,995,3546,1837027
2026-06-12 03:25:00,995,995,994,994,3262,1836753
2026-06-12 03:26:00,994,995,993,993,4378,1836012
2026-06-12 03:27:00,993,994,993,994,1980,1836338
2026-06-12 03:28:00,994,994,993,994,1548,1836320
2026-06-12 03:29:00,994,994,992,993,7774,1834556
2026-06-12 05:30:00,993,993,990,990,8450,1833946
2026-06-12 05:31:00,990,991,990,991,4638,1834987
2026-06-12 05:32:00,991,991,989,989,6188,1836222
2026-06-12 05:33:00,989,991,989,991,1620,1836804
2026-06-12 05:34:00,991,991,990,990,1352,1836644
2026-06-12 05:35:00,990,991,990,991,720,1836576
2026-06-12 05:36:00,991,991,989,989,3156,1835837
2026-06-12 05:37:00,989,990,989,990,891,1835926
2026-06-12 05:38:00,990,990,989,989,741,1835973
2026-06-12 05:39:00,989,990,988,988,7909,1838175
2026-06-12 05:40:00,988,989,987,989,11548,1839453
2026-06-12 05:41:00,989,989,988,988,1180,1839374
2026-06-12 05:42:00,988,989,988,989,6454,1841016
2026-06-12 05:43:00,989,989,988,988,511,1841054
2026-06-12 05:44:00,988,989,988,988,565,1841036
2026-06-12 05:45:00,988,989,988,988,6283,1843102
2026-06-12 05:46:00,988,989,987,988,4617,1843430
2026-06-12 05:47:00,988,989,987,988,2012,1843789
2026-06-12 05:48:00,988,988,987,988,4679,1845045
2026-06-12 05:49:00,988,989,988,989,1412,1845858
2026-06-12 05:50:00,989,989,987,988,4403,1846338
2026-06-12 05:51:00,988,989,987,989,1186,1846774
2026-06-12 05:52:00,989,989,988,989,240,1846824
2026-06-12 05:53:00,989,989,988,988,338,1846878
2026-06-12 05:54:00,988,989,988,988,1146,1847198
2026-06-12 05:55:00,988,989,988,989,1188,1846677
2026-06-12 05:56:00,989,989,988,988,1169,1846734
2026-06-12 05:57:00,988,989,987,988,4571,1845832
2026-06-12 05:58:00,988,988,987,988,979,1845768
2026-06-12 05:59:00,988,988,987,987,703,1846141
2026-06-12 06:00:00,987,988,987,987,833,1846231
2026-06-12 06:01:00,987,988,987,987,1356,1846436
2026-06-12 06:02:00,987,988,987,987,752,1846739
2026-06-12 06:03:00,987,988,987,987,686,1846756
2026-06-12 06:04:00,987,988,987,987,1539,1846825
2026-06-12 06:05:00,987,988,987,987,2667,1847506
2026-06-12 06:06:00,987,988,986,986,4301,1848145
2026-06-12 06:07:00,986,987,986,986,2033,1848009
2026-06-12 06:08:00,986,987,986,987,1199,1848099
2026-06-12 06:09:00,987,988,986,988,5379,1847752
2026-06-12 06:10:00,988,988,986,987,2027,1848000
2026-06-12 06:11:00,987,987,986,986,1088,1848221
2026-06-12 06:12:00,986,988,986,987,4954,1849626
2026-06-12 06:13:00,987,987,986,987,2073,1850961
2026-06-12 06:14:00,987,987,986,986,874,1851026
2026-06-12 06:15:00,986,987,986,986,1762,1851793
2026-06-12 06:16:00,986,986,985,986,8179,1853321
2026-06-12 06:17:00,986,986,985,986,4295,1853287
2026-06-12 06:18:00,986,986,985,986,2795,1853772
2026-06-12 06:19:00,986,986,985,986,2264,1853746
2026-06-12 06:20:00,986,986,985,986,3813,1854895
2026-06-12 06:21:00,986,987,985,986,4365,1854935
2026-06-12 06:22:00,986,987,985,986,2367,1855370
2026-06-12 06:23:00,986,987,986,987,1199,1855635
2026-06-12 06:24:00,987,987,986,986,1231,1856129
2026-06-12 06:25:00,986,987,986,986,763,1856219
2026-06-12 06:26:00,986,987,986,986,1415,1856393
2026-06-12 06:27:00,986,987,986,987,480,1856617
2026-06-12 06:28:00,987,987,986,987,1087,1856695
2026-06-12 06:29:00,987,987,986,986,840,1857276
2026-06-12 06:30:00,986,987,986,987,1016,1857321
2026-06-12 06:31:00,987,987,986,986,766,1857456
2026-06-12 06:32:00,986,987,986,987,887,1857579
2026-06-12 06:33:00,987,987,986,987,1268,1858137
2026-06-12 06:34:00,987,987,986,987,514,1858081
2026-06-12 06:35:00,987,987,986,987,456,1858293
2026-06-12 06:36:00,987,987,985,985,5810,1859298
2026-06-12 06:37:00,985,986,985,985,3363,1858777
2026-06-12 06:38:00,985,986,985,985,3736,1859148
2026-06-12 06:39:00,985,986,983,984,16573,1864938
2026-06-12 06:40:00,984,985,984,984,5227,1864328
2026-06-12 06:41:00,984,986,984,984,9334,1864739
2026-06-12 06:42:00,984,986,984,986,3687,1864912
2026-06-12 06:43:00,986,986,984,985,5954,1865042
2026-06-12 06:44:00,985,986,985,986,1636,1864980
2026-06-12 06:45:00,986,986,985,986,1510,1865122
2026-06-12 06:46:00,986,986,984,984,3816,1865024
2026-06-12 06:47:00,984,986,984,985,2886,1865775
2026-06-12 06:48:00,985,986,985,985,701,1865811
2026-06-12 06:49:00,985,986,985,986,1797,1865799
2026-06-12 06:50:00,986,986,985,986,1348,1865667
2026-06-12 06:51:00,986,987,985,987,4975,1864730
2026-06-12 06:52:00,987,987,986,987,955,1864881
2026-06-12 06:53:00,987,987,986,987,1257,1864802
2026-06-12 06:54:00,987,988,986,987,7000,1860124
2026-06-12 06:55:00,987,988,987,987,2180,1860325
2026-06-12 06:56:00,987,988,987,987,2238,1858923
2026-06-12 06:57:00,987,988,986,987,6213,1857488
2026-06-12 06:58:00,987,987,986,987,2710,1857162
2026-06-12 06:59:00,987,987,986,987,9803,1853448
2026-06-12 13:00:00,988,992,987,992,28668,1848982
2026-06-12 13:01:00,992,994,991,994,28646,1844704
2026-06-12 13:02:00,994,1003,993,1001,78407,1835217
2026-06-12 13:03:00,1001,1005,999,1003,59174,1825910
2026-06-12 13:04:00,1003,1004,1001,1002,35230,1822830
2026-06-12 13:05:00,1002,1005,1002,1004,46766,1822871
2026-06-12 13:06:00,1004,1006,1003,1005,35408,1823374
2026-06-12 13:07:00,1005,1006,1003,1003,18044,1824718
2026-06-12 13:08:00,1003,1004,1000,1001,25810,1825939
2026-06-12 13:09:00,1001,1004,1000,1004,22474,1826178
2026-06-12 13:10:00,1004,1005,1003,1005,14213,1826709
2026-06-12 13:11:00,1005,1005,1003,1004,11852,1828120
2026-06-12 13:12:00,1004,1005,1003,1004,8810,1828099
2026-06-12 13:13:00,1004,1005,1003,1003,11139,1827708
2026-06-12 13:14:00,1003,1004,1003,1003,5243,1827552
2026-06-12 13:15:00,1003,1005,1003,1004,9547,1826623
2026-06-12 13:16:00,1004,1006,1004,1005,19765,1823968
2026-06-12 13:17:00,1005,1006,1003,1003,8999,1823269
2026-06-12 13:18:00,1003,1005,1003,1004,8610,1823241
2026-06-12 13:19:00,1004,1004,1003,1003,2765,1822612
2026-06-12 13:20:00,1003,1004,1002,1002,10166,1820125
2026-06-12 13:21:00,1002,1003,1001,1001,10980,1817891
2026-06-12 13:22:00,1001,1003,1001,1001,13689,1815410
2026-06-12 13:23:00,1001,1003,1001,1003,6387,1815277
2026-06-12 13:24:00,1003,1004,1002,1003,8204,1816009
2026-06-12 13:25:00,1003,1004,1003,1004,2355,1816835
2026-06-12 13:26:00,1004,1004,1003,1004,2508,1816848
2026-06-12 13:27:00,1004,1005,1003,1005,6694,1817800
2026-06-12 13:28:00,1005,1005,1004,1004,6738,1817951
2026-06-12 13:29:00,1004,1005,1004,1005,9331,1818657
2026-06-12 13:30:00,1005,1008,1005,1007,22311,1815257
2026-06-12 13:31:00,1007,1008,1006,1006,12228,1816010
2026-06-12 13:32:00,1006,1007,1006,1006,8697,1816312
2026-06-12 13:33:00,1006,1007,1005,1005,5964,1815495
2026-06-12 13:34:00,1005,1006,1004,1004,5059,1814640
2026-06-12 13:35:00,1004,1005,1004,1004,3612,1814216
2026-06-12 13:36:00,1004,1005,1003,1005,9899,1811345
2026-06-12 13:37:00,1005,1006,1004,1005,4722,1811420
2026-06-12 13:38:00,1005,1006,1005,1005,1310,1811123
2026-06-12 13:39:00,1005,1007,1005,1005,6292,1810406
2026-06-12 13:40:00,1005,1007,1005,1007,5233,1809902
2026-06-12 13:41:00,1007,1007,1006,1006,5456,1809648
2026-06-12 13:42:00,1006,1007,1006,1006,5709,1809139
2026-06-12 13:43:00,1006,1007,1006,1007,1927,1808459
2026-06-12 13:44:00,1007,1007,1005,1005,3817,1808057
2026-06-12 13:45:00,1005,1006,1005,1005,2327,1808130
2026-06-12 13:46:00,1005,1006,1005,1005,1407,1807722
2026-06-12 13:47:00,1005,1006,1005,1006,925,1807493
2026-06-12 13:48:00,1006,1006,1005,1005,1473,1807537
2026-06-12 13:49:00,1005,1006,1004,1005,7762,1804436
2026-06-12 13:50:00,1005,1005,1004,1004,2020,1804041
2026-06-12 13:51:00,1004,1006,1004,1006,7170,1803030
2026-06-12 13:52:00,1006,1007,1005,1006,8348,1802856
2026-06-12 13:53:00,1006,1007,1006,1007,2166,1802817
2026-06-12 13:54:00,1007,1008,1006,1007,7324,1803321
2026-06-12 13:55:00,1007,1007,1006,1007,1279,1803345
2026-06-12 13:56:00,1007,1007,1006,1006,1722,1802900
2026-06-12 13:57:00,1006,1007,1005,1005,4346,1802689
2026-06-12 13:58:00,1005,1007,1005,1007,5050,1801055
2026-06-12 13:59:00,1007,1007,1006,1006,1889,1800598
2026-06-12 14:00:00,1006,1007,1006,1007,1289,1800306
2026-06-12 14:01:00,1007,1007,1006,1007,1481,1799787
2026-06-12 14:02:00,1007,1007,1006,1006,1567,1799455
2026-06-12 14:03:00,1006,1008,1006,1007,6413,1797655
2026-06-12 14:04:00,1007,1008,1007,1007,3577,1797808
2026-06-12 14:05:00,1007,1008,1007,1008,2896,1797839
2026-06-12 14:06:00,1008,1008,1007,1008,2820,1796980
2026-06-12 14:07:00,1008,1009,1007,1008,15246,1796733
2026-06-12 14:08:00,1008,1009,1007,1008,6505,1796166
2026-06-12 14:09:00,1008,1009,1007,1008,5147,1795132
2026-06-12 14:10:00,1008,1008,1007,1007,2181,1794809
2026-06-12 14:11:00,1007,1008,1007,1008,1634,1794982
2026-06-12 14:12:00,1008,1009,1007,1009,7578,1794420
2026-06-12 14:13:00,1009,1009,1008,1008,1877,1794433
2026-06-12 14:14:00,1008,1010,1008,1009,15832,1794681
2026-06-12 14:15:00,1009,1010,1008,1009,16659,1792981
2026-06-12 14:16:00,1009,1010,1009,1010,4553,1791780
2026-06-12 14:17:00,1010,1010,1008,1009,7083,1790149
2026-06-12 14:18:00,1009,1010,1008,1009,4356,1790449
2026-06-12 14:19:00,1009,1010,1008,1009,4322,1791055
2026-06-12 14:20:00,1009,1010,1008,1009,1936,1791008
2026-06-12 14:21:00,1009,1009,1007,1008,5640,1788980
2026-06-12 14:22:00,1008,1009,1006,1006,11640,1787800
2026-06-12 14:23:00,1006,1007,1006,1006,7076,1785901
2026-06-12 14:24:00,1006,1008,1006,1007,6215,1785496
2026-06-12 14:25:00,1007,1008,1007,1007,2160,1785489
2026-06-12 14:26:00,1007,1008,1007,1007,1346,1785396
2026-06-12 14:27:00,1007,1008,1007,1008,1088,1785046
2026-06-12 14:28:00,1008,1008,1007,1007,1034,1784999
2026-06-12 14:29:00,1007,1008,1007,1007,1213,1784910
2026-06-12 14:30:00,1007,1008,1006,1006,5858,1784861
2026-06-12 14:31:00,1006,1007,1006,1006,2102,1784720
2026-06-12 14:32:00,1006,1007,1006,1006,1154,1784495
2026-06-12 14:33:00,1006,1007,1005,1006,6517,1784592
2026-06-12 14:34:00,1006,1007,1006,1006,768,1784541
2026-06-12 14:35:00,1006,1008,1006,1007,7753,1781770
2026-06-12 14:36:00,1007,1008,1007,1007,640,1781871
2026-06-12 14:37:00,1007,1008,1006,1006,3466,1780007
2026-06-12 14:38:00,1006,1008,1006,1007,1757,1779985
2026-06-12 14:39:00,1007,1008,1007,1007,854,1780254
2026-06-12 14:40:00,1007,1008,1007,1007,1120,1779822
2026-06-12 14:41:00,1007,1008,1007,1007,937,1779435
2026-06-12 14:42:00,1007,1008,1007,1007,624,1779293
2026-06-12 14:43:00,1007,1009,1007,1007,5609,1778702
2026-06-12 14:44:00,1007,1008,1007,1008,731,1778743
2026-06-12 14:45:00,1008,1008,1007,1007,703,1778682
2026-06-12 14:46:00,1007,1008,1007,1008,935,1778914
2026-06-12 14:47:00,1008,1008,1007,1007,2092,1778372
2026-06-12 14:48:00,1007,1008,1007,1008,1222,1778043
2026-06-12 14:49:00,1008,1009,1007,1008,4009,1776980
2026-06-12 14:50:00,1008,1008,1007,1007,1980,1775938
2026-06-12 14:51:00,1007,1008,1007,1008,1045,1775670
2026-06-12 14:52:00,1008,1008,1007,1008,1339,1774987
2026-06-12 14:53:00,1008,1008,1007,1008,1338,1774360
2026-06-12 14:54:00,1008,1008,1007,1007,7116,1770658
2026-06-12 14:55:00,1007,1008,1006,1006,3680,1769876
2026-06-12 14:56:00,1006,1007,1006,1007,3683,1769562
2026-06-12 14:57:00,1007,1007,1006,1006,2810,1767796
2026-06-12 14:58:00,1006,1007,1006,1006,3460,1767022
2026-06-12 14:59:00,1006,1008,1006,1008,10098,1761270
2026-06-15 01:00:00,1008,1010,1002,1002,41287,1748798
2026-06-15 01:01:00,1002,1005,1002,1004,17767,1745457
2026-06-15 01:02:00,1004,1004,1002,1003,15183,1741739
2026-06-15 01:03:00,1003,1003,1000,1001,30464,1743470
2026-06-15 01:04:00,1001,1002,1000,1002,10183,1743240
2026-06-15 01:05:00,1002,1002,1000,1001,10686,1742373
2026-06-15 01:06:00,1001,1002,1000,1000,7199,1742716
2026-06-15 01:07:00,1000,1001,999,1000,14132,1745145
2026-06-15 01:08:00,1000,1001,999,1000,13152,1744014
2026-06-15 01:09:00,1000,1001,999,999,10750,1742579
2026-06-15 01:10:00,999,1001,999,1000,6070,1742649
2026-06-15 01:11:00,1000,1000,999,1000,5467,1742096
2026-06-15 01:12:00,1000,1000,999,1000,3423,1742597
2026-06-15 01:13:00,1000,1000,999,1000,4357,1742114
2026-06-15 01:14:00,1000,1000,999,1000,4404,1741254
2026-06-15 01:15:00,1000,1002,999,1002,13315,1737461
2026-06-15 01:16:00,1002,1002,1000,1002,4975,1737805
2026-06-15 01:17:00,1002,1002,1001,1002,3779,1737261
2026-06-15 01:18:00,1002,1002,1001,1001,3293,1737816
2026-06-15 01:19:00,1001,1002,1000,1002,7984,1737385
2026-06-15 01:20:00,1002,1002,1001,1001,1818,1736676
2026-06-15 01:21:00,1001,1003,1001,1003,7969,1735925
2026-06-15 01:22:00,1003,1003,1000,1001,7724,1735882
2026-06-15 01:23:00,1001,1002,1000,1001,4730,1734860
2026-06-15 01:24:00,1001,1002,1000,1002,1687,1734022
2026-06-15 01:25:00,1002,1004,1001,1003,12486,1734356
2026-06-15 01:26:00,1003,1005,1003,1005,8815,1734054
2026-06-15 01:27:00,1005,1005,1003,1005,9426,1735373
2026-06-15 01:28:00,1005,1005,1004,1004,3233,1735371
2026-06-15 01:29:00,1004,1005,1004,1004,1851,1735467
2026-06-15 01:30:00,1004,1005,1002,1002,9688,1734280
2026-06-15 01:31:00,1002,1003,1002,1002,1295,1734235
2026-06-15 01:32:00,1002,1004,1002,1003,6322,1734123
2026-06-15 01:33:00,1003,1003,1002,1003,2002,1733689
2026-06-15 01:34:00,1003,1004,1003,1004,701,1733331
2026-06-15 01:35:00,1004,1005,1003,1003,5933,1733135
2026-06-15 01:36:00,1003,1005,1003,1004,3868,1733057
2026-06-15 01:37:00,1004,1004,1003,1004,1543,1733313
2026-06-15 01:38:00,1004,1004,1003,1004,1080,1733150
2026-06-15 01:39:00,1004,1004,1003,1004,597,1733074
2026-06-15 01:40:00,1004,1004,1002,1004,4987,1734102
2026-06-15 01:41:00,1004,1004,1003,1003,1093,1734290
2026-06-15 01:42:00,1003,1004,1003,1003,548,1734145
2026-06-15 01:43:00,1003,1004,1002,1002,4774,1732723
2026-06-15 01:44:00,1002,1004,1002,1003,4591,1730934
2026-06-15 01:45:00,1003,1005,1003,1004,3061,1731125
2026-06-15 01:46:00,1004,1005,1003,1004,5090,1731009
2026-06-15 01:47:00,1004,1005,1004,1004,1555,1730960
2026-06-15 01:48:00,1004,1005,1004,1005,1089,1730836
2026-06-15 01:49:00,1005,1005,1004,1005,614,1730849
2026-06-15 01:50:00,1005,1005,1003,1004,2534,1730719
2026-06-15 01:51:00,1004,1005,1003,1005,1728,1730173
2026-06-15 01:52:00,1005,1005,1003,1004,3222,1731591
2026-06-15 01:53:00,1004,1005,1004,1004,1448,1731479
2026-06-15 01:54:00,1004,1005,1004,1005,936,1731605
2026-06-15 01:55:00,1005,1005,1004,1004,840,1731592
2026-06-15 01:56:00,1004,1005,1004,1005,939,1731263
2026-06-15 01:57:00,1005,1005,1004,1004,1058,1731039
2026-06-15 01:58:00,1004,1005,1004,1004,669,1731013
2026-06-15 01:59:00,1004,1005,1004,1005,495,1730961
2026-06-15 02:00:00,1005,1006,1004,1006,6429,1732211
2026-06-15 02:01:00,1006,1007,1005,1007,5482,1731348
2026-06-15 02:02:00,1007,1007,1005,1006,6183,1729231
2026-06-15 02:03:00,1006,1007,1006,1006,2740,1729078
2026-06-15 02:04:00,1006,1007,1006,1007,3023,1729960
2026-06-15 02:05:00,1007,1008,1005,1008,11733,1731685
2026-06-15 02:06:00,1008,1008,1006,1006,7806,1731084
2026-06-15 02:07:00,1006,1007,1005,1007,4564,1731472
2026-06-15 02:08:00,1007,1007,1005,1006,3355,1730923
2026-06-15 02:09:00,1006,1007,1005,1006,4403,1731109
2026-06-15 02:10:00,1006,1006,1005,1006,987,1731043
2026-06-15 02:11:00,1006,1006,1005,1006,753,1730787
2026-06-15 02:12:00,1006,1007,1005,1006,5386,1731028
2026-06-15 02:13:00,1006,1006,1005,1006,751,1731334
2026-06-15 02:14:00,1006,1006,1004,1004,5068,1732056
2026-06-15 02:30:00,1004,1011,1004,1009,36966,1733609
2026-06-15 02:31:00,1009,1009,1008,1009,4341,1732746
2026-06-15 02:32:00,1009,1010,1007,1009,10618,1734181
2026-06-15 02:33:00,1009,1010,1008,1009,4248,1733386
2026-06-15 02:34:00,1009,1010,1007,1007,9234,1732193
2026-06-15 02:35:00,1007,1009,1006,1008,6665,1734138
2026-06-15 02:36:00,1008,1009,1007,1009,4705,1734971
2026-06-15 02:37:00,1009,1009,1008,1008,1718,1735593
2026-06-15 02:38:00,1008,1010,1008,1010,5887,1737209
2026-06-15 02:39:00,1010,1011,1009,1010,12451,1740762
2026-06-15 02:40:00,1010,1011,1009,1010,6475,1741507
2026-06-15 02:41:00,1010,1011,1009,1010,4925,1742445
2026-06-15 02:42:00,1010,1011,1010,1010,1771,1742889
2026-06-15 02:43:00,1010,1011,1009,1010,5998,1742034
2026-06-15 02:44:00,1010,1014,1010,1014,22472,1743239
2026-06-15 02:45:00,1014,1015,1013,1014,23531,1739320
2026-06-15 02:46:00,1014,1017,1014,1015,19720,1738514
2026-06-15 02:47:00,1015,1020,1015,1018,41642,1737011
2026-06-15 02:48:00,1018,1019,1017,1018,27486,1740106
2026-06-15 02:49:00,1018,1019,1015,1016,14400,1737568
2026-06-15 02:50:00,1016,1017,1014,1015,13710,1738155
2026-06-15 02:51:00,1015,1017,1015,1016,11624,1738069
2026-06-15 02:52:00,1016,1017,1015,1016,5092,1738661
2026-06-15 02:53:00,1016,1018,1016,1017,8963,1739717
2026-06-15 02:54:00,1017,1018,1016,1017,4428,1738712
2026-06-15 02:55:00,1017,1018,1016,1017,6486,1740120
2026-06-15 02:56:00,1017,1018,1016,1016,6310,1740580
2026-06-15 02:57:00,1016,1018,1016,1017,7826,1741557
2026-06-15 02:58:00,1017,1018,1015,1015,9043,1742069
2026-06-15 02:59:00,1015,1017,1015,1017,4521,1742099
2026-06-15 03:00:00,1017,1017,1016,1017,4310,1742079
2026-06-15 03:01:00,1017,1018,1016,1017,7426,1740693
2026-06-15 03:02:00,1017,1019,1017,1019,12033,1743903
2026-06-15 03:03:00,1019,1019,1017,1019,9956,1745908
2026-06-15 03:04:00,1019,1019,1017,1018,4891,1744783
2026-06-15 03:05:00,1018,1018,1015,1015,10161,1742136
2026-06-15 03:06:00,1015,1017,1015,1016,3164,1741818
2026-06-15 03:07:00,1016,1017,1016,1016,1779,1741606
2026-06-15 03:08:00,1016,1017,1016,1016,3206,1742414
2026-06-15 03:09:00,1016,1017,1016,1016,1611,1742637
2026-06-15 03:10:00,1016,1017,1015,1015,5742,1742748
2026-06-15 03:11:00,1015,1017,1015,1015,3776,1741750
2026-06-15 03:12:00,1015,1016,1014,1014,6476,1739731
2026-06-15 03:13:00,1014,1015,1013,1013,10931,1739681
2026-06-15 03:14:00,1013,1014,1013,1014,1493,1739666
2026-06-15 03:15:00,1014,1014,1013,1013,2616,1739818
2026-06-15 03:16:00,1013,1015,1013,1015,3745,1738683
2026-06-15 03:17:00,1015,1015,1013,1013,4703,1738178
2026-06-15 03:18:00,1013,1015,1013,1013,4842,1738715
2026-06-15 03:19:00,1013,1014,1012,1013,9502,1737397
2026-06-15 03:20:00,1013,1014,1012,1013,5284,1735871
2026-06-15 03:21:00,1013,1014,1013,1013,1069,1735757
2026-06-15 03:22:00,1013,1014,1013,1013,1581,1735469
2026-06-15 03:23:00,1013,1018,1013,1017,23492,1731587
2026-06-15 03:24:00,1017,1019,1017,1018,7819,1731572
2026-06-15 03:25:00,1018,1018,1016,1016,4854,1730742
2026-06-15 03:26:00,1016,1018,1016,1017,5270,1731038
2026-06-15 03:27:00,1017,1018,1017,1018,3392,1732061
2026-06-15 03:28:00,1018,1018,1016,1017,5359,1732629
2026-06-15 03:29:00,1017,1019,1017,1018,11655,1732869
2026-06-15 05:30:00,1018,1018,1016,1017,14782,1731552
2026-06-15 05:31:00,1017,1019,1017,1019,9569,1731748
2026-06-15 05:32:00,1019,1019,1017,1018,6336,1730936
2026-06-15 05:33:00,1018,1018,1017,1018,5053,1728196
2026-06-15 05:34:00,1018,1018,1016,1016,7201,1727452
2026-06-15 05:35:00,1016,1018,1016,1017,4826,1728080
2026-06-15 05:36:00,1017,1017,1015,1016,8091,1726982
2026-06-15 05:37:00,1016,1017,1016,1016,3444,1727022
2026-06-15 05:38:00,1016,1017,1016,1016,2588,1726851
2026-06-15 05:39:00,1016,1017,1014,1014,13098,1723420
2026-06-15 05:40:00,1014,1015,1014,1015,4163,1721706
2026-06-15 05:41:00,1015,1016,1014,1015,8015,1722531
2026-06-15 05:42:00,1015,1016,1015,1015,3587,1721871
2026-06-15 05:43:00,1015,1016,1013,1014,8833,1721761
2026-06-15 05:44:00,1014,1014,1013,1014,4714,1722919
2026-06-15 05:45:00,1014,1014,1012,1014,6508,1722757
2026-06-15 05:46:00,1014,1014,1013,1013,1631,1722561
2026-06-15 05:47:00,1013,1014,1012,1013,7107,1722800
2026-06-15 05:48:00,1013,1013,1012,1012,2864,1722990
2026-06-15 05:49:00,1012,1014,1012,1013,4705,1724226
2026-06-15 05:50:00,1013,1015,1013,1014,7142,1724558
2026-06-15 05:51:00,1014,1015,1014,1014,1773,1724687
2026-06-15 05:52:00,1014,1015,1014,1015,965,1724940
2026-06-15 05:53:00,1015,1016,1014,1016,2640,1725333
2026-06-15 05:54:00,1016,1016,1015,1016,1243,1725645
2026-06-15 05:55:00,1016,1016,1015,1015,5229,1725037
2026-06-15 05:56:00,1015,1016,1015,1015,925,1724902
2026-06-15 05:57:00,1015,1016,1015,1015,593,1724914
2026-06-15 05:58:00,1015,1016,1015,1015,1046,1724802
2026-06-15 05:59:00,1015,1016,1015,1015,1377,1724986
2026-06-15 06:00:00,1015,1016,1015,1015,1288,1724801
2026-06-15 06:01:00,1015,1016,1014,1015,4531,1722166
2026-06-15 06:02:00,1015,1016,1014,1015,4097,1722645
2026-06-15 06:03:00,1015,1016,1015,1016,707,1722687
2026-06-15 06:04:00,1016,1017,1015,1016,9700,1721456
2026-06-15 06:05:00,1016,1016,1015,1015,848,1721374
2026-06-15 06:06:00,1015,1016,1015,1015,1125,1721647
2026-06-15 06:07:00,1015,1016,1015,1015,562,1721762
2026-06-15 06:08:00,1015,1017,1015,1017,3526,1720881
2026-06-15 06:09:00,1017,1017,1015,1016,3052,1721149
2026-06-15 06:10:00,1016,1017,1015,1015,1516,1721070
2026-06-15 06:11:00,1015,1016,1015,1016,927,1721051
2026-06-15 06:12:00,1016,1016,1015,1015,617,1721134
2026-06-15 06:13:00,1015,1016,1014,1014,4753,1719473
2026-06-15 06:14:00,1014,1016,1014,1016,2039,1719774
2026-06-15 06:15:00,1016,1016,1014,1014,2270,1719963
2026-06-15 06:16:00,1014,1016,1014,1016,1111,1719948
2026-06-15 06:17:00,1016,1016,1015,1015,1016,1719914
2026-06-15 06:18:00,1015,1016,1015,1015,813,1719826
2026-06-15 06:19:00,1015,1016,1015,1016,376,1719908
2026-06-15 06:20:00,1016,1016,1015,1015,2010,1719040
2026-06-15 06:21:00,1015,1016,1015,1015,2593,1718511
2026-06-15 06:22:00,1015,1015,1014,1015,1807,1718352
2026-06-15 06:23:00,1015,1016,1014,1015,2469,1717852
2026-06-15 06:24:00,1015,1016,1014,1015,3365,1717631
2026-06-15 06:25:00,1015,1016,1015,1016,1405,1717750
2026-06-15 06:26:00,1016,1016,1014,1015,2908,1717714
2026-06-15 06:27:00,1015,1016,1014,1015,2563,1717467
2026-06-15 06:28:00,1015,1016,1014,1014,2329,1717462
2026-06-15 06:29:00,1014,1015,1014,1014,819,1717281
2026-06-15 06:30:00,1014,1015,1014,1015,637,1717062
2026-06-15 06:31:00,1015,1015,1014,1014,847,1716956
2026-06-15 06:32:00,1014,1015,1014,1015,1177,1716186
2026-06-15 06:33:00,1015,1015,1014,1014,1153,1715470
2026-06-15 06:34:00,1014,1014,1013,1014,7003,1713277
2026-06-15 06:35:00,1014,1014,1013,1014,7522,1713368
2026-06-15 06:36:00,1014,1015,1013,1014,2264,1712408
2026-06-15 06:37:00,1014,1014,1013,1013,1519,1712079
2026-06-15 06:38:00,1013,1014,1013,1013,1436,1711581
2026-06-15 06:39:00,1013,1014,1013,1014,706,1711536
2026-06-15 06:40:00,1014,1014,1012,1012,5203,1709930
2026-06-15 06:41:00,1012,1014,1012,1014,2333,1710318
2026-06-15 06:42:00,1014,1015,1013,1015,3357,1709265
2026-06-15 06:43:00,1015,1015,1014,1015,1199,1709320
2026-06-15 06:44:00,1015,1015,1013,1014,3333,1708796
2026-06-15 06:45:00,1014,1015,1013,1013,3435,1709124
2026-06-15 06:46:00,1013,1015,1013,1015,2202,1708809
2026-06-15 06:47:00,1015,1015,1014,1014,1315,1708656
2026-06-15 06:48:00,1014,1016,1014,1015,3568,1709349
2026-06-15 06:49:00,1015,1016,1014,1015,2808,1709072
2026-06-15 06:50:00,1015,1016,1014,1014,4767,1708405
2026-06-15 06:51:00,1014,1015,1014,1014,1339,1708177
2026-06-15 06:52:00,1014,1015,1014,1015,2330,1708177
2026-06-15 06:53:00,1015,1016,1014,1016,7575,1705631
2026-06-15 06:54:00,1016,1016,1015,1015,1848,1705426
2026-06-15 06:55:00,1015,1016,1014,1015,5712,1704181
2026-06-15 06:56:00,1015,1015,1014,1015,2726,1704180
2026-06-15 06:57:00,1015,1015,1014,1015,2545,1703861
2026-06-15 06:58:00,1015,1015,1013,1015,13755,1696926
2026-06-15 06:59:00,1015,1015,1013,1014,11518,1693791
