datetime,open,high,low,close,volume,open_interest
2026-06-01 01:00:00,1051,1053,1049,1051,18111.0,1323219.0
2026-06-01 01:01:00,1051,1052,1050,1050,7746.0,1324035.0
2026-06-01 01:02:00,1050,1051,1048,1049,7067.0,1324653.0
2026-06-01 01:03:00,1049,1049,1046,1046,10046.0,1325862.0
2026-06-01 01:04:00,1046,1048,1046,1047,9216.0,1326788.0
2026-06-01 01:05:00,1047,1049,1046,1048,6281.0,1327571.0
2026-06-01 01:06:00,1048,1050,1048,1049,6366.0,1328026.0
2026-06-01 01:07:00,1049,1049,1047,1048,5107.0,1328582.0
2026-06-01 01:08:00,1048,1049,1047,1047,3278.0,1328903.0
2026-06-01 01:09:00,1047,1048,1046,1046,7466.0,1330362.0
2026-06-01 01:10:00,1046,1047,1046,1046,2661.0,1330211.0
2026-06-01 01:11:00,1046,1047,1045,1046,6218.0,1331139.0
2026-06-01 01:12:00,1046,1048,1046,1048,3251.0,1331563.0
2026-06-01 01:13:00,1048,1048,1046,1048,3874.0,1330836.0
2026-06-01 01:14:00,1048,1048,1047,1048,1138.0,1330622.0
2026-06-01 01:15:00,1048,1048,1047,1047,1891.0,1331190.0
2026-06-01 01:16:00,1047,1048,1046,1048,4302.0,1331649.0
2026-06-01 01:17:00,1048,1048,1047,1047,892.0,1331215.0
2026-06-01 01:18:00,1047,1048,1047,1047,1721.0,1331131.0
2026-06-01 01:19:00,1047,1048,1047,1048,1258.0,1331037.0
2026-06-01 01:20:00,1048,1048,1047,1048,2382.0,1330207.0
2026-06-01 01:21:00,1048,1048,1047,1047,941.0,1329832.0
2026-06-01 01:22:00,1047,1049,1047,1049,2488.0,1329571.0
2026-06-01 01:23:00,1049,1051,1048,1051,13505.0,1333239.0
2026-06-01 01:24:00,1051,1052,1050,1051,4866.0,1332315.0
2026-06-01 01:25:00,1051,1052,1050,1051,3164.0,1332674.0
2026-06-01 01:26:00,1051,1054,1050,1052,7521.0,1332756.0
2026-06-01 01:27:00,1052,1053,1052,1052,4023.0,1332456.0
2026-06-01 01:28:00,1052,1053,1052,1053,1747.0,1332953.0
2026-06-01 01:29:00,1053,1053,1051,1052,3606.0,1332792.0
2026-06-01 01:30:00,1052,1053,1051,1051,2145.0,1332556.0
2026-06-01 01:31:00,1051,1053,1051,1052,1343.0,1332137.0
2026-06-01 01:32:00,1052,1054,1052,1054,2691.0,1332816.0
2026-06-01 01:33:00,1054,1055,1054,1055,7142.0,1333348.0
2026-06-01 01:34:00,1055,1055,1053,1054,5081.0,1334694.0
2026-06-01 01:35:00,1054,1055,1054,1054,4628.0,1334369.0
2026-06-01 01:36:00,1054,1055,1053,1054,2755.0,1334340.0
2026-06-01 01:37:00,1054,1055,1053,1053,2054.0,1334206.0
2026-06-01 01:38:00,1053,1054,1053,1053,1627.0,1334381.0
2026-06-01 01:39:00,1053,1054,1053,1053,911.0,1334240.0
2026-06-01 01:40:00,1053,1055,1053,1055,2825.0,1334249.0
2026-06-01 01:41:00,1055,1056,1054,1056,11985.0,1339387.0
2026-06-01 01:42:00,1056,1056,1054,1054,5078.0,1339408.0
2026-06-01 01:43:00,1054,1055,1054,1054,1412.0,1339163.0
2026-06-01 01:44:00,1054,1055,1054,1055,1868.0,1338383.0
2026-06-01 01:45:00,1055,1055,1054,1055,1576.0,1338847.0
2026-06-01 01:46:00,1055,1055,1053,1054,5483.0,1338212.0
2026-06-01 01:47:00,1054,1056,1054,1056,2903.0,1337936.0
2026-06-01 01:48:00,1056,1056,1054,1056,2462.0,1337163.0
2026-06-01 01:49:00,1056,1056,1055,1056,2071.0,1337028.0
2026-06-01 01:50:00,1056,1056,1053,1054,3887.0,1337522.0
2026-06-01 01:51:00,1054,1056,1054,1054,3369.0,1338286.0
2026-06-01 01:52:00,1054,1055,1054,1054,1061.0,1338169.0
2026-06-01 01:53:00,1054,1056,1054,1055,2241.0,1338313.0
2026-06-01 01:54:00,1055,1056,1055,1055,1072.0,1338326.0
2026-06-01 01:55:00,1055,1056,1055,1055,1578.0,1338011.0
2026-06-01 01:56:00,1055,1056,1055,1056,759.0,1337870.0
2026-06-01 01:57:00,1056,1056,1055,1056,881.0,1337856.0
2026-06-01 01:58:00,1056,1056,1055,1056,1041.0,1337713.0
2026-06-01 01:59:00,1056,1056,1055,1056,1059.0,1337710.0
2026-06-01 02:00:00,1056,1056,1055,1056,833.0,1337529.0
2026-06-01 02:01:00,1056,1056,1055,1056,745.0,1337403.0
2026-06-01 02:02:00,1056,1056,1055,1056,1068.0,1336952.0
2026-06-01 02:03:00,1056,1057,1055,1057,3648.0,1335838.0
2026-06-01 02:04:00,1057,1057,1056,1057,1531.0,1335462.0
2026-06-01 02:05:00,1057,1057,1056,1057,1155.0,1335216.0
2026-06-01 02:06:00,1057,1058,1056,1058,4843.0,1334508.0
2026-06-01 02:07:00,1058,1060,1057,1060,13127.0,1333346.0
2026-06-01 02:08:00,1060,1060,1058,1059,6952.0,1332757.0
2026-06-01 02:09:00,1059,1060,1058,1058,4384.0,1332658.0
2026-06-01 02:10:00,1058,1060,1058,1060,3039.0,1333481.0
2026-06-01 02:11:00,1060,1060,1058,1059,4531.0,1334078.0
2026-06-01 02:12:00,1059,1059,1057,1059,6429.0,1334366.0
2026-06-01 02:13:00,1059,1059,1056,1057,6413.0,1333795.0
2026-06-01 02:14:00,1057,1058,1057,1058,2031.0,1333149.0
2026-06-01 02:30:00,1057,1058,1056,1056,5520.0,1331842.0
2026-06-01 02:31:00,1056,1057,1056,1056,3676.0,1331291.0
2026-06-01 02:32:00,1056,1058,1056,1058,2558.0,1331743.0
2026-06-01 02:33:00,1058,1058,1056,1056,1818.0,1331895.0
2026-06-01 02:34:00,1056,1057,1055,1055,3474.0,1331467.0
2026-06-01 02:35:00,1055,1056,1054,1055,5306.0,1331264.0
2026-06-01 02:36:00,1055,1057,1054,1056,3084.0,1332073.0
2026-06-01 02:37:00,1056,1056,1055,1055,1647.0,1332300.0
2026-06-01 02:38:00,1055,1056,1055,1056,777.0,1332399.0
2026-06-01 02:39:00,1056,1056,1055,1055,731.0,1332234.0
2026-06-01 02:40:00,1055,1056,1054,1054,2190.0,1331691.0
2026-06-01 02:41:00,1054,1055,1053,1054,3996.0,1331201.0
2026-06-01 02:42:00,1054,1055,1053,1054,3740.0,1330604.0
2026-06-01 02:43:00,1054,1056,1053,1055,4228.0,1330209.0
2026-06-01 02:44:00,1055,1056,1054,1055,876.0,1330065.0
2026-06-01 02:45:00,1055,1055,1054,1054,1998.0,1329764.0
2026-06-01 02:46:00,1054,1055,1054,1054,628.0,1329716.0
2026-06-01 02:47:00,1054,1055,1054,1054,723.0,1329648.0
2026-06-01 02:48:00,1054,1055,1053,1054,2903.0,1330368.0
2026-06-01 02:49:00,1054,1055,1054,1055,1701.0,1331037.0
2026-06-01 02:50:00,1055,1058,1054,1057,8941.0,1332763.0
2026-06-01 02:51:00,1057,1058,1056,1057,3046.0,1333385.0
2026-06-01 02:52:00,1057,1058,1056,1057,2169.0,1333779.0
2026-06-01 02:53:00,1057,1057,1056,1057,840.0,1334158.0
2026-06-01 02:54:00,1057,1058,1056,1058,1659.0,1334884.0
2026-06-01 02:55:00,1058,1059,1057,1058,8941.0,1339304.0
2026-06-01 02:56:00,1058,1058,1057,1058,955.0,1339945.0
2026-06-01 02:57:00,1058,1058,1057,1058,942.0,1340107.0
2026-06-01 02:58:00,1058,1058,1056,1057,1775.0,1340463.0
2026-06-01 02:59:00,1057,1058,1057,1058,1005.0,1340626.0
2026-06-01 03:00:00,1058,1058,1057,1057,418.0,1340629.0
2026-06-01 03:01:00,1057,1059,1057,1059,2280.0,1340244.0
2026-06-01 03:02:00,1059,1059,1057,1058,1479.0,1340284.0
2026-06-01 03:03:00,1058,1058,1057,1058,488.0,1340414.0
2026-06-01 03:04:00,1058,1058,1057,1058,1025.0,1340328.0
2026-06-01 03:05:00,1058,1058,1057,1057,1760.0,1339509.0
2026-06-01 03:06:00,1057,1058,1057,1058,844.0,1339370.0
2026-06-01 03:07:00,1058,1058,1057,1058,429.0,1339250.0
2026-06-01 03:08:00,1058,1058,1057,1058,707.0,1339326.0
2026-06-01 03:09:00,1058,1058,1057,1057,2238.0,1339537.0
2026-06-01 03:10:00,1057,1058,1057,1058,817.0,1339799.0
2026-06-01 03:11:00,1058,1058,1057,1058,825.0,1339575.0
2026-06-01 03:12:00,1058,1058,1057,1058,490.0,1339807.0
2026-06-01 03:13:00,1058,1058,1057,1057,336.0,1339810.0
2026-06-01 03:14:00,1057,1058,1057,1057,588.0,1339689.0
2026-06-01 03:15:00,1057,1058,1057,1057,1595.0,1339438.0
2026-06-01 03:16:00,1057,1057,1056,1056,776.0,1338957.0
2026-06-01 03:17:00,1056,1057,1054,1056,6458.0,1338772.0
2026-06-01 03:18:00,1056,1056,1055,1055,718.0,1338523.0
2026-06-01 03:19:00,1055,1056,1055,1055,897.0,1338664.0
2026-06-01 03:20:00,1055,1056,1054,1054,1681.0,1337682.0
2026-06-01 03:21:00,1054,1056,1054,1054,1527.0,1337760.0
2026-06-01 03:22:00,1054,1055,1054,1054,521.0,1337657.0
2026-06-01 03:23:00,1054,1055,1054,1055,987.0,1337755.0
2026-06-01 03:24:00,1055,1055,1054,1055,648.0,1337457.0
2026-06-01 03:25:00,1055,1055,1054,1054,823.0,1337206.0
2026-06-01 03:26:00,1054,1056,1054,1056,2821.0,1338190.0
2026-06-01 03:27:00,1056,1057,1055,1056,3575.0,1336470.0
2026-06-01 03:28:00,1056,1057,1056,1056,922.0,1336738.0
2026-06-01 03:29:00,1056,1057,1056,1056,1479.0,1336356.0
2026-06-01 05:30:00,1057,1058,1055,1056,4804.0,1335924.0
2026-06-01 05:31:00,1056,1056,1055,1056,1307.0,1335890.0
2026-06-01 05:32:00,1056,1056,1055,1056,664.0,1335893.0
2026-06-01 05:33:00,1056,1057,1055,1057,1963.0,1335790.0
2026-06-01 05:34:00,1057,1057,1056,1056,541.0,1335812.0
2026-06-01 05:35:00,1056,1057,1055,1056,1150.0,1335347.0
2026-06-01 05:36:00,1056,1056,1055,1056,453.0,1335288.0
2026-06-01 05:37:00,1056,1056,1055,1055,547.0,1335446.0
2026-06-01 05:38:00,1055,1056,1055,1055,602.0,1335356.0
2026-06-01 05:39:00,1055,1056,1055,1056,323.0,1335246.0
2026-06-01 05:40:00,1056,1056,1055,1055,2279.0,1334641.0
2026-06-01 05:41:00,1055,1055,1054,1055,636.0,1334647.0
2026-06-01 05:42:00,1055,1056,1054,1056,1736.0,1334068.0
2026-06-01 05:43:00,1056,1056,1055,1055,351.0,1334228.0
2026-06-01 05:44:00,1055,1057,1055,1057,1865.0,1334372.0
2026-06-01 05:45:00,1057,1057,1056,1057,336.0,1334293.0
2026-06-01 05:46:00,1057,1057,1056,1057,402.0,1334286.0
2026-06-01 05:47:00,1057,1058,1056,1058,2340.0,1334442.0
2026-06-01 05:48:00,1058,1058,1057,1058,605.0,1334737.0
2026-06-01 05:49:00,1058,1061,1057,1060,19993.0,1341878.0
2026-06-01 05:50:00,1060,1060,1058,1059,4808.0,1341932.0
2026-06-01 05:51:00,1059,1060,1059,1060,2193.0,1342560.0
2026-06-01 05:52:00,1060,1061,1060,1060,8882.0,1345546.0
2026-06-01 05:53:00,1060,1061,1059,1059,4114.0,1344919.0
2026-06-01 05:54:00,1059,1060,1059,1060,1122.0,1344639.0
2026-06-01 05:55:00,1060,1060,1059,1060,881.0,1344505.0
2026-06-01 05:56:00,1060,1060,1058,1058,3874.0,1345150.0
2026-06-01 05:57:00,1058,1059,1058,1058,896.0,1345067.0
2026-06-01 05:58:00,1058,1060,1058,1059,5981.0,1344712.0
2026-06-01 05:59:00,1059,1060,1058,1059,2615.0,1344016.0
2026-06-01 06:00:00,1059,1060,1058,1060,2253.0,1344052.0
2026-06-01 06:01:00,1060,1060,1059,1059,940.0,1343924.0
2026-06-01 06:02:00,1059,1060,1059,1060,942.0,1344189.0
2026-06-01 06:03:00,1060,1060,1059,1060,2534.0,1344282.0
2026-06-01 06:04:00,1060,1060,1059,1059,847.0,1344290.0
2026-06-01 06:05:00,1059,1060,1058,1058,2919.0,1344157.0
2026-06-01 06:06:00,1058,1059,1058,1058,1349.0,1345186.0
2026-06-01 06:07:00,1058,1059,1057,1057,4005.0,1344182.0
2026-06-01 06:08:00,1057,1058,1057,1058,887.0,1344073.0
2026-06-01 06:09:00,1058,1058,1057,1057,402.0,1344013.0
2026-06-01 06:10:00,1057,1058,1057,1058,779.0,1343870.0
2026-06-01 06:11:00,1058,1058,1057,1057,2482.0,1342699.0
2026-06-01 06:12:00,1057,1058,1057,1057,2075.0,1342493.0
2026-06-01 06:13:00,1057,1058,1057,1057,401.0,1342319.0
2026-06-01 06:14:00,1057,1058,1057,1058,335.0,1342300.0
2026-06-01 06:15:00,1058,1058,1057,1058,807.0,1342517.0
2026-06-01 06:16:00,1058,1058,1057,1057,824.0,1342473.0
2026-06-01 06:17:00,1057,1058,1057,1057,974.0,1342179.0
2026-06-01 06:18:00,1057,1058,1056,1056,2911.0,1340810.0
2026-06-01 06:19:00,1056,1057,1054,1055,10762.0,1341767.0
2026-06-01 06:20:00,1055,1055,1054,1054,2533.0,1341551.0
2026-06-01 06:21:00,1054,1056,1054,1054,5472.0,1339883.0
2026-06-01 06:22:00,1054,1055,1054,1054,2675.0,1339935.0
2026-06-01 06:23:00,1054,1055,1053,1053,3830.0,1338608.0
2026-06-01 06:24:00,1053,1053,1051,1052,9738.0,1337589.0
2026-06-01 06:25:00,1052,1054,1052,1054,4037.0,1336811.0
2026-06-01 06:26:00,1054,1054,1052,1054,3852.0,1336119.0
2026-06-01 06:27:00,1054,1055,1053,1055,3170.0,1335942.0
2026-06-01 06:28:00,1055,1055,1054,1055,653.0,1335881.0
2026-06-01 06:29:00,1055,1055,1054,1054,644.0,1335799.0
2026-06-01 06:30:00,1054,1056,1054,1055,4361.0,1335021.0
2026-06-01 06:31:00,1055,1055,1054,1054,560.0,1334976.0
2026-06-01 06:32:00,1054,1055,1054,1055,538.0,1334944.0
2026-06-01 06:33:00,1055,1055,1054,1054,500.0,1334995.0
2026-06-01 06:34:00,1054,1056,1054,1055,1407.0,1335479.0
2026-06-01 06:35:00,1055,1056,1055,1056,599.0,1335232.0
2026-06-01 06:36:00,1056,1056,1054,1055,2040.0,1335229.0
2026-06-01 06:37:00,1055,1055,1054,1055,456.0,1335316.0
2026-06-01 06:38:00,1055,1055,1053,1054,2689.0,1334696.0
2026-06-01 06:39:00,1054,1055,1053,1054,1175.0,1334361.0
2026-06-01 06:40:00,1054,1055,1054,1054,641.0,1334430.0
2026-06-01 06:41:00,1054,1055,1054,1054,367.0,1334579.0
2026-06-01 06:42:00,1054,1055,1054,1055,543.0,1334489.0
2026-06-01 06:43:00,1055,1056,1055,1055,2584.0,1334940.0
2026-06-01 06:44:00,1055,1056,1054,1055,1676.0,1334692.0
2026-06-01 06:45:00,1055,1056,1054,1056,1436.0,1334853.0
2026-06-01 06:46:00,1056,1056,1055,1055,1089.0,1334551.0
2026-06-01 06:47:00,1055,1056,1055,1055,872.0,1334353.0
2026-06-01 06:48:00,1055,1056,1054,1055,1546.0,1334268.0
2026-06-01 06:49:00,1055,1056,1054,1055,2015.0,1334503.0
2026-06-01 06:50:00,1055,1056,1055,1056,770.0,1334302.0
2026-06-01 06:51:00,1056,1057,1055,1056,2607.0,1334468.0
2026-06-01 06:52:00,1056,1057,1055,1056,2793.0,1333734.0
2026-06-01 06:53:00,1056,1056,1055,1056,991.0,1333885.0
2026-06-01 06:54:00,1056,1056,1055,1055,986.0,1334064.0
2026-06-01 06:55:00,1055,1056,1055,1056,1301.0,1334053.0
2026-06-01 06:56:00,1056,1056,1055,1055,1430.0,1333788.0
2026-06-01 06:57:00,1055,1056,1055,1055,2306.0,1333080.0
2026-06-01 06:58:00,1055,1056,1055,1055,3920.0,1331750.0
2026-06-01 06:59:00,1055,1057,1055,1056,6490.0,1329631.0
2026-06-01 13:00:00,1058,1058,1051,1052,24320.0,1330489.0
2026-06-01 13:01:00,1052,1053,1052,1053,5592.0,1331505.0
2026-06-01 13:02:00,1053,1053,1050,1052,13500.0,1329318.0
2026-06-01 13:03:00,1052,1052,1049,1050,13366.0,1329314.0
2026-06-01 13:04:00,1050,1051,1049,1050,5524.0,1329985.0
2026-06-01 13:05:00,1050,1051,1050,1051,4262.0,1331534.0
2026-06-01 13:06:00,1051,1052,1050,1051,4233.0,1331729.0
2026-06-01 13:07:00,1051,1053,1051,1052,4870.0,1331378.0
2026-06-01 13:08:00,1052,1052,1051,1052,1563.0,1331636.0
2026-06-01 13:09:00,1052,1052,1051,1052,1591.0,1331629.0
2026-06-01 13:10:00,1052,1052,1051,1052,1407.0,1331450.0
2026-06-01 13:11:00,1052,1053,1051,1053,3907.0,1332844.0
2026-06-01 13:12:00,1053,1053,1051,1051,2903.0,1333010.0
2026-06-01 13:13:00,1051,1052,1051,1051,2473.0,1332794.0
2026-06-01 13:14:00,1051,1053,1050,1053,6389.0,1334115.0
2026-06-01 13:15:00,1053,1054,1052,1053,4407.0,1333900.0
2026-06-01 13:16:00,1053,1053,1052,1053,1293.0,1333763.0
2026-06-01 13:17:00,1053,1054,1052,1054,2219.0,1333533.0
2026-06-01 13:18:00,1054,1054,1052,1052,2607.0,1333312.0
2026-06-01 13:19:00,1052,1053,1052,1053,699.0,1333382.0
2026-06-01 13:20:00,1053,1054,1052,1054,2035.0,1333608.0
2026-06-01 13:21:00,1054,1054,1052,1053,1967.0,1333237.0
2026-06-01 13:22:00,1053,1054,1053,1054,683.0,1333039.0
2026-06-01 13:23:00,1054,1054,1053,1053,578.0,1332851.0
2026-06-01 13:24:00,1053,1054,1053,1054,617.0,1332673.0
2026-06-01 13:25:00,1054,1054,1053,1054,899.0,1332511.0
2026-06-01 13:26:00,1054,1054,1053,1054,630.0,1332457.0
2026-06-01 13:27:00,1054,1054,1053,1054,820.0,1332371.0
2026-06-01 13:28:00,1054,1054,1053,1054,746.0,1332429.0
2026-06-01 13:29:00,1054,1054,1053,1053,801.0,1332510.0
2026-06-01 13:30:00,1053,1054,1053,1053,529.0,1332412.0
2026-06-01 13:31:00,1053,1054,1052,1053,1402.0,1332327.0
2026-06-01 13:32:00,1053,1053,1050,1050,7705.0,1334216.0
2026-06-01 13:33:00,1050,1050,1048,1049,11735.0,1336698.0
2026-06-01 13:34:00,1049,1050,1048,1050,5805.0,1338022.0
2026-06-01 13:35:00,1050,1050,1048,1048,2870.0,1339185.0
2026-06-01 13:36:00,1048,1049,1047,1049,7901.0,1339876.0
2026-06-01 13:37:00,1049,1049,1048,1049,821.0,1339689.0
2026-06-01 13:38:00,1049,1049,1048,1048,977.0,1339580.0
2026-06-01 13:39:00,1048,1049,1048,1048,3858.0,1339835.0
2026-06-01 13:40:00,1048,1050,1048,1050,3011.0,1339575.0
2026-06-01 13:41:00,1050,1050,1049,1049,592.0,1339417.0
2026-06-01 13:42:00,1049,1050,1049,1050,598.0,1339426.0
2026-06-01 13:43:00,1050,1050,1049,1050,797.0,1339323.0
2026-06-01 13:44:00,1050,1051,1049,1051,3124.0,1338847.0
2026-06-01 13:45:00,1051,1051,1050,1050,3615.0,1338322.0
2026-06-01 13:46:00,1050,1051,1050,1051,797.0,1338660.0
2026-06-01 13:47:00,1051,1051,1050,1051,748.0,1338586.0
2026-06-01 13:48:00,1051,1051,1050,1050,432.0,1338580.0
2026-06-01 13:49:00,1050,1051,1050,1051,577.0,1338524.0
2026-06-01 13:50:00,1051,1052,1049,1052,7581.0,1338673.0
2026-06-01 13:51:00,1052,1052,1050,1051,3594.0,1338796.0
2026-06-01 13:52:00,1051,1052,1051,1052,545.0,1338825.0
2026-06-01 13:53:00,1052,1052,1051,1051,432.0,1338880.0
2026-06-01 13:54:00,1051,1052,1051,1052,368.0,1338762.0
2026-06-01 13:55:00,1052,1052,1051,1052,619.0,1338706.0
2026-06-01 13:56:00,1052,1052,1051,1052,395.0,1338449.0
2026-06-01 13:57:00,1052,1052,1051,1052,613.0,1338264.0
2026-06-01 13:58:00,1052,1052,1050,1050,1914.0,1337618.0
2026-06-01 13:59:00,1050,1051,1049,1050,3614.0,1337978.0
2026-06-01 14:00:00,1050,1050,1049,1050,2037.0,1337178.0
2026-06-01 14:01:00,1050,1050,1049,1050,1060.0,1336644.0
2026-06-01 14:02:00,1050,1050,1048,1049,2740.0,1336432.0
2026-06-01 14:03:00,1049,1049,1048,1049,1631.0,1335936.0
2026-06-01 14:04:00,1049,1049,1048,1048,1169.0,1336004.0
2026-06-01 14:05:00,1048,1049,1048,1049,1154.0,1336243.0
2026-06-01 14:06:00,1049,1050,1048,1050,1789.0,1335635.0
2026-06-01 14:07:00,1050,1050,1049,1050,474.0,1335631.0
2026-06-01 14:08:00,1050,1050,1049,1050,302.0,1335652.0
2026-06-01 14:09:00,1050,1050,1049,1049,414.0,1335574.0
2026-06-01 14:10:00,1049,1050,1049,1049,354.0,1335604.0
2026-06-01 14:11:00,1049,1050,1049,1050,211.0,1335656.0
2026-06-01 14:12:00,1050,1050,1049,1049,122.0,1335673.0
2026-06-01 14:13:00,1049,1050,1049,1050,239.0,1335725.0
2026-06-01 14:14:00,1050,1050,1049,1050,185.0,1335763.0
2026-06-01 14:15:00,1050,1050,1049,1049,269.0,1335838.0
2026-06-01 14:16:00,1049,1050,1049,1050,473.0,1335901.0
2026-06-01 14:17:00,1050,1050,1049,1050,200.0,1335894.0
2026-06-01 14:18:00,1050,1050,1049,1049,303.0,1335753.0
2026-06-01 14:19:00,1049,1050,1048,1049,2153.0,1335014.0
2026-06-01 14:20:00,1049,1050,1048,1050,2094.0,1334295.0
2026-06-01 14:21:00,1050,1050,1049,1049,321.0,1334338.0
2026-06-01 14:22:00,1049,1050,1049,1049,317.0,1334341.0
2026-06-01 14:23:00,1049,1050,1049,1050,523.0,1334392.0
2026-06-01 14:24:00,1050,1050,1049,1049,257.0,1334347.0
2026-06-01 14:25:00,1049,1050,1049,1050,351.0,1334297.0
2026-06-01 14:26:00,1050,1050,1049,1050,247.0,1334330.0
2026-06-01 14:27:00,1050,1050,1049,1050,850.0,1334010.0
2026-06-01 14:28:00,1050,1050,1049,1049,329.0,1333852.0
2026-06-01 14:29:00,1049,1050,1049,1050,508.0,1333895.0
2026-06-01 14:30:00,1050,1050,1048,1049,3175.0,1334205.0
2026-06-01 14:31:00,1049,1050,1049,1050,324.0,1334205.0
2026-06-01 14:32:00,1050,1050,1049,1050,291.0,1334095.0
2026-06-01 14:33:00,1050,1050,1049,1049,157.0,1334052.0
2026-06-01 14:34:00,1049,1050,1049,1050,268.0,1333965.0
2026-06-01 14:35:00,1050,1050,1049,1049,498.0,1333879.0
2026-06-01 14:36:00,1049,1051,1049,1050,2807.0,1333403.0
2026-06-01 14:37:00,1050,1051,1050,1051,3297.0,1331696.0
2026-06-01 14:38:00,1051,1051,1050,1051,277.0,1331578.0
2026-06-01 14:39:00,1051,1051,1050,1051,349.0,1331476.0
2026-06-01 14:40:00,1051,1051,1050,1050,374.0,1331389.0
2026-06-01 14:41:00,1050,1051,1050,1051,456.0,1331337.0
2026-06-01 14:42:00,1051,1051,1050,1051,449.0,1331293.0
2026-06-01 14:43:00,1051,1051,1050,1051,480.0,1331226.0
2026-06-01 14:44:00,1051,1052,1050,1051,2276.0,1331772.0
2026-06-01 14:45:00,1051,1052,1051,1052,2092.0,1331224.0
2026-06-01 14:46:00,1052,1052,1051,1051,3658.0,1331615.0
2026-06-01 14:47:00,1051,1052,1051,1052,351.0,1331576.0
2026-06-01 14:48:00,1052,1052,1051,1052,449.0,1331244.0
2026-06-01 14:49:00,1052,1052,1051,1051,398.0,1331029.0
2026-06-01 14:50:00,1051,1052,1051,1052,331.0,1330903.0
2026-06-01 14:51:00,1052,1052,1051,1052,488.0,1330745.0
2026-06-01 14:52:00,1052,1052,1051,1052,1709.0,1330533.0
2026-06-01 14:53:00,1052,1052,1051,1052,788.0,1330390.0
2026-06-01 14:54:00,1052,1052,1051,1052,414.0,1330410.0
2026-06-01 14:55:00,1052,1052,1051,1052,508.0,1330352.0
2026-06-01 14:56:00,1052,1052,1051,1051,1061.0,1329821.0
2026-06-01 14:57:00,1051,1052,1050,1051,1356.0,1329208.0
2026-06-01 14:58:00,1051,1051,1050,1051,1088.0,1328901.0
2026-06-01 14:59:00,1051,1053,1050,1053,4686.0,1326241.0
2026-06-02 01:00:00,1053,1053,1049,1049,4543.0,1325578.0
2026-06-02 01:01:00,1049,1052,1049,1052,4596.0,1324938.0
2026-06-02 01:02:00,1052,1053,1051,1051,5841.0,1326091.0
2026-06-02 01:03:00,1051,1052,1050,1051,2953.0,1326223.0
2026-06-02 01:04:00,1051,1051,1050,1051,1726.0,1325267.0
2026-06-02 01:05:00,1051,1051,1050,1051,1116.0,1325102.0
2026-06-02 01:06:00,1051,1051,1050,1050,782.0,1325139.0
2026-06-02 01:07:00,1050,1051,1050,1051,1169.0,1325351.0
2026-06-02 01:08:00,1051,1051,1050,1050,536.0,1325473.0
2026-06-02 01:09:00,1050,1051,1049,1050,2709.0,1324759.0
2026-06-02 01:10:00,1050,1052,1049,1052,3762.0,1326064.0
2026-06-02 01:11:00,1052,1053,1051,1052,733.0,1326085.0
2026-06-02 01:12:00,1052,1052,1050,1051,1840.0,1326137.0
2026-06-02 01:13:00,1051,1051,1050,1050,1014.0,1326044.0
2026-06-02 01:14:00,1050,1051,1049,1049,2370.0,1325597.0
2026-06-02 01:15:00,1049,1050,1049,1049,608.0,1325547.0
2026-06-02 01:16:00,1049,1050,1049,1049,1579.0,1325726.0
2026-06-02 01:17:00,1049,1050,1048,1048,3121.0,1325747.0
2026-06-02 01:18:00,1048,1050,1048,1050,1748.0,1325522.0
2026-06-02 01:19:00,1050,1050,1049,1049,1063.0,1325527.0
2026-06-02 01:20:00,1049,1050,1049,1050,603.0,1325570.0
2026-06-02 01:21:00,1050,1050,1049,1049,405.0,1325581.0
2026-06-02 01:22:00,1049,1050,1049,1049,498.0,1325368.0
2026-06-02 01:23:00,1049,1051,1049,1050,2393.0,1326062.0
2026-06-02 01:24:00,1050,1051,1049,1049,1914.0,1326055.0
2026-06-02 01:25:00,1049,1051,1049,1050,1025.0,1325984.0
2026-06-02 01:26:00,1050,1051,1049,1049,1764.0,1326348.0
2026-06-02 01:27:00,1049,1050,1049,1050,549.0,1326124.0
2026-06-02 01:28:00,1050,1050,1049,1049,287.0,1325998.0
2026-06-02 01:29:00,1049,1050,1049,1049,362.0,1326002.0
2026-06-02 01:30:00,1049,1050,1048,1048,3296.0,1326758.0
2026-06-02 01:31:00,1048,1049,1047,1048,5770.0,1326175.0
2026-06-02 01:32:00,1048,1049,1048,1048,900.0,1325959.0
2026-06-02 01:33:00,1048,1050,1048,1049,3098.0,1325867.0
2026-06-02 01:34:00,1049,1049,1047,1047,1966.0,1325587.0
2026-06-02 01:35:00,1047,1048,1046,1046,8104.0,1326542.0
2026-06-02 01:36:00,1046,1047,1045,1046,15063.0,1326684.0
2026-06-02 01:37:00,1046,1046,1045,1046,2220.0,1326584.0
2026-06-02 01:38:00,1046,1047,1045,1046,3539.0,1327499.0
2026-06-02 01:39:00,1046,1047,1045,1045,4419.0,1327402.0
2026-06-02 01:40:00,1045,1047,1045,1046,3134.0,1327948.0
2026-06-02 01:41:00,1046,1046,1045,1046,1487.0,1327734.0
2026-06-02 01:42:00,1046,1046,1044,1044,11156.0,1328924.0
2026-06-02 01:43:00,1044,1045,1044,1044,2967.0,1327890.0
2026-06-02 01:44:00,1044,1045,1042,1042,14880.0,1330020.0
2026-06-02 01:45:00,1042,1043,1039,1039,27376.0,1324741.0
2026-06-02 01:46:00,1039,1041,1039,1041,13750.0,1326918.0
2026-06-02 01:47:00,1041,1042,1040,1042,6275.0,1329085.0
2026-06-02 01:48:00,1042,1042,1040,1041,6182.0,1328191.0
2026-06-02 01:49:00,1041,1041,1039,1039,10269.0,1331576.0
2026-06-02 01:50:00,1039,1039,1036,1038,26804.0,1335108.0
2026-06-02 01:51:00,1038,1040,1037,1039,17180.0,1343778.0
2026-06-02 01:52:00,1039,1040,1038,1038,3333.0,1343778.0
2026-06-02 01:53:00,1038,1039,1038,1038,4865.0,1344690.0
2026-06-02 01:54:00,1038,1039,1037,1037,4032.0,1344261.0
2026-06-02 01:55:00,1037,1039,1037,1038,5447.0,1343245.0
2026-06-02 01:56:00,1038,1039,1038,1039,2192.0,1344149.0
2026-06-02 01:57:00,1039,1039,1038,1038,1656.0,1344502.0
2026-06-02 01:58:00,1038,1039,1038,1038,1722.0,1344259.0
2026-06-02 01:59:00,1038,1039,1038,1039,2242.0,1344661.0
2026-06-02 02:00:00,1039,1039,1038,1039,2181.0,1345038.0
2026-06-02 02:01:00,1039,1040,1038,1040,5344.0,1345959.0
2026-06-02 02:02:00,1040,1040,1039,1040,2756.0,1345927.0
2026-06-02 02:03:00,1040,1040,1039,1039,1777.0,1346477.0
2026-06-02 02:04:00,1039,1040,1038,1039,5665.0,1346542.0
2026-06-02 02:05:00,1039,1039,1038,1039,1792.0,1346706.0
2026-06-02 02:06:00,1039,1040,1038,1040,4255.0,1349158.0
2026-06-02 02:07:00,1040,1040,1039,1040,2947.0,1349038.0
2026-06-02 02:08:00,1040,1040,1039,1040,645.0,1349255.0
2026-06-02 02:09:00,1040,1040,1039,1040,830.0,1349256.0
2026-06-02 02:10:00,1040,1040,1039,1039,669.0,1349452.0
2026-06-02 02:11:00,1039,1040,1039,1040,609.0,1349349.0
2026-06-02 02:12:00,1040,1040,1039,1040,1231.0,1348984.0
2026-06-02 02:13:00,1040,1040,1039,1039,484.0,1348872.0
2026-06-02 02:14:00,1039,1040,1038,1039,4052.0,1348944.0
2026-06-02 02:30:00,1039,1040,1038,1039,4140.0,1347584.0
2026-06-02 02:31:00,1039,1040,1039,1040,936.0,1347963.0
2026-06-02 02:32:00,1040,1040,1039,1039,931.0,1348035.0
2026-06-02 02:33:00,1039,1040,1039,1039,1301.0,1348189.0
2026-06-02 02:34:00,1039,1040,1039,1039,620.0,1348152.0
2026-06-02 02:35:00,1039,1040,1039,1039,634.0,1348329.0
2026-06-02 02:36:00,1039,1040,1039,1039,936.0,1348426.0
2026-06-02 02:37:00,1039,1040,1039,1039,926.0,1348714.0
2026-06-02 02:38:00,1039,1040,1039,1040,519.0,1349014.0
2026-06-02 02:39:00,1040,1040,1039,1040,702.0,1349241.0
2026-06-02 02:40:00,1040,1040,1038,1038,3271.0,1349850.0
2026-06-02 02:41:00,1038,1039,1038,1038,725.0,1349967.0
2026-06-02 02:42:00,1038,1040,1038,1039,5544.0,1349535.0
2026-06-02 02:43:00,1039,1040,1039,1040,530.0,1349571.0
2026-06-02 02:44:00,1040,1040,1039,1040,453.0,1349535.0
2026-06-02 02:45:00,1040,1040,1038,1039,4026.0,1349067.0
2026-06-02 02:46:00,1039,1040,1039,1039,342.0,1349078.0
2026-06-02 02:47:00,1039,1040,1039,1040,410.0,1349014.0
2026-06-02 02:48:00,1040,1040,1039,1040,790.0,1348848.0
2026-06-02 02:49:00,1040,1040,1038,1039,2482.0,1349358.0
2026-06-02 02:50:00,1039,1041,1039,1041,9136.0,1351656.0
2026-06-02 02:51:00,1041,1042,1040,1042,5884.0,1350853.0
2026-06-02 02:52:00,1042,1042,1041,1042,3430.0,1350513.0
2026-06-02 02:53:00,1042,1042,1040,1040,1512.0,1350157.0
2026-06-02 02:54:00,1040,1041,1040,1041,577.0,1349890.0
2026-06-02 02:55:00,1041,1041,1040,1040,508.0,1349866.0
2026-06-02 02:56:00,1040,1041,1040,1041,490.0,1349916.0
2026-06-02 02:57:00,1041,1041,1040,1041,810.0,1349498.0
2026-06-02 02:58:00,1041,1041,1040,1040,797.0,1349364.0
2026-06-02 02:59:00,1040,1041,1040,1040,1150.0,1349005.0
2026-06-02 03:00:00,1040,1041,1040,1041,591.0,1349269.0
2026-06-02 03:01:00,1041,1042,1040,1040,3713.0,1348468.0
2026-06-02 03:02:00,1040,1042,1040,1041,4231.0,1347047.0
2026-06-02 03:03:00,1041,1042,1041,1042,836.0,1346834.0
2026-06-02 03:04:00,1042,1042,1041,1041,1116.0,1347113.0
2026-06-02 03:05:00,1041,1042,1041,1042,1384.0,1346722.0
2026-06-02 03:06:00,1042,1042,1040,1041,2141.0,1347015.0
2026-06-02 03:07:00,1041,1041,1040,1041,443.0,1347110.0
2026-06-02 03:08:00,1041,1041,1040,1041,559.0,1347194.0
2026-06-02 03:09:00,1041,1041,1040,1041,247.0,1347299.0
2026-06-02 03:10:00,1041,1041,1040,1040,290.0,1347420.0
2026-06-02 03:11:00,1040,1041,1040,1041,452.0,1347417.0
2026-06-02 03:12:00,1041,1041,1040,1040,421.0,1347226.0
2026-06-02 03:13:00,1040,1041,1040,1040,742.0,1347178.0
2026-06-02 03:14:00,1040,1041,1040,1040,416.0,1347006.0
2026-06-02 03:15:00,1040,1041,1040,1041,1033.0,1346468.0
2026-06-02 03:16:00,1041,1041,1040,1041,354.0,1346531.0
2026-06-02 03:17:00,1041,1041,1039,1040,4218.0,1347150.0
2026-06-02 03:18:00,1040,1040,1039,1040,899.0,1347335.0
2026-06-02 03:19:00,1040,1041,1039,1041,2513.0,1347649.0
2026-06-02 03:20:00,1041,1041,1040,1040,526.0,1347493.0
2026-06-02 03:21:00,1040,1041,1040,1041,277.0,1347593.0
2026-06-02 03:22:00,1041,1041,1040,1040,369.0,1347819.0
2026-06-02 03:23:00,1040,1041,1040,1041,437.0,1348098.0
2026-06-02 03:24:00,1041,1041,1039,1039,3380.0,1347691.0
2026-06-02 03:25:00,1039,1041,1039,1041,1573.0,1346816.0
2026-06-02 03:26:00,1041,1041,1040,1041,805.0,1346339.0
2026-06-02 03:27:00,1041,1042,1041,1042,2952.0,1345771.0
2026-06-02 03:28:00,1042,1042,1040,1041,632.0,1345518.0
2026-06-02 03:29:00,1041,1042,1040,1041,1030.0,1345410.0
2026-06-02 05:30:00,1042,1044,1042,1043,11738.0,1342471.0
2026-06-02 05:31:00,1043,1044,1042,1043,4469.0,1340812.0
2026-06-02 05:32:00,1043,1045,1042,1045,6589.0,1337743.0
2026-06-02 05:33:00,1045,1045,1044,1045,1434.0,1337662.0
2026-06-02 05:34:00,1045,1045,1044,1044,2299.0,1337768.0
2026-06-02 05:35:00,1044,1045,1044,1044,1992.0,1337194.0
2026-06-02 05:36:00,1044,1044,1043,1044,928.0,1337429.0
2026-06-02 05:37:00,1044,1044,1043,1043,3003.0,1336136.0
2026-06-02 05:38:00,1043,1044,1043,1043,690.0,1336313.0
2026-06-02 05:39:00,1043,1044,1042,1043,669.0,1336101.0
2026-06-02 05:40:00,1043,1044,1042,1044,2270.0,1336670.0
2026-06-02 05:41:00,1044,1045,1043,1045,3411.0,1337366.0
2026-06-02 05:42:00,1045,1045,1044,1044,1650.0,1336744.0
2026-06-02 05:43:00,1044,1045,1044,1044,650.0,1336631.0
2026-06-02 05:44:00,1044,1045,1043,1044,1904.0,1336475.0
2026-06-02 05:45:00,1044,1045,1043,1045,3017.0,1336189.0
2026-06-02 05:46:00,1045,1045,1044,1045,2643.0,1335952.0
2026-06-02 05:47:00,1045,1045,1044,1045,2501.0,1335722.0
2026-06-02 05:48:00,1045,1046,1044,1045,5178.0,1336226.0
2026-06-02 05:49:00,1045,1046,1044,1045,2604.0,1336025.0
2026-06-02 05:50:00,1045,1045,1044,1044,974.0,1335496.0
2026-06-02 05:51:00,1044,1047,1044,1046,7396.0,1335979.0
2026-06-02 05:52:00,1046,1047,1045,1046,4487.0,1335064.0
2026-06-02 05:53:00,1046,1046,1045,1046,428.0,1334894.0
2026-06-02 05:54:00,1046,1046,1044,1044,2731.0,1335279.0
2026-06-02 05:55:00,1044,1046,1044,1046,1672.0,1335152.0
2026-06-02 05:56:00,1046,1046,1045,1046,550.0,1335271.0
2026-06-02 05:57:00,1046,1046,1045,1045,1937.0,1334832.0
2026-06-02 05:58:00,1045,1045,1044,1044,707.0,1335019.0
2026-06-02 05:59:00,1044,1045,1044,1045,702.0,1335357.0
2026-06-02 06:00:00,1045,1045,1044,1044,676.0,1335352.0
2026-06-02 06:01:00,1044,1045,1044,1045,680.0,1335230.0
2026-06-02 06:02:00,1045,1045,1044,1044,430.0,1335087.0
2026-06-02 06:03:00,1044,1045,1044,1045,737.0,1334946.0
2026-06-02 06:04:00,1045,1045,1044,1044,412.0,1334811.0
2026-06-02 06:05:00,1044,1045,1044,1044,3375.0,1333654.0
2026-06-02 06:06:00,1044,1045,1044,1044,487.0,1333658.0
2026-06-02 06:07:00,1044,1045,1044,1044,372.0,1333738.0
2026-06-02 06:08:00,1044,1045,1044,1044,404.0,1333847.0
2026-06-02 06:09:00,1044,1045,1044,1045,435.0,1333910.0
2026-06-02 06:10:00,1045,1045,1044,1044,628.0,1333762.0
2026-06-02 06:11:00,1044,1045,1043,1043,3837.0,1332560.0
2026-06-02 06:12:00,1043,1044,1043,1043,707.0,1332732.0
2026-06-02 06:13:00,1043,1044,1043,1044,340.0,1332694.0
2026-06-02 06:14:00,1044,1044,1043,1043,465.0,1332837.0
2026-06-02 06:15:00,1043,1044,1042,1043,3050.0,1333066.0
2026-06-02 06:16:00,1043,1043,1042,1042,1798.0,1332712.0
2026-06-02 06:17:00,1042,1042,1041,1042,3539.0,1332926.0
2026-06-02 06:18:00,1042,1042,1041,1041,532.0,1332918.0
2026-06-02 06:19:00,1041,1042,1041,1042,3009.0,1331926.0
2026-06-02 06:20:00,1042,1043,1042,1043,413.0,1331936.0
2026-06-02 06:21:00,1043,1043,1041,1042,3951.0,1331492.0
2026-06-02 06:22:00,1042,1043,1041,1042,2336.0,1331730.0
2026-06-02 06:23:00,1042,1042,1041,1042,1377.0,1331233.0
2026-06-02 06:24:00,1042,1043,1042,1043,1018.0,1330921.0
2026-06-02 06:25:00,1043,1043,1042,1042,531.0,1330929.0
2026-06-02 06:26:00,1042,1043,1042,1042,308.0,1330946.0
2026-06-02 06:27:00,1042,1043,1042,1043,191.0,1330916.0
2026-06-02 06:28:00,1043,1043,1042,1042,308.0,1330955.0
2026-06-02 06:29:00,1042,1043,1042,1042,228.0,1330912.0
2026-06-02 06:30:00,1042,1043,1042,1042,274.0,1330953.0
2026-06-02 06:31:00,1042,1043,1042,1042,600.0,1331197.0
2026-06-02 06:32:00,1042,1044,1042,1044,3506.0,1330341.0
2026-06-02 06:33:00,1044,1044,1043,1044,297.0,1330291.0
2026-06-02 06:34:00,1044,1045,1043,1045,2944.0,1328849.0
2026-06-02 06:35:00,1045,1045,1044,1044,2144.0,1328351.0
2026-06-02 06:36:00,1044,1045,1043,1045,1061.0,1328250.0
2026-06-02 06:37:00,1045,1045,1044,1044,1870.0,1327641.0
2026-06-02 06:38:00,1044,1045,1043,1045,2114.0,1327063.0
2026-06-02 06:39:00,1045,1045,1044,1044,602.0,1327071.0
2026-06-02 06:40:00,1044,1045,1044,1045,308.0,1327034.0
2026-06-02 06:41:00,1045,1045,1044,1045,397.0,1327083.0
2026-06-02 06:42:00,1045,1045,1044,1044,393.0,1326994.0
2026-06-02 06:43:00,1044,1045,1043,1044,2817.0,1326276.0
2026-06-02 06:44:00,1044,1044,1043,1044,543.0,1326129.0
2026-06-02 06:45:00,1044,1045,1043,1044,1279.0,1325695.0
2026-06-02 06:46:00,1044,1045,1044,1045,654.0,1325742.0
2026-06-02 06:47:00,1045,1045,1044,1044,1325.0,1326044.0
2026-06-02 06:48:00,1044,1045,1044,1045,1837.0,1326551.0
2026-06-02 06:49:00,1045,1045,1044,1044,499.0,1326454.0
2026-06-02 06:50:00,1044,1045,1043,1044,3715.0,1325759.0
2026-06-02 06:51:00,1044,1045,1043,1045,5194.0,1325905.0
2026-06-02 06:52:00,1045,1046,1045,1045,1931.0,1326168.0
2026-06-02 06:53:00,1045,1046,1045,1046,1494.0,1325802.0
2026-06-02 06:54:00,1046,1046,1045,1046,1063.0,1325609.0
2026-06-02 06:55:00,1046,1046,1044,1044,3081.0,1325105.0
2026-06-02 06:56:00,1044,1045,1044,1045,1390.0,1324648.0
2026-06-02 06:57:00,1045,1045,1044,1044,1553.0,1324233.0
2026-06-02 06:58:00,1044,1045,1044,1045,2824.0,1323289.0
2026-06-02 06:59:00,1045,1045,1042,1043,10386.0,1319257.0
2026-06-02 13:00:00,1041,1048,1041,1046,22365.0,1320572.0
2026-06-02 13:01:00,1046,1046,1043,1043,8757.0,1321650.0
2026-06-02 13:02:00,1043,1045,1043,1045,7409.0,1322338.0
2026-06-02 13:03:00,1045,1048,1044,1048,9882.0,1324484.0
2026-06-02 13:04:00,1048,1048,1046,1047,4940.0,1325447.0
2026-06-02 13:05:00,1047,1047,1046,1047,3019.0,1326160.0
2026-06-02 13:06:00,1047,1047,1046,1047,2381.0,1326447.0
2026-06-02 13:07:00,1047,1047,1045,1046,4509.0,1325909.0
2026-06-02 13:08:00,1046,1048,1046,1048,5401.0,1327389.0
2026-06-02 13:09:00,1048,1048,1047,1047,7079.0,1328601.0
2026-06-02 13:10:00,1047,1049,1047,1049,8070.0,1328281.0
2026-06-02 13:11:00,1049,1049,1047,1048,4647.0,1328821.0
2026-06-02 13:12:00,1048,1049,1048,1048,2490.0,1329605.0
2026-06-02 13:13:00,1048,1049,1048,1048,2131.0,1330018.0
2026-06-02 13:14:00,1048,1049,1047,1047,2836.0,1329816.0
2026-06-02 13:15:00,1047,1048,1047,1047,1581.0,1330347.0
2026-06-02 13:16:00,1047,1048,1047,1047,1592.0,1330505.0
2026-06-02 13:17:00,1047,1048,1047,1047,988.0,1330517.0
2026-06-02 13:18:00,1047,1048,1047,1047,871.0,1330310.0
2026-06-02 13:19:00,1047,1048,1047,1047,1389.0,1330260.0
2026-06-02 13:20:00,1047,1049,1047,1049,4126.0,1331743.0
2026-06-02 13:21:00,1049,1049,1048,1049,1935.0,1332158.0
2026-06-02 13:22:00,1049,1049,1048,1048,1618.0,1332719.0
2026-06-02 13:23:00,1048,1049,1048,1049,1082.0,1332917.0
2026-06-02 13:24:00,1049,1049,1048,1049,1157.0,1332919.0
2026-06-02 13:25:00,1049,1049,1047,1048,2583.0,1332552.0
2026-06-02 13:26:00,1048,1048,1047,1047,901.0,1332551.0
2026-06-02 13:27:00,1047,1048,1047,1048,687.0,1332935.0
2026-06-02 13:28:00,1048,1048,1047,1048,980.0,1333144.0
2026-06-02 13:29:00,1048,1049,1047,1048,5236.0,1331739.0
2026-06-02 13:30:00,1048,1048,1047,1048,780.0,1332176.0
2026-06-02 13:31:00,1048,1048,1047,1048,561.0,1332202.0
2026-06-02 13:32:00,1048,1048,1047,1048,444.0,1332261.0
2026-06-02 13:33:00,1048,1048,1047,1047,1435.0,1331997.0
2026-06-02 13:34:00,1047,1048,1047,1048,888.0,1331665.0
2026-06-02 13:35:00,1048,1048,1047,1047,2182.0,1332403.0
2026-06-02 13:36:00,1047,1047,1046,1047,673.0,1332566.0
2026-06-02 13:37:00,1047,1048,1046,1047,2250.0,1332320.0
2026-06-02 13:38:00,1047,1048,1047,1047,434.0,1332405.0
2026-06-02 13:39:00,1047,1048,1047,1048,447.0,1332369.0
2026-06-02 13:40:00,1048,1048,1047,1047,417.0,1332381.0
2026-06-02 13:41:00,1047,1048,1047,1048,297.0,1332358.0
2026-06-02 13:42:00,1048,1048,1047,1048,278.0,1332435.0
2026-06-02 13:43:00,1048,1048,1046,1047,1888.0,1333076.0
2026-06-02 13:44:00,1047,1047,1046,1046,452.0,1332965.0
2026-06-02 13:45:00,1046,1048,1046,1047,2182.0,1332901.0
2026-06-02 13:46:00,1047,1048,1047,1048,396.0,1332896.0
2026-06-02 13:47:00,1048,1048,1047,1048,256.0,1332827.0
2026-06-02 13:48:00,1048,1048,1047,1048,260.0,1332944.0
2026-06-02 13:49:00,1048,1048,1047,1048,534.0,1332913.0
2026-06-02 13:50:00,1048,1048,1047,1048,255.0,1332803.0
2026-06-02 13:51:00,1048,1048,1047,1048,177.0,1332841.0
2026-06-02 13:52:00,1048,1048,1047,1048,288.0,1332869.0
2026-06-02 13:53:00,1048,1048,1047,1047,298.0,1332845.0
2026-06-02 13:54:00,1047,1048,1047,1048,1588.0,1332254.0
2026-06-02 13:55:00,1048,1049,1047,1047,5165.0,1332963.0
2026-06-02 13:56:00,1047,1048,1047,1047,961.0,1332737.0
2026-06-02 13:57:00,1047,1049,1047,1049,3898.0,1330629.0
2026-06-02 13:58:00,1049,1049,1048,1048,595.0,1330658.0
2026-06-02 13:59:00,1048,1049,1048,1049,337.0,1330689.0
2026-06-02 14:00:00,1049,1049,1048,1049,677.0,1330871.0
2026-06-02 14:01:00,1049,1049,1048,1049,490.0,1330861.0
2026-06-02 14:02:00,1049,1049,1048,1049,684.0,1330657.0
2026-06-02 14:03:00,1049,1049,1048,1048,734.0,1330509.0
2026-06-02 14:04:00,1048,1050,1048,1050,4908.0,1331979.0
2026-06-02 14:05:00,1050,1052,1049,1051,12627.0,1332663.0
2026-06-02 14:06:00,1051,1052,1051,1051,2877.0,1332723.0
2026-06-02 14:07:00,1051,1052,1051,1051,5468.0,1332632.0
2026-06-02 14:08:00,1051,1052,1050,1051,4717.0,1331482.0
2026-06-02 14:09:00,1051,1052,1050,1051,3611.0,1331652.0
2026-06-02 14:10:00,1051,1051,1050,1051,648.0,1331603.0
2026-06-02 14:11:00,1051,1051,1050,1051,1069.0,1331618.0
2026-06-02 14:12:00,1051,1051,1050,1051,583.0,1331962.0
2026-06-02 14:13:00,1051,1051,1049,1050,4472.0,1331826.0
2026-06-02 14:14:00,1050,1051,1050,1051,508.0,1332025.0
2026-06-02 14:15:00,1051,1051,1050,1051,664.0,1332056.0
2026-06-02 14:16:00,1051,1051,1050,1050,922.0,1332016.0
2026-06-02 14:17:00,1050,1051,1050,1051,812.0,1332040.0
2026-06-02 14:18:00,1051,1051,1050,1050,943.0,1331675.0
2026-06-02 14:19:00,1050,1051,1050,1051,918.0,1331258.0
2026-06-02 14:20:00,1051,1051,1049,1051,3640.0,1330662.0
2026-06-02 14:21:00,1051,1051,1050,1051,555.0,1330638.0
2026-06-02 14:22:00,1051,1051,1050,1050,362.0,1330796.0
2026-06-02 14:23:00,1050,1051,1050,1051,321.0,1330751.0
2026-06-02 14:24:00,1051,1051,1050,1051,299.0,1330664.0
2026-06-02 14:25:00,1051,1052,1050,1051,3703.0,1330670.0
2026-06-02 14:26:00,1051,1053,1051,1053,8054.0,1332101.0
2026-06-02 14:27:00,1053,1053,1052,1053,2233.0,1331836.0
2026-06-02 14:28:00,1053,1054,1052,1053,5473.0,1330052.0
2026-06-02 14:29:00,1053,1054,1053,1053,5736.0,1328957.0
2026-06-02 14:30:00,1053,1054,1052,1052,2817.0,1328598.0
2026-06-02 14:31:00,1052,1053,1051,1052,4248.0,1328450.0
2026-06-02 14:32:00,1052,1053,1052,1052,3811.0,1329476.0
2026-06-02 14:33:00,1052,1053,1051,1053,2128.0,1330259.0
2026-06-02 14:34:00,1053,1053,1052,1053,1017.0,1330251.0
2026-06-02 14:35:00,1053,1053,1052,1053,1513.0,1330041.0
2026-06-02 14:36:00,1053,1053,1052,1053,5336.0,1330539.0
2026-06-02 14:37:00,1053,1053,1051,1051,2107.0,1330408.0
2026-06-02 14:38:00,1051,1053,1051,1053,1709.0,1330875.0
2026-06-02 14:39:00,1053,1053,1052,1053,558.0,1330865.0
2026-06-02 14:40:00,1053,1053,1052,1052,907.0,1330956.0
2026-06-02 14:41:00,1052,1053,1051,1051,2969.0,1331475.0
2026-06-02 14:42:00,1051,1052,1050,1050,3667.0,1330437.0
2026-06-02 14:43:00,1050,1051,1049,1049,4563.0,1329311.0
2026-06-02 14:44:00,1049,1051,1049,1050,2564.0,1329310.0
2026-06-02 14:45:00,1050,1051,1050,1050,812.0,1329106.0
2026-06-02 14:46:00,1050,1051,1050,1050,433.0,1329108.0
2026-06-02 14:47:00,1050,1051,1050,1051,315.0,1328946.0
2026-06-02 14:48:00,1051,1051,1050,1050,1510.0,1328252.0
2026-06-02 14:49:00,1050,1051,1050,1051,1942.0,1326863.0
2026-06-02 14:50:00,1051,1051,1050,1050,243.0,1326721.0
2026-06-02 14:51:00,1050,1051,1050,1050,456.0,1326408.0
2026-06-02 14:52:00,1050,1052,1050,1051,1146.0,1326437.0
2026-06-02 14:53:00,1051,1052,1051,1051,1656.0,1325595.0
2026-06-02 14:54:00,1051,1052,1051,1052,1252.0,1325239.0
2026-06-02 14:55:00,1052,1052,1051,1052,412.0,1325178.0
2026-06-02 14:56:00,1052,1052,1050,1050,2228.0,1324199.0
2026-06-02 14:57:00,1050,1051,1050,1050,740.0,1323947.0
2026-06-02 14:58:00,1050,1051,1050,1051,1046.0,1323564.0
2026-06-02 14:59:00,1051,1052,1050,1051,3422.0,1322043.0
2026-06-03 01:00:00,1051,1053,1051,1051,5161.0,1321909.0
2026-06-03 01:01:00,1051,1052,1051,1052,1777.0,1321684.0
2026-06-03 01:02:00,1052,1052,1051,1052,3310.0,1321231.0
2026-06-03 01:03:00,1052,1052,1051,1052,2186.0,1320908.0
2026-06-03 01:04:00,1052,1052,1051,1052,2643.0,1321227.0
2026-06-03 01:05:00,1052,1052,1051,1052,1034.0,1321517.0
2026-06-03 01:06:00,1052,1052,1051,1052,1365.0,1321356.0
2026-06-03 01:07:00,1052,1052,1051,1051,2173.0,1321080.0
2026-06-03 01:08:00,1051,1051,1049,1049,4906.0,1319475.0
2026-06-03 01:09:00,1049,1051,1049,1051,2038.0,1320068.0
2026-06-03 01:10:00,1051,1051,1050,1051,512.0,1320122.0
2026-06-03 01:11:00,1051,1051,1050,1051,982.0,1319870.0
2026-06-03 01:12:00,1051,1051,1050,1051,796.0,1319968.0
2026-06-03 01:13:00,1051,1051,1050,1050,1216.0,1319797.0
2026-06-03 01:14:00,1050,1051,1049,1050,3426.0,1319101.0
2026-06-03 01:15:00,1050,1050,1048,1048,3449.0,1318575.0
2026-06-03 01:16:00,1048,1049,1047,1047,7387.0,1317210.0
2026-06-03 01:17:00,1047,1049,1047,1047,7010.0,1317803.0
2026-06-03 01:18:00,1047,1048,1046,1046,3676.0,1316758.0
2026-06-03 01:19:00,1046,1048,1046,1047,3771.0,1316042.0
2026-06-03 01:20:00,1047,1047,1046,1046,2327.0,1315464.0
2026-06-03 01:21:00,1046,1047,1046,1046,3170.0,1315035.0
2026-06-03 01:22:00,1046,1047,1045,1045,3328.0,1314608.0
2026-06-03 01:23:00,1045,1046,1044,1044,9520.0,1313253.0
2026-06-03 01:24:00,1044,1045,1044,1044,1840.0,1313217.0
2026-06-03 01:25:00,1044,1045,1044,1044,1633.0,1312668.0
2026-06-03 01:26:00,1044,1046,1044,1045,6598.0,1313050.0
2026-06-03 01:27:00,1045,1045,1044,1044,2100.0,1311950.0
2026-06-03 01:28:00,1044,1047,1044,1047,6398.0,1311560.0
2026-06-03 01:29:00,1047,1048,1046,1048,3376.0,1310534.0
2026-06-03 01:30:00,1048,1049,1047,1048,3639.0,1309064.0
2026-06-03 01:31:00,1048,1049,1047,1047,2110.0,1309179.0
2026-06-03 01:32:00,1047,1048,1047,1048,1502.0,1308864.0
2026-06-03 01:33:00,1048,1049,1047,1048,1856.0,1308499.0
2026-06-03 01:34:00,1048,1049,1048,1048,925.0,1308463.0
2026-06-03 01:35:00,1048,1049,1048,1048,597.0,1308540.0
2026-06-03 01:36:00,1048,1049,1048,1049,2293.0,1308105.0
2026-06-03 01:37:00,1049,1050,1049,1049,3778.0,1308123.0
2026-06-03 01:38:00,1049,1050,1048,1048,3097.0,1307820.0
2026-06-03 01:39:00,1048,1049,1048,1049,794.0,1307700.0
2026-06-03 01:40:00,1049,1050,1048,1050,2414.0,1308075.0
2026-06-03 01:41:00,1050,1050,1048,1048,2440.0,1308535.0
2026-06-03 01:42:00,1048,1049,1047,1049,2581.0,1308011.0
2026-06-03 01:43:00,1049,1049,1048,1048,776.0,1307808.0
2026-06-03 01:44:00,1048,1050,1048,1050,2369.0,1308180.0
2026-06-03 01:45:00,1050,1050,1048,1049,2697.0,1307783.0
2026-06-03 01:46:00,1049,1049,1048,1048,847.0,1307410.0
2026-06-03 01:47:00,1048,1049,1048,1048,1305.0,1306881.0
2026-06-03 01:48:00,1048,1049,1048,1048,780.0,1306830.0
2026-06-03 01:49:00,1048,1049,1048,1048,872.0,1306881.0
2026-06-03 01:50:00,1048,1050,1048,1049,1191.0,1306911.0
2026-06-03 01:51:00,1049,1050,1049,1049,438.0,1306933.0
2026-06-03 01:52:00,1049,1050,1048,1048,1016.0,1306921.0
2026-06-03 01:53:00,1048,1049,1048,1049,346.0,1306884.0
2026-06-03 01:54:00,1049,1049,1048,1049,335.0,1306824.0
2026-06-03 01:55:00,1049,1049,1047,1047,2152.0,1306731.0
2026-06-03 01:56:00,1047,1049,1047,1049,2147.0,1306492.0
2026-06-03 01:57:00,1049,1049,1047,1047,1222.0,1306292.0
2026-06-03 01:58:00,1047,1048,1046,1047,1784.0,1306418.0
2026-06-03 01:59:00,1047,1048,1046,1047,1691.0,1306215.0
2026-06-03 02:00:00,1047,1048,1047,1048,1227.0,1305985.0
2026-06-03 02:01:00,1048,1048,1047,1048,796.0,1306256.0
2026-06-03 02:02:00,1048,1048,1047,1047,1053.0,1306670.0
2026-06-03 02:03:00,1047,1048,1046,1047,1226.0,1306951.0
2026-06-03 02:04:00,1047,1047,1046,1046,753.0,1307071.0
2026-06-03 02:05:00,1046,1047,1046,1046,1076.0,1307067.0
2026-06-03 02:06:00,1046,1047,1046,1047,940.0,1306817.0
2026-06-03 02:07:00,1047,1047,1046,1047,653.0,1306764.0
2026-06-03 02:08:00,1047,1047,1046,1047,493.0,1306654.0
2026-06-03 02:09:00,1047,1047,1046,1047,565.0,1306433.0
2026-06-03 02:10:00,1047,1047,1045,1046,1951.0,1305911.0
2026-06-03 02:11:00,1046,1047,1045,1046,1663.0,1306293.0
2026-06-03 02:12:00,1046,1047,1045,1045,2795.0,1305673.0
2026-06-03 02:13:00,1045,1046,1045,1046,464.0,1305543.0
2026-06-03 02:14:00,1046,1046,1045,1045,911.0,1305447.0
2026-06-03 02:30:00,1045,1046,1044,1044,5045.0,1304735.0
2026-06-03 02:31:00,1044,1045,1043,1044,5423.0,1303636.0
2026-06-03 02:32:00,1044,1045,1043,1044,3710.0,1303905.0
2026-06-03 02:33:00,1044,1044,1043,1043,1728.0,1304227.0
2026-06-03 02:34:00,1043,1044,1042,1044,6731.0,1303689.0
2026-06-03 02:35:00,1044,1045,1043,1045,3194.0,1303930.0
2026-06-03 02:36:00,1045,1045,1044,1044,732.0,1303891.0
2026-06-03 02:37:00,1044,1046,1044,1046,2118.0,1303538.0
2026-06-03 02:38:00,1046,1046,1045,1046,571.0,1303412.0
2026-06-03 02:39:00,1046,1046,1045,1045,352.0,1303283.0
2026-06-03 02:40:00,1045,1046,1044,1045,2192.0,1302679.0
2026-06-03 02:41:00,1045,1045,1044,1045,895.0,1302475.0
2026-06-03 02:42:00,1045,1045,1044,1044,688.0,1302460.0
2026-06-03 02:43:00,1044,1045,1044,1045,868.0,1302593.0
2026-06-03 02:44:00,1045,1046,1044,1045,785.0,1302512.0
2026-06-03 02:45:00,1045,1046,1044,1045,1729.0,1302243.0
2026-06-03 02:46:00,1045,1046,1045,1045,669.0,1302317.0
2026-06-03 02:47:00,1045,1047,1045,1047,1999.0,1302842.0
2026-06-03 02:48:00,1047,1047,1046,1047,1209.0,1302829.0
2026-06-03 02:49:00,1047,1047,1046,1046,565.0,1302741.0
2026-06-03 02:50:00,1046,1048,1046,1048,2476.0,1303437.0
2026-06-03 02:51:00,1048,1048,1047,1048,1657.0,1303051.0
2026-06-03 02:52:00,1048,1048,1047,1048,659.0,1303271.0
2026-06-03 02:53:00,1048,1048,1047,1048,423.0,1303366.0
2026-06-03 02:54:00,1048,1048,1047,1048,640.0,1303395.0
2026-06-03 02:55:00,1048,1048,1047,1047,433.0,1303388.0
2026-06-03 02:56:00,1047,1048,1047,1047,631.0,1303367.0
2026-06-03 02:57:00,1047,1048,1047,1047,804.0,1303521.0
2026-06-03 02:58:00,1047,1048,1047,1048,407.0,1303687.0
2026-06-03 02:59:00,1048,1048,1047,1047,692.0,1303924.0
2026-06-03 03:00:00,1047,1048,1046,1047,3039.0,1303864.0
2026-06-03 03:01:00,1047,1048,1047,1048,657.0,1303972.0
2026-06-03 03:02:00,1048,1048,1047,1047,637.0,1304046.0
2026-06-03 03:03:00,1047,1048,1047,1047,732.0,1304530.0
2026-06-03 03:04:00,1047,1048,1047,1048,666.0,1304648.0
2026-06-03 03:05:00,1048,1048,1047,1048,683.0,1304541.0
2026-06-03 03:06:00,1048,1048,1047,1048,665.0,1304575.0
2026-06-03 03:07:00,1048,1048,1047,1047,432.0,1304574.0
2026-06-03 03:08:00,1047,1048,1047,1047,378.0,1304585.0
2026-06-03 03:09:00,1047,1048,1047,1048,246.0,1304586.0
2026-06-03 03:10:00,1048,1048,1047,1047,510.0,1304701.0
2026-06-03 03:11:00,1047,1048,1047,1048,600.0,1304838.0
2026-06-03 03:12:00,1048,1048,1047,1048,951.0,1305240.0
2026-06-03 03:13:00,1048,1048,1047,1047,344.0,1305214.0
2026-06-03 03:14:00,1047,1049,1047,1049,2740.0,1305583.0
2026-06-03 03:15:00,1049,1049,1048,1049,906.0,1305636.0
2026-06-03 03:16:00,1049,1049,1048,1049,594.0,1305576.0
2026-06-03 03:17:00,1049,1049,1048,1049,636.0,1305601.0
2026-06-03 03:18:00,1049,1049,1048,1048,252.0,1305764.0
2026-06-03 03:19:00,1048,1049,1047,1048,3216.0,1304382.0
2026-06-03 03:20:00,1048,1048,1047,1048,336.0,1304405.0
2026-06-03 03:21:00,1048,1048,1047,1047,648.0,1304372.0
2026-06-03 03:22:00,1047,1048,1047,1048,190.0,1304352.0
2026-06-03 03:23:00,1048,1048,1047,1047,260.0,1304248.0
2026-06-03 03:24:00,1047,1048,1047,1048,566.0,1304051.0
2026-06-03 03:25:00,1048,1048,1046,1046,2794.0,1304526.0
2026-06-03 03:26:00,1046,1047,1046,1046,704.0,1304773.0
2026-06-03 03:27:00,1046,1047,1046,1047,502.0,1304860.0
2026-06-03 03:28:00,1047,1047,1046,1047,550.0,1304827.0
2026-06-03 03:29:00,1047,1047,1046,1047,1766.0,1304337.0
2026-06-03 05:30:00,1046,1048,1046,1048,3734.0,1304016.0
2026-06-03 05:31:00,1048,1049,1047,1049,1718.0,1304515.0
2026-06-03 05:32:00,1049,1049,1048,1048,516.0,1304615.0
2026-06-03 05:33:00,1048,1049,1048,1049,862.0,1304423.0
2026-06-03 05:34:00,1049,1049,1048,1048,1149.0,1304402.0
2026-06-03 05:35:00,1048,1049,1048,1048,605.0,1304501.0
2026-06-03 05:36:00,1048,1049,1048,1049,430.0,1304582.0
2026-06-03 05:37:00,1049,1049,1048,1049,475.0,1304651.0
2026-06-03 05:38:00,1049,1049,1048,1048,425.0,1304654.0
2026-06-03 05:39:00,1048,1049,1048,1048,388.0,1304762.0
2026-06-03 05:40:00,1048,1049,1048,1049,395.0,1304846.0
2026-06-03 05:41:00,1049,1049,1048,1048,442.0,1304888.0
2026-06-03 05:42:00,1048,1049,1048,1049,365.0,1305033.0
2026-06-03 05:43:00,1049,1049,1048,1048,410.0,1305171.0
2026-06-03 05:44:00,1048,1049,1048,1048,276.0,1305190.0
2026-06-03 05:45:00,1048,1049,1048,1049,411.0,1305160.0
2026-06-03 05:46:00,1049,1049,1048,1049,245.0,1305273.0
2026-06-03 05:47:00,1049,1049,1048,1048,538.0,1305190.0
2026-06-03 05:48:00,1048,1049,1048,1048,383.0,1305273.0
2026-06-03 05:49:00,1048,1049,1048,1048,563.0,1305312.0
2026-06-03 05:50:00,1048,1049,1048,1049,649.0,1305458.0
2026-06-03 05:51:00,1049,1049,1047,1047,2154.0,1305653.0
2026-06-03 05:52:00,1047,1049,1047,1048,2303.0,1305841.0
2026-06-03 05:53:00,1048,1049,1048,1048,215.0,1305885.0
2026-06-03 05:54:00,1048,1049,1048,1048,546.0,1306179.0
2026-06-03 05:55:00,1048,1049,1047,1048,3269.0,1305118.0
2026-06-03 05:56:00,1048,1049,1048,1049,426.0,1305093.0
2026-06-03 05:57:00,1049,1049,1047,1047,1917.0,1304767.0
2026-06-03 05:58:00,1047,1048,1047,1048,264.0,1304842.0
2026-06-03 05:59:00,1048,1048,1047,1048,566.0,1304626.0
2026-06-03 06:00:00,1048,1048,1046,1047,2251.0,1304547.0
2026-06-03 06:01:00,1047,1048,1046,1048,2682.0,1304183.0
2026-06-03 06:02:00,1048,1049,1047,1048,4498.0,1305111.0
2026-06-03 06:03:00,1048,1048,1047,1047,253.0,1305050.0
2026-06-03 06:04:00,1047,1048,1047,1047,287.0,1305048.0
2026-06-03 06:05:00,1047,1048,1047,1048,209.0,1305023.0
2026-06-03 06:06:00,1048,1048,1047,1047,224.0,1305063.0
2026-06-03 06:07:00,1047,1048,1047,1047,178.0,1305074.0
2026-06-03 06:08:00,1047,1048,1047,1048,174.0,1305041.0
2026-06-03 06:09:00,1048,1048,1047,1047,237.0,1305009.0
2026-06-03 06:10:00,1047,1048,1047,1048,398.0,1305095.0
2026-06-03 06:11:00,1048,1048,1047,1047,313.0,1305195.0
2026-06-03 06:12:00,1047,1049,1047,1048,2072.0,1306160.0
2026-06-03 06:13:00,1048,1049,1048,1048,305.0,1306114.0
2026-06-03 06:14:00,1048,1049,1048,1049,333.0,1305978.0
2026-06-03 06:15:00,1049,1049,1048,1049,731.0,1305784.0
2026-06-03 06:16:00,1049,1049,1047,1048,1834.0,1305660.0
2026-06-03 06:17:00,1048,1048,1047,1048,345.0,1305749.0
2026-06-03 06:18:00,1048,1048,1047,1047,635.0,1305743.0
2026-06-03 06:19:00,1047,1048,1047,1047,731.0,1306029.0
2026-06-03 06:20:00,1047,1048,1047,1048,262.0,1306018.0
2026-06-03 06:21:00,1048,1049,1047,1048,1350.0,1306017.0
2026-06-03 06:22:00,1048,1049,1048,1049,509.0,1306074.0
2026-06-03 06:23:00,1049,1049,1048,1048,321.0,1306055.0
2026-06-03 06:24:00,1048,1049,1048,1048,437.0,1305949.0
2026-06-03 06:25:00,1048,1049,1048,1048,600.0,1305999.0
2026-06-03 06:26:00,1048,1049,1048,1049,457.0,1305945.0
2026-06-03 06:27:00,1049,1049,1048,1049,326.0,1305939.0
2026-06-03 06:28:00,1049,1049,1047,1048,3180.0,1304677.0
2026-06-03 06:29:00,1048,1049,1048,1049,377.0,1304730.0
2026-06-03 06:30:00,1049,1049,1048,1049,353.0,1304696.0
2026-06-03 06:31:00,1049,1049,1048,1049,435.0,1304593.0
2026-06-03 06:32:00,1049,1049,1047,1047,1586.0,1304761.0
2026-06-03 06:33:00,1047,1049,1047,1047,2057.0,1305034.0
2026-06-03 06:34:00,1047,1048,1047,1048,401.0,1305178.0
2026-06-03 06:35:00,1048,1048,1047,1048,444.0,1305009.0
2026-06-03 06:36:00,1048,1048,1047,1048,664.0,1305039.0
2026-06-03 06:37:00,1048,1048,1047,1048,668.0,1305018.0
2026-06-03 06:38:00,1048,1048,1046,1047,2043.0,1305159.0
2026-06-03 06:39:00,1047,1048,1046,1047,1824.0,1305348.0
2026-06-03 06:40:00,1047,1049,1047,1049,2054.0,1305564.0
2026-06-03 06:41:00,1049,1049,1048,1049,464.0,1305697.0
2026-06-03 06:42:00,1049,1049,1048,1048,553.0,1305573.0
2026-06-03 06:43:00,1048,1049,1048,1048,833.0,1305479.0
2026-06-03 06:44:00,1048,1049,1048,1049,496.0,1305681.0
2026-06-03 06:45:00,1049,1049,1048,1049,947.0,1305736.0
2026-06-03 06:46:00,1049,1049,1048,1049,931.0,1305576.0
2026-06-03 06:47:00,1049,1049,1048,1048,626.0,1305557.0
2026-06-03 06:48:00,1048,1049,1048,1049,640.0,1305770.0
2026-06-03 06:49:00,1049,1050,1049,1050,4585.0,1306614.0
2026-06-03 06:50:00,1050,1050,1048,1048,2952.0,1306340.0
2026-06-03 06:51:00,1048,1049,1047,1047,1988.0,1305915.0
2026-06-03 06:52:00,1047,1049,1047,1048,1838.0,1305801.0
2026-06-03 06:53:00,1048,1049,1048,1048,962.0,1305332.0
2026-06-03 06:54:00,1048,1050,1048,1049,3449.0,1305681.0
2026-06-03 06:55:00,1049,1049,1048,1049,1079.0,1305634.0
2026-06-03 06:56:00,1049,1049,1048,1048,1344.0,1305136.0
2026-06-03 06:57:00,1048,1049,1048,1048,1220.0,1304803.0
2026-06-03 06:58:00,1048,1049,1048,1048,1288.0,1304200.0
2026-06-03 06:59:00,1048,1050,1048,1049,6194.0,1302682.0
2026-06-03 13:00:00,1048,1049,1044,1046,22015.0,1300588.0
2026-06-03 13:01:00,1046,1047,1044,1045,11089.0,1297599.0
2026-06-03 13:02:00,1045,1046,1044,1046,7069.0,1299575.0
2026-06-03 13:03:00,1046,1046,1044,1045,5606.0,1299986.0
2026-06-03 13:04:00,1045,1046,1044,1045,4479.0,1300353.0
2026-06-03 13:05:00,1045,1047,1045,1046,4922.0,1302044.0
2026-06-03 13:06:00,1046,1046,1044,1044,5378.0,1302648.0
2026-06-03 13:07:00,1044,1045,1043,1044,7138.0,1303368.0
2026-06-03 13:08:00,1044,1044,1043,1043,3173.0,1303347.0
2026-06-03 13:09:00,1043,1045,1043,1045,4601.0,1303476.0
2026-06-03 13:10:00,1045,1046,1044,1045,5316.0,1304202.0
2026-06-03 13:11:00,1045,1045,1044,1044,2145.0,1304196.0
2026-06-03 13:12:00,1044,1046,1044,1044,2730.0,1304801.0
2026-06-03 13:13:00,1044,1045,1044,1044,1610.0,1304662.0
2026-06-03 13:14:00,1044,1045,1043,1043,3990.0,1304427.0
2026-06-03 13:15:00,1043,1044,1043,1043,2071.0,1304640.0
2026-06-03 13:16:00,1043,1044,1043,1044,1293.0,1304802.0
2026-06-03 13:17:00,1044,1044,1041,1043,15026.0,1306464.0
2026-06-03 13:18:00,1043,1043,1042,1043,3080.0,1306934.0
2026-06-03 13:19:00,1043,1043,1042,1043,2575.0,1306918.0
2026-06-03 13:20:00,1043,1043,1042,1042,2115.0,1306828.0
2026-06-03 13:21:00,1042,1044,1042,1044,5701.0,1307779.0
2026-06-03 13:22:00,1044,1044,1043,1043,860.0,1307367.0
2026-06-03 13:23:00,1043,1045,1043,1045,4064.0,1307912.0
2026-06-03 13:24:00,1045,1045,1044,1045,1493.0,1307784.0
2026-06-03 13:25:00,1045,1046,1044,1046,4712.0,1308970.0
2026-06-03 13:26:00,1046,1046,1045,1045,1212.0,1308844.0
2026-06-03 13:27:00,1045,1046,1044,1046,3390.0,1308426.0
2026-06-03 13:28:00,1046,1046,1045,1046,995.0,1307950.0
2026-06-03 13:29:00,1046,1048,1045,1047,9504.0,1306304.0
2026-06-03 13:30:00,1047,1048,1047,1048,2470.0,1306086.0
2026-06-03 13:31:00,1048,1048,1046,1046,3964.0,1306418.0
2026-06-03 13:32:00,1046,1048,1046,1048,3245.0,1306148.0
2026-06-03 13:33:00,1048,1048,1047,1047,847.0,1306247.0
2026-06-03 13:34:00,1047,1049,1047,1049,4931.0,1306355.0
2026-06-03 13:35:00,1049,1051,1048,1051,13505.0,1305655.0
2026-06-03 13:36:00,1051,1052,1050,1051,9059.0,1305541.0
2026-06-03 13:37:00,1051,1051,1050,1050,5021.0,1306233.0
2026-06-03 13:38:00,1050,1050,1049,1050,1444.0,1306361.0
2026-06-03 13:39:00,1050,1050,1048,1048,3850.0,1306590.0
2026-06-03 13:40:00,1048,1049,1048,1049,706.0,1306545.0
2026-06-03 13:41:00,1049,1049,1048,1048,2028.0,1306870.0
2026-06-03 13:42:00,1048,1049,1048,1049,751.0,1306848.0
2026-06-03 13:43:00,1049,1049,1047,1048,2474.0,1307120.0
2026-06-03 13:44:00,1048,1048,1047,1047,845.0,1307114.0
2026-06-03 13:45:00,1047,1048,1047,1047,1098.0,1307465.0
2026-06-03 13:46:00,1047,1048,1047,1047,1312.0,1307191.0
2026-06-03 13:47:00,1047,1048,1047,1048,1041.0,1307347.0
2026-06-03 13:48:00,1048,1048,1046,1046,4272.0,1307474.0
2026-06-03 13:49:00,1046,1047,1046,1046,1309.0,1307938.0
2026-06-03 13:50:00,1046,1047,1046,1046,438.0,1308021.0
2026-06-03 13:51:00,1046,1047,1046,1047,308.0,1308108.0
2026-06-03 13:52:00,1047,1047,1046,1046,707.0,1307940.0
2026-06-03 13:53:00,1046,1047,1046,1046,501.0,1307836.0
2026-06-03 13:54:00,1046,1047,1046,1046,652.0,1307721.0
2026-06-03 13:55:00,1046,1047,1046,1047,287.0,1307760.0
2026-06-03 13:56:00,1047,1047,1046,1046,217.0,1307727.0
2026-06-03 13:57:00,1046,1047,1046,1046,460.0,1307767.0
2026-06-03 13:58:00,1046,1047,1046,1046,542.0,1307778.0
2026-06-03 13:59:00,1046,1047,1046,1046,553.0,1307668.0
2026-06-03 14:00:00,1046,1047,1046,1047,457.0,1307678.0
2026-06-03 14:01:00,1047,1047,1046,1046,534.0,1307739.0
2026-06-03 14:02:00,1046,1047,1046,1047,741.0,1307707.0
2026-06-03 14:03:00,1047,1047,1044,1044,10225.0,1306218.0
2026-06-03 14:04:00,1044,1045,1044,1045,1592.0,1305922.0
2026-06-03 14:05:00,1045,1045,1044,1044,1140.0,1305904.0
2026-06-03 14:06:00,1044,1045,1044,1044,1269.0,1306102.0
2026-06-03 14:07:00,1044,1045,1044,1045,576.0,1306175.0
2026-06-03 14:08:00,1045,1045,1044,1044,553.0,1306268.0
2026-06-03 14:09:00,1044,1045,1043,1044,3535.0,1307024.0
2026-06-03 14:10:00,1044,1044,1043,1044,1308.0,1306782.0
2026-06-03 14:11:00,1044,1044,1043,1043,1256.0,1306677.0
2026-06-03 14:12:00,1043,1045,1043,1045,4334.0,1306777.0
2026-06-03 14:13:00,1045,1045,1044,1045,424.0,1306818.0
2026-06-03 14:14:00,1045,1045,1044,1045,1773.0,1306098.0
2026-06-03 14:15:00,1045,1046,1044,1046,2593.0,1305846.0
2026-06-03 14:16:00,1046,1046,1044,1044,2628.0,1306309.0
2026-06-03 14:17:00,1044,1045,1044,1045,783.0,1306299.0
2026-06-03 14:18:00,1045,1045,1044,1045,258.0,1306435.0
2026-06-03 14:19:00,1045,1045,1044,1044,290.0,1306406.0
2026-06-03 14:20:00,1044,1045,1044,1044,523.0,1306329.0
2026-06-03 14:21:00,1044,1045,1043,1043,4723.0,1306125.0
2026-06-03 14:22:00,1043,1044,1043,1043,747.0,1306257.0
2026-06-03 14:23:00,1043,1044,1043,1044,515.0,1306187.0
2026-06-03 14:24:00,1044,1044,1043,1043,308.0,1306150.0
2026-06-03 14:25:00,1043,1044,1043,1044,382.0,1306003.0
2026-06-03 14:26:00,1044,1044,1043,1043,930.0,1305902.0
2026-06-03 14:27:00,1043,1044,1043,1044,483.0,1306010.0
2026-06-03 14:28:00,1044,1044,1043,1044,635.0,1306101.0
2026-06-03 14:29:00,1044,1044,1043,1044,976.0,1306361.0
2026-06-03 14:30:00,1044,1044,1042,1042,5657.0,1308768.0
2026-06-03 14:31:00,1042,1043,1042,1042,1709.0,1308541.0
2026-06-03 14:32:00,1042,1043,1042,1042,3048.0,1309057.0
2026-06-03 14:33:00,1042,1043,1042,1043,1022.0,1309351.0
2026-06-03 14:34:00,1043,1043,1042,1043,768.0,1309519.0
2026-06-03 14:35:00,1043,1043,1042,1042,1610.0,1309581.0
2026-06-03 14:36:00,1042,1044,1042,1044,4332.0,1310418.0
2026-06-03 14:37:00,1044,1044,1043,1043,599.0,1310313.0
2026-06-03 14:38:00,1043,1044,1042,1044,3528.0,1310218.0
2026-06-03 14:39:00,1044,1044,1043,1043,612.0,1310167.0
2026-06-03 14:40:00,1043,1044,1043,1043,639.0,1310212.0
2026-06-03 14:41:00,1043,1044,1043,1043,308.0,1310299.0
2026-06-03 14:42:00,1043,1044,1043,1044,376.0,1310490.0
2026-06-03 14:43:00,1044,1044,1043,1044,319.0,1310606.0
2026-06-03 14:44:00,1044,1044,1043,1044,403.0,1310671.0
2026-06-03 14:45:00,1044,1044,1043,1043,1468.0,1310896.0
2026-06-03 14:46:00,1043,1044,1043,1043,505.0,1311109.0
2026-06-03 14:47:00,1043,1044,1043,1044,3049.0,1311018.0
2026-06-03 14:48:00,1044,1044,1043,1043,406.0,1311001.0
2026-06-03 14:49:00,1043,1044,1043,1044,282.0,1311071.0
2026-06-03 14:50:00,1044,1044,1043,1043,615.0,1311303.0
2026-06-03 14:51:00,1043,1044,1043,1043,560.0,1311641.0
2026-06-03 14:52:00,1043,1044,1043,1043,335.0,1311630.0
2026-06-03 14:53:00,1043,1044,1043,1043,3022.0,1311380.0
2026-06-03 14:54:00,1043,1044,1042,1043,3133.0,1311706.0
2026-06-03 14:55:00,1043,1043,1042,1043,948.0,1311586.0
2026-06-03 14:56:00,1043,1043,1042,1043,785.0,1311607.0
2026-06-03 14:57:00,1043,1043,1042,1042,1073.0,1311965.0
2026-06-03 14:58:00,1042,1043,1042,1042,1283.0,1311884.0
2026-06-03 14:59:00,1042,1044,1042,1043,8521.0,1308919.0
2026-06-04 01:00:00,1043,1043,1042,1043,3065.0,1308234.0
2026-06-04 01:01:00,1043,1043,1041,1041,4940.0,1306867.0
2026-06-04 01:02:00,1041,1042,1041,1042,3991.0,1305432.0
2026-06-04 01:03:00,1042,1042,1041,1042,1287.0,1305347.0
2026-06-04 01:04:00,1042,1042,1038,1039,19796.0,1304119.0
2026-06-04 01:05:00,1039,1039,1037,1038,11218.0,1303329.0
2026-06-04 01:06:00,1038,1039,1033,1035,33625.0,1303398.0
2026-06-04 01:07:00,1035,1036,1034,1036,8123.0,1305566.0
2026-06-04 01:08:00,1036,1036,1034,1034,5886.0,1306952.0
2026-06-04 01:09:00,1034,1036,1034,1035,5764.0,1308608.0
2026-06-04 01:10:00,1035,1035,1034,1035,3579.0,1308919.0
2026-06-04 01:11:00,1035,1035,1033,1034,13553.0,1312424.0
2026-06-04 01:12:00,1034,1034,1032,1033,10891.0,1313357.0
2026-06-04 01:13:00,1033,1035,1033,1035,4560.0,1314242.0
2026-06-04 01:14:00,1035,1035,1034,1035,2562.0,1314303.0
2026-06-04 01:15:00,1035,1036,1034,1036,4040.0,1314460.0
2026-06-04 01:16:00,1036,1036,1035,1035,1417.0,1314132.0
2026-06-04 01:17:00,1035,1036,1035,1036,1601.0,1313656.0
2026-06-04 01:18:00,1036,1037,1035,1036,3250.0,1313993.0
2026-06-04 01:19:00,1036,1037,1036,1037,1638.0,1314523.0
2026-06-04 01:20:00,1037,1037,1035,1037,3802.0,1313984.0
2026-06-04 01:21:00,1037,1037,1036,1037,2496.0,1314778.0
2026-06-04 01:22:00,1037,1037,1036,1037,1250.0,1315082.0
2026-06-04 01:23:00,1037,1038,1036,1038,4470.0,1314880.0
2026-06-04 01:24:00,1038,1039,1036,1037,8870.0,1315316.0
2026-06-04 01:25:00,1037,1037,1036,1037,866.0,1315391.0
2026-06-04 01:26:00,1037,1038,1036,1038,3299.0,1313905.0
2026-06-04 01:27:00,1038,1039,1037,1038,4133.0,1313446.0
2026-06-04 01:28:00,1038,1038,1037,1038,679.0,1313387.0
2026-06-04 01:29:00,1038,1038,1037,1037,2343.0,1313219.0
2026-06-04 01:30:00,1037,1038,1036,1037,1229.0,1313350.0
2026-06-04 01:31:00,1037,1038,1036,1038,1993.0,1313182.0
2026-06-04 01:32:00,1038,1038,1037,1037,1436.0,1312773.0
2026-06-04 01:33:00,1037,1038,1037,1038,457.0,1312959.0
2026-06-04 01:34:00,1038,1038,1037,1038,855.0,1312940.0
2026-06-04 01:35:00,1038,1038,1037,1037,768.0,1312841.0
2026-06-04 01:36:00,1037,1038,1036,1036,1290.0,1312917.0
2026-06-04 01:37:00,1036,1037,1036,1037,522.0,1313023.0
2026-06-04 01:38:00,1037,1037,1036,1036,569.0,1313031.0
2026-06-04 01:39:00,1036,1037,1036,1037,2442.0,1313408.0
2026-06-04 01:40:00,1037,1037,1036,1037,823.0,1313288.0
2026-06-04 01:41:00,1037,1037,1036,1036,589.0,1313424.0
2026-06-04 01:42:00,1036,1036,1034,1035,8488.0,1315768.0
2026-06-04 01:43:00,1035,1036,1035,1036,307.0,1315687.0
2026-06-04 01:44:00,1036,1036,1034,1034,2791.0,1315997.0
2026-06-04 01:45:00,1034,1036,1034,1036,1978.0,1316498.0
2026-06-04 01:46:00,1036,1036,1034,1035,1003.0,1316474.0
2026-06-04 01:47:00,1035,1035,1034,1035,1011.0,1316366.0
2026-06-04 01:48:00,1035,1035,1034,1034,870.0,1316139.0
2026-06-04 01:49:00,1034,1035,1033,1034,6476.0,1316789.0
2026-06-04 01:50:00,1034,1034,1033,1034,3170.0,1318543.0
2026-06-04 01:51:00,1034,1034,1033,1033,1105.0,1318478.0
2026-06-04 01:52:00,1033,1034,1033,1033,969.0,1318613.0
2026-06-04 01:53:00,1033,1034,1033,1034,1177.0,1318407.0
2026-06-04 01:54:00,1034,1035,1033,1035,2088.0,1318477.0
2026-06-04 01:55:00,1035,1035,1034,1034,1666.0,1318988.0
2026-06-04 01:56:00,1034,1035,1034,1035,1818.0,1319369.0
2026-06-04 01:57:00,1035,1035,1034,1035,720.0,1319104.0
2026-06-04 01:58:00,1035,1035,1033,1034,2921.0,1320093.0
2026-06-04 01:59:00,1034,1034,1033,1033,960.0,1319989.0
2026-06-04 02:00:00,1033,1034,1033,1034,1602.0,1320618.0
2026-06-04 02:01:00,1034,1034,1033,1033,1087.0,1321342.0
2026-06-04 02:02:00,1033,1034,1033,1034,1251.0,1321864.0
2026-06-04 02:03:00,1034,1034,1033,1034,1391.0,1322196.0
2026-06-04 02:04:00,1034,1034,1033,1033,1128.0,1322447.0
2026-06-04 02:05:00,1033,1034,1033,1033,1584.0,1322894.0
2026-06-04 02:06:00,1033,1034,1033,1034,1036.0,1323352.0
2026-06-04 02:07:00,1034,1034,1033,1034,1376.0,1323781.0
2026-06-04 02:08:00,1034,1034,1033,1033,1475.0,1324375.0
2026-06-04 02:09:00,1033,1034,1033,1033,736.0,1324667.0
2026-06-04 02:10:00,1033,1034,1031,1032,22313.0,1329853.0
2026-06-04 02:11:00,1032,1032,1031,1031,4193.0,1330275.0
2026-06-04 02:12:00,1031,1032,1031,1032,3551.0,1330972.0
2026-06-04 02:13:00,1032,1032,1031,1032,1262.0,1330681.0
2026-06-04 02:14:00,1032,1034,1031,1034,6950.0,1330154.0
2026-06-04 02:30:00,1033,1034,1032,1033,5271.0,1329767.0
2026-06-04 02:31:00,1033,1033,1032,1033,1246.0,1330128.0
2026-06-04 02:32:00,1033,1033,1032,1033,1220.0,1330210.0
2026-06-04 02:33:00,1033,1033,1031,1031,2698.0,1330936.0
2026-06-04 02:34:00,1031,1032,1031,1032,731.0,1331086.0
2026-06-04 02:35:00,1032,1032,1031,1031,2697.0,1331778.0
2026-06-04 02:36:00,1031,1032,1031,1031,4201.0,1332806.0
2026-06-04 02:37:00,1031,1032,1031,1032,1851.0,1333242.0
2026-06-04 02:38:00,1032,1033,1031,1033,1973.0,1334075.0
2026-06-04 02:39:00,1033,1033,1032,1033,913.0,1334426.0
2026-06-04 02:40:00,1033,1033,1032,1032,3226.0,1335864.0
2026-06-04 02:41:00,1032,1033,1031,1032,2856.0,1335956.0
2026-06-04 02:42:00,1032,1032,1031,1032,1054.0,1336108.0
2026-06-04 02:43:00,1032,1032,1030,1030,7069.0,1335571.0
2026-06-04 02:44:00,1030,1031,1030,1030,1389.0,1335756.0
2026-06-04 02:45:00,1030,1032,1030,1031,4031.0,1336357.0
2026-06-04 02:46:00,1031,1032,1031,1032,2122.0,1337242.0
2026-06-04 02:47:00,1032,1032,1031,1032,1972.0,1337696.0
2026-06-04 02:48:00,1032,1032,1031,1031,627.0,1337518.0
2026-06-04 02:49:00,1031,1032,1031,1032,683.0,1337494.0
2026-06-04 02:50:00,1032,1032,1031,1032,600.0,1337459.0
2026-06-04 02:51:00,1032,1032,1030,1030,3808.0,1337781.0
2026-06-04 02:52:00,1030,1031,1028,1029,13524.0,1339414.0
2026-06-04 02:53:00,1029,1030,1027,1029,7744.0,1338394.0
2026-06-04 02:54:00,1029,1030,1029,1029,1934.0,1339162.0
2026-06-04 02:55:00,1029,1030,1028,1030,2300.0,1339359.0
2026-06-04 02:56:00,1030,1030,1029,1029,1477.0,1339121.0
2026-06-04 02:57:00,1029,1031,1029,1030,2916.0,1340240.0
2026-06-04 02:58:00,1030,1031,1029,1030,1972.0,1340684.0
2026-06-04 02:59:00,1030,1030,1029,1029,948.0,1340730.0
2026-06-04 03:00:00,1029,1030,1028,1028,2093.0,1341363.0
2026-06-04 03:01:00,1028,1029,1028,1029,1763.0,1341943.0
2026-06-04 03:02:00,1029,1029,1028,1029,1471.0,1342532.0
2026-06-04 03:03:00,1029,1030,1028,1030,2540.0,1342980.0
2026-06-04 03:04:00,1030,1030,1029,1030,787.0,1342906.0
2026-06-04 03:05:00,1030,1030,1028,1029,1785.0,1343086.0
2026-06-04 03:06:00,1029,1029,1028,1028,1148.0,1343091.0
2026-06-04 03:07:00,1028,1029,1028,1029,1587.0,1342913.0
2026-06-04 03:08:00,1029,1029,1028,1029,830.0,1343319.0
2026-06-04 03:09:00,1029,1029,1028,1028,657.0,1343346.0
2026-06-04 03:10:00,1028,1029,1028,1029,1538.0,1343534.0
2026-06-04 03:11:00,1029,1029,1028,1029,900.0,1343899.0
2026-06-04 03:12:00,1029,1029,1028,1029,1269.0,1344659.0
2026-06-04 03:13:00,1029,1029,1028,1028,3133.0,1343677.0
2026-06-04 03:14:00,1028,1029,1028,1028,1634.0,1343372.0
2026-06-04 03:15:00,1028,1030,1027,1027,7368.0,1342632.0
2026-06-04 03:16:00,1027,1028,1027,1028,1705.0,1342670.0
2026-06-04 03:17:00,1028,1028,1027,1027,1747.0,1342779.0
2026-06-04 03:18:00,1027,1028,1027,1028,1228.0,1343103.0
2026-06-04 03:19:00,1028,1030,1026,1029,10972.0,1344701.0
2026-06-04 03:20:00,1029,1029,1027,1028,2223.0,1344624.0
2026-06-04 03:21:00,1028,1029,1027,1029,3173.0,1344292.0
2026-06-04 03:22:00,1029,1029,1028,1028,1238.0,1344518.0
2026-06-04 03:23:00,1028,1029,1028,1029,696.0,1344420.0
2026-06-04 03:24:00,1029,1029,1028,1028,1142.0,1344402.0
2026-06-04 03:25:00,1028,1031,1028,1030,6796.0,1344772.0
2026-06-04 03:26:00,1030,1030,1029,1030,578.0,1344653.0
2026-06-04 03:27:00,1030,1030,1029,1030,951.0,1344670.0
2026-06-04 03:28:00,1030,1030,1029,1030,640.0,1344752.0
2026-06-04 03:29:00,1030,1031,1029,1030,2847.0,1344028.0
2026-06-04 05:30:00,1030,1032,1029,1030,9349.0,1343097.0
2026-06-04 05:31:00,1030,1031,1029,1030,4431.0,1342767.0
2026-06-04 05:32:00,1030,1031,1029,1030,2799.0,1342730.0
2026-06-04 05:33:00,1030,1030,1028,1029,5287.0,1342830.0
2026-06-04 05:34:00,1029,1030,1028,1030,2775.0,1343150.0
2026-06-04 05:35:00,1030,1030,1028,1028,2681.0,1343802.0
2026-06-04 05:36:00,1028,1030,1028,1029,1235.0,1343899.0
2026-06-04 05:37:00,1029,1029,1028,1028,774.0,1344185.0
2026-06-04 05:38:00,1028,1029,1027,1028,4315.0,1345325.0
2026-06-04 05:39:00,1028,1028,1027,1028,1158.0,1346013.0
2026-06-04 05:40:00,1028,1029,1027,1029,2427.0,1346362.0
2026-06-04 05:41:00,1029,1029,1028,1028,581.0,1346714.0
2026-06-04 05:42:00,1028,1029,1028,1029,438.0,1346788.0
2026-06-04 05:43:00,1029,1029,1027,1028,2199.0,1347103.0
2026-06-04 05:44:00,1028,1028,1027,1028,1410.0,1347568.0
2026-06-04 05:45:00,1028,1028,1027,1027,678.0,1347599.0
2026-06-04 05:46:00,1027,1028,1027,1027,548.0,1347732.0
2026-06-04 05:47:00,1027,1028,1026,1028,6046.0,1349131.0
2026-06-04 05:48:00,1028,1028,1027,1028,939.0,1348842.0
2026-06-04 05:49:00,1028,1028,1027,1028,590.0,1348817.0
2026-06-04 05:50:00,1028,1028,1027,1027,847.0,1348620.0
2026-06-04 05:51:00,1027,1029,1027,1029,3107.0,1349363.0
2026-06-04 05:52:00,1029,1029,1028,1028,462.0,1349489.0
2026-06-04 05:53:00,1028,1029,1028,1028,1074.0,1349683.0
2026-06-04 05:54:00,1028,1029,1028,1029,812.0,1349913.0
2026-06-04 05:55:00,1029,1029,1028,1028,743.0,1349865.0
2026-06-04 05:56:00,1028,1029,1028,1029,1104.0,1349946.0
2026-06-04 05:57:00,1029,1030,1028,1029,2836.0,1349971.0
2026-06-04 05:58:00,1029,1030,1029,1029,1414.0,1350712.0
2026-06-04 05:59:00,1029,1030,1028,1029,1839.0,1350753.0
2026-06-04 06:00:00,1029,1029,1028,1029,644.0,1350931.0
2026-06-04 06:01:00,1029,1029,1028,1029,490.0,1351176.0
2026-06-04 06:02:00,1029,1029,1028,1029,569.0,1351489.0
2026-06-04 06:03:00,1029,1029,1028,1029,468.0,1351657.0
2026-06-04 06:04:00,1029,1029,1028,1029,565.0,1351821.0
2026-06-04 06:05:00,1029,1029,1028,1029,696.0,1351886.0
2026-06-04 06:06:00,1029,1029,1028,1029,689.0,1351788.0
2026-06-04 06:07:00,1029,1029,1028,1028,562.0,1351762.0
2026-06-04 06:08:00,1028,1029,1028,1029,392.0,1351790.0
2026-06-04 06:09:00,1029,1029,1028,1029,605.0,1352019.0
2026-06-04 06:10:00,1029,1029,1028,1029,406.0,1352150.0
2026-06-04 06:11:00,1029,1029,1027,1027,2998.0,1353472.0
2026-06-04 06:12:00,1027,1028,1027,1027,791.0,1353533.0
2026-06-04 06:13:00,1027,1028,1026,1027,3004.0,1354158.0
2026-06-04 06:14:00,1027,1027,1024,1026,15617.0,1357260.0
2026-06-04 06:15:00,1026,1026,1025,1025,2705.0,1357579.0
2026-06-04 06:16:00,1025,1028,1025,1028,5691.0,1357379.0
2026-06-04 06:17:00,1028,1028,1027,1028,1649.0,1357135.0
2026-06-04 06:18:00,1028,1028,1026,1027,3665.0,1357988.0
2026-06-04 06:19:00,1027,1028,1026,1028,3726.0,1357597.0
2026-06-04 06:20:00,1028,1028,1026,1028,2841.0,1358147.0
2026-06-04 06:21:00,1028,1028,1027,1028,770.0,1357980.0
2026-06-04 06:22:00,1028,1028,1027,1028,985.0,1358052.0
2026-06-04 06:23:00,1028,1028,1027,1028,670.0,1358268.0
2026-06-04 06:24:00,1028,1028,1026,1027,1323.0,1358922.0
2026-06-04 06:25:00,1027,1027,1026,1027,916.0,1358861.0
2026-06-04 06:26:00,1027,1027,1026,1027,649.0,1358674.0
2026-06-04 06:27:00,1027,1027,1026,1027,628.0,1358736.0
2026-06-04 06:28:00,1027,1027,1026,1027,736.0,1358822.0
2026-06-04 06:29:00,1027,1027,1026,1027,1034.0,1359261.0
2026-06-04 06:30:00,1027,1028,1025,1028,5905.0,1360383.0
2026-06-04 06:31:00,1028,1028,1027,1028,1524.0,1361054.0
2026-06-04 06:32:00,1028,1028,1027,1027,1333.0,1361689.0
2026-06-04 06:33:00,1027,1028,1027,1028,660.0,1361857.0
2026-06-04 06:34:00,1028,1028,1026,1027,5029.0,1362093.0
2026-06-04 06:35:00,1027,1027,1026,1026,2058.0,1362209.0
2026-06-04 06:36:00,1026,1027,1025,1027,5624.0,1361825.0
2026-06-04 06:37:00,1027,1027,1026,1027,578.0,1361643.0
2026-06-04 06:38:00,1027,1028,1026,1027,3441.0,1360551.0
2026-06-04 06:39:00,1027,1029,1027,1029,6040.0,1361471.0
2026-06-04 06:40:00,1029,1029,1028,1028,956.0,1361173.0
2026-06-04 06:41:00,1028,1029,1028,1028,1855.0,1360141.0
2026-06-04 06:42:00,1028,1031,1028,1031,8268.0,1356762.0
2026-06-04 06:43:00,1031,1033,1030,1032,14369.0,1350717.0
2026-06-04 06:44:00,1032,1035,1032,1034,14669.0,1346858.0
2026-06-04 06:45:00,1034,1035,1033,1033,5357.0,1346418.0
2026-06-04 06:46:00,1033,1034,1033,1033,2715.0,1345614.0
2026-06-04 06:47:00,1033,1034,1032,1033,7760.0,1344476.0
2026-06-04 06:48:00,1033,1034,1032,1033,1946.0,1344504.0
2026-06-04 06:49:00,1033,1034,1032,1032,3052.0,1344734.0
2026-06-04 06:50:00,1032,1033,1032,1033,819.0,1344361.0
2026-06-04 06:51:00,1033,1033,1032,1032,1167.0,1344120.0
2026-06-04 06:52:00,1032,1034,1032,1032,4517.0,1344267.0
2026-06-04 06:53:00,1032,1033,1031,1032,4687.0,1342807.0
2026-06-04 06:54:00,1032,1033,1031,1031,4235.0,1342201.0
2026-06-04 06:55:00,1031,1032,1031,1032,1553.0,1341686.0
2026-06-04 06:56:00,1032,1032,1031,1031,1910.0,1341418.0
2026-06-04 06:57:00,1031,1032,1031,1032,2135.0,1340671.0
2026-06-04 06:58:00,1032,1032,1031,1032,2864.0,1340744.0
2026-06-04 06:59:00,1032,1032,1031,1031,10142.0,1336765.0
2026-06-04 13:00:00,1030,1032,1028,1029,23022.0,1340116.0
2026-06-04 13:01:00,1029,1030,1028,1029,9280.0,1340974.0
2026-06-04 13:02:00,1029,1031,1028,1030,8592.0,1342675.0
2026-06-04 13:03:00,1030,1031,1030,1031,3464.0,1343529.0
2026-06-04 13:04:00,1031,1032,1029,1030,6504.0,1343885.0
2026-06-04 13:05:00,1030,1032,1030,1032,4360.0,1343849.0
2026-06-04 13:06:00,1032,1033,1031,1032,6471.0,1344749.0
2026-06-04 13:07:00,1032,1033,1031,1032,3568.0,1344247.0
2026-06-04 13:08:00,1032,1034,1032,1033,5066.0,1342945.0
2026-06-04 13:09:00,1033,1034,1032,1032,3472.0,1343645.0
2026-06-04 13:10:00,1032,1033,1032,1033,1719.0,1344319.0
2026-06-04 13:11:00,1033,1034,1031,1031,5073.0,1344924.0
2026-06-04 13:12:00,1031,1032,1030,1031,3983.0,1344388.0
2026-06-04 13:13:00,1031,1031,1028,1029,9228.0,1344233.0
2026-06-04 13:14:00,1029,1030,1028,1029,5135.0,1344870.0
2026-06-04 13:15:00,1029,1029,1028,1028,3227.0,1343745.0
2026-06-04 13:16:00,1028,1030,1028,1029,4489.0,1343799.0
2026-06-04 13:17:00,1029,1029,1028,1029,1304.0,1344285.0
2026-06-04 13:18:00,1029,1029,1028,1028,1338.0,1344586.0
2026-06-04 13:19:00,1028,1029,1028,1028,963.0,1344735.0
2026-06-04 13:20:00,1028,1029,1028,1029,905.0,1344776.0
2026-06-04 13:21:00,1029,1030,1028,1029,5176.0,1346419.0
2026-06-04 13:22:00,1029,1030,1029,1030,825.0,1346104.0
2026-06-04 13:23:00,1030,1030,1027,1027,4822.0,1348313.0
2026-06-04 13:24:00,1027,1028,1027,1028,1152.0,1348521.0
2026-06-04 13:25:00,1028,1028,1027,1027,2237.0,1349155.0
2026-06-04 13:26:00,1027,1029,1027,1029,2609.0,1349657.0
2026-06-04 13:27:00,1029,1029,1028,1028,603.0,1349780.0
2026-06-04 13:28:00,1028,1029,1028,1029,744.0,1349994.0
2026-06-04 13:29:00,1029,1029,1028,1029,776.0,1350102.0
2026-06-04 13:30:00,1029,1030,1028,1029,3430.0,1349906.0
2026-06-04 13:31:00,1029,1031,1029,1031,2629.0,1349795.0
2026-06-04 13:32:00,1031,1032,1030,1031,2792.0,1349431.0
2026-06-04 13:33:00,1031,1032,1030,1031,4168.0,1348864.0
2026-06-04 13:34:00,1031,1032,1031,1032,1503.0,1348383.0
2026-06-04 13:35:00,1032,1032,1031,1031,567.0,1348419.0
2026-06-04 13:36:00,1031,1033,1031,1032,6609.0,1348611.0
2026-06-04 13:37:00,1032,1032,1031,1031,953.0,1348672.0
2026-06-04 13:38:00,1031,1032,1030,1031,1693.0,1348505.0
2026-06-04 13:39:00,1031,1032,1030,1031,1189.0,1348329.0
2026-06-04 13:40:00,1031,1032,1031,1031,322.0,1348213.0
2026-06-04 13:41:00,1031,1032,1031,1032,497.0,1348054.0
2026-06-04 13:42:00,1032,1032,1030,1030,1363.0,1348076.0
2026-06-04 13:43:00,1030,1031,1030,1031,1568.0,1348624.0
2026-06-04 13:44:00,1031,1031,1030,1031,447.0,1348527.0
2026-06-04 13:45:00,1031,1031,1030,1031,347.0,1348426.0
2026-06-04 13:46:00,1031,1031,1030,1031,331.0,1348549.0
2026-06-04 13:47:00,1031,1031,1030,1030,424.0,1348442.0
2026-06-04 13:48:00,1030,1031,1030,1031,416.0,1348355.0
2026-06-04 13:49:00,1031,1031,1030,1030,314.0,1348425.0
2026-06-04 13:50:00,1030,1031,1030,1031,658.0,1348159.0
2026-06-04 13:51:00,1031,1031,1029,1030,3023.0,1347963.0
2026-06-04 13:52:00,1030,1031,1030,1030,1014.0,1348133.0
2026-06-04 13:53:00,1030,1031,1030,1030,418.0,1348306.0
2026-06-04 13:54:00,1030,1031,1030,1031,221.0,1348394.0
2026-06-04 13:55:00,1031,1031,1030,1030,257.0,1348554.0
2026-06-04 13:56:00,1030,1031,1030,1030,264.0,1348581.0
2026-06-04 13:57:00,1030,1031,1030,1030,279.0,1348700.0
2026-06-04 13:58:00,1030,1031,1029,1031,2457.0,1349327.0
2026-06-04 13:59:00,1031,1031,1030,1031,226.0,1349245.0
2026-06-04 14:00:00,1031,1032,1030,1032,3754.0,1349633.0
2026-06-04 14:01:00,1032,1032,1029,1029,2696.0,1350313.0
2026-06-04 14:02:00,1029,1030,1029,1030,313.0,1350278.0
2026-06-04 14:03:00,1030,1030,1029,1030,271.0,1350275.0
2026-06-04 14:04:00,1030,1030,1029,1029,285.0,1350312.0
2026-06-04 14:05:00,1029,1030,1029,1029,285.0,1350379.0
2026-06-04 14:06:00,1029,1030,1029,1030,299.0,1350368.0
2026-06-04 14:07:00,1030,1030,1029,1029,361.0,1350506.0
2026-06-04 14:08:00,1029,1030,1029,1030,419.0,1350345.0
2026-06-04 14:09:00,1030,1030,1028,1029,2955.0,1350901.0
2026-06-04 14:10:00,1029,1030,1028,1029,2156.0,1350382.0
2026-06-04 14:11:00,1029,1029,1028,1028,1260.0,1350605.0
2026-06-04 14:12:00,1028,1029,1028,1029,315.0,1350634.0
2026-06-04 14:13:00,1029,1029,1028,1029,382.0,1350606.0
2026-06-04 14:14:00,1029,1029,1028,1028,255.0,1350519.0
2026-06-04 14:15:00,1028,1029,1028,1028,4183.0,1351583.0
2026-06-04 14:16:00,1028,1029,1028,1028,1780.0,1352499.0
2026-06-04 14:17:00,1028,1029,1027,1028,3602.0,1352481.0
2026-06-04 14:18:00,1028,1029,1028,1029,121.0,1352472.0
2026-06-04 14:19:00,1029,1029,1028,1028,200.0,1352392.0
2026-06-04 14:20:00,1028,1029,1028,1029,411.0,1352523.0
2026-06-04 14:21:00,1029,1029,1027,1028,2614.0,1353350.0
2026-06-04 14:22:00,1028,1028,1027,1027,714.0,1353502.0
2026-06-04 14:23:00,1027,1028,1027,1027,1698.0,1352798.0
2026-06-04 14:24:00,1027,1028,1027,1028,219.0,1352691.0
2026-06-04 14:25:00,1028,1028,1026,1026,5360.0,1355169.0
2026-06-04 14:26:00,1026,1027,1026,1026,2053.0,1355439.0
2026-06-04 14:27:00,1026,1028,1026,1028,4922.0,1357370.0
2026-06-04 14:28:00,1028,1028,1027,1028,1194.0,1357303.0
2026-06-04 14:29:00,1028,1028,1027,1028,446.0,1357336.0
2026-06-04 14:30:00,1028,1029,1027,1029,1645.0,1357224.0
2026-06-04 14:31:00,1029,1029,1027,1028,1985.0,1357078.0
2026-06-04 14:32:00,1028,1029,1028,1029,360.0,1357110.0
2026-06-04 14:33:00,1029,1029,1028,1029,188.0,1357097.0
2026-06-04 14:34:00,1029,1029,1028,1029,213.0,1357076.0
2026-06-04 14:35:00,1029,1029,1028,1028,152.0,1357013.0
2026-06-04 14:36:00,1028,1029,1027,1028,2692.0,1356808.0
2026-06-04 14:37:00,1028,1029,1028,1028,1926.0,1357191.0
2026-06-04 14:38:00,1028,1029,1027,1029,1204.0,1356797.0
2026-06-04 14:39:00,1029,1029,1028,1029,323.0,1356710.0
2026-06-04 14:40:00,1029,1029,1028,1028,175.0,1356691.0
2026-06-04 14:41:00,1028,1029,1028,1029,4073.0,1356735.0
2026-06-04 14:42:00,1029,1029,1028,1029,913.0,1356543.0
2026-06-04 14:43:00,1029,1029,1028,1028,186.0,1356542.0
2026-06-04 14:44:00,1028,1029,1028,1029,159.0,1356465.0
2026-06-04 14:45:00,1029,1029,1028,1029,323.0,1356385.0
2026-06-04 14:46:00,1029,1029,1028,1029,140.0,1356430.0
2026-06-04 14:47:00,1029,1029,1027,1028,2828.0,1357145.0
2026-06-04 14:48:00,1028,1028,1027,1027,304.0,1357113.0
2026-06-04 14:49:00,1027,1028,1027,1028,2225.0,1356585.0
2026-06-04 14:50:00,1028,1028,1027,1027,292.0,1356543.0
2026-06-04 14:51:00,1027,1028,1026,1026,5165.0,1357183.0
2026-06-04 14:52:00,1026,1027,1026,1027,2013.0,1357693.0
2026-06-04 14:53:00,1027,1027,1026,1026,1133.0,1357275.0
2026-06-04 14:54:00,1026,1027,1026,1026,400.0,1357266.0
2026-06-04 14:55:00,1026,1027,1026,1027,2393.0,1357023.0
2026-06-04 14:56:00,1027,1027,1026,1027,687.0,1357078.0
2026-06-04 14:57:00,1027,1027,1026,1026,847.0,1357044.0
2026-06-04 14:58:00,1026,1027,1026,1026,1353.0,1357035.0
2026-06-04 14:59:00,1026,1027,1025,1025,7404.0,1354405.0
2026-06-05 01:00:00,1025,1027,1025,1026,9226.0,1354544.0
2026-06-05 01:01:00,1026,1026,1024,1024,7627.0,1355347.0
2026-06-05 01:02:00,1024,1026,1024,1025,5543.0,1355384.0
2026-06-05 01:03:00,1025,1026,1025,1025,1480.0,1355250.0
2026-06-05 01:04:00,1025,1026,1025,1025,1503.0,1355664.0
2026-06-05 01:05:00,1025,1026,1024,1025,4259.0,1356753.0
2026-06-05 01:06:00,1025,1025,1022,1022,15125.0,1357343.0
2026-06-05 01:07:00,1022,1023,1021,1022,12121.0,1360461.0
2026-06-05 01:08:00,1022,1024,1021,1022,6462.0,1361905.0
2026-06-05 01:09:00,1022,1023,1021,1022,3116.0,1361791.0
2026-06-05 01:10:00,1022,1023,1021,1022,2587.0,1362583.0
2026-06-05 01:11:00,1022,1023,1021,1022,2623.0,1363625.0
2026-06-05 01:12:00,1022,1022,1021,1022,3990.0,1365267.0
2026-06-05 01:13:00,1022,1023,1021,1023,1577.0,1365280.0
2026-06-05 01:14:00,1023,1023,1022,1022,1528.0,1365733.0
2026-06-05 01:15:00,1022,1023,1021,1021,2543.0,1366581.0
2026-06-05 01:16:00,1021,1022,1020,1021,10709.0,1369503.0
2026-06-05 01:17:00,1021,1021,1019,1019,11329.0,1371389.0
2026-06-05 01:18:00,1019,1020,1019,1019,3983.0,1370996.0
2026-06-05 01:19:00,1019,1020,1019,1020,2159.0,1371462.0
2026-06-05 01:20:00,1020,1021,1019,1020,3133.0,1371812.0
2026-06-05 01:21:00,1020,1021,1020,1021,3126.0,1372267.0
2026-06-05 01:22:00,1021,1021,1019,1019,6933.0,1373347.0
2026-06-05 01:23:00,1019,1020,1019,1020,2309.0,1373289.0
2026-06-05 01:24:00,1020,1021,1020,1021,2340.0,1373131.0
2026-06-05 01:25:00,1021,1021,1020,1021,1300.0,1372629.0
2026-06-05 01:26:00,1021,1021,1020,1021,1538.0,1372387.0
2026-06-05 01:27:00,1021,1022,1020,1022,4987.0,1372432.0
2026-06-05 01:28:00,1022,1022,1020,1021,2690.0,1373039.0
2026-06-05 01:29:00,1021,1021,1020,1021,1066.0,1373571.0
2026-06-05 01:30:00,1021,1021,1020,1020,1326.0,1374304.0
2026-06-05 01:31:00,1020,1021,1019,1020,4861.0,1376005.0
2026-06-05 01:32:00,1020,1020,1019,1020,2989.0,1376188.0
2026-06-05 01:33:00,1020,1021,1020,1021,1224.0,1375759.0
2026-06-05 01:34:00,1021,1021,1020,1020,2069.0,1376289.0
2026-06-05 01:35:00,1020,1022,1020,1022,1342.0,1376254.0
2026-06-05 01:36:00,1022,1022,1021,1021,1102.0,1376725.0
2026-06-05 01:37:00,1021,1022,1021,1021,1042.0,1376885.0
2026-06-05 01:38:00,1021,1022,1021,1021,881.0,1377063.0
2026-06-05 01:39:00,1021,1022,1021,1022,337.0,1377026.0
2026-06-05 01:40:00,1022,1022,1020,1021,2959.0,1377039.0
2026-06-05 01:41:00,1021,1022,1020,1021,1414.0,1377339.0
2026-06-05 01:42:00,1021,1021,1020,1021,762.0,1377543.0
2026-06-05 01:43:00,1021,1021,1020,1020,513.0,1377337.0
2026-06-05 01:44:00,1020,1021,1020,1021,732.0,1377434.0
2026-06-05 01:45:00,1021,1022,1020,1020,2362.0,1377875.0
2026-06-05 01:46:00,1020,1021,1020,1021,1270.0,1377738.0
2026-06-05 01:47:00,1021,1021,1020,1020,708.0,1377845.0
2026-06-05 01:48:00,1020,1020,1019,1019,6099.0,1380894.0
2026-06-05 01:49:00,1019,1020,1019,1020,1914.0,1381566.0
2026-06-05 01:50:00,1020,1020,1019,1019,1504.0,1382004.0
2026-06-05 01:51:00,1019,1020,1019,1020,1808.0,1381623.0
2026-06-05 01:52:00,1020,1020,1018,1018,4271.0,1382898.0
2026-06-05 01:53:00,1018,1019,1018,1019,1409.0,1382830.0
2026-06-05 01:54:00,1019,1020,1018,1018,8310.0,1384812.0
2026-06-05 01:55:00,1018,1019,1018,1019,766.0,1385165.0
2026-06-05 01:56:00,1019,1019,1018,1019,894.0,1385728.0
2026-06-05 01:57:00,1019,1020,1018,1020,2888.0,1385160.0
2026-06-05 01:58:00,1020,1020,1019,1019,623.0,1385191.0
2026-06-05 01:59:00,1019,1020,1019,1020,1379.0,1385855.0
2026-06-05 02:00:00,1020,1020,1018,1019,3256.0,1385713.0
2026-06-05 02:01:00,1019,1019,1018,1019,1056.0,1386075.0
2026-06-05 02:02:00,1019,1019,1018,1019,1172.0,1386425.0
2026-06-05 02:03:00,1019,1019,1018,1019,761.0,1386784.0
2026-06-05 02:04:00,1019,1019,1018,1019,738.0,1387040.0
2026-06-05 02:05:00,1019,1019,1018,1019,923.0,1387310.0
2026-06-05 02:06:00,1019,1019,1018,1019,901.0,1387880.0
2026-06-05 02:07:00,1019,1019,1018,1018,857.0,1388407.0
2026-06-05 02:08:00,1018,1019,1018,1018,525.0,1388634.0
2026-06-05 02:09:00,1018,1019,1018,1019,458.0,1388919.0
2026-06-05 02:10:00,1019,1020,1018,1020,4640.0,1390149.0
2026-06-05 02:11:00,1020,1020,1019,1019,829.0,1390671.0
2026-06-05 02:12:00,1019,1021,1019,1021,5243.0,1392386.0
2026-06-05 02:13:00,1021,1021,1020,1021,1244.0,1392488.0
2026-06-05 02:14:00,1021,1021,1020,1021,1752.0,1392353.0
2026-06-05 02:30:00,1020,1021,1018,1018,6847.0,1392233.0
2026-06-05 02:31:00,1018,1019,1018,1019,948.0,1392426.0
2026-06-05 02:32:00,1019,1019,1018,1018,1592.0,1392796.0
2026-06-05 02:33:00,1018,1019,1018,1019,1258.0,1393362.0
2026-06-05 02:34:00,1019,1020,1018,1020,1827.0,1394496.0
2026-06-05 02:35:00,1020,1020,1018,1018,3867.0,1395566.0
2026-06-05 02:36:00,1018,1020,1018,1019,1645.0,1395701.0
2026-06-05 02:37:00,1019,1020,1018,1019,2090.0,1396498.0
2026-06-05 02:38:00,1019,1019,1018,1019,1069.0,1396670.0
2026-06-05 02:39:00,1019,1019,1018,1018,570.0,1396890.0
2026-06-05 02:40:00,1018,1019,1017,1018,7959.0,1399141.0
2026-06-05 02:41:00,1018,1019,1017,1019,3413.0,1399109.0
2026-06-05 02:42:00,1019,1019,1018,1018,515.0,1398894.0
2026-06-05 02:43:00,1018,1019,1017,1017,2629.0,1399393.0
2026-06-05 02:44:00,1017,1019,1017,1019,1706.0,1399360.0
2026-06-05 02:45:00,1019,1019,1018,1018,759.0,1399452.0
2026-06-05 02:46:00,1018,1019,1017,1018,2343.0,1400094.0
2026-06-05 02:47:00,1018,1019,1018,1019,454.0,1400010.0
2026-06-05 02:48:00,1019,1019,1018,1019,387.0,1399981.0
2026-06-05 02:49:00,1019,1019,1018,1019,653.0,1399907.0
2026-06-05 02:50:00,1019,1019,1018,1019,689.0,1400030.0
2026-06-05 02:51:00,1019,1020,1018,1019,4194.0,1400705.0
2026-06-05 02:52:00,1019,1019,1018,1019,1996.0,1401667.0
2026-06-05 02:53:00,1019,1019,1018,1018,688.0,1401945.0
2026-06-05 02:54:00,1018,1019,1018,1018,494.0,1402068.0
2026-06-05 02:55:00,1018,1019,1018,1018,1843.0,1402268.0
2026-06-05 02:56:00,1018,1019,1017,1018,2868.0,1403233.0
2026-06-05 02:57:00,1018,1018,1017,1018,971.0,1403426.0
2026-06-05 02:58:00,1018,1018,1017,1017,1019.0,1403136.0
2026-06-05 02:59:00,1017,1018,1017,1017,1080.0,1403245.0
2026-06-05 03:00:00,1017,1018,1017,1018,1770.0,1403854.0
2026-06-05 03:01:00,1018,1018,1015,1016,20547.0,1408374.0
2026-06-05 03:02:00,1016,1016,1015,1015,3521.0,1409438.0
2026-06-05 03:03:00,1015,1017,1015,1016,4689.0,1410717.0
2026-06-05 03:04:00,1016,1017,1016,1017,1232.0,1411116.0
2026-06-05 03:05:00,1017,1017,1016,1016,3208.0,1412200.0
2026-06-05 03:06:00,1016,1017,1015,1015,4088.0,1413962.0
2026-06-05 03:07:00,1015,1016,1015,1015,3799.0,1415882.0
2026-06-05 03:08:00,1015,1016,1015,1015,870.0,1416050.0
2026-06-05 03:09:00,1015,1016,1015,1016,987.0,1416083.0
2026-06-05 03:10:00,1016,1017,1015,1016,2944.0,1417236.0
2026-06-05 03:11:00,1016,1017,1016,1016,1067.0,1417832.0
2026-06-05 03:12:00,1016,1017,1015,1016,3488.0,1419762.0
2026-06-05 03:13:00,1016,1016,1014,1014,4034.0,1420195.0
2026-06-05 03:14:00,1014,1016,1010,1010,34935.0,1431700.0
2026-06-05 03:15:00,1010,1012,1010,1011,14745.0,1437072.0
2026-06-05 03:16:00,1011,1011,1010,1011,7695.0,1441970.0
2026-06-05 03:17:00,1011,1011,1008,1008,16447.0,1447732.0
2026-06-05 03:18:00,1008,1010,1008,1009,11701.0,1452027.0
2026-06-05 03:19:00,1009,1011,1008,1010,12888.0,1457919.0
2026-06-05 03:20:00,1010,1011,1010,1011,5142.0,1460023.0
2026-06-05 03:21:00,1011,1011,1009,1010,9058.0,1462487.0
2026-06-05 03:22:00,1010,1013,1009,1013,11039.0,1462906.0
2026-06-05 03:23:00,1013,1013,1011,1013,6853.0,1463807.0
2026-06-05 03:24:00,1013,1014,1012,1013,4893.0,1462954.0
2026-06-05 03:25:00,1013,1014,1013,1014,2067.0,1462978.0
2026-06-05 03:26:00,1014,1014,1012,1013,3605.0,1463977.0
2026-06-05 03:27:00,1013,1014,1012,1013,3343.0,1463916.0
2026-06-05 03:28:00,1013,1013,1012,1013,2597.0,1465110.0
2026-06-05 03:29:00,1013,1014,1012,1014,4362.0,1465606.0
2026-06-05 05:30:00,1013,1014,1012,1013,8861.0,1466386.0
2026-06-05 05:31:00,1013,1014,1013,1014,3404.0,1466512.0
2026-06-05 05:32:00,1014,1014,1012,1012,4794.0,1467764.0
2026-06-05 05:33:00,1012,1013,1012,1012,1344.0,1467960.0
2026-06-05 05:34:00,1012,1013,1012,1013,2057.0,1468468.0
2026-06-05 05:35:00,1013,1013,1012,1013,1641.0,1468562.0
2026-06-05 05:36:00,1013,1013,1011,1011,4284.0,1469403.0
2026-06-05 05:37:00,1011,1012,1010,1010,5736.0,1471439.0
2026-06-05 05:38:00,1010,1012,1010,1012,3172.0,1472576.0
2026-06-05 05:39:00,1012,1012,1011,1011,2101.0,1473704.0
2026-06-05 05:40:00,1011,1012,1011,1011,1353.0,1474401.0
2026-06-05 05:41:00,1011,1013,1011,1012,4022.0,1475303.0
2026-06-05 05:42:00,1012,1012,1011,1012,765.0,1475790.0
2026-06-05 05:43:00,1012,1012,1011,1012,1211.0,1476541.0
2026-06-05 05:44:00,1012,1012,1010,1010,4814.0,1478962.0
2026-06-05 05:45:00,1010,1011,1010,1011,1837.0,1479817.0
2026-06-05 05:46:00,1011,1011,1009,1011,7669.0,1483379.0
2026-06-05 05:47:00,1011,1011,1010,1011,1419.0,1482906.0
2026-06-05 05:48:00,1011,1012,1010,1011,4674.0,1484497.0
2026-06-05 05:49:00,1011,1011,1010,1011,2556.0,1485295.0
2026-06-05 05:50:00,1011,1011,1010,1011,897.0,1485210.0
2026-06-05 05:51:00,1011,1012,1010,1012,2300.0,1485622.0
2026-06-05 05:52:00,1012,1012,1011,1012,1441.0,1485905.0
2026-06-05 05:53:00,1012,1012,1011,1012,1880.0,1486275.0
2026-06-05 05:54:00,1012,1012,1011,1012,2084.0,1487185.0
2026-06-05 05:55:00,1012,1013,1011,1012,2744.0,1487898.0
2026-06-05 05:56:00,1012,1013,1011,1011,3428.0,1488752.0
2026-06-05 05:57:00,1011,1013,1011,1012,1374.0,1489107.0
2026-06-05 05:58:00,1012,1013,1012,1013,1040.0,1489138.0
2026-06-05 05:59:00,1013,1013,1012,1012,652.0,1489424.0
2026-06-05 06:00:00,1012,1013,1011,1012,1967.0,1489973.0
2026-06-05 06:01:00,1012,1012,1010,1010,4929.0,1491742.0
2026-06-05 06:02:00,1010,1011,1010,1011,1689.0,1492043.0
2026-06-05 06:03:00,1011,1011,1009,1009,6109.0,1494131.0
2026-06-05 06:04:00,1009,1010,1009,1009,2936.0,1494402.0
2026-06-05 06:05:00,1009,1010,1009,1010,2908.0,1495884.0
2026-06-05 06:06:00,1010,1010,1009,1010,1837.0,1496003.0
2026-06-05 06:07:00,1010,1010,1009,1010,1693.0,1496864.0
2026-06-05 06:08:00,1010,1011,1009,1010,1996.0,1497357.0
2026-06-05 06:09:00,1010,1011,1009,1010,3424.0,1498820.0
2026-06-05 06:10:00,1010,1010,1005,1006,23130.0,1503867.0
2026-06-05 06:11:00,1006,1007,1006,1007,7345.0,1504889.0
2026-06-05 06:12:00,1007,1007,1004,1005,21436.0,1511996.0
2026-06-05 06:13:00,1005,1006,1004,1005,6816.0,1513588.0
2026-06-05 06:14:00,1005,1007,1005,1007,8424.0,1514689.0
2026-06-05 06:15:00,1007,1008,1006,1006,7292.0,1515975.0
2026-06-05 06:16:00,1006,1008,1006,1007,4084.0,1517698.0
2026-06-05 06:17:00,1007,1008,1007,1008,2287.0,1518049.0
2026-06-05 06:18:00,1008,1008,1007,1008,1796.0,1518632.0
2026-06-05 06:19:00,1008,1008,1007,1007,1219.0,1518894.0
2026-06-05 06:20:00,1007,1008,1006,1006,4367.0,1520654.0
2026-06-05 06:21:00,1006,1007,1006,1006,3618.0,1520866.0
2026-06-05 06:22:00,1006,1008,1006,1007,6835.0,1520667.0
2026-06-05 06:23:00,1007,1009,1007,1008,4815.0,1519462.0
2026-06-05 06:24:00,1008,1009,1008,1009,2840.0,1520312.0
2026-06-05 06:25:00,1009,1010,1008,1008,6715.0,1521047.0
2026-06-05 06:26:00,1008,1009,1008,1009,1666.0,1521251.0
2026-06-05 06:27:00,1009,1009,1007,1007,1802.0,1521183.0
2026-06-05 06:28:00,1007,1008,1007,1007,2326.0,1521610.0
2026-06-05 06:29:00,1007,1008,1007,1008,2964.0,1522587.0
2026-06-05 06:30:00,1008,1008,1007,1007,1534.0,1522696.0
2026-06-05 06:31:00,1007,1008,1007,1007,1278.0,1522880.0
2026-06-05 06:32:00,1007,1009,1007,1009,3251.0,1522352.0
2026-06-05 06:33:00,1009,1010,1008,1009,4305.0,1523671.0
2026-06-05 06:34:00,1009,1010,1008,1009,2495.0,1523926.0
2026-06-05 06:35:00,1009,1010,1008,1009,1571.0,1523705.0
2026-06-05 06:36:00,1009,1009,1008,1009,824.0,1523650.0
2026-06-05 06:37:00,1009,1010,1008,1010,1861.0,1523588.0
2026-06-05 06:38:00,1010,1010,1009,1010,1428.0,1523627.0
2026-06-05 06:39:00,1010,1010,1008,1008,2141.0,1523849.0
2026-06-05 06:40:00,1008,1010,1008,1009,1685.0,1523608.0
2026-06-05 06:41:00,1009,1010,1009,1009,2382.0,1523114.0
2026-06-05 06:42:00,1009,1009,1008,1008,715.0,1523126.0
2026-06-05 06:43:00,1008,1009,1008,1008,2294.0,1522739.0
2026-06-05 06:44:00,1008,1009,1008,1008,883.0,1522611.0
2026-06-05 06:45:00,1008,1010,1008,1010,2535.0,1522493.0
2026-06-05 06:46:00,1010,1010,1008,1009,2959.0,1522765.0
2026-06-05 06:47:00,1009,1009,1008,1009,1226.0,1522647.0
2026-06-05 06:48:00,1009,1010,1008,1008,4492.0,1522430.0
2026-06-05 06:49:00,1008,1010,1008,1009,1985.0,1522435.0
2026-06-05 06:50:00,1009,1011,1009,1011,7385.0,1520625.0
2026-06-05 06:51:00,1011,1011,1009,1010,3429.0,1519440.0
2026-06-05 06:52:00,1010,1012,1010,1011,7195.0,1518403.0
2026-06-05 06:53:00,1011,1012,1010,1012,2420.0,1518343.0
2026-06-05 06:54:00,1012,1012,1011,1012,1994.0,1518124.0
2026-06-05 06:55:00,1012,1012,1010,1010,4721.0,1518323.0
2026-06-05 06:56:00,1010,1012,1010,1012,2517.0,1517878.0
2026-06-05 06:57:00,1012,1012,1010,1011,4165.0,1517431.0
2026-06-05 06:58:00,1011,1011,1010,1010,5293.0,1515547.0
2026-06-05 06:59:00,1010,1011,1010,1010,11381.0,1511130.0
2026-06-05 13:00:00,1008,1009,1006,1007,23893.0,1514927.0
2026-06-05 13:01:00,1007,1009,1006,1008,13883.0,1517996.0
2026-06-05 13:02:00,1008,1010,1006,1009,12325.0,1520280.0
2026-06-05 13:03:00,1009,1010,1007,1007,10025.0,1521221.0
2026-06-05 13:04:00,1007,1008,1007,1008,2997.0,1522068.0
2026-06-05 13:05:00,1008,1009,1006,1009,7746.0,1523875.0
2026-06-05 13:06:00,1009,1009,1008,1008,2374.0,1523457.0
2026-06-05 13:07:00,1008,1009,1008,1008,5951.0,1524536.0
2026-06-05 13:08:00,1008,1010,1008,1008,7894.0,1525057.0
2026-06-05 13:09:00,1008,1009,1007,1008,3442.0,1525874.0
2026-06-05 13:10:00,1008,1008,1007,1008,1312.0,1526333.0
2026-06-05 13:11:00,1008,1009,1007,1009,3681.0,1527778.0
2026-06-05 13:12:00,1009,1009,1008,1009,2378.0,1528440.0
2026-06-05 13:13:00,1009,1009,1007,1007,3838.0,1530055.0
2026-06-05 13:14:00,1007,1008,1007,1007,1249.0,1530328.0
2026-06-05 13:15:00,1007,1009,1007,1008,6196.0,1530643.0
2026-06-05 13:16:00,1008,1009,1007,1007,5275.0,1529110.0
2026-06-05 13:17:00,1007,1007,1005,1006,9972.0,1529347.0
2026-06-05 13:18:00,1006,1007,1006,1007,1204.0,1529433.0
2026-06-05 13:19:00,1007,1007,1006,1007,1086.0,1529771.0
2026-06-05 13:20:00,1007,1007,1006,1006,1105.0,1529658.0
2026-06-05 13:21:00,1006,1007,1006,1006,1009.0,1529970.0
2026-06-05 13:22:00,1006,1008,1006,1007,5894.0,1530795.0
2026-06-05 13:23:00,1007,1007,1005,1007,6081.0,1531583.0
2026-06-05 13:24:00,1007,1007,1006,1007,4218.0,1531529.0
2026-06-05 13:25:00,1007,1007,1006,1006,847.0,1531454.0
2026-06-05 13:26:00,1006,1007,1005,1007,4883.0,1531417.0
2026-06-05 13:27:00,1007,1007,1006,1006,898.0,1531803.0
2026-06-05 13:28:00,1006,1007,1004,1004,10531.0,1533825.0
2026-06-05 13:29:00,1004,1006,1004,1006,4218.0,1534423.0
2026-06-05 13:30:00,1006,1006,1005,1006,2511.0,1535236.0
2026-06-05 13:31:00,1006,1006,1005,1006,4028.0,1535968.0
2026-06-05 13:32:00,1006,1006,1005,1006,1591.0,1536444.0
2026-06-05 13:33:00,1006,1007,1005,1007,4517.0,1536653.0
2026-06-05 13:34:00,1007,1008,1006,1008,4155.0,1538043.0
2026-06-05 13:35:00,1008,1008,1007,1008,3670.0,1539724.0
2026-06-05 13:36:00,1008,1008,1007,1008,573.0,1539890.0
2026-06-05 13:37:00,1008,1008,1006,1007,4868.0,1540200.0
2026-06-05 13:38:00,1007,1007,1006,1007,2145.0,1540316.0
2026-06-05 13:39:00,1007,1008,1007,1007,1981.0,1540349.0
2026-06-05 13:40:00,1007,1009,1007,1009,4382.0,1540399.0
2026-06-05 13:41:00,1009,1009,1007,1008,3179.0,1540812.0
2026-06-05 13:42:00,1008,1008,1007,1007,563.0,1540873.0
2026-06-05 13:43:00,1007,1008,1007,1007,1455.0,1541377.0
2026-06-05 13:44:00,1007,1007,1006,1007,3997.0,1541636.0
2026-06-05 13:45:00,1007,1007,1006,1006,466.0,1541934.0
2026-06-05 13:46:00,1006,1008,1006,1008,2816.0,1541734.0
2026-06-05 13:47:00,1008,1008,1007,1008,981.0,1541513.0
2026-06-05 13:48:00,1008,1008,1007,1008,669.0,1541283.0
2026-06-05 13:49:00,1008,1008,1007,1008,1222.0,1540815.0
2026-06-05 13:50:00,1008,1008,1007,1007,352.0,1540985.0
2026-06-05 13:51:00,1007,1008,1007,1008,223.0,1541061.0
2026-06-05 13:52:00,1008,1008,1007,1007,750.0,1541177.0
2026-06-05 13:53:00,1007,1008,1007,1008,683.0,1541475.0
2026-06-05 13:54:00,1008,1008,1007,1007,297.0,1541577.0
2026-06-05 13:55:00,1007,1008,1007,1008,493.0,1541538.0
2026-06-05 13:56:00,1008,1009,1007,1008,2536.0,1540872.0
2026-06-05 13:57:00,1008,1008,1007,1007,4602.0,1541888.0
2026-06-05 13:58:00,1007,1008,1007,1008,300.0,1541882.0
2026-06-05 13:59:00,1008,1008,1007,1008,275.0,1541800.0
2026-06-05 14:00:00,1008,1008,1007,1007,694.0,1541817.0
2026-06-05 14:01:00,1007,1008,1007,1007,1153.0,1541505.0
2026-06-05 14:02:00,1007,1008,1007,1007,534.0,1541404.0
2026-06-05 14:03:00,1007,1008,1007,1007,467.0,1541553.0
2026-06-05 14:04:00,1007,1008,1007,1007,456.0,1541695.0
2026-06-05 14:05:00,1007,1008,1007,1007,861.0,1541927.0
2026-06-05 14:06:00,1007,1008,1007,1007,967.0,1542386.0
2026-06-05 14:07:00,1007,1008,1005,1006,5207.0,1544510.0
2026-06-05 14:08:00,1006,1007,1006,1007,903.0,1544173.0
2026-06-05 14:09:00,1007,1007,1006,1007,584.0,1544256.0
2026-06-05 14:10:00,1007,1007,1006,1006,433.0,1544215.0
2026-06-05 14:11:00,1006,1007,1006,1006,543.0,1544288.0
2026-06-05 14:12:00,1006,1007,1006,1006,235.0,1544279.0
2026-06-05 14:13:00,1006,1007,1006,1006,484.0,1544220.0
2026-06-05 14:14:00,1006,1007,1006,1006,672.0,1544582.0
2026-06-05 14:15:00,1006,1007,1006,1006,996.0,1544701.0
2026-06-05 14:16:00,1006,1007,1006,1006,916.0,1545050.0
2026-06-05 14:17:00,1006,1007,1006,1007,517.0,1545237.0
2026-06-05 14:18:00,1007,1007,1006,1006,574.0,1545148.0
2026-06-05 14:19:00,1006,1007,1006,1006,988.0,1545103.0
2026-06-05 14:20:00,1006,1007,1006,1007,502.0,1545047.0
2026-06-05 14:21:00,1007,1007,1005,1006,2253.0,1545883.0
2026-06-05 14:22:00,1006,1006,1004,1005,10147.0,1548549.0
2026-06-05 14:23:00,1005,1006,1004,1005,4126.0,1547365.0
2026-06-05 14:24:00,1005,1006,1005,1005,566.0,1547437.0
2026-06-05 14:25:00,1005,1007,1005,1006,3481.0,1548684.0
2026-06-05 14:26:00,1006,1007,1006,1007,651.0,1548861.0
2026-06-05 14:27:00,1007,1007,1006,1007,363.0,1548879.0
2026-06-05 14:28:00,1007,1007,1006,1006,434.0,1548923.0
2026-06-05 14:29:00,1006,1007,1006,1006,456.0,1549086.0
2026-06-05 14:30:00,1006,1008,1006,1007,5930.0,1548930.0
2026-06-05 14:31:00,1007,1008,1007,1008,5662.0,1549975.0
2026-06-05 14:32:00,1008,1009,1007,1009,5668.0,1549650.0
2026-06-05 14:33:00,1009,1010,1008,1009,3648.0,1549977.0
2026-06-05 14:34:00,1009,1009,1008,1008,1440.0,1549737.0
2026-06-05 14:35:00,1008,1009,1007,1007,2603.0,1549534.0
2026-06-05 14:36:00,1007,1008,1006,1006,5151.0,1548905.0
2026-06-05 14:37:00,1006,1008,1006,1007,5476.0,1548080.0
2026-06-05 14:38:00,1007,1008,1007,1008,519.0,1548150.0
2026-06-05 14:39:00,1008,1008,1007,1008,1399.0,1547454.0
2026-06-05 14:40:00,1008,1008,1007,1007,253.0,1547374.0
2026-06-05 14:41:00,1007,1008,1007,1008,958.0,1547352.0
2026-06-05 14:42:00,1008,1008,1007,1008,227.0,1547282.0
2026-06-05 14:43:00,1008,1008,1007,1008,317.0,1547297.0
2026-06-05 14:44:00,1008,1008,1007,1008,368.0,1547330.0
2026-06-05 14:45:00,1008,1008,1006,1008,3944.0,1546755.0
2026-06-05 14:46:00,1008,1008,1007,1007,393.0,1546920.0
2026-06-05 14:47:00,1007,1009,1007,1008,2846.0,1547500.0
2026-06-05 14:48:00,1008,1010,1008,1009,6225.0,1545568.0
2026-06-05 14:49:00,1009,1010,1009,1010,1138.0,1545845.0
2026-06-05 14:50:00,1010,1011,1009,1011,6507.0,1544435.0
2026-06-05 14:51:00,1011,1012,1010,1011,10072.0,1545289.0
2026-06-05 14:52:00,1011,1011,1010,1011,1688.0,1545882.0
2026-06-05 14:53:00,1011,1012,1010,1011,4011.0,1545641.0
2026-06-05 14:54:00,1011,1011,1009,1010,5351.0,1547168.0
2026-06-05 14:55:00,1010,1011,1009,1009,2380.0,1546940.0
2026-06-05 14:56:00,1009,1010,1009,1010,1531.0,1546535.0
2026-06-05 14:57:00,1010,1011,1009,1010,5643.0,1543136.0
2026-06-05 14:58:00,1010,1012,1010,1010,5901.0,1542211.0
2026-06-05 14:59:00,1010,1011,1010,1011,7336.0,1538954.0
2026-06-08 01:00:00,1011,1012,1006,1007,23851.0,1536477.0
2026-06-08 01:01:00,1007,1008,1006,1007,5329.0,1536471.0
2026-06-08 01:02:00,1007,1008,1006,1007,13137.0,1537560.0
2026-06-08 01:03:00,1007,1008,1006,1007,6764.0,1539576.0
2026-06-08 01:04:00,1007,1007,1005,1006,6525.0,1540686.0
2026-06-08 01:05:00,1006,1008,1005,1006,9100.0,1541218.0
2026-06-08 01:06:00,1006,1006,1005,1006,4863.0,1542869.0
2026-06-08 01:07:00,1006,1007,1005,1006,7073.0,1544310.0
2026-06-08 01:08:00,1006,1007,1004,1006,30124.0,1550242.0
2026-06-08 01:09:00,1006,1008,1004,1008,10563.0,1550934.0
2026-06-08 01:10:00,1008,1008,1006,1008,4817.0,1551206.0
2026-06-08 01:11:00,1008,1009,1006,1009,9945.0,1551478.0
2026-06-08 01:12:00,1009,1010,1007,1008,9287.0,1550471.0
2026-06-08 01:13:00,1008,1009,1007,1008,2433.0,1551371.0
2026-06-08 01:14:00,1008,1010,1007,1010,4260.0,1552140.0
2026-06-08 01:15:00,1010,1010,1008,1009,3431.0,1552709.0
2026-06-08 01:16:00,1009,1009,1008,1009,1123.0,1552602.0
2026-06-08 01:17:00,1009,1009,1007,1007,2154.0,1551970.0
2026-06-08 01:18:00,1007,1008,1007,1008,795.0,1551885.0
2026-06-08 01:19:00,1008,1008,1006,1006,5164.0,1552367.0
2026-06-08 01:20:00,1006,1007,1006,1007,5401.0,1553308.0
2026-06-08 01:21:00,1007,1007,1006,1006,2116.0,1553165.0
2026-06-08 01:22:00,1006,1007,1006,1007,1244.0,1552820.0
2026-06-08 01:23:00,1007,1007,1006,1006,1154.0,1552895.0
2026-06-08 01:24:00,1006,1007,1006,1006,598.0,1553041.0
2026-06-08 01:25:00,1006,1007,1006,1007,576.0,1553109.0
2026-06-08 01:26:00,1007,1007,1006,1006,3876.0,1554087.0
2026-06-08 01:27:00,1006,1006,1005,1005,2559.0,1555010.0
2026-06-08 01:28:00,1005,1006,1005,1005,8157.0,1555075.0
2026-06-08 01:29:00,1005,1006,1005,1005,1644.0,1554675.0
2026-06-08 01:30:00,1005,1006,1005,1005,1527.0,1554711.0
2026-06-08 01:31:00,1005,1006,1005,1006,3634.0,1554910.0
2026-06-08 01:32:00,1006,1006,1005,1005,6004.0,1555916.0
2026-06-08 01:33:00,1005,1006,1005,1005,565.0,1555994.0
2026-06-08 01:34:00,1005,1006,1005,1005,765.0,1555771.0
2026-06-08 01:35:00,1005,1006,1005,1005,741.0,1556175.0
2026-06-08 01:36:00,1005,1006,1004,1006,5996.0,1557113.0
2026-06-08 01:37:00,1006,1006,1005,1005,1068.0,1557179.0
2026-06-08 01:38:00,1005,1006,1005,1005,1122.0,1557393.0
2026-06-08 01:39:00,1005,1006,1005,1005,872.0,1557693.0
2026-06-08 01:40:00,1005,1006,1005,1005,2298.0,1558060.0
2026-06-08 01:41:00,1005,1006,1004,1004,4253.0,1558437.0
2026-06-08 01:42:00,1004,1005,1004,1004,1982.0,1558377.0
2026-06-08 01:43:00,1004,1005,1002,1002,15888.0,1557098.0
2026-06-08 01:44:00,1002,1004,1002,1004,8311.0,1555927.0
2026-06-08 01:45:00,1004,1004,1003,1003,1586.0,1556157.0
2026-06-08 01:46:00,1003,1005,1003,1004,3133.0,1555909.0
2026-06-08 01:47:00,1004,1005,1003,1005,5398.0,1556419.0
2026-06-08 01:48:00,1005,1005,1003,1003,3408.0,1557361.0
2026-06-08 01:49:00,1003,1004,1003,1003,975.0,1557484.0
2026-06-08 01:50:00,1003,1004,1003,1003,2805.0,1558498.0
2026-06-08 01:51:00,1003,1004,1003,1003,1606.0,1558333.0
2026-06-08 01:52:00,1003,1005,1003,1003,5831.0,1557792.0
2026-06-08 01:53:00,1003,1004,1003,1003,1604.0,1557937.0
2026-06-08 01:54:00,1003,1004,1003,1003,886.0,1558248.0
2026-06-08 01:55:00,1003,1003,1002,1003,8528.0,1560857.0
2026-06-08 01:56:00,1003,1003,1001,1002,8660.0,1560237.0
2026-06-08 01:57:00,1002,1002,1001,1001,4549.0,1561425.0
2026-06-08 01:58:00,1001,1003,1001,1002,7769.0,1561680.0
2026-06-08 01:59:00,1002,1002,1000,1000,12124.0,1563344.0
2026-06-08 02:00:00,1000,1002,1000,1001,10650.0,1566858.0
2026-06-08 02:01:00,1001,1001,1000,1001,2937.0,1567486.0
2026-06-08 02:02:00,1001,1001,1000,1001,2145.0,1568592.0
2026-06-08 02:03:00,1001,1002,1000,1001,8480.0,1569651.0
2026-06-08 02:04:00,1001,1004,1001,1003,8596.0,1570220.0
2026-06-08 02:05:00,1003,1004,1002,1003,3616.0,1569587.0
2026-06-08 02:06:00,1003,1003,1002,1003,1148.0,1569583.0
2026-06-08 02:07:00,1003,1004,1002,1002,3867.0,1570077.0
2026-06-08 02:08:00,1002,1003,1001,1002,5236.0,1573320.0
2026-06-08 02:09:00,1002,1003,1001,1002,2883.0,1573926.0
2026-06-08 02:10:00,1002,1002,1000,1001,5173.0,1573282.0
2026-06-08 02:11:00,1001,1002,1001,1001,4695.0,1573268.0
2026-06-08 02:12:00,1001,1003,1001,1002,6059.0,1570255.0
2026-06-08 02:13:00,1002,1003,1001,1003,3316.0,1571024.0
2026-06-08 02:14:00,1003,1003,1001,1003,2441.0,1571261.0
2026-06-08 02:30:00,1002,1004,1002,1003,8359.0,1571736.0
2026-06-08 02:31:00,1003,1004,1002,1003,2647.0,1571829.0
2026-06-08 02:32:00,1003,1004,1003,1004,913.0,1571609.0
2026-06-08 02:33:00,1004,1004,1003,1003,863.0,1571389.0
2026-06-08 02:34:00,1003,1004,1003,1004,927.0,1571176.0
2026-06-08 02:35:00,1004,1004,1003,1003,3038.0,1570870.0
2026-06-08 02:36:00,1003,1004,1003,1003,1171.0,1570981.0
2026-06-08 02:37:00,1003,1004,1003,1004,625.0,1571347.0
2026-06-08 02:38:00,1004,1004,1003,1004,495.0,1571452.0
2026-06-08 02:39:00,1004,1004,1003,1003,531.0,1571666.0
2026-06-08 02:40:00,1003,1004,1003,1003,407.0,1571690.0
2026-06-08 02:41:00,1003,1004,1003,1003,1551.0,1572633.0
2026-06-08 02:42:00,1003,1004,1003,1003,940.0,1572824.0
2026-06-08 02:43:00,1003,1004,1002,1003,1828.0,1573693.0
2026-06-08 02:44:00,1003,1004,1003,1003,2442.0,1574524.0
2026-06-08 02:45:00,1003,1005,1003,1005,8570.0,1574448.0
2026-06-08 02:46:00,1005,1005,1003,1003,2428.0,1574901.0
2026-06-08 02:47:00,1003,1004,1003,1003,439.0,1574828.0
2026-06-08 02:48:00,1003,1004,1003,1003,347.0,1574751.0
2026-06-08 02:49:00,1003,1005,1003,1004,3503.0,1573239.0
2026-06-08 02:50:00,1004,1005,1003,1003,1565.0,1573608.0
2026-06-08 02:51:00,1003,1004,1003,1003,782.0,1573475.0
2026-06-08 02:52:00,1003,1005,1003,1005,1971.0,1573644.0
2026-06-08 02:53:00,1005,1005,1004,1004,3471.0,1573851.0
2026-06-08 02:54:00,1004,1005,1003,1004,1317.0,1574221.0
2026-06-08 02:55:00,1004,1005,1004,1004,389.0,1574327.0
2026-06-08 02:56:00,1004,1005,1004,1004,1007.0,1574848.0
2026-06-08 02:57:00,1004,1004,1003,1003,376.0,1574911.0
2026-06-08 02:58:00,1003,1004,1003,1003,418.0,1575047.0
2026-06-08 02:59:00,1003,1004,1003,1003,525.0,1575273.0
2026-06-08 03:00:00,1003,1004,1003,1003,4464.0,1575969.0
2026-06-08 03:01:00,1003,1004,1003,1003,372.0,1576010.0
2026-06-08 03:02:00,1003,1004,1002,1003,1754.0,1576231.0
2026-06-08 03:03:00,1003,1004,1003,1004,1477.0,1576133.0
2026-06-08 03:04:00,1004,1004,1003,1003,441.0,1576081.0
2026-06-08 03:05:00,1003,1004,1003,1004,528.0,1576112.0
2026-06-08 03:06:00,1004,1004,1003,1003,666.0,1575871.0
2026-06-08 03:07:00,1003,1004,1002,1002,1315.0,1575890.0
2026-06-08 03:08:00,1002,1003,1002,1003,625.0,1575842.0
2026-06-08 03:09:00,1003,1003,1002,1002,442.0,1575675.0
2026-06-08 03:10:00,1002,1004,1002,1003,2327.0,1575385.0
2026-06-08 03:11:00,1003,1004,1003,1003,603.0,1575436.0
2026-06-08 03:12:00,1003,1004,1003,1004,645.0,1575664.0
2026-06-08 03:13:00,1004,1004,1002,1003,1362.0,1575240.0
2026-06-08 03:14:00,1003,1003,1002,1003,614.0,1575340.0
2026-06-08 03:15:00,1003,1003,1002,1002,805.0,1575236.0
2026-06-08 03:16:00,1002,1004,1002,1003,2114.0,1574837.0
2026-06-08 03:17:00,1003,1004,1003,1003,535.0,1575052.0
2026-06-08 03:18:00,1003,1004,1003,1004,689.0,1575139.0
2026-06-08 03:19:00,1004,1004,1003,1003,555.0,1575316.0
2026-06-08 03:20:00,1003,1004,1002,1003,747.0,1575084.0
2026-06-08 03:21:00,1003,1004,1002,1003,1364.0,1575398.0
2026-06-08 03:22:00,1003,1004,1003,1003,447.0,1575568.0
2026-06-08 03:23:00,1003,1004,1003,1003,292.0,1575697.0
2026-06-08 03:24:00,1003,1004,1003,1003,230.0,1575748.0
2026-06-08 03:25:00,1003,1004,1003,1004,369.0,1575759.0
2026-06-08 03:26:00,1004,1004,1003,1003,494.0,1575761.0
2026-06-08 03:27:00,1003,1004,1002,1003,2813.0,1575297.0
2026-06-08 03:28:00,1003,1004,1003,1004,971.0,1574545.0
2026-06-08 03:29:00,1004,1004,1003,1003,2077.0,1574033.0
2026-06-08 05:30:00,1003,1004,1002,1004,5357.0,1574873.0
2026-06-08 05:31:00,1004,1004,1002,1002,1286.0,1575132.0
2026-06-08 05:32:00,1002,1003,1002,1002,1436.0,1575365.0
2026-06-08 05:33:00,1002,1004,1002,1003,4552.0,1575551.0
2026-06-08 05:34:00,1003,1004,1003,1004,2209.0,1575880.0
2026-06-08 05:35:00,1004,1004,1003,1003,1828.0,1576721.0
2026-06-08 05:36:00,1003,1004,1003,1003,1472.0,1576739.0
2026-06-08 05:37:00,1003,1004,1003,1004,892.0,1576508.0
2026-06-08 05:38:00,1004,1004,1002,1002,1748.0,1577080.0
2026-06-08 05:39:00,1002,1003,1002,1002,782.0,1576953.0
2026-06-08 05:40:00,1002,1005,1002,1005,11583.0,1579118.0
2026-06-08 05:41:00,1005,1005,1004,1004,1186.0,1579057.0
2026-06-08 05:42:00,1004,1009,1004,1008,23679.0,1583318.0
2026-06-08 05:43:00,1008,1008,1007,1007,3928.0,1583104.0
2026-06-08 05:44:00,1007,1008,1006,1007,6235.0,1584525.0
2026-06-08 05:45:00,1007,1007,1006,1006,1084.0,1584700.0
2026-06-08 05:46:00,1006,1007,1006,1007,986.0,1585111.0
2026-06-08 05:47:00,1007,1008,1006,1008,3142.0,1585152.0
2026-06-08 05:48:00,1008,1008,1006,1007,10299.0,1585388.0
2026-06-08 05:49:00,1007,1008,1006,1007,2426.0,1585601.0
2026-06-08 05:50:00,1007,1007,1006,1006,653.0,1585422.0
2026-06-08 05:51:00,1006,1007,1006,1006,1402.0,1585199.0
2026-06-08 05:52:00,1006,1007,1005,1006,3890.0,1585389.0
2026-06-08 05:53:00,1006,1006,1005,1005,2194.0,1585588.0
2026-06-08 05:54:00,1005,1006,1004,1006,3444.0,1584258.0
2026-06-08 05:55:00,1006,1006,1005,1005,707.0,1584231.0
2026-06-08 05:56:00,1005,1006,1005,1006,1102.0,1584185.0
2026-06-08 05:57:00,1006,1007,1005,1006,2127.0,1584504.0
2026-06-08 05:58:00,1006,1007,1006,1007,1626.0,1584268.0
2026-06-08 05:59:00,1007,1008,1006,1007,3663.0,1583002.0
2026-06-08 06:00:00,1007,1009,1007,1009,4936.0,1582916.0
2026-06-08 06:01:00,1009,1009,1008,1008,5098.0,1582805.0
2026-06-08 06:02:00,1008,1009,1007,1009,7038.0,1582249.0
2026-06-08 06:03:00,1009,1011,1009,1011,6854.0,1579569.0
2026-06-08 06:04:00,1011,1011,1009,1010,8223.0,1579845.0
2026-06-08 06:05:00,1010,1012,1010,1011,6544.0,1579812.0
2026-06-08 06:06:00,1011,1011,1009,1009,4493.0,1579253.0
2026-06-08 06:07:00,1009,1010,1009,1009,4383.0,1580100.0
2026-06-08 06:08:00,1009,1009,1008,1008,1033.0,1580100.0
2026-06-08 06:09:00,1008,1009,1007,1007,2677.0,1580608.0
2026-06-08 06:10:00,1007,1009,1007,1009,3065.0,1579940.0
2026-06-08 06:11:00,1009,1009,1008,1009,1471.0,1580071.0
2026-06-08 06:12:00,1009,1009,1008,1009,776.0,1579812.0
2026-06-08 06:13:00,1009,1009,1008,1009,688.0,1579736.0
2026-06-08 06:14:00,1009,1009,1008,1008,525.0,1579571.0
2026-06-08 06:15:00,1008,1009,1008,1009,815.0,1579441.0
2026-06-08 06:16:00,1009,1010,1008,1010,4331.0,1580125.0
2026-06-08 06:17:00,1010,1010,1008,1008,1303.0,1579808.0
2026-06-08 06:18:00,1008,1009,1008,1009,658.0,1579627.0
2026-06-08 06:19:00,1009,1009,1008,1008,533.0,1579557.0
2026-06-08 06:20:00,1008,1010,1008,1008,2459.0,1579663.0
2026-06-08 06:21:00,1008,1010,1008,1010,1219.0,1579746.0
2026-06-08 06:22:00,1010,1010,1008,1009,1691.0,1579964.0
2026-06-08 06:23:00,1009,1009,1008,1008,503.0,1579746.0
2026-06-08 06:24:00,1008,1009,1008,1008,498.0,1579817.0
2026-06-08 06:25:00,1008,1009,1008,1009,648.0,1579768.0
2026-06-08 06:26:00,1009,1009,1008,1008,576.0,1579743.0
2026-06-08 06:27:00,1008,1009,1008,1009,333.0,1579782.0
2026-06-08 06:28:00,1009,1009,1007,1008,2882.0,1580215.0
2026-06-08 06:29:00,1008,1009,1008,1009,718.0,1580473.0
2026-06-08 06:30:00,1009,1009,1007,1007,1791.0,1580661.0
2026-06-08 06:31:00,1007,1008,1006,1006,4097.0,1580055.0
2026-06-08 06:32:00,1006,1007,1006,1007,1238.0,1579832.0
2026-06-08 06:33:00,1007,1007,1005,1006,7304.0,1579391.0
2026-06-08 06:34:00,1006,1006,1005,1006,3222.0,1579744.0
2026-06-08 06:35:00,1006,1006,1005,1005,2504.0,1579638.0
2026-06-08 06:36:00,1005,1006,1004,1004,3284.0,1580384.0
2026-06-08 06:37:00,1004,1006,1004,1006,3381.0,1581364.0
2026-06-08 06:38:00,1006,1006,1005,1005,1404.0,1581195.0
2026-06-08 06:39:00,1005,1006,1005,1005,817.0,1580872.0
2026-06-08 06:40:00,1005,1006,1005,1005,466.0,1580844.0
2026-06-08 06:41:00,1005,1006,1005,1005,634.0,1580679.0
2026-06-08 06:42:00,1005,1006,1005,1006,580.0,1580750.0
2026-06-08 06:43:00,1006,1006,1005,1005,594.0,1580910.0
2026-06-08 06:44:00,1005,1007,1005,1006,2907.0,1581012.0
2026-06-08 06:45:00,1006,1006,1004,1004,6248.0,1581451.0
2026-06-08 06:46:00,1004,1005,1004,1004,978.0,1581834.0
2026-06-08 06:47:00,1004,1005,1004,1004,2752.0,1583060.0
2026-06-08 06:48:00,1004,1005,1004,1004,1105.0,1583112.0
2026-06-08 06:49:00,1004,1005,1004,1004,1565.0,1582890.0
2026-06-08 06:50:00,1004,1005,1003,1003,4613.0,1582474.0
2026-06-08 06:51:00,1003,1004,1003,1004,4024.0,1582202.0
2026-06-08 06:52:00,1004,1005,1003,1004,3515.0,1581784.0
2026-06-08 06:53:00,1004,1004,1003,1003,1578.0,1582248.0
2026-06-08 06:54:00,1003,1004,1003,1003,1914.0,1582620.0
2026-06-08 06:55:00,1003,1005,1003,1004,3675.0,1582338.0
2026-06-08 06:56:00,1004,1005,1004,1005,4762.0,1582507.0
2026-06-08 06:57:00,1005,1005,1004,1005,2742.0,1582874.0
2026-06-08 06:58:00,1005,1005,1003,1003,4188.0,1582380.0
2026-06-08 06:59:00,1003,1005,1003,1004,9091.0,1580438.0
2026-06-08 13:00:00,1001,1004,1001,1003,24469.0,1586146.0
2026-06-08 13:01:00,1003,1003,1001,1001,10646.0,1587669.0
2026-06-08 13:02:00,1001,1003,1001,1002,8272.0,1591615.0
2026-06-08 13:03:00,1002,1002,997,998,37387.0,1597979.0
2026-06-08 13:04:00,998,999,997,998,13311.0,1599833.0
2026-06-08 13:05:00,998,999,997,998,14166.0,1604191.0
2026-06-08 13:06:00,998,1000,997,997,10546.0,1605978.0
2026-06-08 13:07:00,997,998,996,997,17426.0,1610014.0
2026-06-08 13:08:00,997,998,996,998,8402.0,1611463.0
2026-06-08 13:09:00,998,999,997,998,11525.0,1610931.0
2026-06-08 13:10:00,998,999,998,999,4963.0,1612418.0
2026-06-08 13:11:00,999,1000,998,998,8303.0,1614763.0
2026-06-08 13:12:00,998,999,997,998,7509.0,1615846.0
2026-06-08 13:13:00,998,999,998,998,1324.0,1616292.0
2026-06-08 13:14:00,998,999,997,997,3796.0,1617487.0
2026-06-08 13:15:00,997,999,997,998,3574.0,1618886.0
2026-06-08 13:16:00,998,999,997,998,4002.0,1620069.0
2026-06-08 13:17:00,998,998,997,997,2000.0,1620881.0
2026-06-08 13:18:00,997,998,996,997,8620.0,1621719.0
2026-06-08 13:19:00,997,998,997,998,1149.0,1621913.0
2026-06-08 13:20:00,998,998,997,997,1362.0,1622319.0
2026-06-08 13:21:00,997,998,996,996,6197.0,1624671.0
2026-06-08 13:22:00,996,998,996,997,4997.0,1626349.0
2026-06-08 13:23:00,997,998,997,998,1878.0,1626609.0
2026-06-08 13:24:00,998,999,997,999,3883.0,1628036.0
2026-06-08 13:25:00,999,999,997,999,6244.0,1629346.0
2026-06-08 13:26:00,999,1000,998,999,6330.0,1629042.0
2026-06-08 13:27:00,999,999,998,999,918.0,1629282.0
2026-06-08 13:28:00,999,999,998,998,3972.0,1629332.0
2026-06-08 13:29:00,998,1000,998,1000,2582.0,1628675.0
2026-06-08 13:30:00,1000,1000,998,998,6075.0,1629104.0
2026-06-08 13:31:00,998,999,998,998,4755.0,1629959.0
2026-06-08 13:32:00,998,999,998,998,628.0,1630405.0
2026-06-08 13:33:00,998,999,997,997,7430.0,1629652.0
2026-06-08 13:34:00,997,998,997,997,777.0,1630034.0
2026-06-08 13:35:00,997,999,997,999,2304.0,1629625.0
2026-06-08 13:36:00,999,1000,998,1000,4636.0,1629770.0
2026-06-08 13:37:00,1000,1000,999,999,1101.0,1630287.0
2026-06-08 13:38:00,999,1000,999,999,829.0,1630693.0
2026-06-08 13:39:00,999,1000,998,1000,4934.0,1631030.0
2026-06-08 13:40:00,1000,1001,999,1001,9369.0,1632825.0
2026-06-08 13:41:00,1001,1002,1000,1000,3104.0,1631974.0
2026-06-08 13:42:00,1000,1001,999,1000,2882.0,1631536.0
2026-06-08 13:43:00,1000,1000,999,999,603.0,1631774.0
2026-06-08 13:44:00,999,1000,999,1000,443.0,1631829.0
2026-06-08 13:45:00,1000,1000,999,999,680.0,1631687.0
2026-06-08 13:46:00,999,1000,999,1000,676.0,1631665.0
2026-06-08 13:47:00,1000,1000,998,999,3829.0,1631535.0
2026-06-08 13:48:00,999,1000,998,999,2119.0,1631881.0
2026-06-08 13:49:00,999,1000,999,1000,264.0,1631922.0
2026-06-08 13:50:00,1000,1000,999,999,469.0,1632002.0
2026-06-08 13:51:00,999,1000,998,999,3527.0,1631953.0
2026-06-08 13:52:00,999,999,998,998,815.0,1632266.0
2026-06-08 13:53:00,998,999,998,998,1092.0,1631950.0
2026-06-08 13:54:00,998,999,998,999,947.0,1631516.0
2026-06-08 13:55:00,999,999,998,998,496.0,1631502.0
2026-06-08 13:56:00,998,999,998,998,518.0,1631597.0
2026-06-08 13:57:00,998,999,998,998,1565.0,1630854.0
2026-06-08 13:58:00,998,999,998,998,1199.0,1630686.0
2026-06-08 13:59:00,998,999,997,998,5349.0,1631485.0
2026-06-08 14:00:00,998,1001,998,1001,8785.0,1633237.0
2026-06-08 14:01:00,1001,1001,1000,1000,1622.0,1633406.0
2026-06-08 14:02:00,1000,1001,1000,1000,4238.0,1633020.0
2026-06-08 14:03:00,1000,1001,1000,1001,742.0,1633060.0
2026-06-08 14:04:00,1001,1001,1000,1000,1333.0,1633680.0
2026-06-08 14:05:00,1000,1001,1000,1001,1200.0,1633992.0
2026-06-08 14:06:00,1001,1001,999,1000,3941.0,1633673.0
2026-06-08 14:07:00,1000,1001,1000,1000,439.0,1633770.0
2026-06-08 14:08:00,1000,1001,1000,1000,648.0,1634097.0
2026-06-08 14:09:00,1000,1001,1000,1001,541.0,1634190.0
2026-06-08 14:10:00,1001,1001,1000,1000,427.0,1634252.0
2026-06-08 14:11:00,1000,1001,1000,1001,394.0,1634217.0
2026-06-08 14:12:00,1001,1001,999,999,3537.0,1635816.0
2026-06-08 14:13:00,999,1000,999,1000,731.0,1635797.0
2026-06-08 14:14:00,1000,1000,999,999,942.0,1636123.0
2026-06-08 14:15:00,999,1000,999,999,2135.0,1636815.0
2026-06-08 14:16:00,999,1000,999,999,568.0,1636744.0
2026-06-08 14:17:00,999,1000,998,998,3258.0,1635077.0
2026-06-08 14:18:00,998,1000,998,999,3317.0,1635510.0
2026-06-08 14:19:00,999,1000,999,999,402.0,1635669.0
2026-06-08 14:20:00,999,1000,999,999,339.0,1635783.0
2026-06-08 14:21:00,999,1000,999,999,310.0,1635733.0
2026-06-08 14:22:00,999,1000,999,999,446.0,1635543.0
2026-06-08 14:23:00,999,1000,999,999,605.0,1635549.0
2026-06-08 14:24:00,999,1000,999,999,667.0,1635434.0
2026-06-08 14:25:00,999,1000,999,999,481.0,1635495.0
2026-06-08 14:26:00,999,1000,999,1000,774.0,1635583.0
2026-06-08 14:27:00,1000,1000,999,999,221.0,1635555.0
2026-06-08 14:28:00,999,1000,999,999,859.0,1635858.0
2026-06-08 14:29:00,999,1000,999,999,592.0,1635760.0
2026-06-08 14:30:00,999,1000,999,1000,685.0,1635879.0
2026-06-08 14:31:00,1000,1000,999,1000,424.0,1635865.0
2026-06-08 14:32:00,1000,1000,999,1000,536.0,1635861.0
2026-06-08 14:33:00,1000,1000,999,999,435.0,1635982.0
2026-06-08 14:34:00,999,1000,999,999,669.0,1636289.0
2026-06-08 14:35:00,999,1000,999,999,306.0,1636350.0
2026-06-08 14:36:00,999,1000,999,1000,476.0,1636297.0
2026-06-08 14:37:00,1000,1000,999,999,486.0,1636246.0
2026-06-08 14:38:00,999,1000,999,999,385.0,1636144.0
2026-06-08 14:39:00,999,1000,999,999,284.0,1636151.0
2026-06-08 14:40:00,999,1000,999,1000,409.0,1636128.0
2026-06-08 14:41:00,1000,1000,999,999,4257.0,1636543.0
2026-06-08 14:42:00,999,1000,999,999,293.0,1636523.0
2026-06-08 14:43:00,999,1000,999,999,477.0,1636441.0
2026-06-08 14:44:00,999,1000,999,999,410.0,1636419.0
2026-06-08 14:45:00,999,1000,999,1000,255.0,1636395.0
2026-06-08 14:46:00,1000,1000,999,999,344.0,1636378.0
2026-06-08 14:47:00,999,1000,998,998,3835.0,1635752.0
2026-06-08 14:48:00,998,999,998,999,2075.0,1635508.0
2026-06-08 14:49:00,999,999,998,999,656.0,1635861.0
2026-06-08 14:50:00,999,999,998,998,876.0,1635666.0
2026-06-08 14:51:00,998,999,998,999,1506.0,1635534.0
2026-06-08 14:52:00,999,999,998,999,561.0,1635304.0
2026-06-08 14:53:00,999,999,998,998,492.0,1635177.0
2026-06-08 14:54:00,998,999,998,998,524.0,1635116.0
2026-06-08 14:55:00,998,999,998,998,1516.0,1635262.0
2026-06-08 14:56:00,998,999,997,998,5495.0,1636046.0
2026-06-08 14:57:00,998,999,998,998,721.0,1635837.0
2026-06-08 14:58:00,998,999,998,999,1034.0,1635247.0
2026-06-08 14:59:00,999,999,997,997,5405.0,1632262.0
2026-06-09 01:00:00,997,998,995,998,14341.0,1634708.0
2026-06-09 01:01:00,998,1002,997,1002,19682.0,1634718.0
2026-06-09 01:02:00,1002,1003,1001,1003,7824.0,1634772.0
2026-06-09 01:03:00,1003,1004,1002,1004,8642.0,1634913.0
2026-06-09 01:04:00,1004,1004,1003,1003,6611.0,1635952.0
2026-06-09 01:05:00,1003,1003,1001,1001,16108.0,1636409.0
2026-06-09 01:06:00,1001,1002,1001,1001,1502.0,1636873.0
2026-06-09 01:07:00,1001,1002,1000,1000,4123.0,1638838.0
2026-06-09 01:08:00,1000,1001,1000,1001,1273.0,1639234.0
2026-06-09 01:09:00,1001,1001,1000,1001,900.0,1639446.0
2026-06-09 01:10:00,1001,1001,1000,1000,1868.0,1640072.0
2026-06-09 01:11:00,1000,1001,999,999,3519.0,1640244.0
2026-06-09 01:12:00,999,1000,999,999,754.0,1640325.0
2026-06-09 01:13:00,999,1001,999,1000,5534.0,1641994.0
2026-06-09 01:14:00,1000,1001,1000,1001,453.0,1641975.0
2026-06-09 01:15:00,1001,1001,1000,1001,558.0,1642115.0
2026-06-09 01:16:00,1001,1001,999,1000,2955.0,1641931.0
2026-06-09 01:17:00,1000,1000,999,1000,645.0,1642239.0
2026-06-09 01:18:00,1000,1000,998,998,5481.0,1643625.0
2026-06-09 01:19:00,998,999,997,997,4981.0,1644347.0
2026-06-09 01:20:00,997,998,997,997,1668.0,1644618.0
2026-06-09 01:21:00,997,998,997,997,1068.0,1645176.0
2026-06-09 01:22:00,997,998,997,998,986.0,1645418.0
2026-06-09 01:23:00,998,999,997,997,5274.0,1646311.0
2026-06-09 01:24:00,997,998,996,997,11869.0,1647895.0
2026-06-09 01:25:00,997,997,995,996,11912.0,1650856.0
2026-06-09 01:26:00,996,997,995,996,5257.0,1650863.0
2026-06-09 01:27:00,996,997,996,997,1416.0,1650894.0
2026-06-09 01:28:00,997,997,995,995,3497.0,1651998.0
2026-06-09 01:29:00,995,997,995,997,2672.0,1651937.0
2026-06-09 01:30:00,997,997,996,996,4400.0,1651425.0
2026-06-09 01:31:00,996,997,996,996,917.0,1651981.0
2026-06-09 01:32:00,996,997,996,996,1062.0,1652243.0
2026-06-09 01:33:00,996,997,996,997,1485.0,1652566.0
2026-06-09 01:34:00,997,997,995,996,6589.0,1654660.0
2026-06-09 01:35:00,996,997,995,996,2797.0,1655034.0
2026-06-09 01:36:00,996,996,995,996,1357.0,1655435.0
2026-06-09 01:37:00,996,997,996,996,876.0,1655428.0
2026-06-09 01:38:00,996,997,995,995,9312.0,1656257.0
2026-06-09 01:39:00,995,996,995,996,1197.0,1656418.0
2026-06-09 01:40:00,996,997,995,996,2917.0,1655909.0
2026-06-09 01:41:00,996,997,996,996,780.0,1655709.0
2026-06-09 01:42:00,996,997,995,995,2722.0,1656739.0
2026-06-09 01:43:00,995,996,995,995,828.0,1657029.0
2026-06-09 01:44:00,995,996,995,995,1759.0,1657834.0
2026-06-09 01:45:00,995,997,995,996,4765.0,1658664.0
2026-06-09 01:46:00,996,996,995,996,4845.0,1660718.0
2026-06-09 01:47:00,996,996,993,995,19612.0,1663097.0
2026-06-09 01:48:00,995,996,994,995,5960.0,1664121.0
2026-06-09 01:49:00,995,996,994,995,4219.0,1664618.0
2026-06-09 01:50:00,995,996,995,996,3230.0,1665235.0
2026-06-09 01:51:00,996,996,994,995,3361.0,1665763.0
2026-06-09 01:52:00,995,996,994,995,2175.0,1665399.0
2026-06-09 01:53:00,995,996,995,995,881.0,1665680.0
2026-06-09 01:54:00,995,997,995,996,4614.0,1666560.0
2026-06-09 01:55:00,996,997,996,996,434.0,1666619.0
2026-06-09 01:56:00,996,997,996,996,300.0,1666766.0
2026-06-09 01:57:00,996,997,996,997,1269.0,1666776.0
2026-06-09 01:58:00,997,997,996,997,439.0,1666942.0
2026-06-09 01:59:00,997,997,996,996,995.0,1667045.0
2026-06-09 02:00:00,996,997,996,997,1089.0,1666942.0
2026-06-09 02:01:00,997,997,996,996,1217.0,1667405.0
2026-06-09 02:02:00,996,997,996,996,851.0,1667671.0
2026-06-09 02:03:00,996,997,995,995,2148.0,1668268.0
2026-06-09 02:04:00,995,996,994,995,5508.0,1667565.0
2026-06-09 02:05:00,995,996,994,995,3693.0,1667573.0
2026-06-09 02:06:00,995,996,994,995,2035.0,1667730.0
2026-06-09 02:07:00,995,996,994,995,1945.0,1667607.0
2026-06-09 02:08:00,995,996,995,995,2428.0,1667771.0
2026-06-09 02:09:00,995,996,994,995,2631.0,1666766.0
2026-06-09 02:10:00,995,996,994,995,1541.0,1666698.0
2026-06-09 02:11:00,995,996,994,996,1540.0,1666476.0
2026-06-09 02:12:00,996,996,995,995,712.0,1666235.0
2026-06-09 02:13:00,995,997,995,995,4949.0,1667455.0
2026-06-09 02:14:00,995,996,995,996,1519.0,1667201.0
2026-06-09 02:30:00,996,999,995,999,11908.0,1666508.0
2026-06-09 02:31:00,999,1000,998,999,6013.0,1667560.0
2026-06-09 02:32:00,999,1000,999,999,2865.0,1667964.0
2026-06-09 02:33:00,999,1003,998,1001,22217.0,1670383.0
2026-06-09 02:34:00,1001,1004,1001,1002,16623.0,1671858.0
2026-06-09 02:35:00,1002,1003,1001,1001,7663.0,1671093.0
2026-06-09 02:36:00,1001,1002,1000,1001,5151.0,1671540.0
2026-06-09 02:37:00,1001,1001,1000,1001,1187.0,1671733.0
2026-06-09 02:38:00,1001,1003,1000,1002,8954.0,1673306.0
2026-06-09 02:39:00,1002,1002,1001,1002,1446.0,1673072.0
2026-06-09 02:40:00,1002,1002,1000,1000,2917.0,1673872.0
2026-06-09 02:41:00,1000,1001,1000,1001,1121.0,1673639.0
2026-06-09 02:42:00,1001,1002,1000,1001,5762.0,1673565.0
2026-06-09 02:43:00,1001,1001,1000,1000,1007.0,1673628.0
2026-06-09 02:44:00,1000,1001,1000,1000,725.0,1673574.0
2026-06-09 02:45:00,1000,1001,1000,1001,868.0,1673355.0
2026-06-09 02:46:00,1001,1001,1000,1001,901.0,1673230.0
2026-06-09 02:47:00,1001,1001,999,1000,11082.0,1677438.0
2026-06-09 02:48:00,1000,1000,997,997,5957.0,1678178.0
2026-06-09 02:49:00,997,998,997,998,3657.0,1678011.0
2026-06-09 02:50:00,998,999,997,999,3166.0,1678354.0
2026-06-09 02:51:00,999,999,998,998,634.0,1678381.0
2026-06-09 02:52:00,998,999,998,998,884.0,1678365.0
2026-06-09 02:53:00,998,999,998,998,807.0,1678713.0
2026-06-09 02:54:00,998,999,998,998,548.0,1678907.0
2026-06-09 02:55:00,998,999,996,997,7015.0,1676167.0
2026-06-09 02:56:00,997,998,996,998,2502.0,1675469.0
2026-06-09 02:57:00,998,998,997,997,1186.0,1674756.0
2026-06-09 02:58:00,997,998,997,997,3484.0,1673940.0
2026-06-09 02:59:00,997,998,997,998,505.0,1674003.0
2026-06-09 03:00:00,998,998,997,998,629.0,1673922.0
2026-06-09 03:01:00,998,998,997,997,673.0,1674133.0
2026-06-09 03:02:00,997,998,997,997,525.0,1674292.0
2026-06-09 03:03:00,997,998,996,996,6244.0,1677708.0
2026-06-09 03:04:00,996,997,996,996,999.0,1677809.0
2026-06-09 03:05:00,996,997,996,997,1557.0,1678088.0
2026-06-09 03:06:00,997,997,995,997,5591.0,1678110.0
2026-06-09 03:07:00,997,997,996,997,731.0,1678171.0
2026-06-09 03:08:00,997,997,996,997,789.0,1678309.0
2026-06-09 03:09:00,997,998,996,997,2851.0,1678964.0
2026-06-09 03:10:00,997,998,997,997,439.0,1678814.0
2026-06-09 03:11:00,997,998,996,997,2530.0,1679695.0
2026-06-09 03:12:00,997,998,997,998,683.0,1679570.0
2026-06-09 03:13:00,998,998,997,998,378.0,1679546.0
2026-06-09 03:14:00,998,998,997,997,419.0,1679641.0
2026-06-09 03:15:00,997,998,997,997,515.0,1679669.0
2026-06-09 03:16:00,997,998,997,997,469.0,1679637.0
2026-06-09 03:17:00,997,998,997,997,677.0,1679861.0
2026-06-09 03:18:00,997,998,997,997,404.0,1679877.0
2026-06-09 03:19:00,997,998,997,998,400.0,1679830.0
2026-06-09 03:20:00,998,998,997,997,459.0,1679721.0
2026-06-09 03:21:00,997,998,996,996,2243.0,1680044.0
2026-06-09 03:22:00,996,997,996,996,541.0,1680136.0
2026-06-09 03:23:00,996,997,996,997,775.0,1680284.0
2026-06-09 03:24:00,997,997,995,995,6179.0,1681414.0
2026-06-09 03:25:00,995,997,995,996,4257.0,1679889.0
2026-06-09 03:26:00,996,997,995,995,3707.0,1680719.0
2026-06-09 03:27:00,995,996,995,996,1180.0,1680540.0
2026-06-09 03:28:00,996,996,995,995,1146.0,1680769.0
2026-06-09 03:29:00,995,997,995,996,3955.0,1680483.0
2026-06-09 05:30:00,996,997,995,996,4483.0,1679981.0
2026-06-09 05:31:00,996,997,995,996,2660.0,1678939.0
2026-06-09 05:32:00,996,996,995,995,1849.0,1679172.0
2026-06-09 05:33:00,995,996,995,996,761.0,1678932.0
2026-06-09 05:34:00,996,996,995,996,1631.0,1678575.0
2026-06-09 05:35:00,996,996,995,995,1001.0,1678894.0
2026-06-09 05:36:00,995,996,995,996,1543.0,1679036.0
2026-06-09 05:37:00,996,996,995,996,914.0,1678998.0
2026-06-09 05:38:00,996,997,995,997,2360.0,1679649.0
2026-06-09 05:39:00,997,997,996,996,1147.0,1679387.0
2026-06-09 05:40:00,996,997,995,995,4144.0,1680608.0
2026-06-09 05:41:00,995,996,995,995,577.0,1680861.0
2026-06-09 05:42:00,995,996,995,995,722.0,1681046.0
2026-06-09 05:43:00,995,997,995,997,3162.0,1679989.0
2026-06-09 05:44:00,997,997,996,996,543.0,1680116.0
2026-06-09 05:45:00,996,997,996,997,521.0,1680314.0
2026-06-09 05:46:00,997,997,996,996,674.0,1680254.0
2026-06-09 05:47:00,996,997,996,997,723.0,1680163.0
2026-06-09 05:48:00,997,998,996,997,3563.0,1679770.0
2026-06-09 05:49:00,997,997,996,996,695.0,1679537.0
2026-06-09 05:50:00,996,997,996,997,723.0,1679649.0
2026-06-09 05:51:00,997,997,996,996,314.0,1679638.0
2026-06-09 05:52:00,996,997,996,997,507.0,1679631.0
2026-06-09 05:53:00,997,997,996,996,543.0,1679591.0
2026-06-09 05:54:00,996,998,996,998,3262.0,1678763.0
2026-06-09 05:55:00,998,998,996,996,2995.0,1680111.0
2026-06-09 05:56:00,996,997,996,997,885.0,1680076.0
2026-06-09 05:57:00,997,997,995,995,5226.0,1682743.0
2026-06-09 05:58:00,995,996,995,996,456.0,1682687.0
2026-06-09 05:59:00,996,996,995,996,606.0,1682504.0
2026-06-09 06:00:00,996,996,995,995,3465.0,1683389.0
2026-06-09 06:01:00,995,996,995,996,1287.0,1683629.0
2026-06-09 06:02:00,996,997,995,997,3150.0,1683869.0
2026-06-09 06:03:00,997,997,996,996,797.0,1683697.0
2026-06-09 06:04:00,996,997,996,996,668.0,1683540.0
2026-06-09 06:05:00,996,997,996,997,746.0,1683715.0
2026-06-09 06:06:00,997,997,996,997,933.0,1683865.0
2026-06-09 06:07:00,997,998,996,997,4686.0,1682888.0
2026-06-09 06:08:00,997,998,997,997,797.0,1682932.0
2026-06-09 06:09:00,997,998,996,997,3468.0,1683001.0
2026-06-09 06:10:00,997,997,996,997,453.0,1683008.0
2026-06-09 06:11:00,997,997,996,997,1092.0,1683266.0
2026-06-09 06:12:00,997,997,996,996,522.0,1683124.0
2026-06-09 06:13:00,996,997,996,996,714.0,1682872.0
2026-06-09 06:14:00,996,998,996,997,6156.0,1680887.0
2026-06-09 06:15:00,997,997,996,996,344.0,1680980.0
2026-06-09 06:16:00,996,997,996,997,407.0,1681036.0
2026-06-09 06:17:00,997,997,996,996,350.0,1680937.0
2026-06-09 06:18:00,996,997,996,996,488.0,1680820.0
2026-06-09 06:19:00,996,997,995,996,6961.0,1682492.0
2026-06-09 06:20:00,996,997,995,996,2333.0,1682166.0
2026-06-09 06:21:00,996,997,996,996,1227.0,1682423.0
2026-06-09 06:22:00,996,997,996,997,565.0,1682372.0
2026-06-09 06:23:00,997,997,996,996,511.0,1682412.0
2026-06-09 06:24:00,996,997,996,996,1252.0,1682081.0
2026-06-09 06:25:00,996,997,996,996,483.0,1682056.0
2026-06-09 06:26:00,996,998,996,998,3225.0,1681343.0
2026-06-09 06:27:00,998,998,997,997,1371.0,1680418.0
2026-06-09 06:28:00,997,999,997,999,9677.0,1679899.0
2026-06-09 06:29:00,999,1000,998,999,6210.0,1679162.0
2026-06-09 06:30:00,999,999,997,998,5569.0,1679691.0
2026-06-09 06:31:00,998,998,997,998,716.0,1679652.0
2026-06-09 06:32:00,998,998,997,998,479.0,1679786.0
2026-06-09 06:33:00,998,998,997,997,541.0,1680025.0
2026-06-09 06:34:00,997,998,997,997,340.0,1680069.0
2026-06-09 06:35:00,997,998,997,997,492.0,1680110.0
2026-06-09 06:36:00,997,998,997,997,746.0,1679880.0
2026-06-09 06:37:00,997,998,997,997,3603.0,1680237.0
2026-06-09 06:38:00,997,998,997,998,505.0,1680241.0
2026-06-09 06:39:00,998,998,997,997,772.0,1680207.0
2026-06-09 06:40:00,997,998,997,998,758.0,1680062.0
2026-06-09 06:41:00,998,999,997,998,3536.0,1679957.0
2026-06-09 06:42:00,998,998,997,997,622.0,1680041.0
2026-06-09 06:43:00,997,998,997,997,363.0,1680131.0
2026-06-09 06:44:00,997,998,997,998,749.0,1680265.0
2026-06-09 06:45:00,998,998,997,997,841.0,1680253.0
2026-06-09 06:46:00,997,998,996,996,8358.0,1680108.0
2026-06-09 06:47:00,996,997,995,995,5180.0,1680987.0
2026-06-09 06:48:00,995,996,994,994,11785.0,1681816.0
2026-06-09 06:49:00,994,995,993,994,12857.0,1685959.0
2026-06-09 06:50:00,994,995,993,994,8118.0,1689268.0
2026-06-09 06:51:00,994,995,993,994,9186.0,1691056.0
2026-06-09 06:52:00,994,995,993,993,6236.0,1692105.0
2026-06-09 06:53:00,993,994,993,994,8444.0,1692608.0
2026-06-09 06:54:00,994,995,993,994,6900.0,1692825.0
2026-06-09 06:55:00,994,995,993,994,3393.0,1692017.0
2026-06-09 06:56:00,994,995,994,994,2811.0,1691915.0
2026-06-09 06:57:00,994,995,994,995,2601.0,1692025.0
2026-06-09 06:58:00,995,995,994,994,3268.0,1692106.0
2026-06-09 06:59:00,994,995,994,995,10364.0,1689911.0
2026-06-09 13:00:00,994,994,989,993,32635.0,1690630.0
2026-06-09 13:01:00,993,994,992,993,11552.0,1691208.0
2026-06-09 13:02:00,993,995,992,993,9863.0,1694767.0
2026-06-09 13:03:00,993,994,990,991,19815.0,1701673.0
2026-06-09 13:04:00,991,992,990,992,12078.0,1704867.0
2026-06-09 13:05:00,992,993,991,991,9057.0,1707241.0
2026-06-09 13:06:00,991,992,990,992,10107.0,1710486.0
2026-06-09 13:07:00,992,994,992,994,6577.0,1712050.0
2026-06-09 13:08:00,994,994,992,992,4122.0,1713045.0
2026-06-09 13:09:00,992,994,992,994,3619.0,1713580.0
2026-06-09 13:10:00,994,994,993,993,1739.0,1713903.0
2026-06-09 13:11:00,993,995,993,995,11800.0,1711910.0
2026-06-09 13:12:00,995,996,994,995,7099.0,1712215.0
2026-06-09 13:13:00,995,995,994,994,2016.0,1711869.0
2026-06-09 13:14:00,994,995,994,995,2183.0,1711803.0
2026-06-09 13:15:00,995,995,994,995,1343.0,1712082.0
2026-06-09 13:16:00,995,995,994,994,1049.0,1712130.0
2026-06-09 13:17:00,994,995,994,995,6553.0,1712957.0
2026-06-09 13:18:00,995,996,994,996,5044.0,1711743.0
2026-06-09 13:19:00,996,996,994,995,5308.0,1712728.0
2026-06-09 13:20:00,995,995,994,995,1192.0,1712520.0
2026-06-09 13:21:00,995,995,994,995,752.0,1712491.0
2026-06-09 13:22:00,995,996,994,996,3770.0,1712585.0
2026-06-09 13:23:00,996,996,995,995,1815.0,1712230.0
2026-06-09 13:24:00,995,996,995,995,2174.0,1712813.0
2026-06-09 13:25:00,995,996,995,996,1008.0,1713317.0
2026-06-09 13:26:00,996,997,995,996,10077.0,1713084.0
2026-06-09 13:27:00,996,996,994,995,2133.0,1713392.0
2026-06-09 13:28:00,995,995,994,995,772.0,1713558.0
2026-06-09 13:29:00,995,995,994,994,556.0,1713523.0
2026-06-09 13:30:00,994,997,994,996,7367.0,1712908.0
2026-06-09 13:31:00,996,997,995,995,4710.0,1712608.0
2026-06-09 13:32:00,995,996,995,996,623.0,1712493.0
2026-06-09 13:33:00,996,996,995,996,604.0,1712554.0
2026-06-09 13:34:00,996,996,995,995,490.0,1712525.0
2026-06-09 13:35:00,995,996,995,996,445.0,1712507.0
2026-06-09 13:36:00,996,996,995,996,652.0,1712596.0
2026-06-09 13:37:00,996,996,995,996,4682.0,1712403.0
2026-06-09 13:38:00,996,996,995,995,452.0,1712591.0
2026-06-09 13:39:00,995,996,995,995,493.0,1712758.0
2026-06-09 13:40:00,995,996,995,996,550.0,1712760.0
2026-06-09 13:41:00,996,996,995,996,477.0,1712872.0
2026-06-09 13:42:00,996,996,995,996,864.0,1712978.0
2026-06-09 13:43:00,996,996,995,995,395.0,1713143.0
2026-06-09 13:44:00,995,996,994,994,3019.0,1713452.0
2026-06-09 13:45:00,994,995,994,994,4861.0,1713464.0
2026-06-09 13:46:00,994,995,994,994,309.0,1713510.0
2026-06-09 13:47:00,994,995,994,994,937.0,1713197.0
2026-06-09 13:48:00,994,995,993,994,6698.0,1713133.0
2026-06-09 13:49:00,994,995,994,994,1352.0,1712661.0
2026-06-09 13:50:00,994,995,994,994,472.0,1712747.0
2026-06-09 13:51:00,994,995,994,995,5430.0,1713459.0
2026-06-09 13:52:00,995,995,994,994,544.0,1713387.0
2026-06-09 13:53:00,994,995,994,994,380.0,1713334.0
2026-06-09 13:54:00,994,995,993,994,5455.0,1714040.0
2026-06-09 13:55:00,994,995,994,995,1421.0,1713912.0
2026-06-09 13:56:00,995,995,993,993,2334.0,1714145.0
2026-06-09 13:57:00,993,994,993,993,814.0,1714185.0
2026-06-09 13:58:00,993,994,993,994,540.0,1714389.0
2026-06-09 13:59:00,994,994,993,993,613.0,1714442.0
2026-06-09 14:00:00,993,994,992,993,5386.0,1714477.0
2026-06-09 14:01:00,993,993,992,993,1970.0,1714945.0
2026-06-09 14:02:00,993,994,992,994,2774.0,1715329.0
2026-06-09 14:03:00,994,994,992,992,1675.0,1716031.0
2026-06-09 14:04:00,992,994,992,994,3037.0,1715847.0
2026-06-09 14:05:00,994,994,992,992,1094.0,1716524.0
2026-06-09 14:06:00,992,993,992,992,904.0,1716758.0
2026-06-09 14:07:00,992,993,992,993,604.0,1716891.0
2026-06-09 14:08:00,993,993,992,992,822.0,1717245.0
2026-06-09 14:09:00,992,993,992,992,1306.0,1718059.0
2026-06-09 14:10:00,992,993,992,992,942.0,1718205.0
2026-06-09 14:11:00,992,993,992,993,1140.0,1718480.0
2026-06-09 14:12:00,993,993,992,992,1296.0,1718593.0
2026-06-09 14:13:00,992,993,992,993,487.0,1718745.0
2026-06-09 14:14:00,993,993,991,991,4847.0,1721332.0
2026-06-09 14:15:00,991,993,991,993,4121.0,1721323.0
2026-06-09 14:16:00,993,993,991,991,2563.0,1722374.0
2026-06-09 14:17:00,991,992,991,991,1088.0,1722685.0
2026-06-09 14:18:00,991,992,991,991,1989.0,1723666.0
2026-06-09 14:19:00,991,992,991,991,2471.0,1724230.0
2026-06-09 14:20:00,991,992,991,991,762.0,1724161.0
2026-06-09 14:21:00,991,992,991,991,883.0,1724392.0
2026-06-09 14:22:00,991,992,991,991,923.0,1724633.0
2026-06-09 14:23:00,991,992,991,991,813.0,1724618.0
2026-06-09 14:24:00,991,992,991,992,1224.0,1725246.0
2026-06-09 14:25:00,992,992,991,992,709.0,1725683.0
2026-06-09 14:26:00,992,992,991,991,382.0,1725912.0
2026-06-09 14:27:00,991,992,991,991,310.0,1726049.0
2026-06-09 14:28:00,991,992,991,991,486.0,1726292.0
2026-06-09 14:29:00,991,992,991,991,820.0,1726408.0
2026-06-09 14:30:00,991,992,991,992,1090.0,1726467.0
2026-06-09 14:31:00,992,992,991,992,4371.0,1726243.0
2026-06-09 14:32:00,992,992,991,991,480.0,1726430.0
2026-06-09 14:33:00,991,992,990,990,6188.0,1727595.0
2026-06-09 14:34:00,990,992,990,991,5036.0,1727721.0
2026-06-09 14:35:00,991,991,990,990,1981.0,1728039.0
2026-06-09 14:36:00,990,992,990,991,2777.0,1728608.0
2026-06-09 14:37:00,991,992,991,991,842.0,1728340.0
2026-06-09 14:38:00,991,992,991,992,668.0,1727906.0
2026-06-09 14:39:00,992,992,991,992,498.0,1727869.0
2026-06-09 14:40:00,992,992,991,991,582.0,1727955.0
2026-06-09 14:41:00,991,992,991,991,527.0,1728186.0
2026-06-09 14:42:00,991,992,991,992,1012.0,1728343.0
2026-06-09 14:43:00,992,992,990,991,3747.0,1728527.0
2026-06-09 14:44:00,991,991,989,989,11999.0,1735772.0
2026-06-09 14:45:00,989,991,989,990,5845.0,1737501.0
2026-06-09 14:46:00,990,991,990,990,930.0,1737401.0
2026-06-09 14:47:00,990,991,989,990,6742.0,1739853.0
2026-06-09 14:48:00,990,990,989,989,1437.0,1740419.0
2026-06-09 14:49:00,989,990,989,990,1797.0,1740342.0
2026-06-09 14:50:00,990,990,989,989,863.0,1740412.0
2026-06-09 14:51:00,989,990,988,988,10314.0,1742824.0
2026-06-09 14:52:00,988,990,988,989,6565.0,1741738.0
2026-06-09 14:53:00,989,990,989,989,1652.0,1741667.0
2026-06-09 14:54:00,989,990,989,989,1295.0,1741271.0
2026-06-09 14:55:00,989,990,989,990,1598.0,1741249.0
2026-06-09 14:56:00,990,990,989,990,1448.0,1740782.0
2026-06-09 14:57:00,990,990,989,989,1354.0,1740865.0
2026-06-09 14:58:00,989,990,988,989,6412.0,1739788.0
2026-06-09 14:59:00,989,990,989,989,6437.0,1737525.0
2026-06-10 01:00:00,989,990,985,985,25613.0,1741570.0
2026-06-10 01:01:00,985,986,983,984,30145.0,1749296.0
2026-06-10 01:02:00,984,986,984,984,12311.0,1753356.0
2026-06-10 01:03:00,984,986,984,985,6453.0,1753448.0
2026-06-10 01:04:00,985,987,985,986,9763.0,1752533.0
2026-06-10 01:05:00,986,988,985,987,11036.0,1753502.0
2026-06-10 01:06:00,987,988,986,987,6609.0,1753687.0
2026-06-10 01:07:00,987,988,987,987,1445.0,1754189.0
2026-06-10 01:08:00,987,988,986,987,3396.0,1754791.0
2026-06-10 01:09:00,987,988,987,988,1421.0,1754808.0
2026-06-10 01:10:00,988,988,985,985,9899.0,1757152.0
2026-06-10 01:11:00,985,987,985,986,7472.0,1758075.0
2026-06-10 01:12:00,986,988,986,986,7497.0,1757458.0
2026-06-10 01:13:00,986,987,986,987,3788.0,1758615.0
2026-06-10 01:14:00,987,988,986,988,4387.0,1757172.0
2026-06-10 01:15:00,988,988,987,988,1985.0,1757138.0
2026-06-10 01:16:00,988,989,987,988,7550.0,1756930.0
2026-06-10 01:17:00,988,989,988,988,4067.0,1755682.0
2026-06-10 01:18:00,988,989,988,989,1284.0,1755426.0
2026-06-10 01:19:00,989,989,988,989,899.0,1755789.0
2026-06-10 01:20:00,989,989,988,988,788.0,1755827.0
2026-06-10 01:21:00,988,989,986,986,7135.0,1756620.0
2026-06-10 01:22:00,986,987,985,986,4980.0,1758422.0
2026-06-10 01:23:00,986,986,985,985,1173.0,1758386.0
2026-06-10 01:24:00,985,986,985,986,1167.0,1758857.0
2026-06-10 01:25:00,986,986,985,985,2928.0,1759321.0
2026-06-10 01:26:00,985,986,984,984,11174.0,1763326.0
2026-06-10 01:27:00,984,985,983,983,12929.0,1766967.0
2026-06-10 01:28:00,983,985,983,984,4446.0,1768292.0
2026-06-10 01:29:00,984,985,984,985,1466.0,1768771.0
2026-06-10 01:30:00,985,985,984,985,1330.0,1768398.0
2026-06-10 01:31:00,985,985,983,984,6852.0,1770941.0
2026-06-10 01:32:00,984,984,983,983,2176.0,1771613.0
2026-06-10 01:33:00,983,985,983,984,3083.0,1772180.0
2026-06-10 01:34:00,984,985,984,985,1009.0,1772653.0
2026-06-10 01:35:00,985,985,984,985,3552.0,1771541.0
2026-06-10 01:36:00,985,986,984,985,2386.0,1772310.0
2026-06-10 01:37:00,985,985,984,984,576.0,1772445.0
2026-06-10 01:38:00,984,986,984,985,2803.0,1772469.0
2026-06-10 01:39:00,985,986,985,985,793.0,1772286.0
2026-06-10 01:40:00,985,986,985,985,489.0,1772447.0
2026-06-10 01:41:00,985,986,984,986,3048.0,1772781.0
2026-06-10 01:42:00,986,986,985,986,891.0,1772737.0
2026-06-10 01:43:00,986,986,985,985,732.0,1772414.0
2026-06-10 01:44:00,985,986,985,986,676.0,1772290.0
2026-06-10 01:45:00,986,986,985,985,962.0,1771968.0
2026-06-10 01:46:00,985,986,985,986,437.0,1772018.0
2026-06-10 01:47:00,986,987,985,986,5052.0,1772273.0
2026-06-10 01:48:00,986,990,986,990,14402.0,1767888.0
2026-06-10 01:49:00,990,990,988,988,7254.0,1767048.0
2026-06-10 01:50:00,988,989,988,988,1673.0,1767128.0
2026-06-10 01:51:00,988,990,988,989,5833.0,1766114.0
2026-06-10 01:52:00,989,992,989,991,25364.0,1768807.0
2026-06-10 01:53:00,991,991,990,990,4053.0,1769275.0
2026-06-10 01:54:00,990,991,990,990,3655.0,1768328.0
2026-06-10 01:55:00,990,991,990,991,768.0,1768404.0
2026-06-10 01:56:00,991,991,990,991,2239.0,1768145.0
2026-06-10 01:57:00,991,991,990,990,985.0,1767872.0
2026-06-10 01:58:00,990,991,989,989,11852.0,1764656.0
2026-06-10 01:59:00,989,991,989,991,7972.0,1763736.0
2026-06-10 02:00:00,991,994,991,993,11633.0,1758309.0
2026-06-10 02:01:00,993,994,993,994,15029.0,1754035.0
2026-06-10 02:02:00,994,998,994,997,27520.0,1751534.0
2026-06-10 02:03:00,997,998,996,996,14555.0,1748681.0
2026-06-10 02:04:00,996,997,996,996,3520.0,1747748.0
2026-06-10 02:05:00,996,997,995,995,5959.0,1746487.0
2026-06-10 02:06:00,995,997,995,996,7750.0,1746513.0
2026-06-10 02:07:00,996,998,996,996,14701.0,1740524.0
2026-06-10 02:08:00,996,997,996,997,4978.0,1740837.0
2026-06-10 02:09:00,997,998,996,998,8799.0,1740477.0
2026-06-10 02:10:00,998,998,997,997,2440.0,1739860.0
2026-06-10 02:11:00,997,998,997,997,2892.0,1740268.0
2026-06-10 02:12:00,997,999,997,998,10112.0,1740302.0
2026-06-10 02:13:00,998,999,997,998,5524.0,1738962.0
2026-06-10 02:14:00,998,998,997,998,3415.0,1738125.0
2026-06-10 02:30:00,998,998,997,998,9127.0,1735949.0
2026-06-10 02:31:00,998,998,996,996,3953.0,1733954.0
2026-06-10 02:32:00,996,997,994,994,14580.0,1732173.0
2026-06-10 02:33:00,994,995,994,994,2249.0,1732001.0
2026-06-10 02:34:00,994,995,994,995,1122.0,1732605.0
2026-06-10 02:35:00,995,995,994,994,1249.0,1732871.0
2026-06-10 02:36:00,994,996,993,993,11669.0,1734333.0
2026-06-10 02:37:00,993,994,993,993,1346.0,1734095.0
2026-06-10 02:38:00,993,994,990,991,18386.0,1741898.0
2026-06-10 02:39:00,991,992,991,992,6176.0,1741807.0
2026-06-10 02:40:00,992,992,991,992,780.0,1741858.0
2026-06-10 02:41:00,992,992,991,991,926.0,1741582.0
2026-06-10 02:42:00,991,992,991,992,4862.0,1741590.0
2026-06-10 02:43:00,992,992,991,992,1304.0,1741919.0
2026-06-10 02:44:00,992,992,991,992,1035.0,1742089.0
2026-06-10 02:45:00,992,993,992,993,4058.0,1742370.0
2026-06-10 02:46:00,993,993,992,993,1315.0,1742578.0
2026-06-10 02:47:00,993,994,992,994,5486.0,1741524.0
2026-06-10 02:48:00,994,994,993,994,1608.0,1741740.0
2026-06-10 02:49:00,994,994,991,992,6491.0,1742087.0
2026-06-10 02:50:00,992,993,992,993,2201.0,1741606.0
2026-06-10 02:51:00,993,993,992,992,484.0,1741627.0
2026-06-10 02:52:00,992,993,992,993,355.0,1741854.0
2026-06-10 02:53:00,993,993,992,993,584.0,1742049.0
2026-06-10 02:54:00,993,994,992,994,2385.0,1741189.0
2026-06-10 02:55:00,994,995,992,994,5968.0,1739902.0
2026-06-10 02:56:00,994,994,993,994,602.0,1739909.0
2026-06-10 02:57:00,994,994,993,993,256.0,1740002.0
2026-06-10 02:58:00,993,994,993,993,307.0,1740096.0
2026-06-10 02:59:00,993,994,993,994,291.0,1740163.0
2026-06-10 03:00:00,994,994,993,993,747.0,1739775.0
2026-06-10 03:01:00,993,994,993,993,880.0,1739988.0
2026-06-10 03:02:00,993,995,993,994,2979.0,1739574.0
2026-06-10 03:03:00,994,994,993,993,586.0,1739349.0
2026-06-10 03:04:00,993,994,992,993,3061.0,1739874.0
2026-06-10 03:05:00,993,994,992,994,1883.0,1739664.0
2026-06-10 03:06:00,994,995,993,995,2317.0,1739072.0
2026-06-10 03:07:00,995,995,994,994,1191.0,1739036.0
2026-06-10 03:08:00,994,995,993,993,1719.0,1738905.0
2026-06-10 03:09:00,993,994,993,994,463.0,1738645.0
2026-06-10 03:10:00,994,994,993,994,439.0,1738568.0
2026-06-10 03:11:00,994,994,992,993,2166.0,1738884.0
2026-06-10 03:12:00,993,993,992,992,562.0,1738807.0
2026-06-10 03:13:00,992,993,991,992,5647.0,1737819.0
2026-06-10 03:14:00,992,993,992,993,479.0,1737724.0
2026-06-10 03:15:00,993,993,992,993,569.0,1737834.0
2026-06-10 03:16:00,993,994,992,993,4885.0,1736919.0
2026-06-10 03:17:00,993,994,993,994,482.0,1736890.0
2026-06-10 03:18:00,994,994,993,993,641.0,1736733.0
2026-06-10 03:19:00,993,994,993,993,289.0,1736701.0
2026-06-10 03:20:00,993,994,993,994,2291.0,1736439.0
2026-06-10 03:21:00,994,995,993,993,2301.0,1735518.0
2026-06-10 03:22:00,993,994,993,994,1462.0,1734649.0
2026-06-10 03:23:00,994,994,990,992,10862.0,1733041.0
2026-06-10 03:24:00,992,992,990,991,5576.0,1731206.0
2026-06-10 03:25:00,991,992,990,991,6533.0,1728956.0
2026-06-10 03:26:00,991,992,991,992,3714.0,1728436.0
2026-06-10 03:27:00,992,994,991,993,5429.0,1727385.0
2026-06-10 03:28:00,993,993,992,992,887.0,1727319.0
2026-06-10 03:29:00,992,993,991,992,2469.0,1726269.0
2026-06-10 05:30:00,992,993,991,991,5008.0,1725552.0
2026-06-10 05:31:00,991,993,991,992,1774.0,1725584.0
2026-06-10 05:32:00,992,993,992,992,2752.0,1724644.0
2026-06-10 05:33:00,992,993,992,993,449.0,1724694.0
2026-06-10 05:34:00,993,993,992,993,534.0,1724667.0
2026-06-10 05:35:00,993,993,992,992,801.0,1724746.0
2026-06-10 05:36:00,992,993,992,993,788.0,1724965.0
2026-06-10 05:37:00,993,993,992,993,984.0,1725056.0
2026-06-10 05:38:00,993,993,992,992,676.0,1725103.0
2026-06-10 05:39:00,992,993,992,993,496.0,1725065.0
2026-06-10 05:40:00,993,993,992,993,425.0,1725101.0
2026-06-10 05:41:00,993,994,992,993,3191.0,1725164.0
2026-06-10 05:42:00,993,994,992,994,3092.0,1725544.0
2026-06-10 05:43:00,994,994,993,993,643.0,1725303.0
2026-06-10 05:44:00,993,994,993,993,540.0,1725411.0
2026-06-10 05:45:00,993,994,993,993,1393.0,1725390.0
2026-06-10 05:46:00,993,994,991,993,10381.0,1725075.0
2026-06-10 05:47:00,993,994,993,993,724.0,1724795.0
2026-06-10 05:48:00,993,994,993,993,425.0,1724815.0
2026-06-10 05:49:00,993,994,993,994,540.0,1724927.0
2026-06-10 05:50:00,994,994,992,992,2261.0,1724554.0
2026-06-10 05:51:00,992,993,991,991,1422.0,1724362.0
2026-06-10 05:52:00,991,992,991,991,895.0,1724399.0
2026-06-10 05:53:00,991,993,991,993,2318.0,1725042.0
2026-06-10 05:54:00,993,993,992,992,593.0,1725008.0
2026-06-10 05:55:00,992,993,992,992,391.0,1724955.0
2026-06-10 05:56:00,992,994,992,994,3495.0,1724352.0
2026-06-10 05:57:00,994,994,992,992,1584.0,1725306.0
2026-06-10 05:58:00,992,993,992,993,312.0,1725411.0
2026-06-10 05:59:00,993,993,992,992,337.0,1725513.0
2026-06-10 06:00:00,992,993,992,993,319.0,1725596.0
2026-06-10 06:01:00,993,993,992,992,516.0,1725558.0
2026-06-10 06:02:00,992,993,992,993,953.0,1725775.0
2026-06-10 06:03:00,993,993,992,993,800.0,1726373.0
2026-06-10 06:04:00,993,994,992,993,4575.0,1727150.0
2026-06-10 06:05:00,993,993,992,992,554.0,1727079.0
2026-06-10 06:06:00,992,993,991,991,2198.0,1727703.0
2026-06-10 06:07:00,991,992,991,991,799.0,1727589.0
2026-06-10 06:08:00,991,992,991,991,1009.0,1727984.0
2026-06-10 06:09:00,991,993,991,991,3205.0,1727937.0
2026-06-10 06:10:00,991,992,991,992,838.0,1728181.0
2026-06-10 06:11:00,992,992,991,991,542.0,1728280.0
2026-06-10 06:12:00,991,992,991,992,1517.0,1728258.0
2026-06-10 06:13:00,992,992,991,992,472.0,1728300.0
2026-06-10 06:14:00,992,992,991,991,436.0,1728363.0
2026-06-10 06:15:00,991,991,990,991,5167.0,1730113.0
2026-06-10 06:16:00,991,991,990,991,759.0,1730033.0
2026-06-10 06:17:00,991,992,990,991,2330.0,1730433.0
2026-06-10 06:18:00,991,992,991,991,3878.0,1731670.0
2026-06-10 06:19:00,991,993,991,992,2025.0,1732705.0
2026-06-10 06:20:00,992,993,991,991,2198.0,1733156.0
2026-06-10 06:21:00,991,992,990,991,4455.0,1733180.0
2026-06-10 06:22:00,991,992,990,992,2648.0,1732630.0
2026-06-10 06:23:00,992,992,991,991,984.0,1732931.0
2026-06-10 06:24:00,991,992,990,991,3192.0,1732268.0
2026-06-10 06:25:00,991,992,990,991,690.0,1732362.0
2026-06-10 06:26:00,991,992,991,991,740.0,1732265.0
2026-06-10 06:27:00,991,992,991,991,480.0,1732203.0
2026-06-10 06:28:00,991,992,991,992,357.0,1732266.0
2026-06-10 06:29:00,992,992,991,991,663.0,1732488.0
2026-06-10 06:30:00,991,993,991,993,6119.0,1731060.0
2026-06-10 06:31:00,993,994,992,994,3127.0,1730985.0
2026-06-10 06:32:00,994,994,993,994,1123.0,1731052.0
2026-06-10 06:33:00,994,994,992,992,3390.0,1731654.0
2026-06-10 06:34:00,992,994,992,994,1306.0,1731358.0
2026-06-10 06:35:00,994,994,992,993,2142.0,1730710.0
2026-06-10 06:36:00,993,993,990,991,12525.0,1726260.0
2026-06-10 06:37:00,991,991,990,990,1458.0,1726241.0
2026-06-10 06:38:00,990,992,990,991,4441.0,1725873.0
2026-06-10 06:39:00,991,993,991,992,3409.0,1725231.0
2026-06-10 06:40:00,992,993,991,991,2637.0,1724678.0
2026-06-10 06:41:00,991,993,991,993,1090.0,1724707.0
2026-06-10 06:42:00,993,993,991,991,1488.0,1725130.0
2026-06-10 06:43:00,991,993,991,992,1907.0,1724907.0
2026-06-10 06:44:00,992,993,991,991,1228.0,1724495.0
2026-06-10 06:45:00,991,993,991,992,1486.0,1724201.0
2026-06-10 06:46:00,992,993,992,992,731.0,1724300.0
2026-06-10 06:47:00,992,994,992,992,3991.0,1724964.0
2026-06-10 06:48:00,992,993,992,992,1651.0,1724375.0
2026-06-10 06:49:00,992,993,991,991,3151.0,1723790.0
2026-06-10 06:50:00,991,992,991,991,2075.0,1723551.0
2026-06-10 06:51:00,991,992,991,992,1472.0,1723444.0
2026-06-10 06:52:00,992,992,990,991,4754.0,1723455.0
2026-06-10 06:53:00,991,992,990,992,4107.0,1722979.0
2026-06-10 06:54:00,992,992,990,991,2473.0,1723195.0
2026-06-10 06:55:00,991,991,990,991,2182.0,1722698.0
2026-06-10 06:56:00,991,992,990,991,3640.0,1722916.0
2026-06-10 06:57:00,991,991,989,989,9021.0,1723923.0
2026-06-10 06:58:00,989,991,989,991,6112.0,1722176.0
2026-06-10 06:59:00,991,991,989,989,10215.0,1721553.0
2026-06-10 13:00:00,990,993,989,991,26952.0,1726145.0
2026-06-10 13:01:00,991,992,990,992,16469.0,1732248.0
2026-06-10 13:02:00,992,993,990,993,11564.0,1736203.0
2026-06-10 13:03:00,993,994,991,992,12012.0,1737984.0
2026-06-10 13:04:00,992,993,990,990,28369.0,1742461.0
2026-06-10 13:05:00,990,992,990,990,7633.0,1743698.0
2026-06-10 13:06:00,990,991,988,989,10900.0,1746862.0
2026-06-10 13:07:00,989,992,989,991,11527.0,1748622.0
2026-06-10 13:08:00,991,993,991,993,6577.0,1750631.0
2026-06-10 13:09:00,993,994,991,993,8527.0,1752526.0
2026-06-10 13:10:00,993,993,992,992,3303.0,1754063.0
2026-06-10 13:11:00,992,994,992,994,6653.0,1756279.0
2026-06-10 13:12:00,994,994,992,992,4775.0,1757645.0
2026-06-10 13:13:00,992,993,991,991,5010.0,1759286.0
2026-06-10 13:14:00,991,993,991,993,3984.0,1759011.0
2026-06-10 13:15:00,993,993,991,991,2586.0,1759929.0
2026-06-10 13:16:00,991,993,991,992,3775.0,1761139.0
2026-06-10 13:17:00,992,993,992,992,1346.0,1761314.0
2026-06-10 13:18:00,992,994,992,993,5342.0,1762701.0
2026-06-10 13:19:00,993,994,992,993,4095.0,1764062.0
2026-06-10 13:20:00,993,994,992,994,3738.0,1763562.0
2026-06-10 13:21:00,994,995,993,994,8524.0,1765364.0
2026-06-10 13:22:00,994,994,992,993,7303.0,1767741.0
2026-06-10 13:23:00,993,994,993,994,2507.0,1768124.0
2026-06-10 13:24:00,994,994,991,991,8325.0,1771036.0
2026-06-10 13:25:00,991,993,991,992,3102.0,1771558.0
2026-06-10 13:26:00,992,993,991,991,1973.0,1771695.0
2026-06-10 13:27:00,991,992,991,991,3247.0,1772818.0
2026-06-10 13:28:00,991,992,991,992,1806.0,1773775.0
2026-06-10 13:29:00,992,992,991,991,1536.0,1773890.0
2026-06-10 13:30:00,991,992,991,992,1159.0,1774231.0
2026-06-10 13:31:00,992,992,991,991,590.0,1774327.0
2026-06-10 13:32:00,991,993,991,992,3272.0,1774503.0
2026-06-10 13:33:00,992,992,990,991,8700.0,1776543.0
2026-06-10 13:34:00,991,992,991,991,466.0,1776533.0
2026-06-10 13:35:00,991,992,991,992,627.0,1776445.0
2026-06-10 13:36:00,992,992,991,991,2111.0,1776067.0
2026-06-10 13:37:00,991,992,991,992,442.0,1776032.0
2026-06-10 13:38:00,992,992,990,991,2049.0,1776167.0
2026-06-10 13:39:00,991,991,990,990,961.0,1775973.0
2026-06-10 13:40:00,990,991,990,991,1213.0,1776634.0
2026-06-10 13:41:00,991,991,990,990,717.0,1776793.0
2026-06-10 13:42:00,990,991,989,990,7864.0,1779363.0
2026-06-10 13:43:00,990,991,990,991,3476.0,1779197.0
2026-06-10 13:44:00,991,991,990,990,558.0,1779037.0
2026-06-10 13:45:00,990,992,990,990,4551.0,1778658.0
2026-06-10 13:46:00,990,991,990,990,540.0,1778644.0
2026-06-10 13:47:00,990,991,990,990,1331.0,1777891.0
2026-06-10 13:48:00,990,991,990,990,487.0,1777860.0
2026-06-10 13:49:00,990,991,990,990,946.0,1777690.0
2026-06-10 13:50:00,990,991,990,991,527.0,1777935.0
2026-06-10 13:51:00,991,991,989,990,2633.0,1778718.0
2026-06-10 13:52:00,990,991,989,990,4446.0,1779034.0
2026-06-10 13:53:00,990,991,990,990,991.0,1778839.0
2026-06-10 13:54:00,990,991,989,989,3295.0,1779232.0
2026-06-10 13:55:00,989,990,989,990,709.0,1779352.0
2026-06-10 13:56:00,990,990,989,989,2660.0,1780769.0
2026-06-10 13:57:00,989,990,988,988,4867.0,1782805.0
2026-06-10 13:58:00,988,989,987,987,12981.0,1784921.0
2026-06-10 13:59:00,987,989,987,989,4152.0,1783998.0
2026-06-10 14:00:00,989,990,988,990,4208.0,1784614.0
2026-06-10 14:01:00,990,990,988,989,4121.0,1784236.0
2026-06-10 14:02:00,989,989,988,989,800.0,1784354.0
2026-06-10 14:03:00,989,989,988,988,854.0,1784594.0
2026-06-10 14:04:00,988,989,988,988,816.0,1784594.0
2026-06-10 14:05:00,988,990,988,990,2834.0,1784166.0
2026-06-10 14:06:00,990,990,989,990,820.0,1783791.0
2026-06-10 14:07:00,990,991,989,990,7076.0,1783047.0
2026-06-10 14:08:00,990,990,989,990,563.0,1782865.0
2026-06-10 14:09:00,990,990,989,989,365.0,1783007.0
2026-06-10 14:10:00,989,990,989,990,181.0,1783075.0
2026-06-10 14:11:00,990,990,989,989,314.0,1783067.0
2026-06-10 14:12:00,989,990,989,989,173.0,1783048.0
2026-06-10 14:13:00,989,990,989,990,510.0,1782941.0
2026-06-10 14:14:00,990,990,989,989,432.0,1782998.0
2026-06-10 14:15:00,989,990,989,990,530.0,1783082.0
2026-06-10 14:16:00,990,990,989,989,332.0,1783192.0
2026-06-10 14:17:00,989,990,989,989,149.0,1783204.0
2026-06-10 14:18:00,989,990,988,989,4027.0,1783621.0
2026-06-10 14:19:00,989,990,988,989,2645.0,1783858.0
2026-06-10 14:20:00,989,990,989,989,369.0,1783834.0
2026-06-10 14:21:00,989,990,989,990,342.0,1783861.0
2026-06-10 14:22:00,990,990,989,989,489.0,1783712.0
2026-06-10 14:23:00,989,990,989,989,356.0,1783805.0
2026-06-10 14:24:00,989,990,989,990,393.0,1783855.0
2026-06-10 14:25:00,990,990,989,990,511.0,1783984.0
2026-06-10 14:26:00,990,990,989,989,2672.0,1784524.0
2026-06-10 14:27:00,989,990,989,989,249.0,1784648.0
2026-06-10 14:28:00,989,990,989,989,305.0,1784763.0
2026-06-10 14:29:00,989,990,989,989,296.0,1784833.0
2026-06-10 14:30:00,989,991,989,991,5715.0,1784647.0
2026-06-10 14:31:00,991,991,990,991,956.0,1784828.0
2026-06-10 14:32:00,991,991,990,991,597.0,1784811.0
2026-06-10 14:33:00,991,992,990,991,4315.0,1783963.0
2026-06-10 14:34:00,991,992,990,990,2514.0,1783994.0
2026-06-10 14:35:00,990,991,990,990,402.0,1784062.0
2026-06-10 14:36:00,990,991,990,990,315.0,1784119.0
2026-06-10 14:37:00,990,991,990,991,334.0,1784280.0
2026-06-10 14:38:00,991,991,990,990,1039.0,1783785.0
2026-06-10 14:39:00,990,991,990,990,607.0,1783624.0
2026-06-10 14:40:00,990,991,990,990,379.0,1783649.0
2026-06-10 14:41:00,990,991,990,990,227.0,1783681.0
2026-06-10 14:42:00,990,991,990,990,324.0,1783835.0
2026-06-10 14:43:00,990,991,990,990,170.0,1783840.0
2026-06-10 14:44:00,990,991,990,990,576.0,1783768.0
2026-06-10 14:45:00,990,991,990,991,349.0,1784019.0
2026-06-10 14:46:00,991,991,990,990,475.0,1784174.0
2026-06-10 14:47:00,990,991,990,990,322.0,1784321.0
2026-06-10 14:48:00,990,991,990,990,459.0,1784374.0
2026-06-10 14:49:00,990,991,990,991,299.0,1784391.0
2026-06-10 14:50:00,991,991,990,990,388.0,1784439.0
2026-06-10 14:51:00,990,991,990,990,566.0,1784333.0
2026-06-10 14:52:00,990,991,990,991,396.0,1784298.0
2026-06-10 14:53:00,991,991,990,990,509.0,1784350.0
2026-06-10 14:54:00,990,991,990,990,368.0,1784289.0
2026-06-10 14:55:00,990,991,990,990,1064.0,1784364.0
2026-06-10 14:56:00,990,991,990,990,1315.0,1783577.0
2026-06-10 14:57:00,990,991,990,990,582.0,1783679.0
2026-06-10 14:58:00,990,991,990,991,1150.0,1783536.0
2026-06-10 14:59:00,991,991,989,990,10560.0,1780485.0
2026-06-11 01:00:00,990,991,986,987,16217.0,1786676.0
2026-06-11 01:01:00,987,987,986,986,4533.0,1787307.0
2026-06-11 01:02:00,986,987,986,986,10045.0,1790035.0
2026-06-11 01:03:00,986,987,984,986,22001.0,1794231.0
2026-06-11 01:04:00,986,987,985,986,5501.0,1795185.0
2026-06-11 01:05:00,986,986,985,985,7624.0,1796214.0
2026-06-11 01:06:00,985,987,985,987,5757.0,1798098.0
2026-06-11 01:07:00,987,987,985,986,8521.0,1800774.0
2026-06-11 01:08:00,986,986,985,986,2168.0,1801998.0
2026-06-11 01:09:00,986,987,985,987,5977.0,1803635.0
2026-06-11 01:10:00,987,988,986,987,5842.0,1805062.0
2026-06-11 01:11:00,987,987,986,987,5907.0,1805148.0
2026-06-11 01:12:00,987,987,986,987,1121.0,1805708.0
2026-06-11 01:13:00,987,987,985,986,4630.0,1806274.0
2026-06-11 01:14:00,986,986,985,985,887.0,1806577.0
2026-06-11 01:15:00,985,986,985,986,1363.0,1806872.0
2026-06-11 01:16:00,986,987,985,986,7131.0,1805963.0
2026-06-11 01:17:00,986,987,986,987,1134.0,1806349.0
2026-06-11 01:18:00,987,987,986,986,681.0,1806283.0
2026-06-11 01:19:00,986,987,985,986,3680.0,1808239.0
2026-06-11 01:20:00,986,987,985,986,4624.0,1809422.0
2026-06-11 01:21:00,986,986,985,986,1939.0,1810043.0
2026-06-11 01:22:00,986,987,986,987,1688.0,1810012.0
2026-06-11 01:23:00,987,987,986,986,630.0,1810070.0
2026-06-11 01:24:00,986,987,985,985,4168.0,1811572.0
2026-06-11 01:25:00,985,986,984,984,10506.0,1814565.0
2026-06-11 01:26:00,984,985,984,984,3510.0,1815609.0
2026-06-11 01:27:00,984,985,983,985,8862.0,1816561.0
2026-06-11 01:28:00,985,985,983,984,5796.0,1818466.0
2026-06-11 01:29:00,984,985,983,985,11648.0,1819263.0
2026-06-11 01:30:00,985,985,984,985,2723.0,1819163.0
2026-06-11 01:31:00,985,985,982,982,19785.0,1823082.0
2026-06-11 01:32:00,982,984,982,984,6054.0,1822476.0
2026-06-11 01:33:00,984,984,982,983,10453.0,1823740.0
2026-06-11 01:34:00,983,984,983,984,2316.0,1824420.0
2026-06-11 01:35:00,984,984,983,983,4091.0,1825035.0
2026-06-11 01:36:00,983,984,983,984,1080.0,1825659.0
2026-06-11 01:37:00,984,984,983,984,821.0,1825985.0
2026-06-11 01:38:00,984,984,983,984,1329.0,1826528.0
2026-06-11 01:39:00,984,985,983,985,3942.0,1827797.0
2026-06-11 01:40:00,985,986,984,985,6438.0,1828722.0
2026-06-11 01:41:00,985,986,984,985,3533.0,1828636.0
2026-06-11 01:42:00,985,985,984,985,1006.0,1829202.0
2026-06-11 01:43:00,985,985,984,985,621.0,1829358.0
2026-06-11 01:44:00,985,985,984,984,584.0,1829446.0
2026-06-11 01:45:00,984,986,984,985,2671.0,1829680.0
2026-06-11 01:46:00,985,986,984,985,3063.0,1829638.0
2026-06-11 01:47:00,985,986,985,986,1341.0,1829725.0
2026-06-11 01:48:00,986,986,984,985,2576.0,1829855.0
2026-06-11 01:49:00,985,986,985,985,497.0,1829771.0
2026-06-11 01:50:00,985,986,985,985,785.0,1829858.0
2026-06-11 01:51:00,985,987,985,986,6258.0,1829771.0
2026-06-11 01:52:00,986,987,985,987,4186.0,1829476.0
2026-06-11 01:53:00,987,987,985,986,2994.0,1829809.0
2026-06-11 01:54:00,986,987,986,987,754.0,1829616.0
2026-06-11 01:55:00,987,987,986,987,678.0,1829626.0
2026-06-11 01:56:00,987,987,985,986,3126.0,1829161.0
2026-06-11 01:57:00,986,987,986,986,554.0,1829114.0
2026-06-11 01:58:00,986,987,985,985,3089.0,1828302.0
2026-06-11 01:59:00,985,987,985,987,1756.0,1828200.0
2026-06-11 02:00:00,987,987,985,986,2327.0,1828608.0
2026-06-11 02:01:00,986,986,985,985,862.0,1828841.0
2026-06-11 02:02:00,985,986,984,984,4933.0,1830200.0
2026-06-11 02:03:00,984,986,984,986,2258.0,1830524.0
2026-06-11 02:04:00,986,986,985,985,302.0,1830454.0
2026-06-11 02:05:00,985,986,985,986,637.0,1830573.0
2026-06-11 02:06:00,986,986,985,985,625.0,1830787.0
2026-06-11 02:07:00,985,986,984,984,3097.0,1830721.0
2026-06-11 02:08:00,984,986,984,985,2047.0,1831307.0
2026-06-11 02:09:00,985,986,984,985,1341.0,1831560.0
2026-06-11 02:10:00,985,985,984,985,1133.0,1831941.0
2026-06-11 02:11:00,985,985,984,984,1973.0,1832791.0
2026-06-11 02:12:00,984,985,982,984,11684.0,1837227.0
2026-06-11 02:13:00,984,984,983,984,1626.0,1837481.0
2026-06-11 02:14:00,984,985,983,985,4201.0,1837546.0
2026-06-11 02:30:00,985,985,983,983,3587.0,1836998.0
2026-06-11 02:31:00,983,984,983,984,1205.0,1836763.0
2026-06-11 02:32:00,984,984,983,984,3259.0,1837224.0
2026-06-11 02:33:00,984,984,982,983,4095.0,1838515.0
2026-06-11 02:34:00,983,984,983,984,544.0,1838725.0
2026-06-11 02:35:00,984,984,983,983,1446.0,1838724.0
2026-06-11 02:36:00,983,984,983,984,1745.0,1838831.0
2026-06-11 02:37:00,984,984,983,983,1204.0,1839371.0
2026-06-11 02:38:00,983,984,983,984,838.0,1839707.0
2026-06-11 02:39:00,984,985,983,984,4235.0,1839848.0
2026-06-11 02:40:00,984,984,983,983,558.0,1839986.0
2026-06-11 02:41:00,983,984,983,983,568.0,1840183.0
2026-06-11 02:42:00,983,984,983,984,950.0,1840704.0
2026-06-11 02:43:00,984,984,983,984,1414.0,1841197.0
2026-06-11 02:44:00,984,984,983,983,1713.0,1841539.0
2026-06-11 02:45:00,983,984,983,983,874.0,1841469.0
2026-06-11 02:46:00,983,984,983,983,825.0,1841514.0
2026-06-11 02:47:00,983,984,983,984,553.0,1841775.0
2026-06-11 02:48:00,984,984,983,984,919.0,1841448.0
2026-06-11 02:49:00,984,984,983,984,2900.0,1841291.0
2026-06-11 02:50:00,984,986,984,986,4549.0,1840003.0
2026-06-11 02:51:00,986,986,985,986,2860.0,1839091.0
2026-06-11 02:52:00,986,986,985,985,1133.0,1838397.0
2026-06-11 02:53:00,985,986,984,984,2905.0,1838330.0
2026-06-11 02:54:00,984,985,984,984,350.0,1838491.0
2026-06-11 02:55:00,984,985,983,984,4044.0,1839287.0
2026-06-11 02:56:00,984,985,984,985,478.0,1839212.0
2026-06-11 02:57:00,985,985,984,985,565.0,1839411.0
2026-06-11 02:58:00,985,985,984,984,2530.0,1840298.0
2026-06-11 02:59:00,984,985,984,985,428.0,1840536.0
2026-06-11 03:00:00,985,985,984,985,826.0,1841115.0
2026-06-11 03:01:00,985,985,984,984,1383.0,1840843.0
2026-06-11 03:02:00,984,986,984,985,2793.0,1840823.0
2026-06-11 03:03:00,985,985,984,984,702.0,1840773.0
2026-06-11 03:04:00,984,986,984,985,2389.0,1840850.0
2026-06-11 03:05:00,985,987,985,987,6518.0,1840477.0
2026-06-11 03:06:00,987,990,986,989,18105.0,1836752.0
2026-06-11 03:07:00,989,991,988,989,21969.0,1831943.0
2026-06-11 03:08:00,989,992,989,992,13264.0,1831429.0
2026-06-11 03:09:00,992,993,990,990,16184.0,1828723.0
2026-06-11 03:10:00,990,992,990,992,8889.0,1828810.0
2026-06-11 03:11:00,992,992,991,991,7910.0,1829011.0
2026-06-11 03:12:00,991,993,991,992,12571.0,1829125.0
2026-06-11 03:13:00,992,992,991,992,9683.0,1826027.0
2026-06-11 03:14:00,992,993,992,992,6897.0,1824322.0
2026-06-11 03:15:00,992,993,992,992,8609.0,1823120.0
2026-06-11 03:16:00,992,993,991,991,8260.0,1823552.0
2026-06-11 03:17:00,991,992,991,991,4388.0,1822897.0
2026-06-11 03:18:00,991,992,990,992,5993.0,1821101.0
2026-06-11 03:19:00,992,992,991,991,1517.0,1820947.0
2026-06-11 03:20:00,991,993,991,992,4614.0,1819865.0
2026-06-11 03:21:00,992,994,992,992,10350.0,1821279.0
2026-06-11 03:22:00,992,994,992,994,5736.0,1819433.0
2026-06-11 03:23:00,994,994,992,992,5734.0,1819754.0
2026-06-11 03:24:00,992,993,992,993,1951.0,1819706.0
2026-06-11 03:25:00,993,993,991,991,5318.0,1819058.0
2026-06-11 03:26:00,991,993,991,993,3006.0,1818684.0
2026-06-11 03:27:00,993,993,992,992,1432.0,1818863.0
2026-06-11 03:28:00,992,993,992,993,993.0,1818688.0
2026-06-11 03:29:00,993,993,992,993,4027.0,1818735.0
2026-06-11 05:30:00,993,994,992,994,8790.0,1818130.0
2026-06-11 05:31:00,994,997,993,996,26423.0,1813876.0
2026-06-11 05:32:00,996,997,995,995,13828.0,1814628.0
2026-06-11 05:33:00,995,998,995,997,19812.0,1810515.0
2026-06-11 05:34:00,997,998,996,997,12002.0,1810385.0
2026-06-11 05:35:00,997,997,995,996,6492.0,1810557.0
2026-06-11 05:36:00,996,996,995,996,4677.0,1808655.0
2026-06-11 05:37:00,996,996,995,996,4867.0,1807794.0
2026-06-11 05:38:00,996,996,994,994,5412.0,1807349.0
2026-06-11 05:39:00,994,995,994,994,2832.0,1806754.0
2026-06-11 05:40:00,994,995,994,994,1192.0,1807189.0
2026-06-11 05:41:00,994,995,994,994,3795.0,1806466.0
2026-06-11 05:42:00,994,995,993,994,2402.0,1805818.0
2026-06-11 05:43:00,994,994,993,993,1900.0,1805165.0
2026-06-11 05:44:00,993,994,993,994,1196.0,1804876.0
2026-06-11 05:45:00,994,994,992,993,8113.0,1805842.0
2026-06-11 05:46:00,993,993,991,991,5996.0,1804171.0
2026-06-11 05:47:00,991,992,991,991,1483.0,1804210.0
2026-06-11 05:48:00,991,992,991,991,1024.0,1803927.0
2026-06-11 05:49:00,991,992,991,992,2167.0,1803819.0
2026-06-11 05:50:00,992,992,991,992,1038.0,1803930.0
2026-06-11 05:51:00,992,992,991,992,580.0,1803993.0
2026-06-11 05:52:00,992,992,991,991,681.0,1803935.0
2026-06-11 05:53:00,991,992,991,992,625.0,1803931.0
2026-06-11 05:54:00,992,992,991,992,1382.0,1804305.0
2026-06-11 05:55:00,992,992,990,991,3422.0,1804592.0
2026-06-11 05:56:00,991,992,991,991,565.0,1804707.0
2026-06-11 05:57:00,991,992,990,990,4502.0,1802352.0
2026-06-11 05:58:00,990,992,990,992,6795.0,1802172.0
2026-06-11 05:59:00,992,992,991,991,464.0,1802253.0
2026-06-11 06:00:00,991,992,991,992,3168.0,1802414.0
2026-06-11 06:01:00,992,993,991,993,3433.0,1802088.0
2026-06-11 06:02:00,993,994,992,993,3452.0,1801062.0
2026-06-11 06:03:00,993,994,992,993,2688.0,1799888.0
2026-06-11 06:04:00,993,994,992,994,3028.0,1798644.0
2026-06-11 06:05:00,994,994,992,994,3535.0,1797841.0
2026-06-11 06:06:00,994,994,993,994,1356.0,1798078.0
2026-06-11 06:07:00,994,994,992,993,2760.0,1798264.0
2026-06-11 06:08:00,993,994,993,993,510.0,1798396.0
2026-06-11 06:09:00,993,994,992,992,1362.0,1798226.0
2026-06-11 06:10:00,992,994,992,993,1835.0,1798110.0
2026-06-11 06:11:00,993,994,992,992,986.0,1797896.0
2026-06-11 06:12:00,992,993,992,993,927.0,1797960.0
2026-06-11 06:13:00,993,993,992,992,474.0,1798026.0
2026-06-11 06:14:00,992,993,991,992,4993.0,1798415.0
2026-06-11 06:15:00,992,992,991,992,1284.0,1799378.0
2026-06-11 06:16:00,992,993,991,993,2192.0,1799312.0
2026-06-11 06:17:00,993,993,992,993,377.0,1799193.0
2026-06-11 06:18:00,993,993,991,992,2878.0,1798171.0
2026-06-11 06:19:00,992,993,992,992,5789.0,1798983.0
2026-06-11 06:20:00,992,994,992,993,3910.0,1798891.0
2026-06-11 06:21:00,993,994,993,993,1695.0,1798600.0
2026-06-11 06:22:00,993,994,992,992,1439.0,1799054.0
2026-06-11 06:23:00,992,993,991,992,6595.0,1797227.0
2026-06-11 06:24:00,992,993,992,992,1108.0,1796895.0
2026-06-11 06:25:00,992,993,992,993,508.0,1797051.0
2026-06-11 06:26:00,993,993,992,992,476.0,1797058.0
2026-06-11 06:27:00,992,993,992,992,655.0,1797159.0
2026-06-11 06:28:00,992,993,991,992,3257.0,1798069.0
2026-06-11 06:29:00,992,994,992,992,5283.0,1800040.0
2026-06-11 06:30:00,992,994,992,994,1440.0,1799501.0
2026-06-11 06:31:00,994,994,993,993,1414.0,1800193.0
2026-06-11 06:32:00,993,994,992,993,5183.0,1800758.0
2026-06-11 06:33:00,993,994,993,994,832.0,1801003.0
2026-06-11 06:34:00,994,994,992,992,8305.0,1803817.0
2026-06-11 06:35:00,992,993,992,993,695.0,1803354.0
2026-06-11 06:36:00,993,994,992,992,4813.0,1802319.0
2026-06-11 06:37:00,992,993,992,993,476.0,1802353.0
2026-06-11 06:38:00,993,993,992,993,469.0,1802190.0
2026-06-11 06:39:00,993,993,992,993,517.0,1802079.0
2026-06-11 06:40:00,993,993,992,993,1022.0,1801689.0
2026-06-11 06:41:00,993,993,992,993,665.0,1801756.0
2026-06-11 06:42:00,993,993,992,992,1015.0,1801751.0
2026-06-11 06:43:00,992,993,992,993,478.0,1801721.0
2026-06-11 06:44:00,993,993,992,993,1627.0,1801013.0
2026-06-11 06:45:00,993,993,992,993,4718.0,1801301.0
2026-06-11 06:46:00,993,993,992,993,1244.0,1801018.0
2026-06-11 06:47:00,993,993,992,992,1046.0,1800541.0
2026-06-11 06:48:00,992,993,992,992,2756.0,1800437.0
2026-06-11 06:49:00,992,993,992,993,470.0,1800395.0
2026-06-11 06:50:00,993,993,992,993,913.0,1800367.0
2026-06-11 06:51:00,993,993,992,992,956.0,1799998.0
2026-06-11 06:52:00,992,993,991,991,6485.0,1798438.0
2026-06-11 06:53:00,991,992,991,992,1744.0,1798524.0
2026-06-11 06:54:00,992,992,991,991,947.0,1798539.0
2026-06-11 06:55:00,991,992,991,992,1988.0,1798810.0
2026-06-11 06:56:00,992,992,991,992,1352.0,1799478.0
2026-06-11 06:57:00,992,992,991,991,2181.0,1799110.0
2026-06-11 06:58:00,991,992,991,991,3096.0,1799484.0
2026-06-11 06:59:00,991,992,990,991,17058.0,1795475.0
2026-06-11 13:00:00,989,991,989,990,14163.0,1797764.0
2026-06-11 13:01:00,990,991,989,990,12516.0,1798716.0
2026-06-11 13:02:00,990,992,990,991,9797.0,1801381.0
2026-06-11 13:03:00,991,992,989,989,19201.0,1808725.0
2026-06-11 13:04:00,989,990,988,989,11951.0,1812310.0
2026-06-11 13:05:00,989,990,989,989,7451.0,1812171.0
2026-06-11 13:06:00,989,990,988,990,6107.0,1812965.0
2026-06-11 13:07:00,990,992,989,991,10660.0,1811704.0
2026-06-11 13:08:00,991,992,990,992,6069.0,1812329.0
2026-06-11 13:09:00,992,992,990,990,4817.0,1813405.0
2026-06-11 13:10:00,990,991,990,990,9109.0,1816241.0
2026-06-11 13:11:00,990,991,990,990,1528.0,1816055.0
2026-06-11 13:12:00,990,991,990,991,1768.0,1816125.0
2026-06-11 13:13:00,991,991,990,990,1546.0,1816882.0
2026-06-11 13:14:00,990,991,990,990,1647.0,1817354.0
2026-06-11 13:15:00,990,991,989,990,3964.0,1818773.0
2026-06-11 13:16:00,990,990,989,989,833.0,1818905.0
2026-06-11 13:17:00,989,990,989,989,786.0,1818944.0
2026-06-11 13:18:00,989,990,989,990,1048.0,1819359.0
2026-06-11 13:19:00,990,990,989,989,822.0,1819209.0
2026-06-11 13:20:00,989,991,988,990,10390.0,1819614.0
2026-06-11 13:21:00,990,991,989,990,1645.0,1819467.0
2026-06-11 13:22:00,990,990,989,989,1203.0,1819941.0
2026-06-11 13:23:00,989,990,989,989,983.0,1820189.0
2026-06-11 13:24:00,989,990,989,990,708.0,1820590.0
2026-06-11 13:25:00,990,990,989,989,2708.0,1821262.0
2026-06-11 13:26:00,989,990,989,989,1755.0,1821903.0
2026-06-11 13:27:00,989,990,989,989,660.0,1822271.0
2026-06-11 13:28:00,989,990,989,990,821.0,1822460.0
2026-06-11 13:29:00,990,990,989,989,621.0,1822546.0
2026-06-11 13:30:00,989,990,989,989,1006.0,1822851.0
2026-06-11 13:31:00,989,990,989,990,800.0,1823014.0
2026-06-11 13:32:00,990,990,989,989,381.0,1823057.0
2026-06-11 13:33:00,989,990,989,989,539.0,1823113.0
2026-06-11 13:34:00,989,990,989,990,503.0,1822942.0
2026-06-11 13:35:00,990,990,988,988,2338.0,1823134.0
2026-06-11 13:36:00,988,989,988,989,3286.0,1823334.0
2026-06-11 13:37:00,989,990,988,989,6468.0,1823267.0
2026-06-11 13:38:00,989,989,988,989,3694.0,1823752.0
2026-06-11 13:39:00,989,990,988,989,2485.0,1823782.0
2026-06-11 13:40:00,989,990,988,989,3787.0,1824736.0
2026-06-11 13:41:00,989,989,988,989,895.0,1824651.0
2026-06-11 13:42:00,989,989,988,988,573.0,1824657.0
2026-06-11 13:43:00,988,989,988,988,543.0,1824557.0
2026-06-11 13:44:00,988,989,988,988,457.0,1824663.0
2026-06-11 13:45:00,988,989,988,989,682.0,1824668.0
2026-06-11 13:46:00,989,989,988,988,1459.0,1824929.0
2026-06-11 13:47:00,988,989,987,987,6161.0,1825475.0
2026-06-11 13:48:00,987,988,987,987,1908.0,1825895.0
2026-06-11 13:49:00,987,988,987,988,766.0,1825862.0
2026-06-11 13:50:00,988,989,987,988,4299.0,1826360.0
2026-06-11 13:51:00,988,989,988,989,780.0,1826562.0
2026-06-11 13:52:00,989,989,988,989,688.0,1826715.0
2026-06-11 13:53:00,989,989,988,989,555.0,1826933.0
2026-06-11 13:54:00,989,990,988,990,4856.0,1826129.0
2026-06-11 13:55:00,990,990,989,990,643.0,1825934.0
2026-06-11 13:56:00,990,990,989,989,313.0,1826053.0
2026-06-11 13:57:00,989,990,989,989,396.0,1826212.0
2026-06-11 13:58:00,989,990,989,990,151.0,1826155.0
2026-06-11 13:59:00,990,990,989,990,529.0,1826394.0
2026-06-11 14:00:00,990,990,989,989,1923.0,1826483.0
2026-06-11 14:01:00,989,990,989,990,763.0,1826509.0
2026-06-11 14:02:00,990,990,988,989,3386.0,1825906.0
2026-06-11 14:03:00,989,990,988,989,3223.0,1826930.0
2026-06-11 14:04:00,989,989,988,989,849.0,1826688.0
2026-06-11 14:05:00,989,989,988,989,476.0,1826867.0
2026-06-11 14:06:00,989,989,988,988,1951.0,1826865.0
2026-06-11 14:07:00,988,989,988,989,197.0,1826944.0
2026-06-11 14:08:00,989,989,988,988,130.0,1827019.0
2026-06-11 14:09:00,988,989,988,988,139.0,1827056.0
2026-06-11 14:10:00,988,989,988,988,512.0,1826994.0
2026-06-11 14:11:00,988,989,988,988,271.0,1826986.0
2026-06-11 14:12:00,988,989,988,988,267.0,1826992.0
2026-06-11 14:13:00,988,989,988,988,455.0,1826960.0
2026-06-11 14:14:00,988,989,988,989,583.0,1827081.0
2026-06-11 14:15:00,989,989,988,988,639.0,1826993.0
2026-06-11 14:16:00,988,989,988,988,663.0,1826911.0
2026-06-11 14:17:00,988,989,988,989,365.0,1827120.0
2026-06-11 14:18:00,989,989,988,989,306.0,1827218.0
2026-06-11 14:19:00,989,989,988,988,370.0,1827388.0
2026-06-11 14:20:00,988,989,988,989,480.0,1827447.0
2026-06-11 14:21:00,989,989,988,989,497.0,1827523.0
2026-06-11 14:22:00,989,989,988,989,305.0,1827507.0
2026-06-11 14:23:00,989,989,988,988,489.0,1827575.0
2026-06-11 14:24:00,988,989,988,988,252.0,1827652.0
2026-06-11 14:25:00,988,989,988,989,194.0,1827745.0
2026-06-11 14:26:00,989,989,988,988,244.0,1827889.0
2026-06-11 14:27:00,988,989,988,988,207.0,1827938.0
2026-06-11 14:28:00,988,989,988,989,185.0,1827984.0
2026-06-11 14:29:00,989,989,988,988,188.0,1827962.0
2026-06-11 14:30:00,988,989,988,989,314.0,1828126.0
2026-06-11 14:31:00,989,989,988,988,422.0,1828119.0
2026-06-11 14:32:00,988,989,988,988,486.0,1828016.0
2026-06-11 14:33:00,988,989,988,988,338.0,1828069.0
2026-06-11 14:34:00,988,989,988,988,157.0,1828091.0
2026-06-11 14:35:00,988,989,988,988,318.0,1828164.0
2026-06-11 14:36:00,988,989,988,988,271.0,1828253.0
2026-06-11 14:37:00,988,989,988,988,452.0,1828389.0
2026-06-11 14:38:00,988,989,988,988,329.0,1828512.0
2026-06-11 14:39:00,988,989,987,987,7836.0,1828571.0
2026-06-11 14:40:00,987,988,987,987,529.0,1828841.0
2026-06-11 14:41:00,987,989,987,988,2945.0,1828863.0
2026-06-11 14:42:00,988,989,988,988,215.0,1828864.0
2026-06-11 14:43:00,988,989,988,988,226.0,1828958.0
2026-06-11 14:44:00,988,989,988,988,224.0,1828963.0
2026-06-11 14:45:00,988,989,988,988,344.0,1828938.0
2026-06-11 14:46:00,988,989,987,987,2568.0,1829265.0
2026-06-11 14:47:00,987,988,987,987,603.0,1829656.0
2026-06-11 14:48:00,987,989,987,988,2684.0,1830271.0
2026-06-11 14:49:00,988,989,988,988,142.0,1830219.0
2026-06-11 14:50:00,988,988,987,988,2952.0,1829668.0
2026-06-11 14:51:00,988,988,987,987,450.0,1829760.0
2026-06-11 14:52:00,987,988,987,987,355.0,1829859.0
2026-06-11 14:53:00,987,988,987,987,529.0,1830018.0
2026-06-11 14:54:00,987,988,987,987,907.0,1829827.0
2026-06-11 14:55:00,987,988,987,987,585.0,1829862.0
2026-06-11 14:56:00,987,988,987,987,994.0,1830050.0
2026-06-11 14:57:00,987,988,987,987,1258.0,1830124.0
2026-06-11 14:58:00,987,988,987,987,1106.0,1830083.0
2026-06-11 14:59:00,987,988,987,987,6562.0,1827956.0
2026-06-12 01:00:00,987,989,986,989,7666.0,1829391.0
2026-06-12 01:01:00,989,990,988,989,11081.0,1830590.0
2026-06-12 01:02:00,989,989,985,986,16366.0,1833488.0
2026-06-12 01:03:00,986,987,986,986,2254.0,1833837.0
2026-06-12 01:04:00,986,987,986,986,1872.0,1834199.0
2026-06-12 01:05:00,986,988,986,987,7389.0,1835592.0
2026-06-12 01:06:00,987,987,986,986,1224.0,1836177.0
2026-06-12 01:07:00,986,988,986,988,3510.0,1836153.0
2026-06-12 01:08:00,988,988,986,987,3302.0,1836271.0
2026-06-12 01:09:00,987,988,986,987,2578.0,1836039.0
2026-06-12 01:10:00,987,987,986,986,2948.0,1836653.0
2026-06-12 01:11:00,986,987,986,986,1852.0,1836696.0
2026-06-12 01:12:00,986,987,985,987,5566.0,1837239.0
2026-06-12 01:13:00,987,987,985,985,3969.0,1837590.0
2026-06-12 01:14:00,985,986,985,985,2627.0,1837857.0
2026-06-12 01:15:00,985,986,985,986,2514.0,1838324.0
2026-06-12 01:16:00,986,986,984,985,9043.0,1840861.0
2026-06-12 01:17:00,985,987,985,985,6431.0,1840792.0
2026-06-12 01:18:00,985,986,985,985,2424.0,1840996.0
2026-06-12 01:19:00,985,986,985,985,1392.0,1841455.0
2026-06-12 01:20:00,985,986,984,985,4656.0,1842887.0
2026-06-12 01:21:00,985,985,984,985,5916.0,1844363.0
2026-06-12 01:22:00,985,986,985,986,1895.0,1844424.0
2026-06-12 01:23:00,986,986,985,985,1238.0,1844330.0
2026-06-12 01:24:00,985,987,985,986,5889.0,1845814.0
2026-06-12 01:25:00,986,987,985,987,4822.0,1846576.0
2026-06-12 01:26:00,987,987,985,986,1550.0,1846806.0
2026-06-12 01:27:00,986,986,985,986,1286.0,1847113.0
2026-06-12 01:28:00,986,986,985,985,695.0,1847444.0
2026-06-12 01:29:00,985,986,985,985,683.0,1847549.0
2026-06-12 01:30:00,985,987,985,985,5206.0,1848133.0
2026-06-12 01:31:00,985,987,985,986,2728.0,1848492.0
2026-06-12 01:32:00,986,987,986,986,898.0,1848383.0
2026-06-12 01:33:00,986,987,986,987,1231.0,1848378.0
2026-06-12 01:34:00,987,988,986,988,4307.0,1849076.0
2026-06-12 01:35:00,988,988,987,988,1604.0,1849458.0
2026-06-12 01:36:00,988,989,987,989,5387.0,1849607.0
2026-06-12 01:37:00,989,989,988,989,12892.0,1848189.0
2026-06-12 01:38:00,989,991,989,990,14479.0,1844943.0
2026-06-12 01:39:00,990,990,989,990,2094.0,1845760.0
2026-06-12 01:40:00,990,990,989,990,1205.0,1846442.0
2026-06-12 01:41:00,990,990,989,990,792.0,1846463.0
2026-06-12 01:42:00,990,990,989,990,1345.0,1846337.0
2026-06-12 01:43:00,990,990,989,990,513.0,1846273.0
2026-06-12 01:44:00,990,990,988,988,5061.0,1846687.0
2026-06-12 01:45:00,988,989,988,989,718.0,1846865.0
2026-06-12 01:46:00,989,990,988,990,3283.0,1845897.0
2026-06-12 01:47:00,990,990,989,989,1237.0,1845757.0
2026-06-12 01:48:00,989,990,988,988,2569.0,1846033.0
2026-06-12 01:49:00,988,989,988,989,1682.0,1846092.0
2026-06-12 01:50:00,989,989,988,988,898.0,1845862.0
2026-06-12 01:51:00,988,990,988,990,3585.0,1846005.0
2026-06-12 01:52:00,990,991,989,991,4657.0,1845802.0
2026-06-12 01:53:00,991,991,989,991,3622.0,1846011.0
2026-06-12 01:54:00,991,991,990,990,1417.0,1846140.0
2026-06-12 01:55:00,990,991,990,990,3659.0,1846010.0
2026-06-12 01:56:00,990,992,990,991,8143.0,1844770.0
2026-06-12 01:57:00,991,992,990,991,2877.0,1845350.0
2026-06-12 01:58:00,991,992,991,992,4429.0,1844951.0
2026-06-12 01:59:00,992,993,991,992,9062.0,1843000.0
2026-06-12 02:00:00,992,992,990,990,4877.0,1844157.0
2026-06-12 02:01:00,990,991,990,990,2275.0,1844016.0
2026-06-12 02:02:00,990,991,990,990,1208.0,1844168.0
2026-06-12 02:03:00,990,992,990,991,2883.0,1844480.0
2026-06-12 02:04:00,991,992,991,991,1835.0,1844419.0
2026-06-12 02:05:00,991,992,991,991,848.0,1844450.0
2026-06-12 02:06:00,991,992,991,991,990.0,1844412.0
2026-06-12 02:07:00,991,992,990,991,4173.0,1844627.0
2026-06-12 02:08:00,991,992,991,992,518.0,1844484.0
2026-06-12 02:09:00,992,992,991,991,784.0,1844725.0
2026-06-12 02:10:00,991,992,991,991,893.0,1844401.0
2026-06-12 02:11:00,991,992,990,992,3000.0,1844164.0
2026-06-12 02:12:00,992,992,990,991,1523.0,1844613.0
2026-06-12 02:13:00,991,992,990,991,2134.0,1844294.0
2026-06-12 02:14:00,991,992,990,991,2447.0,1844317.0
2026-06-12 02:30:00,992,992,990,990,3211.0,1844146.0
2026-06-12 02:31:00,990,991,990,990,693.0,1843898.0
2026-06-12 02:32:00,990,991,989,989,5853.0,1845298.0
2026-06-12 02:33:00,989,990,989,990,1383.0,1845582.0
2026-06-12 02:34:00,990,990,989,989,494.0,1845804.0
2026-06-12 02:35:00,989,990,989,989,781.0,1845940.0
2026-06-12 02:36:00,989,990,989,989,637.0,1845828.0
2026-06-12 02:37:00,989,990,989,990,728.0,1845677.0
2026-06-12 02:38:00,990,990,989,989,690.0,1845769.0
2026-06-12 02:39:00,989,990,989,990,375.0,1845752.0
2026-06-12 02:40:00,990,990,989,989,536.0,1845804.0
2026-06-12 02:41:00,989,990,989,990,467.0,1845789.0
2026-06-12 02:42:00,990,991,989,990,5200.0,1847513.0
2026-06-12 02:43:00,990,991,989,989,900.0,1847839.0
2026-06-12 02:44:00,989,990,989,990,250.0,1847880.0
2026-06-12 02:45:00,990,990,989,989,458.0,1847771.0
2026-06-12 02:46:00,989,990,989,990,1215.0,1847936.0
2026-06-12 02:47:00,990,990,989,989,323.0,1848060.0
2026-06-12 02:48:00,989,991,989,991,1552.0,1847627.0
2026-06-12 02:49:00,991,991,990,990,582.0,1847674.0
2026-06-12 02:50:00,990,991,990,990,698.0,1847794.0
2026-06-12 02:51:00,990,991,990,991,841.0,1848076.0
2026-06-12 02:52:00,991,991,990,991,294.0,1848219.0
2026-06-12 02:53:00,991,991,990,990,543.0,1848582.0
2026-06-12 02:54:00,990,991,989,990,2062.0,1848868.0
2026-06-12 02:55:00,990,991,989,990,1949.0,1848256.0
2026-06-12 02:56:00,990,991,989,989,1125.0,1848390.0
2026-06-12 02:57:00,989,990,989,990,856.0,1848346.0
2026-06-12 02:58:00,990,990,989,989,584.0,1848376.0
2026-06-12 02:59:00,989,990,989,990,304.0,1848408.0
2026-06-12 03:00:00,990,990,989,990,386.0,1848453.0
2026-06-12 03:01:00,990,990,989,989,393.0,1848399.0
2026-06-12 03:02:00,989,990,989,989,574.0,1848410.0
2026-06-12 03:03:00,989,991,989,991,2152.0,1848266.0
2026-06-12 03:04:00,991,991,990,990,238.0,1848211.0
2026-06-12 03:05:00,990,991,990,990,299.0,1848176.0
2026-06-12 03:06:00,990,991,990,991,321.0,1848016.0
2026-06-12 03:07:00,991,991,990,990,267.0,1848100.0
2026-06-12 03:08:00,990,990,989,989,2776.0,1848250.0
2026-06-12 03:09:00,989,991,989,990,1596.0,1848219.0
2026-06-12 03:10:00,990,991,990,991,1482.0,1848356.0
2026-06-12 03:11:00,991,991,990,990,336.0,1848255.0
2026-06-12 03:12:00,990,991,990,991,406.0,1848255.0
2026-06-12 03:13:00,991,991,990,990,817.0,1847985.0
2026-06-12 03:14:00,990,991,990,991,291.0,1847968.0
2026-06-12 03:15:00,991,991,990,990,841.0,1847623.0
2026-06-12 03:16:00,990,992,990,991,7380.0,1847289.0
2026-06-12 03:17:00,991,992,991,991,1722.0,1847066.0
2026-06-12 03:18:00,991,992,991,991,2170.0,1846853.0
2026-06-12 03:19:00,991,993,991,992,5397.0,1847054.0
2026-06-12 03:20:00,992,992,991,992,942.0,1847512.0
2026-06-12 03:21:00,992,993,991,993,5067.0,1844392.0
2026-06-12 03:22:00,993,995,992,995,18166.0,1838708.0
2026-06-12 03:23:00,995,995,993,994,7477.0,1837455.0
2026-06-12 03:24:00,994,995,994,995,3546.0,1837027.0
2026-06-12 03:25:00,995,995,994,994,3262.0,1836753.0
2026-06-12 03:26:00,994,995,993,993,4378.0,1836012.0
2026-06-12 03:27:00,993,994,993,994,1980.0,1836338.0
2026-06-12 03:28:00,994,994,993,994,1548.0,1836320.0
2026-06-12 03:29:00,994,994,992,993,7774.0,1834556.0
2026-06-12 05:30:00,993,993,990,990,8450.0,1833946.0
2026-06-12 05:31:00,990,991,990,991,4638.0,1834987.0
2026-06-12 05:32:00,991,991,989,989,6188.0,1836222.0
2026-06-12 05:33:00,989,991,989,991,1620.0,1836804.0
2026-06-12 05:34:00,991,991,990,990,1352.0,1836644.0
2026-06-12 05:35:00,990,991,990,991,720.0,1836576.0
2026-06-12 05:36:00,991,991,989,989,3156.0,1835837.0
2026-06-12 05:37:00,989,990,989,990,891.0,1835926.0
2026-06-12 05:38:00,990,990,989,989,741.0,1835973.0
2026-06-12 05:39:00,989,990,988,988,7909.0,1838175.0
2026-06-12 05:40:00,988,989,987,989,11548.0,1839453.0
2026-06-12 05:41:00,989,989,988,988,1180.0,1839374.0
2026-06-12 05:42:00,988,989,988,989,6454.0,1841016.0
2026-06-12 05:43:00,989,989,988,988,511.0,1841054.0
2026-06-12 05:44:00,988,989,988,988,565.0,1841036.0
2026-06-12 05:45:00,988,989,988,988,6283.0,1843102.0
2026-06-12 05:46:00,988,989,987,988,4617.0,1843430.0
2026-06-12 05:47:00,988,989,987,988,2012.0,1843789.0
2026-06-12 05:48:00,988,988,987,988,4679.0,1845045.0
2026-06-12 05:49:00,988,989,988,989,1412.0,1845858.0
2026-06-12 05:50:00,989,989,987,988,4403.0,1846338.0
2026-06-12 05:51:00,988,989,987,989,1186.0,1846774.0
2026-06-12 05:52:00,989,989,988,989,240.0,1846824.0
2026-06-12 05:53:00,989,989,988,988,338.0,1846878.0
2026-06-12 05:54:00,988,989,988,988,1146.0,1847198.0
2026-06-12 05:55:00,988,989,988,989,1188.0,1846677.0
2026-06-12 05:56:00,989,989,988,988,1169.0,1846734.0
2026-06-12 05:57:00,988,989,987,988,4571.0,1845832.0
2026-06-12 05:58:00,988,988,987,988,979.0,1845768.0
2026-06-12 05:59:00,988,988,987,987,703.0,1846141.0
2026-06-12 06:00:00,987,988,987,987,833.0,1846231.0
2026-06-12 06:01:00,987,988,987,987,1356.0,1846436.0
2026-06-12 06:02:00,987,988,987,987,752.0,1846739.0
2026-06-12 06:03:00,987,988,987,987,686.0,1846756.0
2026-06-12 06:04:00,987,988,987,987,1539.0,1846825.0
2026-06-12 06:05:00,987,988,987,987,2667.0,1847506.0
2026-06-12 06:06:00,987,988,986,986,4301.0,1848145.0
2026-06-12 06:07:00,986,987,986,986,2033.0,1848009.0
2026-06-12 06:08:00,986,987,986,987,1199.0,1848099.0
2026-06-12 06:09:00,987,988,986,988,5379.0,1847752.0
2026-06-12 06:10:00,988,988,986,987,2027.0,1848000.0
2026-06-12 06:11:00,987,987,986,986,1088.0,1848221.0
2026-06-12 06:12:00,986,988,986,987,4954.0,1849626.0
2026-06-12 06:13:00,987,987,986,987,2073.0,1850961.0
2026-06-12 06:14:00,987,987,986,986,874.0,1851026.0
2026-06-12 06:15:00,986,987,986,986,1762.0,1851793.0
2026-06-12 06:16:00,986,986,985,986,8179.0,1853321.0
2026-06-12 06:17:00,986,986,985,986,4295.0,1853287.0
2026-06-12 06:18:00,986,986,985,986,2795.0,1853772.0
2026-06-12 06:19:00,986,986,985,986,2264.0,1853746.0
2026-06-12 06:20:00,986,986,985,986,3813.0,1854895.0
2026-06-12 06:21:00,986,987,985,986,4365.0,1854935.0
2026-06-12 06:22:00,986,987,985,986,2367.0,1855370.0
2026-06-12 06:23:00,986,987,986,987,1199.0,1855635.0
2026-06-12 06:24:00,987,987,986,986,1231.0,1856129.0
2026-06-12 06:25:00,986,987,986,986,763.0,1856219.0
2026-06-12 06:26:00,986,987,986,986,1415.0,1856393.0
2026-06-12 06:27:00,986,987,986,987,480.0,1856617.0
2026-06-12 06:28:00,987,987,986,987,1087.0,1856695.0
2026-06-12 06:29:00,987,987,986,986,840.0,1857276.0
2026-06-12 06:30:00,986,987,986,987,1016.0,1857321.0
2026-06-12 06:31:00,987,987,986,986,766.0,1857456.0
2026-06-12 06:32:00,986,987,986,987,887.0,1857579.0
2026-06-12 06:33:00,987,987,986,987,1268.0,1858137.0
2026-06-12 06:34:00,987,987,986,987,514.0,1858081.0
2026-06-12 06:35:00,987,987,986,987,456.0,1858293.0
2026-06-12 06:36:00,987,987,985,985,5810.0,1859298.0
2026-06-12 06:37:00,985,986,985,985,3363.0,1858777.0
2026-06-12 06:38:00,985,986,985,985,3736.0,1859148.0
2026-06-12 06:39:00,985,986,983,984,16573.0,1864938.0
2026-06-12 06:40:00,984,985,984,984,5227.0,1864328.0
2026-06-12 06:41:00,984,986,984,984,9334.0,1864739.0
2026-06-12 06:42:00,984,986,984,986,3687.0,1864912.0
2026-06-12 06:43:00,986,986,984,985,5954.0,1865042.0
2026-06-12 06:44:00,985,986,985,986,1636.0,1864980.0
2026-06-12 06:45:00,986,986,985,986,1510.0,1865122.0
2026-06-12 06:46:00,986,986,984,984,3816.0,1865024.0
2026-06-12 06:47:00,984,986,984,985,2886.0,1865775.0
2026-06-12 06:48:00,985,986,985,985,701.0,1865811.0
2026-06-12 06:49:00,985,986,985,986,1797.0,1865799.0
2026-06-12 06:50:00,986,986,985,986,1348.0,1865667.0
2026-06-12 06:51:00,986,987,985,987,4975.0,1864730.0
2026-06-12 06:52:00,987,987,986,987,955.0,1864881.0
2026-06-12 06:53:00,987,987,986,987,1257.0,1864802.0
2026-06-12 06:54:00,987,988,986,987,7000.0,1860124.0
2026-06-12 06:55:00,987,988,987,987,2180.0,1860325.0
2026-06-12 06:56:00,987,988,987,987,2238.0,1858923.0
2026-06-12 06:57:00,987,988,986,987,6213.0,1857488.0
2026-06-12 06:58:00,987,987,986,987,2710.0,1857162.0
2026-06-12 06:59:00,987,987,986,987,9803.0,1853448.0
2026-06-12 13:00:00,988,992,987,992,28668.0,1848982.0
2026-06-12 13:01:00,992,994,991,994,28646.0,1844704.0
2026-06-12 13:02:00,994,1003,993,1001,78407.0,1835217.0
2026-06-12 13:03:00,1001,1005,999,1003,59174.0,1825910.0
2026-06-12 13:04:00,1003,1004,1001,1002,35230.0,1822830.0
2026-06-12 13:05:00,1002,1005,1002,1004,46766.0,1822871.0
2026-06-12 13:06:00,1004,1006,1003,1005,35408.0,1823374.0
2026-06-12 13:07:00,1005,1006,1003,1003,18044.0,1824718.0
2026-06-12 13:08:00,1003,1004,1000,1001,25810.0,1825939.0
2026-06-12 13:09:00,1001,1004,1000,1004,22474.0,1826178.0
2026-06-12 13:10:00,1004,1005,1003,1005,14213.0,1826709.0
2026-06-12 13:11:00,1005,1005,1003,1004,11852.0,1828120.0
2026-06-12 13:12:00,1004,1005,1003,1004,8810.0,1828099.0
2026-06-12 13:13:00,1004,1005,1003,1003,11139.0,1827708.0
2026-06-12 13:14:00,1003,1004,1003,1003,5243.0,1827552.0
2026-06-12 13:15:00,1003,1005,1003,1004,9547.0,1826623.0
2026-06-12 13:16:00,1004,1006,1004,1005,19765.0,1823968.0
2026-06-12 13:17:00,1005,1006,1003,1003,8999.0,1823269.0
2026-06-12 13:18:00,1003,1005,1003,1004,8610.0,1823241.0
2026-06-12 13:19:00,1004,1004,1003,1003,2765.0,1822612.0
2026-06-12 13:20:00,1003,1004,1002,1002,10166.0,1820125.0
2026-06-12 13:21:00,1002,1003,1001,1001,10980.0,1817891.0
2026-06-12 13:22:00,1001,1003,1001,1001,13689.0,1815410.0
2026-06-12 13:23:00,1001,1003,1001,1003,6387.0,1815277.0
2026-06-12 13:24:00,1003,1004,1002,1003,8204.0,1816009.0
2026-06-12 13:25:00,1003,1004,1003,1004,2355.0,1816835.0
2026-06-12 13:26:00,1004,1004,1003,1004,2508.0,1816848.0
2026-06-12 13:27:00,1004,1005,1003,1005,6694.0,1817800.0
2026-06-12 13:28:00,1005,1005,1004,1004,6738.0,1817951.0
2026-06-12 13:29:00,1004,1005,1004,1005,9331.0,1818657.0
2026-06-12 13:30:00,1005,1008,1005,1007,22311.0,1815257.0
2026-06-12 13:31:00,1007,1008,1006,1006,12228.0,1816010.0
2026-06-12 13:32:00,1006,1007,1006,1006,8697.0,1816312.0
2026-06-12 13:33:00,1006,1007,1005,1005,5964.0,1815495.0
2026-06-12 13:34:00,1005,1006,1004,1004,5059.0,1814640.0
2026-06-12 13:35:00,1004,1005,1004,1004,3612.0,1814216.0
2026-06-12 13:36:00,1004,1005,1003,1005,9899.0,1811345.0
2026-06-12 13:37:00,1005,1006,1004,1005,4722.0,1811420.0
2026-06-12 13:38:00,1005,1006,1005,1005,1310.0,1811123.0
2026-06-12 13:39:00,1005,1007,1005,1005,6292.0,1810406.0
2026-06-12 13:40:00,1005,1007,1005,1007,5233.0,1809902.0
2026-06-12 13:41:00,1007,1007,1006,1006,5456.0,1809648.0
2026-06-12 13:42:00,1006,1007,1006,1006,5709.0,1809139.0
2026-06-12 13:43:00,1006,1007,1006,1007,1927.0,1808459.0
2026-06-12 13:44:00,1007,1007,1005,1005,3817.0,1808057.0
2026-06-12 13:45:00,1005,1006,1005,1005,2327.0,1808130.0
2026-06-12 13:46:00,1005,1006,1005,1005,1407.0,1807722.0
2026-06-12 13:47:00,1005,1006,1005,1006,925.0,1807493.0
2026-06-12 13:48:00,1006,1006,1005,1005,1473.0,1807537.0
2026-06-12 13:49:00,1005,1006,1004,1005,7762.0,1804436.0
2026-06-12 13:50:00,1005,1005,1004,1004,2020.0,1804041.0
2026-06-12 13:51:00,1004,1006,1004,1006,7170.0,1803030.0
2026-06-12 13:52:00,1006,1007,1005,1006,8348.0,1802856.0
2026-06-12 13:53:00,1006,1007,1006,1007,2166.0,1802817.0
2026-06-12 13:54:00,1007,1008,1006,1007,7324.0,1803321.0
2026-06-12 13:55:00,1007,1007,1006,1007,1279.0,1803345.0
2026-06-12 13:56:00,1007,1007,1006,1006,1722.0,1802900.0
2026-06-12 13:57:00,1006,1007,1005,1005,4346.0,1802689.0
2026-06-12 13:58:00,1005,1007,1005,1007,5050.0,1801055.0
2026-06-12 13:59:00,1007,1007,1006,1006,1889.0,1800598.0
2026-06-12 14:00:00,1006,1007,1006,1007,1289.0,1800306.0
2026-06-12 14:01:00,1007,1007,1006,1007,1481.0,1799787.0
2026-06-12 14:02:00,1007,1007,1006,1006,1567.0,1799455.0
2026-06-12 14:03:00,1006,1008,1006,1007,6413.0,1797655.0
2026-06-12 14:04:00,1007,1008,1007,1007,3577.0,1797808.0
2026-06-12 14:05:00,1007,1008,1007,1008,2896.0,1797839.0
2026-06-12 14:06:00,1008,1008,1007,1008,2820.0,1796980.0
2026-06-12 14:07:00,1008,1009,1007,1008,15246.0,1796733.0
2026-06-12 14:08:00,1008,1009,1007,1008,6505.0,1796166.0
2026-06-12 14:09:00,1008,1009,1007,1008,5147.0,1795132.0
2026-06-12 14:10:00,1008,1008,1007,1007,2181.0,1794809.0
2026-06-12 14:11:00,1007,1008,1007,1008,1634.0,1794982.0
2026-06-12 14:12:00,1008,1009,1007,1009,7578.0,1794420.0
2026-06-12 14:13:00,1009,1009,1008,1008,1877.0,1794433.0
2026-06-12 14:14:00,1008,1010,1008,1009,15832.0,1794681.0
2026-06-12 14:15:00,1009,1010,1008,1009,16659.0,1792981.0
2026-06-12 14:16:00,1009,1010,1009,1010,4553.0,1791780.0
2026-06-12 14:17:00,1010,1010,1008,1009,7083.0,1790149.0
2026-06-12 14:18:00,1009,1010,1008,1009,4356.0,1790449.0
2026-06-12 14:19:00,1009,1010,1008,1009,4322.0,1791055.0
2026-06-12 14:20:00,1009,1010,1008,1009,1936.0,1791008.0
2026-06-12 14:21:00,1009,1009,1007,1008,5640.0,1788980.0
2026-06-12 14:22:00,1008,1009,1006,1006,11640.0,1787800.0
2026-06-12 14:23:00,1006,1007,1006,1006,7076.0,1785901.0
2026-06-12 14:24:00,1006,1008,1006,1007,6215.0,1785496.0
2026-06-12 14:25:00,1007,1008,1007,1007,2160.0,1785489.0
2026-06-12 14:26:00,1007,1008,1007,1007,1346.0,1785396.0
2026-06-12 14:27:00,1007,1008,1007,1008,1088.0,1785046.0
2026-06-12 14:28:00,1008,1008,1007,1007,1034.0,1784999.0
2026-06-12 14:29:00,1007,1008,1007,1007,1213.0,1784910.0
2026-06-12 14:30:00,1007,1008,1006,1006,5858.0,1784861.0
2026-06-12 14:31:00,1006,1007,1006,1006,2102.0,1784720.0
2026-06-12 14:32:00,1006,1007,1006,1006,1154.0,1784495.0
2026-06-12 14:33:00,1006,1007,1005,1006,6517.0,1784592.0
2026-06-12 14:34:00,1006,1007,1006,1006,768.0,1784541.0
2026-06-12 14:35:00,1006,1008,1006,1007,7753.0,1781770.0
2026-06-12 14:36:00,1007,1008,1007,1007,640.0,1781871.0
2026-06-12 14:37:00,1007,1008,1006,1006,3466.0,1780007.0
2026-06-12 14:38:00,1006,1008,1006,1007,1757.0,1779985.0
2026-06-12 14:39:00,1007,1008,1007,1007,854.0,1780254.0
2026-06-12 14:40:00,1007,1008,1007,1007,1120.0,1779822.0
2026-06-12 14:41:00,1007,1008,1007,1007,937.0,1779435.0
2026-06-12 14:42:00,1007,1008,1007,1007,624.0,1779293.0
2026-06-12 14:43:00,1007,1009,1007,1007,5609.0,1778702.0
2026-06-12 14:44:00,1007,1008,1007,1008,731.0,1778743.0
2026-06-12 14:45:00,1008,1008,1007,1007,703.0,1778682.0
2026-06-12 14:46:00,1007,1008,1007,1008,935.0,1778914.0
2026-06-12 14:47:00,1008,1008,1007,1007,2092.0,1778372.0
2026-06-12 14:48:00,1007,1008,1007,1008,1222.0,1778043.0
2026-06-12 14:49:00,1008,1009,1007,1008,4009.0,1776980.0
2026-06-12 14:50:00,1008,1008,1007,1007,1980.0,1775938.0
2026-06-12 14:51:00,1007,1008,1007,1008,1045.0,1775670.0
2026-06-12 14:52:00,1008,1008,1007,1008,1339.0,1774987.0
2026-06-12 14:53:00,1008,1008,1007,1008,1338.0,1774360.0
2026-06-12 14:54:00,1008,1008,1007,1007,7116.0,1770658.0
2026-06-12 14:55:00,1007,1008,1006,1006,3680.0,1769876.0
2026-06-12 14:56:00,1006,1007,1006,1007,3683.0,1769562.0
2026-06-12 14:57:00,1007,1007,1006,1006,2810.0,1767796.0
2026-06-12 14:58:00,1006,1007,1006,1006,3460.0,1767022.0
2026-06-12 14:59:00,1006,1008,1006,1008,10098.0,1761270.0
2026-06-15 01:00:00,1008,1010,1002,1002,41287.0,1748798.0
2026-06-15 01:01:00,1002,1005,1002,1004,17767.0,1745457.0
2026-06-15 01:02:00,1004,1004,1002,1003,15183.0,1741739.0
2026-06-15 01:03:00,1003,1003,1000,1001,30464.0,1743470.0
2026-06-15 01:04:00,1001,1002,1000,1002,10183.0,1743240.0
2026-06-15 01:05:00,1002,1002,1000,1001,10686.0,1742373.0
2026-06-15 01:06:00,1001,1002,1000,1000,7199.0,1742716.0
2026-06-15 01:07:00,1000,1001,999,1000,14132.0,1745145.0
2026-06-15 01:08:00,1000,1001,999,1000,13152.0,1744014.0
2026-06-15 01:09:00,1000,1001,999,999,10750.0,1742579.0
2026-06-15 01:10:00,999,1001,999,1000,6070.0,1742649.0
2026-06-15 01:11:00,1000,1000,999,1000,5467.0,1742096.0
2026-06-15 01:12:00,1000,1000,999,1000,3423.0,1742597.0
2026-06-15 01:13:00,1000,1000,999,1000,4357.0,1742114.0
2026-06-15 01:14:00,1000,1000,999,1000,4404.0,1741254.0
2026-06-15 01:15:00,1000,1002,999,1002,13315.0,1737461.0
2026-06-15 01:16:00,1002,1002,1000,1002,4975.0,1737805.0
2026-06-15 01:17:00,1002,1002,1001,1002,3779.0,1737261.0
2026-06-15 01:18:00,1002,1002,1001,1001,3293.0,1737816.0
2026-06-15 01:19:00,1001,1002,1000,1002,7984.0,1737385.0
2026-06-15 01:20:00,1002,1002,1001,1001,1818.0,1736676.0
2026-06-15 01:21:00,1001,1003,1001,1003,7969.0,1735925.0
2026-06-15 01:22:00,1003,1003,1000,1001,7724.0,1735882.0
2026-06-15 01:23:00,1001,1002,1000,1001,4730.0,1734860.0
2026-06-15 01:24:00,1001,1002,1000,1002,1687.0,1734022.0
2026-06-15 01:25:00,1002,1004,1001,1003,12486.0,1734356.0
2026-06-15 01:26:00,1003,1005,1003,1005,8815.0,1734054.0
2026-06-15 01:27:00,1005,1005,1003,1005,9426.0,1735373.0
2026-06-15 01:28:00,1005,1005,1004,1004,3233.0,1735371.0
2026-06-15 01:29:00,1004,1005,1004,1004,1851.0,1735467.0
2026-06-15 01:30:00,1004,1005,1002,1002,9688.0,1734280.0
2026-06-15 01:31:00,1002,1003,1002,1002,1295.0,1734235.0
2026-06-15 01:32:00,1002,1004,1002,1003,6322.0,1734123.0
2026-06-15 01:33:00,1003,1003,1002,1003,2002.0,1733689.0
2026-06-15 01:34:00,1003,1004,1003,1004,701.0,1733331.0
2026-06-15 01:35:00,1004,1005,1003,1003,5933.0,1733135.0
2026-06-15 01:36:00,1003,1005,1003,1004,3868.0,1733057.0
2026-06-15 01:37:00,1004,1004,1003,1004,1543.0,1733313.0
2026-06-15 01:38:00,1004,1004,1003,1004,1080.0,1733150.0
2026-06-15 01:39:00,1004,1004,1003,1004,597.0,1733074.0
2026-06-15 01:40:00,1004,1004,1002,1004,4987.0,1734102.0
2026-06-15 01:41:00,1004,1004,1003,1003,1093.0,1734290.0
2026-06-15 01:42:00,1003,1004,1003,1003,548.0,1734145.0
2026-06-15 01:43:00,1003,1004,1002,1002,4774.0,1732723.0
2026-06-15 01:44:00,1002,1004,1002,1003,4591.0,1730934.0
2026-06-15 01:45:00,1003,1005,1003,1004,3061.0,1731125.0
2026-06-15 01:46:00,1004,1005,1003,1004,5090.0,1731009.0
2026-06-15 01:47:00,1004,1005,1004,1004,1555.0,1730960.0
2026-06-15 01:48:00,1004,1005,1004,1005,1089.0,1730836.0
2026-06-15 01:49:00,1005,1005,1004,1005,614.0,1730849.0
2026-06-15 01:50:00,1005,1005,1003,1004,2534.0,1730719.0
2026-06-15 01:51:00,1004,1005,1003,1005,1728.0,1730173.0
2026-06-15 01:52:00,1005,1005,1003,1004,3222.0,1731591.0
2026-06-15 01:53:00,1004,1005,1004,1004,1448.0,1731479.0
2026-06-15 01:54:00,1004,1005,1004,1005,936.0,1731605.0
2026-06-15 01:55:00,1005,1005,1004,1004,840.0,1731592.0
2026-06-15 01:56:00,1004,1005,1004,1005,939.0,1731263.0
2026-06-15 01:57:00,1005,1005,1004,1004,1058.0,1731039.0
2026-06-15 01:58:00,1004,1005,1004,1004,669.0,1731013.0
2026-06-15 01:59:00,1004,1005,1004,1005,495.0,1730961.0
2026-06-15 02:00:00,1005,1006,1004,1006,6429.0,1732211.0
2026-06-15 02:01:00,1006,1007,1005,1007,5482.0,1731348.0
2026-06-15 02:02:00,1007,1007,1005,1006,6183.0,1729231.0
2026-06-15 02:03:00,1006,1007,1006,1006,2740.0,1729078.0
2026-06-15 02:04:00,1006,1007,1006,1007,3023.0,1729960.0
2026-06-15 02:05:00,1007,1008,1005,1008,11733.0,1731685.0
2026-06-15 02:06:00,1008,1008,1006,1006,7806.0,1731084.0
2026-06-15 02:07:00,1006,1007,1005,1007,4564.0,1731472.0
2026-06-15 02:08:00,1007,1007,1005,1006,3355.0,1730923.0
2026-06-15 02:09:00,1006,1007,1005,1006,4403.0,1731109.0
2026-06-15 02:10:00,1006,1006,1005,1006,987.0,1731043.0
2026-06-15 02:11:00,1006,1006,1005,1006,753.0,1730787.0
2026-06-15 02:12:00,1006,1007,1005,1006,5386.0,1731028.0
2026-06-15 02:13:00,1006,1006,1005,1006,751.0,1731334.0
2026-06-15 02:14:00,1006,1006,1004,1004,5068.0,1732056.0
2026-06-15 02:30:00,1004,1011,1004,1009,36966.0,1733609.0
2026-06-15 02:31:00,1009,1009,1008,1009,4341.0,1732746.0
2026-06-15 02:32:00,1009,1010,1007,1009,10618.0,1734181.0
2026-06-15 02:33:00,1009,1010,1008,1009,4248.0,1733386.0
2026-06-15 02:34:00,1009,1010,1007,1007,9234.0,1732193.0
2026-06-15 02:35:00,1007,1009,1006,1008,6665.0,1734138.0
2026-06-15 02:36:00,1008,1009,1007,1009,4705.0,1734971.0
2026-06-15 02:37:00,1009,1009,1008,1008,1718.0,1735593.0
2026-06-15 02:38:00,1008,1010,1008,1010,5887.0,1737209.0
2026-06-15 02:39:00,1010,1011,1009,1010,12451.0,1740762.0
2026-06-15 02:40:00,1010,1011,1009,1010,6475.0,1741507.0
2026-06-15 02:41:00,1010,1011,1009,1010,4925.0,1742445.0
2026-06-15 02:42:00,1010,1011,1010,1010,1771.0,1742889.0
2026-06-15 02:43:00,1010,1011,1009,1010,5998.0,1742034.0
2026-06-15 02:44:00,1010,1014,1010,1014,22472.0,1743239.0
2026-06-15 02:45:00,1014,1015,1013,1014,23531.0,1739320.0
2026-06-15 02:46:00,1014,1017,1014,1015,19720.0,1738514.0
2026-06-15 02:47:00,1015,1020,1015,1018,41642.0,1737011.0
2026-06-15 02:48:00,1018,1019,1017,1018,27486.0,1740106.0
2026-06-15 02:49:00,1018,1019,1015,1016,14400.0,1737568.0
2026-06-15 02:50:00,1016,1017,1014,1015,13710.0,1738155.0
2026-06-15 02:51:00,1015,1017,1015,1016,11624.0,1738069.0
2026-06-15 02:52:00,1016,1017,1015,1016,5092.0,1738661.0
2026-06-15 02:53:00,1016,1018,1016,1017,8963.0,1739717.0
2026-06-15 02:54:00,1017,1018,1016,1017,4428.0,1738712.0
2026-06-15 02:55:00,1017,1018,1016,1017,6486.0,1740120.0
2026-06-15 02:56:00,1017,1018,1016,1016,6310.0,1740580.0
2026-06-15 02:57:00,1016,1018,1016,1017,7826.0,1741557.0
2026-06-15 02:58:00,1017,1018,1015,1015,9043.0,1742069.0
2026-06-15 02:59:00,1015,1017,1015,1017,4521.0,1742099.0
2026-06-15 03:00:00,1017,1017,1016,1017,4310.0,1742079.0
2026-06-15 03:01:00,1017,1018,1016,1017,7426.0,1740693.0
2026-06-15 03:02:00,1017,1019,1017,1019,12033.0,1743903.0
2026-06-15 03:03:00,1019,1019,1017,1019,9956.0,1745908.0
2026-06-15 03:04:00,1019,1019,1017,1018,4891.0,1744783.0
2026-06-15 03:05:00,1018,1018,1015,1015,10161.0,1742136.0
2026-06-15 03:06:00,1015,1017,1015,1016,3164.0,1741818.0
2026-06-15 03:07:00,1016,1017,1016,1016,1779.0,1741606.0
2026-06-15 03:08:00,1016,1017,1016,1016,3206.0,1742414.0
2026-06-15 03:09:00,1016,1017,1016,1016,1611.0,1742637.0
2026-06-15 03:10:00,1016,1017,1015,1015,5742.0,1742748.0
2026-06-15 03:11:00,1015,1017,1015,1015,3776.0,1741750.0
2026-06-15 03:12:00,1015,1016,1014,1014,6476.0,1739731.0
2026-06-15 03:13:00,1014,1015,1013,1013,10931.0,1739681.0
2026-06-15 03:14:00,1013,1014,1013,1014,1493.0,1739666.0
2026-06-15 03:15:00,1014,1014,1013,1013,2616.0,1739818.0
2026-06-15 03:16:00,1013,1015,1013,1015,3745.0,1738683.0
2026-06-15 03:17:00,1015,1015,1013,1013,4703.0,1738178.0
2026-06-15 03:18:00,1013,1015,1013,1013,4842.0,1738715.0
2026-06-15 03:19:00,1013,1014,1012,1013,9502.0,1737397.0
2026-06-15 03:20:00,1013,1014,1012,1013,5284.0,1735871.0
2026-06-15 03:21:00,1013,1014,1013,1013,1069.0,1735757.0
2026-06-15 03:22:00,1013,1014,1013,1013,1581.0,1735469.0
2026-06-15 03:23:00,1013,1018,1013,1017,23492.0,1731587.0
2026-06-15 03:24:00,1017,1019,1017,1018,7819.0,1731572.0
2026-06-15 03:25:00,1018,1018,1016,1016,4854.0,1730742.0
2026-06-15 03:26:00,1016,1018,1016,1017,5270.0,1731038.0
2026-06-15 03:27:00,1017,1018,1017,1018,3392.0,1732061.0
2026-06-15 03:28:00,1018,1018,1016,1017,5359.0,1732629.0
2026-06-15 03:29:00,1017,1019,1017,1018,11655.0,1732869.0
2026-06-15 05:30:00,1018,1018,1016,1017,14782.0,1731552.0
2026-06-15 05:31:00,1017,1019,1017,1019,9569.0,1731748.0
2026-06-15 05:32:00,1019,1019,1017,1018,6336.0,1730936.0
2026-06-15 05:33:00,1018,1018,1017,1018,5053.0,1728196.0
2026-06-15 05:34:00,1018,1018,1016,1016,7201.0,1727452.0
2026-06-15 05:35:00,1016,1018,1016,1017,4826.0,1728080.0
2026-06-15 05:36:00,1017,1017,1015,1016,8091.0,1726982.0
2026-06-15 05:37:00,1016,1017,1016,1016,3444.0,1727022.0
2026-06-15 05:38:00,1016,1017,1016,1016,2588.0,1726851.0
2026-06-15 05:39:00,1016,1017,1014,1014,13098.0,1723420.0
2026-06-15 05:40:00,1014,1015,1014,1015,4163.0,1721706.0
2026-06-15 05:41:00,1015,1016,1014,1015,8015.0,1722531.0
2026-06-15 05:42:00,1015,1016,1015,1015,3587.0,1721871.0
2026-06-15 05:43:00,1015,1016,1013,1014,8833.0,1721761.0
2026-06-15 05:44:00,1014,1014,1013,1014,4714.0,1722919.0
2026-06-15 05:45:00,1014,1014,1012,1014,6508.0,1722757.0
2026-06-15 05:46:00,1014,1014,1013,1013,1631.0,1722561.0
2026-06-15 05:47:00,1013,1014,1012,1013,7107.0,1722800.0
2026-06-15 05:48:00,1013,1013,1012,1012,2864.0,1722990.0
2026-06-15 05:49:00,1012,1014,1012,1013,4705.0,1724226.0
2026-06-15 05:50:00,1013,1015,1013,1014,7142.0,1724558.0
2026-06-15 05:51:00,1014,1015,1014,1014,1773.0,1724687.0
2026-06-15 05:52:00,1014,1015,1014,1015,965.0,1724940.0
2026-06-15 05:53:00,1015,1016,1014,1016,2640.0,1725333.0
2026-06-15 05:54:00,1016,1016,1015,1016,1243.0,1725645.0
2026-06-15 05:55:00,1016,1016,1015,1015,5229.0,1725037.0
2026-06-15 05:56:00,1015,1016,1015,1015,925.0,1724902.0
2026-06-15 05:57:00,1015,1016,1015,1015,593.0,1724914.0
2026-06-15 05:58:00,1015,1016,1015,1015,1046.0,1724802.0
2026-06-15 05:59:00,1015,1016,1015,1015,1377.0,1724986.0
2026-06-15 06:00:00,1015,1016,1015,1015,1288.0,1724801.0
2026-06-15 06:01:00,1015,1016,1014,1015,4531.0,1722166.0
2026-06-15 06:02:00,1015,1016,1014,1015,4097.0,1722645.0
2026-06-15 06:03:00,1015,1016,1015,1016,707.0,1722687.0
2026-06-15 06:04:00,1016,1017,1015,1016,9700.0,1721456.0
2026-06-15 06:05:00,1016,1016,1015,1015,848.0,1721374.0
2026-06-15 06:06:00,1015,1016,1015,1015,1125.0,1721647.0
2026-06-15 06:07:00,1015,1016,1015,1015,562.0,1721762.0
2026-06-15 06:08:00,1015,1017,1015,1017,3526.0,1720881.0
2026-06-15 06:09:00,1017,1017,1015,1016,3052.0,1721149.0
2026-06-15 06:10:00,1016,1017,1015,1015,1516.0,1721070.0
2026-06-15 06:11:00,1015,1016,1015,1016,927.0,1721051.0
2026-06-15 06:12:00,1016,1016,1015,1015,617.0,1721134.0
2026-06-15 06:13:00,1015,1016,1014,1014,4753.0,1719473.0
2026-06-15 06:14:00,1014,1016,1014,1016,2039.0,1719774.0
2026-06-15 06:15:00,1016,1016,1014,1014,2270.0,1719963.0
2026-06-15 06:16:00,1014,1016,1014,1016,1111.0,1719948.0
2026-06-15 06:17:00,1016,1016,1015,1015,1016.0,1719914.0
2026-06-15 06:18:00,1015,1016,1015,1015,813.0,1719826.0
2026-06-15 06:19:00,1015,1016,1015,1016,376.0,1719908.0
2026-06-15 06:20:00,1016,1016,1015,1015,2010.0,1719040.0
2026-06-15 06:21:00,1015,1016,1015,1015,2593.0,1718511.0
2026-06-15 06:22:00,1015,1015,1014,1015,1807.0,1718352.0
2026-06-15 06:23:00,1015,1016,1014,1015,2469.0,1717852.0
2026-06-15 06:24:00,1015,1016,1014,1015,3365.0,1717631.0
2026-06-15 06:25:00,1015,1016,1015,1016,1405.0,1717750.0
2026-06-15 06:26:00,1016,1016,1014,1015,2908.0,1717714.0
2026-06-15 06:27:00,1015,1016,1014,1015,2563.0,1717467.0
2026-06-15 06:28:00,1015,1016,1014,1014,2329.0,1717462.0
2026-06-15 06:29:00,1014,1015,1014,1014,819.0,1717281.0
2026-06-15 06:30:00,1014,1015,1014,1015,637.0,1717062.0
2026-06-15 06:31:00,1015,1015,1014,1014,847.0,1716956.0
2026-06-15 06:32:00,1014,1015,1014,1015,1177.0,1716186.0
2026-06-15 06:33:00,1015,1015,1014,1014,1153.0,1715470.0
2026-06-15 06:34:00,1014,1014,1013,1014,7003.0,1713277.0
2026-06-15 06:35:00,1014,1014,1013,1014,7522.0,1713368.0
2026-06-15 06:36:00,1014,1015,1013,1014,2264.0,1712408.0
2026-06-15 06:37:00,1014,1014,1013,1013,1519.0,1712079.0
2026-06-15 06:38:00,1013,1014,1013,1013,1436.0,1711581.0
2026-06-15 06:39:00,1013,1014,1013,1014,706.0,1711536.0
2026-06-15 06:40:00,1014,1014,1012,1012,5203.0,1709930.0
2026-06-15 06:41:00,1012,1014,1012,1014,2333.0,1710318.0
2026-06-15 06:42:00,1014,1015,1013,1015,3357.0,1709265.0
2026-06-15 06:43:00,1015,1015,1014,1015,1199.0,1709320.0
2026-06-15 06:44:00,1015,1015,1013,1014,3333.0,1708796.0
2026-06-15 06:45:00,1014,1015,1013,1013,3435.0,1709124.0
2026-06-15 06:46:00,1013,1015,1013,1015,2202.0,1708809.0
2026-06-15 06:47:00,1015,1015,1014,1014,1315.0,1708656.0
2026-06-15 06:48:00,1014,1016,1014,1015,3568.0,1709349.0
2026-06-15 06:49:00,1015,1016,1014,1015,2808.0,1709072.0
2026-06-15 06:50:00,1015,1016,1014,1014,4767.0,1708405.0
2026-06-15 06:51:00,1014,1015,1014,1014,1339.0,1708177.0
2026-06-15 06:52:00,1014,1015,1014,1015,2330.0,1708177.0
2026-06-15 06:53:00,1015,1016,1014,1016,7575.0,1705631.0
2026-06-15 06:54:00,1016,1016,1015,1015,1848.0,1705426.0
2026-06-15 06:55:00,1015,1016,1014,1015,5712.0,1704181.0
2026-06-15 06:56:00,1015,1015,1014,1015,2726.0,1704180.0
2026-06-15 06:57:00,1015,1015,1014,1015,2545.0,1703861.0
2026-06-15 06:58:00,1015,1015,1013,1015,13755.0,1696926.0
2026-06-15 06:59:00,1015,1015,1013,1014,11518.0,1693791.0
2026-06-15 13:00:00,1015,1017,1011,1015,42432.0,1692433.0
2026-06-15 13:01:00,1015,1016,1014,1016,11387.0,1692767.0
2026-06-15 13:02:00,1016,1016,1015,1016,12579.0,1691857.0
2026-06-15 13:03:00,1016,1018,1015,1017,19521.0,1691332.0
2026-06-15 13:04:00,1017,1017,1016,1017,11555.0,1692892.0
2026-06-15 13:05:00,1017,1018,1016,1016,9169.0,1692077.0
2026-06-15 13:06:00,1016,1017,1014,1015,17677.0,1693627.0
2026-06-15 13:07:00,1015,1015,1013,1013,15232.0,1692205.0
2026-06-15 13:08:00,1013,1014,1012,1012,13611.0,1690613.0
2026-06-15 13:09:00,1012,1014,1012,1012,11699.0,1689530.0
2026-06-15 13:10:00,1012,1015,1012,1014,12376.0,1691207.0
2026-06-15 13:11:00,1014,1015,1013,1014,6066.0,1690157.0
2026-06-15 13:12:00,1014,1015,1013,1013,8778.0,1689882.0
2026-06-15 13:13:00,1013,1015,1013,1014,4193.0,1690846.0
2026-06-15 13:14:00,1014,1014,1013,1013,3053.0,1691301.0
2026-06-15 13:15:00,1013,1014,1012,1013,5622.0,1690140.0
2026-06-15 13:16:00,1013,1014,1012,1013,6284.0,1690688.0
2026-06-15 13:17:00,1013,1014,1012,1013,4302.0,1690125.0
2026-06-15 13:18:00,1013,1014,1012,1012,7352.0,1690612.0
2026-06-15 13:19:00,1012,1013,1012,1012,4203.0,1689884.0
2026-06-15 13:20:00,1012,1013,1012,1013,2574.0,1690242.0
2026-06-15 13:21:00,1013,1013,1011,1011,9545.0,1688774.0
2026-06-15 13:22:00,1011,1012,1010,1011,15392.0,1686207.0
2026-06-15 13:23:00,1011,1012,1010,1011,7696.0,1685661.0
2026-06-15 13:24:00,1011,1011,1010,1011,10065.0,1685085.0
2026-06-15 13:25:00,1011,1012,1010,1011,8197.0,1682937.0
2026-06-15 13:26:00,1011,1012,1010,1010,5040.0,1682355.0
2026-06-15 13:27:00,1010,1011,1009,1011,14037.0,1682940.0
2026-06-15 13:28:00,1011,1012,1010,1010,5811.0,1683051.0
2026-06-15 13:29:00,1010,1012,1010,1011,5416.0,1681942.0
2026-06-15 13:30:00,1011,1011,1010,1010,2732.0,1682590.0
2026-06-15 13:31:00,1010,1012,1010,1012,2879.0,1682050.0
2026-06-15 13:32:00,1012,1012,1011,1012,1132.0,1682129.0
2026-06-15 13:33:00,1012,1013,1011,1013,5010.0,1681414.0
2026-06-15 13:34:00,1013,1013,1012,1012,4307.0,1681685.0
2026-06-15 13:35:00,1012,1013,1011,1012,2901.0,1681593.0
2026-06-15 13:36:00,1012,1013,1012,1012,1758.0,1680594.0
2026-06-15 13:37:00,1012,1013,1012,1013,829.0,1680436.0
2026-06-15 13:38:00,1013,1013,1012,1012,1405.0,1679823.0
2026-06-15 13:39:00,1012,1013,1012,1012,382.0,1679677.0
2026-06-15 13:40:00,1012,1013,1012,1013,5505.0,1680872.0
2026-06-15 13:41:00,1013,1013,1012,1013,1082.0,1680740.0
2026-06-15 13:42:00,1013,1013,1012,1013,2032.0,1679813.0
2026-06-15 13:43:00,1013,1013,1012,1012,363.0,1679809.0
2026-06-15 13:44:00,1012,1013,1012,1012,718.0,1679760.0
2026-06-15 13:45:00,1012,1013,1011,1012,7559.0,1677318.0
2026-06-15 13:46:00,1012,1013,1012,1013,693.0,1677026.0
2026-06-15 13:47:00,1013,1013,1012,1013,624.0,1676866.0
2026-06-15 13:48:00,1013,1013,1012,1013,404.0,1676746.0
2026-06-15 13:49:00,1013,1013,1012,1013,560.0,1676762.0
2026-06-15 13:50:00,1013,1013,1012,1012,199.0,1676750.0
2026-06-15 13:51:00,1012,1013,1012,1013,207.0,1676679.0
2026-06-15 13:52:00,1013,1013,1012,1012,563.0,1676647.0
2026-06-15 13:53:00,1012,1014,1012,1014,6304.0,1676869.0
2026-06-15 13:54:00,1014,1014,1013,1014,618.0,1676744.0
2026-06-15 13:55:00,1014,1014,1012,1013,5168.0,1676451.0
2026-06-15 13:56:00,1013,1013,1012,1013,783.0,1676289.0
2026-06-15 13:57:00,1013,1013,1012,1013,445.0,1676076.0
2026-06-15 13:58:00,1013,1013,1012,1013,275.0,1676010.0
2026-06-15 13:59:00,1013,1013,1012,1012,319.0,1675923.0
2026-06-15 14:00:00,1012,1013,1012,1013,1102.0,1675715.0
2026-06-15 14:01:00,1013,1013,1012,1013,429.0,1675795.0
2026-06-15 14:02:00,1013,1013,1011,1011,3820.0,1674673.0
2026-06-15 14:03:00,1011,1012,1011,1011,810.0,1674547.0
2026-06-15 14:04:00,1011,1012,1011,1012,589.0,1674379.0
2026-06-15 14:05:00,1012,1012,1011,1011,840.0,1674127.0
2026-06-15 14:06:00,1011,1012,1011,1012,1050.0,1673960.0
2026-06-15 14:07:00,1012,1012,1011,1011,2379.0,1672577.0
2026-06-15 14:08:00,1011,1012,1011,1012,1671.0,1672968.0
2026-06-15 14:09:00,1012,1012,1011,1012,618.0,1673075.0
2026-06-15 14:10:00,1012,1012,1011,1012,456.0,1673052.0
2026-06-15 14:11:00,1012,1012,1011,1012,456.0,1673073.0
2026-06-15 14:12:00,1012,1012,1011,1012,7600.0,1673319.0
2026-06-15 14:13:00,1012,1012,1011,1012,459.0,1673356.0
2026-06-15 14:14:00,1012,1012,1011,1011,1153.0,1673240.0
2026-06-15 14:15:00,1011,1012,1010,1010,8100.0,1671502.0
2026-06-15 14:16:00,1010,1011,1010,1011,1378.0,1671648.0
2026-06-15 14:17:00,1011,1011,1010,1010,9913.0,1672913.0
2026-06-15 14:18:00,1010,1012,1010,1012,4761.0,1672590.0
2026-06-15 14:19:00,1012,1012,1009,1010,10836.0,1673051.0
2026-06-15 14:20:00,1010,1011,1010,1010,1090.0,1673185.0
2026-06-15 14:21:00,1010,1011,1010,1010,1770.0,1672849.0
2026-06-15 14:22:00,1010,1011,1009,1010,3178.0,1672862.0
2026-06-15 14:23:00,1010,1011,1009,1010,2087.0,1672931.0
2026-06-15 14:24:00,1010,1011,1010,1010,818.0,1673042.0
2026-06-15 14:25:00,1010,1011,1010,1011,770.0,1673192.0
2026-06-15 14:26:00,1011,1011,1010,1011,1830.0,1673876.0
2026-06-15 14:27:00,1011,1011,1010,1011,435.0,1673708.0
2026-06-15 14:28:00,1011,1011,1010,1010,240.0,1673584.0
2026-06-15 14:29:00,1010,1011,1010,1010,3819.0,1673336.0
2026-06-15 14:30:00,1010,1012,1010,1012,4395.0,1672813.0
2026-06-15 14:31:00,1012,1012,1010,1011,4172.0,1673909.0
2026-06-15 14:32:00,1011,1012,1011,1011,592.0,1673702.0
2026-06-15 14:33:00,1011,1012,1010,1011,2505.0,1673272.0
2026-06-15 14:34:00,1011,1011,1010,1010,467.0,1673381.0
2026-06-15 14:35:00,1010,1011,1010,1010,402.0,1673486.0
2026-06-15 14:36:00,1010,1011,1010,1011,511.0,1673333.0
2026-06-15 14:37:00,1011,1011,1010,1010,394.0,1673323.0
2026-06-15 14:38:00,1010,1011,1010,1010,4110.0,1673132.0
2026-06-15 14:39:00,1010,1011,1010,1011,472.0,1673151.0
2026-06-15 14:40:00,1011,1011,1010,1011,375.0,1673224.0
2026-06-15 14:41:00,1011,1011,1010,1010,2979.0,1673785.0
2026-06-15 14:42:00,1010,1011,1010,1010,552.0,1673727.0
2026-06-15 14:43:00,1010,1011,1010,1011,342.0,1673631.0
2026-06-15 14:44:00,1011,1011,1010,1010,411.0,1673703.0
2026-06-15 14:45:00,1010,1011,1010,1010,473.0,1673567.0
2026-06-15 14:46:00,1010,1011,1010,1011,1230.0,1673109.0
2026-06-15 14:47:00,1011,1012,1010,1011,3170.0,1672597.0
2026-06-15 14:48:00,1011,1012,1011,1012,1283.0,1672166.0
2026-06-15 14:49:00,1012,1012,1011,1011,401.0,1672157.0
2026-06-15 14:50:00,1011,1012,1011,1012,392.0,1672191.0
2026-06-15 14:51:00,1012,1012,1011,1012,618.0,1672287.0
2026-06-15 14:52:00,1012,1012,1011,1012,369.0,1672387.0
2026-06-15 14:53:00,1012,1012,1011,1012,1255.0,1672720.0
2026-06-15 14:54:00,1012,1012,1011,1012,419.0,1672683.0
2026-06-15 14:55:00,1012,1012,1011,1011,711.0,1672558.0
2026-06-15 14:56:00,1011,1012,1011,1011,1010.0,1672259.0
2026-06-15 14:57:00,1011,1012,1010,1011,3498.0,1671676.0
2026-06-15 14:58:00,1011,1011,1010,1011,1589.0,1671478.0
2026-06-15 14:59:00,1011,1012,1010,1012,7044.0,1668140.0
2026-06-16 01:00:00,1012,1012,1007,1010,30966.0,1668937.0
2026-06-16 01:01:00,1010,1011,1009,1010,6344.0,1667926.0
2026-06-16 01:02:00,1010,1010,1008,1009,6702.0,1668595.0
2026-06-16 01:03:00,1009,1010,1007,1008,7850.0,1667587.0
2026-06-16 01:04:00,1008,1009,1007,1009,8292.0,1667790.0
2026-06-16 01:05:00,1009,1009,1008,1009,2851.0,1667616.0
2026-06-16 01:06:00,1009,1009,1007,1008,8023.0,1668964.0
2026-06-16 01:07:00,1008,1010,1008,1010,4685.0,1670140.0
2026-06-16 01:08:00,1010,1010,1009,1010,1884.0,1669997.0
2026-06-16 01:09:00,1010,1010,1009,1009,2996.0,1670612.0
2026-06-16 01:10:00,1009,1010,1008,1009,4987.0,1670194.0
2026-06-16 01:11:00,1009,1010,1009,1009,846.0,1670119.0
2026-06-16 01:12:00,1009,1010,1009,1010,1016.0,1669866.0
2026-06-16 01:13:00,1010,1011,1009,1010,4419.0,1668433.0
2026-06-16 01:14:00,1010,1010,1008,1008,4025.0,1668448.0
2026-06-16 01:15:00,1008,1010,1008,1010,4920.0,1668031.0
2026-06-16 01:16:00,1010,1010,1008,1009,1497.0,1667856.0
2026-06-16 01:17:00,1009,1009,1008,1009,866.0,1667851.0
2026-06-16 01:18:00,1009,1009,1008,1009,2113.0,1667547.0
2026-06-16 01:19:00,1009,1009,1008,1008,984.0,1667571.0
2026-06-16 01:20:00,1008,1009,1008,1008,809.0,1667361.0
2026-06-16 01:21:00,1008,1009,1007,1007,13160.0,1664591.0
2026-06-16 01:22:00,1007,1008,1006,1007,14433.0,1662835.0
2026-06-16 01:23:00,1007,1007,1005,1006,12864.0,1661968.0
2026-06-16 01:24:00,1006,1008,1006,1008,4056.0,1661863.0
2026-06-16 01:25:00,1008,1008,1006,1007,7710.0,1661561.0
2026-06-16 01:26:00,1007,1008,1006,1008,5213.0,1658989.0
2026-06-16 01:27:00,1008,1008,1007,1008,1117.0,1658899.0
2026-06-16 01:28:00,1008,1008,1007,1008,1078.0,1659049.0
2026-06-16 01:29:00,1008,1008,1006,1006,5454.0,1658923.0
2026-06-16 01:30:00,1006,1007,1005,1006,6734.0,1658607.0
2026-06-16 01:31:00,1006,1007,1005,1006,3548.0,1659019.0
2026-06-16 01:32:00,1006,1007,1006,1007,1364.0,1658684.0
2026-06-16 01:33:00,1007,1007,1006,1007,1196.0,1658725.0
2026-06-16 01:34:00,1007,1007,1005,1006,2872.0,1658456.0
2026-06-16 01:35:00,1006,1006,1005,1006,1532.0,1658544.0
2026-06-16 01:36:00,1006,1006,1005,1006,1971.0,1658583.0
2026-06-16 01:37:00,1006,1006,1003,1004,20477.0,1656372.0
2026-06-16 01:38:00,1004,1005,1004,1005,1800.0,1656280.0
2026-06-16 01:39:00,1005,1005,1003,1004,5982.0,1656615.0
2026-06-16 01:40:00,1004,1006,1004,1004,7153.0,1657004.0
2026-06-16 01:41:00,1004,1006,1004,1005,1969.0,1657554.0
2026-06-16 01:42:00,1005,1006,1005,1005,948.0,1657899.0
2026-06-16 01:43:00,1005,1006,1004,1005,3163.0,1656947.0
2026-06-16 01:44:00,1005,1005,1004,1004,779.0,1656638.0
2026-06-16 01:45:00,1004,1006,1004,1005,4318.0,1656559.0
2026-06-16 01:46:00,1005,1006,1004,1006,3896.0,1656716.0
2026-06-16 01:47:00,1006,1006,1003,1004,9727.0,1654533.0
2026-06-16 01:48:00,1004,1005,1003,1004,3959.0,1654318.0
2026-06-16 01:49:00,1004,1006,1004,1005,6752.0,1650682.0
2026-06-16 01:50:00,1005,1006,1004,1005,2024.0,1650624.0
2026-06-16 01:51:00,1005,1006,1005,1005,1080.0,1650834.0
2026-06-16 01:52:00,1005,1006,1005,1006,752.0,1651006.0
2026-06-16 01:53:00,1006,1006,1005,1005,851.0,1651098.0
2026-06-16 01:54:00,1005,1006,1005,1005,620.0,1651209.0
2026-06-16 01:55:00,1005,1006,1005,1006,857.0,1650959.0
2026-06-16 01:56:00,1006,1006,1005,1005,451.0,1650980.0
2026-06-16 01:57:00,1005,1006,1004,1005,4101.0,1651601.0
2026-06-16 01:58:00,1005,1006,1005,1006,1589.0,1651006.0
2026-06-16 01:59:00,1006,1006,1005,1006,912.0,1651009.0
2026-06-16 02:00:00,1006,1006,1005,1005,1020.0,1651163.0
2026-06-16 02:01:00,1005,1006,1005,1006,1432.0,1650893.0
2026-06-16 02:02:00,1006,1006,1005,1006,748.0,1650998.0
2026-06-16 02:03:00,1006,1007,1005,1007,2207.0,1650928.0
2026-06-16 02:04:00,1007,1007,1005,1006,1446.0,1650417.0
2026-06-16 02:05:00,1006,1006,1005,1005,993.0,1650468.0
2026-06-16 02:06:00,1005,1006,1005,1006,960.0,1650580.0
2026-06-16 02:07:00,1006,1007,1006,1006,3321.0,1650094.0
2026-06-16 02:08:00,1006,1008,1006,1007,5749.0,1650572.0
2026-06-16 02:09:00,1007,1007,1006,1006,612.0,1650485.0
2026-06-16 02:10:00,1006,1008,1006,1007,2061.0,1650345.0
2026-06-16 02:11:00,1007,1008,1007,1007,1198.0,1650230.0
2026-06-16 02:12:00,1007,1007,1006,1007,4248.0,1651356.0
2026-06-16 02:13:00,1007,1007,1006,1007,692.0,1651569.0
2026-06-16 02:14:00,1007,1008,1006,1008,2713.0,1651091.0
2026-06-16 02:30:00,1008,1008,1005,1006,8368.0,1649439.0
2026-06-16 02:31:00,1006,1006,1005,1005,1192.0,1649402.0
2026-06-16 02:32:00,1005,1006,1005,1006,1577.0,1648932.0
2026-06-16 02:33:00,1006,1006,1004,1005,3867.0,1647813.0
2026-06-16 02:34:00,1005,1005,1004,1005,1319.0,1647948.0
2026-06-16 02:35:00,1005,1007,1005,1007,4019.0,1647533.0
2026-06-16 02:36:00,1007,1007,1005,1006,3361.0,1647746.0
2026-06-16 02:37:00,1006,1007,1005,1007,2144.0,1647569.0
2026-06-16 02:38:00,1007,1007,1005,1006,2197.0,1646705.0
2026-06-16 02:39:00,1006,1007,1005,1006,1094.0,1646466.0
2026-06-16 02:40:00,1006,1007,1006,1006,2318.0,1646021.0
2026-06-16 02:41:00,1006,1007,1005,1006,1494.0,1645693.0
2026-06-16 02:42:00,1006,1007,1005,1005,1777.0,1646519.0
2026-06-16 02:43:00,1005,1006,1005,1006,610.0,1646774.0
2026-06-16 02:44:00,1006,1006,1005,1005,304.0,1646906.0
2026-06-16 02:45:00,1005,1007,1005,1006,3163.0,1646253.0
2026-06-16 02:46:00,1006,1007,1005,1006,1149.0,1646021.0
2026-06-16 02:47:00,1006,1006,1005,1006,779.0,1646149.0
2026-06-16 02:48:00,1006,1006,1005,1005,542.0,1646215.0
2026-06-16 02:49:00,1005,1006,1005,1005,626.0,1646458.0
2026-06-16 02:50:00,1005,1006,1005,1005,356.0,1646498.0
2026-06-16 02:51:00,1005,1006,1005,1006,569.0,1646452.0
2026-06-16 02:52:00,1006,1006,1005,1006,374.0,1646485.0
2026-06-16 02:53:00,1006,1006,1005,1006,728.0,1646334.0
2026-06-16 02:54:00,1006,1006,1005,1005,489.0,1646454.0
2026-06-16 02:55:00,1005,1006,1005,1006,1855.0,1646891.0
2026-06-16 02:56:00,1006,1006,1005,1005,842.0,1646839.0
2026-06-16 02:57:00,1005,1007,1005,1006,3975.0,1647908.0
2026-06-16 02:58:00,1006,1006,1005,1006,578.0,1647885.0
2026-06-16 02:59:00,1006,1006,1005,1006,605.0,1647903.0
2026-06-16 03:00:00,1006,1007,1005,1006,1794.0,1648058.0
2026-06-16 03:01:00,1006,1007,1005,1006,2511.0,1648282.0
2026-06-16 03:02:00,1006,1007,1005,1007,1087.0,1648519.0
2026-06-16 03:03:00,1007,1007,1006,1007,503.0,1648521.0
2026-06-16 03:04:00,1007,1007,1005,1006,2482.0,1648580.0
2026-06-16 03:05:00,1006,1006,1005,1006,851.0,1648257.0
2026-06-16 03:06:00,1006,1006,1005,1006,827.0,1648232.0
2026-06-16 03:07:00,1006,1006,1005,1006,657.0,1648268.0
2026-06-16 03:08:00,1006,1006,1005,1006,783.0,1648034.0
2026-06-16 03:09:00,1006,1007,1005,1006,2437.0,1647546.0
2026-06-16 03:10:00,1006,1007,1006,1007,282.0,1647652.0
2026-06-16 03:11:00,1007,1007,1005,1005,1877.0,1647312.0
2026-06-16 03:12:00,1005,1007,1005,1007,1206.0,1647418.0
2026-06-16 03:13:00,1007,1007,1006,1006,735.0,1647450.0
2026-06-16 03:14:00,1006,1007,1006,1007,291.0,1647483.0
2026-06-16 03:15:00,1007,1007,1006,1006,524.0,1647382.0
2026-06-16 03:16:00,1006,1007,1006,1007,1157.0,1647876.0
2026-06-16 03:17:00,1007,1007,1006,1007,443.0,1647849.0
2026-06-16 03:18:00,1007,1007,1006,1006,301.0,1647761.0
2026-06-16 03:19:00,1006,1007,1006,1007,394.0,1647819.0
2026-06-16 03:20:00,1007,1007,1006,1007,195.0,1647823.0
2026-06-16 03:21:00,1007,1007,1006,1007,635.0,1647543.0
2026-06-16 03:22:00,1007,1007,1006,1006,465.0,1647386.0
2026-06-16 03:23:00,1006,1007,1006,1006,1571.0,1646626.0
2026-06-16 03:24:00,1006,1007,1006,1007,605.0,1646330.0
2026-06-16 03:25:00,1007,1007,1006,1006,2888.0,1646243.0
2026-06-16 03:26:00,1006,1008,1006,1007,2023.0,1645712.0
2026-06-16 03:27:00,1007,1008,1006,1007,2262.0,1645197.0
2026-06-16 03:28:00,1007,1007,1006,1007,412.0,1645153.0
2026-06-16 03:29:00,1007,1008,1006,1007,4108.0,1644156.0
2026-06-16 05:30:00,1007,1007,1005,1005,5966.0,1645364.0
2026-06-16 05:31:00,1005,1006,1004,1004,7142.0,1647486.0
2026-06-16 05:32:00,1004,1005,1004,1005,3389.0,1647164.0
2026-06-16 05:33:00,1005,1006,1005,1006,994.0,1647252.0
2026-06-16 05:34:00,1006,1006,1005,1006,395.0,1647398.0
2026-06-16 05:35:00,1006,1006,1004,1005,4964.0,1649096.0
2026-06-16 05:36:00,1005,1005,1003,1003,6583.0,1651736.0
2026-06-16 05:37:00,1003,1004,1002,1002,10562.0,1653146.0
2026-06-16 05:38:00,1002,1003,1002,1003,9297.0,1652811.0
2026-06-16 05:39:00,1003,1003,1001,1002,12368.0,1650758.0
2026-06-16 05:40:00,1002,1004,1002,1003,5594.0,1651969.0
2026-06-16 05:41:00,1003,1004,1003,1004,5904.0,1651706.0
2026-06-16 05:42:00,1004,1004,1002,1003,2713.0,1652831.0
2026-06-16 05:43:00,1003,1004,1002,1003,5922.0,1651630.0
2026-06-16 05:44:00,1003,1003,1001,1001,11974.0,1646528.0
2026-06-16 05:45:00,1001,1002,1000,1000,20448.0,1644731.0
2026-06-16 05:46:00,1000,1001,999,1000,17164.0,1644393.0
2026-06-16 05:47:00,1000,1001,999,999,9753.0,1647596.0
2026-06-16 05:48:00,999,1000,999,999,4229.0,1647537.0
2026-06-16 05:49:00,999,1001,999,1000,6724.0,1647254.0
2026-06-16 05:50:00,1000,1001,999,1000,8813.0,1647588.0
2026-06-16 05:51:00,1000,1002,1000,1001,6257.0,1646391.0
2026-06-16 05:52:00,1001,1002,1001,1002,3639.0,1646264.0
2026-06-16 05:53:00,1002,1002,1001,1001,1355.0,1646158.0
2026-06-16 05:54:00,1001,1002,1000,1000,4782.0,1647568.0
2026-06-16 05:55:00,1000,1002,1000,1002,3661.0,1647355.0
2026-06-16 05:56:00,1002,1002,1001,1002,993.0,1647189.0
2026-06-16 05:57:00,1002,1002,1001,1001,1094.0,1646863.0
2026-06-16 05:58:00,1001,1002,1001,1001,990.0,1646446.0
2026-06-16 05:59:00,1001,1002,1001,1002,497.0,1646364.0
2026-06-16 06:00:00,1002,1002,1001,1001,2122.0,1645738.0
2026-06-16 06:01:00,1001,1002,1000,1002,7892.0,1646842.0
2026-06-16 06:02:00,1002,1003,1001,1002,3767.0,1646606.0
2026-06-16 06:03:00,1002,1004,1002,1004,6159.0,1647684.0
2026-06-16 06:04:00,1004,1004,1003,1003,3618.0,1647856.0
2026-06-16 06:05:00,1003,1004,1003,1004,1958.0,1647486.0
2026-06-16 06:06:00,1004,1005,1003,1005,4898.0,1646186.0
2026-06-16 06:07:00,1005,1005,1004,1005,1429.0,1646072.0
2026-06-16 06:08:00,1005,1005,1003,1004,4126.0,1646318.0
2026-06-16 06:09:00,1004,1004,1002,1002,4829.0,1647241.0
2026-06-16 06:10:00,1002,1004,1002,1003,4180.0,1646885.0
2026-06-16 06:11:00,1003,1004,1002,1004,2248.0,1646579.0
2026-06-16 06:12:00,1004,1004,1003,1004,543.0,1646347.0
2026-06-16 06:13:00,1004,1004,1003,1004,461.0,1646401.0
2026-06-16 06:14:00,1004,1004,1003,1003,454.0,1646609.0
2026-06-16 06:15:00,1003,1004,1003,1004,423.0,1646645.0
2026-06-16 06:16:00,1004,1004,1000,1002,13117.0,1643767.0
2026-06-16 06:17:00,1002,1002,1001,1002,1028.0,1643931.0
2026-06-16 06:18:00,1002,1003,1001,1003,3013.0,1644852.0
2026-06-16 06:19:00,1003,1003,1001,1002,1685.0,1644156.0
2026-06-16 06:20:00,1002,1003,1001,1003,1575.0,1644455.0
2026-06-16 06:21:00,1003,1003,1002,1003,964.0,1644672.0
2026-06-16 06:22:00,1003,1003,1001,1003,2595.0,1643889.0
2026-06-16 06:23:00,1003,1003,1002,1002,361.0,1643758.0
2026-06-16 06:24:00,1002,1003,1001,1002,3056.0,1643436.0
2026-06-16 06:25:00,1002,1003,1002,1002,697.0,1643586.0
2026-06-16 06:26:00,1002,1003,1002,1003,510.0,1643856.0
2026-06-16 06:27:00,1003,1003,1002,1003,1325.0,1643573.0
2026-06-16 06:28:00,1003,1003,1002,1003,1092.0,1643225.0
2026-06-16 06:29:00,1003,1003,1002,1003,687.0,1643280.0
2026-06-16 06:30:00,1003,1003,1002,1002,482.0,1643355.0
2026-06-16 06:31:00,1002,1003,1002,1003,590.0,1643148.0
2026-06-16 06:32:00,1003,1004,1002,1003,4033.0,1642493.0
2026-06-16 06:33:00,1003,1004,1003,1004,995.0,1642216.0
2026-06-16 06:34:00,1004,1004,1003,1004,443.0,1642199.0
2026-06-16 06:35:00,1004,1004,1003,1004,887.0,1642150.0
2026-06-16 06:36:00,1004,1004,1003,1004,930.0,1642267.0
2026-06-16 06:37:00,1004,1004,1003,1004,439.0,1642349.0
2026-06-16 06:38:00,1004,1004,1003,1004,566.0,1642378.0
2026-06-16 06:39:00,1004,1004,1002,1004,3730.0,1642493.0
2026-06-16 06:40:00,1004,1004,1003,1004,520.0,1642240.0
2026-06-16 06:41:00,1004,1004,1003,1004,431.0,1642165.0
2026-06-16 06:42:00,1004,1004,1003,1004,510.0,1642154.0
2026-06-16 06:43:00,1004,1004,1002,1003,6375.0,1641055.0
2026-06-16 06:44:00,1003,1004,1002,1003,2757.0,1640530.0
2026-06-16 06:45:00,1003,1004,1003,1003,2046.0,1641149.0
2026-06-16 06:46:00,1003,1004,1003,1004,760.0,1640923.0
2026-06-16 06:47:00,1004,1004,1003,1004,1574.0,1641786.0
2026-06-16 06:48:00,1004,1004,1003,1004,852.0,1641887.0
2026-06-16 06:49:00,1004,1004,1003,1004,1338.0,1641934.0
2026-06-16 06:50:00,1004,1004,1002,1004,6331.0,1642048.0
2026-06-16 06:51:00,1004,1004,1003,1003,2804.0,1641266.0
2026-06-16 06:52:00,1003,1004,1002,1004,2587.0,1640790.0
2026-06-16 06:53:00,1004,1005,1003,1005,8617.0,1642661.0
2026-06-16 06:54:00,1005,1005,1003,1004,2622.0,1642259.0
2026-06-16 06:55:00,1004,1004,1003,1003,2657.0,1642301.0
2026-06-16 06:56:00,1003,1004,1003,1004,3268.0,1641718.0
2026-06-16 06:57:00,1004,1005,1003,1003,3071.0,1641169.0
2026-06-16 06:58:00,1003,1004,1003,1003,2035.0,1641233.0
2026-06-16 06:59:00,1003,1005,1003,1004,13893.0,1636823.0
2026-06-16 13:00:00,1004,1012,1003,1012,47098.0,1638832.0
2026-06-16 13:01:00,1012,1012,1010,1010,28107.0,1639853.0
2026-06-16 13:02:00,1010,1014,1010,1013,30759.0,1642674.0
2026-06-16 13:03:00,1013,1014,1011,1012,18605.0,1642319.0
2026-06-16 13:04:00,1012,1013,1011,1012,8163.0,1641990.0
2026-06-16 13:05:00,1012,1013,1010,1011,15734.0,1640032.0
2026-06-16 13:06:00,1011,1013,1011,1013,9665.0,1641057.0
2026-06-16 13:07:00,1013,1013,1012,1012,7751.0,1640805.0
2026-06-16 13:08:00,1012,1013,1011,1012,5551.0,1639894.0
2026-06-16 13:09:00,1012,1013,1011,1011,4031.0,1639537.0
2026-06-16 13:10:00,1011,1014,1011,1014,14986.0,1642060.0
2026-06-16 13:11:00,1014,1015,1013,1014,13395.0,1642165.0
2026-06-16 13:12:00,1014,1014,1012,1012,5652.0,1642157.0
2026-06-16 13:13:00,1012,1013,1012,1013,2891.0,1642230.0
2026-06-16 13:14:00,1013,1013,1012,1013,2703.0,1642353.0
2026-06-16 13:15:00,1013,1013,1012,1013,2655.0,1642500.0
2026-06-16 13:16:00,1013,1013,1011,1011,5204.0,1643553.0
2026-06-16 13:17:00,1011,1013,1011,1013,7148.0,1643401.0
2026-06-16 13:18:00,1013,1013,1012,1012,1888.0,1643482.0
2026-06-16 13:19:00,1012,1013,1011,1012,3569.0,1644024.0
2026-06-16 13:20:00,1012,1012,1011,1012,2106.0,1644461.0
2026-06-16 13:21:00,1012,1012,1010,1011,10373.0,1643249.0
2026-06-16 13:22:00,1011,1012,1011,1011,1824.0,1642772.0
2026-06-16 13:23:00,1011,1012,1010,1011,3891.0,1642637.0
2026-06-16 13:24:00,1011,1011,1010,1010,1800.0,1642877.0
2026-06-16 13:25:00,1010,1011,1009,1009,7942.0,1642783.0
2026-06-16 13:26:00,1009,1010,1008,1009,8984.0,1643018.0
2026-06-16 13:27:00,1009,1009,1008,1009,4958.0,1643111.0
2026-06-16 13:28:00,1009,1010,1008,1009,13597.0,1644671.0
2026-06-16 13:29:00,1009,1009,1008,1009,3897.0,1645166.0
2026-06-16 13:30:00,1009,1010,1008,1010,3906.0,1646429.0
2026-06-16 13:31:00,1010,1011,1009,1010,7028.0,1647589.0
2026-06-16 13:32:00,1010,1011,1009,1010,2362.0,1648092.0
2026-06-16 13:33:00,1010,1011,1010,1010,4984.0,1648937.0
2026-06-16 13:34:00,1010,1011,1010,1011,583.0,1649010.0
2026-06-16 13:35:00,1011,1011,1010,1010,554.0,1649040.0
2026-06-16 13:36:00,1010,1011,1010,1010,729.0,1649289.0
2026-06-16 13:37:00,1010,1010,1009,1009,4640.0,1651815.0
2026-06-16 13:38:00,1009,1010,1009,1009,474.0,1651875.0
2026-06-16 13:39:00,1009,1010,1009,1010,477.0,1651822.0
2026-06-16 13:40:00,1010,1010,1009,1010,408.0,1651881.0
2026-06-16 13:41:00,1010,1010,1009,1010,1323.0,1652211.0
2026-06-16 13:42:00,1010,1010,1009,1010,1472.0,1652475.0
2026-06-16 13:43:00,1010,1010,1008,1009,4907.0,1652832.0
2026-06-16 13:44:00,1009,1009,1008,1008,678.0,1652766.0
2026-06-16 13:45:00,1008,1009,1008,1008,922.0,1653070.0
2026-06-16 13:46:00,1008,1010,1008,1009,6963.0,1651621.0
2026-06-16 13:47:00,1009,1010,1009,1010,668.0,1651382.0
2026-06-16 13:48:00,1010,1010,1009,1010,596.0,1651351.0
2026-06-16 13:49:00,1010,1010,1009,1009,541.0,1651202.0
2026-06-16 13:50:00,1009,1010,1009,1010,494.0,1651158.0
2026-06-16 13:51:00,1010,1011,1009,1011,7476.0,1649704.0
2026-06-16 13:52:00,1011,1011,1009,1010,2185.0,1650466.0
2026-06-16 13:53:00,1010,1010,1009,1009,404.0,1650646.0
2026-06-16 13:54:00,1009,1010,1009,1010,549.0,1650673.0
2026-06-16 13:55:00,1010,1010,1009,1010,297.0,1650724.0
2026-06-16 13:56:00,1010,1011,1009,1011,3973.0,1649549.0
2026-06-16 13:57:00,1011,1011,1010,1011,596.0,1649741.0
2026-06-16 13:58:00,1011,1011,1010,1011,898.0,1649850.0
2026-06-16 13:59:00,1011,1011,1010,1011,497.0,1649878.0
2026-06-16 14:00:00,1011,1011,1010,1011,474.0,1649903.0
2026-06-16 14:01:00,1011,1011,1009,1009,3172.0,1650995.0
2026-06-16 14:02:00,1009,1010,1009,1010,693.0,1650873.0
2026-06-16 14:03:00,1010,1010,1009,1010,399.0,1650878.0
2026-06-16 14:04:00,1010,1010,1009,1009,507.0,1650821.0
2026-06-16 14:05:00,1009,1010,1009,1009,294.0,1650805.0
2026-06-16 14:06:00,1009,1010,1009,1009,358.0,1650749.0
2026-06-16 14:07:00,1009,1010,1009,1009,968.0,1650638.0
2026-06-16 14:08:00,1009,1010,1009,1009,384.0,1650662.0
2026-06-16 14:09:00,1009,1010,1008,1009,3590.0,1652086.0
2026-06-16 14:10:00,1009,1009,1008,1009,1150.0,1652662.0
2026-06-16 14:11:00,1009,1009,1006,1007,19082.0,1655885.0
2026-06-16 14:12:00,1007,1008,1006,1007,7521.0,1655196.0
2026-06-16 14:13:00,1007,1007,1006,1007,2274.0,1655036.0
2026-06-16 14:14:00,1007,1008,1006,1008,3911.0,1655929.0
2026-06-16 14:15:00,1008,1008,1006,1006,3891.0,1656256.0
2026-06-16 14:16:00,1006,1007,1006,1006,1752.0,1656191.0
2026-06-16 14:17:00,1006,1007,1006,1007,1225.0,1656362.0
2026-06-16 14:18:00,1007,1008,1006,1007,2867.0,1656132.0
2026-06-16 14:19:00,1007,1008,1006,1007,2616.0,1656717.0
2026-06-16 14:20:00,1007,1007,1006,1006,1049.0,1656443.0
2026-06-16 14:21:00,1006,1007,1006,1007,485.0,1656762.0
2026-06-16 14:22:00,1007,1007,1006,1007,379.0,1656828.0
2026-06-16 14:23:00,1007,1007,1006,1006,820.0,1656833.0
2026-06-16 14:24:00,1006,1007,1006,1007,764.0,1657147.0
2026-06-16 14:25:00,1007,1007,1006,1007,458.0,1657202.0
2026-06-16 14:26:00,1007,1007,1005,1005,8351.0,1657878.0
2026-06-16 14:27:00,1005,1006,1005,1005,2310.0,1658673.0
2026-06-16 14:28:00,1005,1006,1005,1005,8206.0,1661792.0
2026-06-16 14:29:00,1005,1005,1002,1003,23821.0,1659573.0
2026-06-16 14:30:00,1003,1004,1002,1003,10753.0,1660625.0
2026-06-16 14:31:00,1003,1004,1002,1003,5027.0,1661490.0
2026-06-16 14:32:00,1003,1005,1003,1005,4115.0,1662169.0
2026-06-16 14:33:00,1005,1005,1003,1003,2015.0,1662184.0
2026-06-16 14:34:00,1003,1004,1003,1003,701.0,1662160.0
2026-06-16 14:35:00,1003,1005,1003,1005,3810.0,1661402.0
2026-06-16 14:36:00,1005,1005,1003,1005,3976.0,1661780.0
2026-06-16 14:37:00,1005,1005,1004,1005,515.0,1661686.0
2026-06-16 14:38:00,1005,1005,1004,1004,626.0,1661621.0
2026-06-16 14:39:00,1004,1005,1003,1003,3277.0,1662371.0
2026-06-16 14:40:00,1003,1004,1003,1004,927.0,1662674.0
2026-06-16 14:41:00,1004,1004,1003,1003,2686.0,1662917.0
2026-06-16 14:42:00,1003,1004,1003,1004,1960.0,1662633.0
2026-06-16 14:43:00,1004,1004,1003,1004,762.0,1662319.0
2026-06-16 14:44:00,1004,1004,1003,1003,593.0,1662166.0
2026-06-16 14:45:00,1003,1005,1003,1004,4144.0,1662544.0
2026-06-16 14:46:00,1004,1004,1003,1003,489.0,1662627.0
2026-06-16 14:47:00,1003,1004,1003,1004,934.0,1662685.0
2026-06-16 14:48:00,1004,1004,1002,1003,9921.0,1663948.0
2026-06-16 14:49:00,1003,1003,1002,1003,3054.0,1664552.0
2026-06-16 14:50:00,1003,1003,1002,1002,1178.0,1664910.0
2026-06-16 14:51:00,1002,1003,1002,1002,1084.0,1664869.0
2026-06-16 14:52:00,1002,1004,1002,1003,6754.0,1664254.0
2026-06-16 14:53:00,1003,1003,1002,1003,932.0,1664236.0
2026-06-16 14:54:00,1003,1003,1002,1003,3676.0,1663017.0
2026-06-16 14:55:00,1003,1004,1002,1002,3692.0,1664428.0
2026-06-16 14:56:00,1002,1003,1002,1002,2700.0,1664968.0
2026-06-16 14:57:00,1002,1003,1002,1003,1498.0,1664589.0
2026-06-16 14:58:00,1003,1003,1002,1003,1689.0,1663891.0
2026-06-16 14:59:00,1003,1004,1002,1004,10928.0,1656505.0
2026-06-17 01:00:00,1004,1004,1000,1002,17162.0,1658995.0
2026-06-17 01:01:00,1002,1003,1001,1003,4909.0,1660017.0
2026-06-17 01:02:00,1003,1003,1001,1003,4944.0,1660844.0
2026-06-17 01:03:00,1003,1004,1002,1003,3080.0,1661053.0
2026-06-17 01:04:00,1003,1004,1002,1002,3449.0,1661587.0
2026-06-17 01:05:00,1002,1004,1002,1003,2607.0,1661966.0
2026-06-17 01:06:00,1003,1004,1002,1002,2248.0,1661711.0
2026-06-17 01:07:00,1002,1003,1002,1002,2362.0,1662092.0
2026-06-17 01:08:00,1002,1003,1002,1002,595.0,1662241.0
2026-06-17 01:09:00,1002,1003,1002,1003,2714.0,1662244.0
2026-06-17 01:10:00,1003,1003,1002,1002,1144.0,1662554.0
2026-06-17 01:11:00,1002,1004,1002,1003,2697.0,1661430.0
2026-06-17 01:12:00,1003,1003,1002,1003,609.0,1661708.0
2026-06-17 01:13:00,1003,1003,1001,1002,6361.0,1664150.0
2026-06-17 01:14:00,1002,1003,1002,1002,1361.0,1663824.0
2026-06-17 01:15:00,1002,1003,1002,1002,850.0,1663636.0
2026-06-17 01:16:00,1002,1003,1001,1002,2511.0,1664327.0
2026-06-17 01:17:00,1002,1003,1001,1003,1398.0,1664181.0
2026-06-17 01:18:00,1003,1003,1002,1002,610.0,1664297.0
2026-06-17 01:19:00,1002,1003,1002,1003,589.0,1664488.0
2026-06-17 01:20:00,1003,1003,1001,1002,1481.0,1664918.0
2026-06-17 01:21:00,1002,1003,1001,1003,3041.0,1664246.0
2026-06-17 01:22:00,1003,1004,1002,1004,4162.0,1664506.0
2026-06-17 01:23:00,1004,1004,1003,1004,996.0,1664938.0
2026-06-17 01:24:00,1004,1004,1003,1003,2289.0,1665916.0
2026-06-17 01:25:00,1003,1004,1002,1002,4843.0,1668536.0
2026-06-17 01:26:00,1002,1003,1002,1002,8498.0,1669237.0
2026-06-17 01:27:00,1002,1003,1002,1002,734.0,1669320.0
2026-06-17 01:28:00,1002,1003,1002,1003,677.0,1669319.0
2026-06-17 01:29:00,1003,1004,1002,1003,3504.0,1669641.0
2026-06-17 01:30:00,1003,1005,1003,1003,4946.0,1669889.0
2026-06-17 01:31:00,1003,1005,1003,1004,3237.0,1669790.0
2026-06-17 01:32:00,1004,1005,1004,1004,833.0,1670018.0
2026-06-17 01:33:00,1004,1005,1004,1005,682.0,1670073.0
2026-06-17 01:34:00,1005,1005,1004,1005,852.0,1670256.0
2026-06-17 01:35:00,1005,1005,1003,1004,5767.0,1670264.0
2026-06-17 01:36:00,1004,1004,1003,1004,3550.0,1671431.0
2026-06-17 01:37:00,1004,1004,1003,1003,315.0,1671386.0
2026-06-17 01:38:00,1003,1004,1003,1003,270.0,1671329.0
2026-06-17 01:39:00,1003,1005,1003,1004,3978.0,1671701.0
2026-06-17 01:40:00,1004,1005,1004,1005,392.0,1671780.0
2026-06-17 01:41:00,1005,1005,1004,1004,944.0,1671865.0
2026-06-17 01:42:00,1004,1005,1003,1005,1297.0,1671366.0
2026-06-17 01:43:00,1005,1005,1003,1004,1745.0,1671482.0
2026-06-17 01:44:00,1004,1005,1003,1004,1256.0,1671623.0
2026-06-17 01:45:00,1004,1005,1004,1005,718.0,1671604.0
2026-06-17 01:46:00,1005,1005,1004,1004,500.0,1671538.0
2026-06-17 01:47:00,1004,1005,1004,1005,457.0,1671639.0
2026-06-17 01:48:00,1005,1005,1004,1005,548.0,1671644.0
2026-06-17 01:49:00,1005,1006,1004,1006,6097.0,1671393.0
2026-06-17 01:50:00,1006,1007,1005,1007,6755.0,1671271.0
2026-06-17 01:51:00,1007,1007,1005,1006,5395.0,1671714.0
2026-06-17 01:52:00,1006,1007,1006,1006,747.0,1671994.0
2026-06-17 01:53:00,1006,1007,1006,1007,1048.0,1672059.0
2026-06-17 01:54:00,1007,1007,1006,1006,651.0,1671847.0
2026-06-17 01:55:00,1006,1007,1006,1006,3273.0,1673311.0
2026-06-17 01:56:00,1006,1007,1005,1005,2430.0,1673695.0
2026-06-17 01:57:00,1005,1006,1005,1005,1611.0,1674293.0
2026-06-17 01:58:00,1005,1006,1005,1006,359.0,1674253.0
2026-06-17 01:59:00,1006,1007,1005,1007,3848.0,1674721.0
2026-06-17 02:00:00,1007,1007,1005,1005,1483.0,1674838.0
2026-06-17 02:01:00,1005,1006,1005,1006,452.0,1674968.0
2026-06-17 02:02:00,1006,1006,1005,1006,622.0,1674909.0
2026-06-17 02:03:00,1006,1006,1005,1006,356.0,1674763.0
2026-06-17 02:04:00,1006,1006,1005,1005,401.0,1674672.0
2026-06-17 02:05:00,1005,1006,1005,1006,376.0,1674739.0
2026-06-17 02:06:00,1006,1006,1005,1005,391.0,1674726.0
2026-06-17 02:07:00,1005,1006,1005,1005,499.0,1674755.0
2026-06-17 02:08:00,1005,1006,1005,1005,1374.0,1674814.0
2026-06-17 02:09:00,1005,1006,1005,1005,845.0,1674694.0
2026-06-17 02:10:00,1005,1006,1005,1005,629.0,1674602.0
2026-06-17 02:11:00,1005,1007,1005,1007,4576.0,1673239.0
2026-06-17 02:12:00,1007,1007,1005,1007,2969.0,1673416.0
2026-06-17 02:13:00,1007,1007,1005,1007,1620.0,1673132.0
2026-06-17 02:14:00,1007,1007,1005,1006,2856.0,1672549.0
2026-06-17 02:30:00,1006,1006,1005,1005,1524.0,1673309.0
2026-06-17 02:31:00,1005,1006,1004,1004,2207.0,1672759.0
2026-06-17 02:32:00,1004,1005,1004,1004,2188.0,1672924.0
2026-06-17 02:33:00,1004,1005,1004,1005,519.0,1672905.0
2026-06-17 02:34:00,1005,1005,1003,1004,1761.0,1672856.0
2026-06-17 02:35:00,1004,1004,1003,1003,801.0,1672986.0
2026-06-17 02:36:00,1003,1004,1003,1003,554.0,1673027.0
2026-06-17 02:37:00,1003,1004,1003,1004,541.0,1673226.0
2026-06-17 02:38:00,1004,1005,1003,1004,2345.0,1673654.0
2026-06-17 02:39:00,1004,1005,1003,1004,2577.0,1673477.0
2026-06-17 02:40:00,1004,1005,1004,1004,326.0,1673503.0
2026-06-17 02:41:00,1004,1005,1004,1004,2450.0,1672051.0
2026-06-17 02:42:00,1004,1005,1004,1004,374.0,1672109.0
2026-06-17 02:43:00,1004,1005,1004,1004,331.0,1672142.0
2026-06-17 02:44:00,1004,1005,1004,1004,436.0,1672319.0
2026-06-17 02:45:00,1004,1005,1004,1004,1465.0,1671856.0
2026-06-17 02:46:00,1004,1005,1004,1005,317.0,1671929.0
2026-06-17 02:47:00,1005,1005,1004,1004,310.0,1672022.0
2026-06-17 02:48:00,1004,1005,1004,1005,2946.0,1671488.0
2026-06-17 02:49:00,1005,1006,1004,1006,1804.0,1671733.0
2026-06-17 02:50:00,1006,1006,1005,1005,593.0,1671782.0
2026-06-17 02:51:00,1005,1006,1005,1006,445.0,1671700.0
2026-06-17 02:52:00,1006,1007,1005,1006,3845.0,1670525.0
2026-06-17 02:53:00,1006,1006,1005,1005,286.0,1670561.0
2026-06-17 02:54:00,1005,1006,1004,1004,3852.0,1669741.0
2026-06-17 02:55:00,1004,1005,1004,1004,974.0,1669295.0
2026-06-17 02:56:00,1004,1005,1004,1004,611.0,1669287.0
2026-06-17 02:57:00,1004,1005,1004,1005,573.0,1669420.0
2026-06-17 02:58:00,1005,1005,1004,1005,442.0,1669437.0
2026-06-17 02:59:00,1005,1005,1004,1004,417.0,1669527.0
2026-06-17 03:00:00,1004,1005,1004,1005,380.0,1669566.0
2026-06-17 03:01:00,1005,1005,1004,1005,519.0,1669619.0
2026-06-17 03:02:00,1005,1005,1004,1005,200.0,1669665.0
2026-06-17 03:03:00,1005,1005,1004,1005,221.0,1669597.0
2026-06-17 03:04:00,1005,1005,1004,1004,507.0,1669470.0
2026-06-17 03:05:00,1004,1005,1003,1003,1159.0,1669273.0
2026-06-17 03:06:00,1003,1004,1003,1003,919.0,1669563.0
2026-06-17 03:07:00,1003,1005,1003,1004,2144.0,1669076.0
2026-06-17 03:08:00,1004,1005,1004,1004,395.0,1669005.0
2026-06-17 03:09:00,1004,1005,1004,1004,275.0,1668916.0
2026-06-17 03:10:00,1004,1005,1004,1005,134.0,1668900.0
2026-06-17 03:11:00,1005,1005,1004,1004,610.0,1668889.0
2026-06-17 03:12:00,1004,1005,1004,1005,1193.0,1668601.0
2026-06-17 03:13:00,1005,1005,1004,1005,434.0,1668531.0
2026-06-17 03:14:00,1005,1005,1004,1004,534.0,1668612.0
2026-06-17 03:15:00,1004,1005,1004,1005,509.0,1668702.0
2026-06-17 03:16:00,1005,1005,1004,1005,582.0,1668679.0
2026-06-17 03:17:00,1005,1005,1003,1004,1001.0,1668318.0
2026-06-17 03:18:00,1004,1004,1003,1003,389.0,1668311.0
2026-06-17 03:19:00,1003,1005,1003,1004,2169.0,1668411.0
2026-06-17 03:20:00,1004,1005,1003,1003,2009.0,1668324.0
2026-06-17 03:21:00,1003,1005,1003,1004,1342.0,1668480.0
2026-06-17 03:22:00,1004,1004,1003,1004,513.0,1668608.0
2026-06-17 03:23:00,1004,1005,1003,1005,1051.0,1668625.0
2026-06-17 03:24:00,1005,1005,1003,1003,991.0,1668625.0
2026-06-17 03:25:00,1003,1004,1003,1003,356.0,1668551.0
2026-06-17 03:26:00,1003,1004,1003,1003,399.0,1668576.0
2026-06-17 03:27:00,1003,1004,1003,1004,423.0,1668427.0
2026-06-17 03:28:00,1004,1004,1003,1004,470.0,1668306.0
2026-06-17 03:29:00,1004,1004,1003,1004,2312.0,1667995.0
2026-06-17 05:30:00,1003,1004,1002,1003,5062.0,1668359.0
2026-06-17 05:31:00,1003,1004,1003,1003,835.0,1668360.0
2026-06-17 05:32:00,1003,1004,1003,1003,1108.0,1668138.0
2026-06-17 05:33:00,1003,1004,1003,1003,833.0,1667982.0
2026-06-17 05:34:00,1003,1004,1003,1003,1010.0,1667790.0
2026-06-17 05:35:00,1003,1004,1003,1003,797.0,1667914.0
2026-06-17 05:36:00,1003,1005,1003,1004,3583.0,1668554.0
2026-06-17 05:37:00,1004,1004,1003,1004,396.0,1668660.0
2026-06-17 05:38:00,1004,1004,1003,1003,701.0,1668373.0
2026-06-17 05:39:00,1003,1004,1003,1004,366.0,1668314.0
2026-06-17 05:40:00,1004,1004,1002,1002,2807.0,1668541.0
2026-06-17 05:41:00,1002,1003,1002,1003,894.0,1668875.0
2026-06-17 05:42:00,1003,1003,1002,1003,879.0,1669099.0
2026-06-17 05:43:00,1003,1003,1002,1002,1172.0,1669258.0
2026-06-17 05:44:00,1002,1003,1002,1003,600.0,1669262.0
2026-06-17 05:45:00,1003,1003,1002,1003,1150.0,1669800.0
2026-06-17 05:46:00,1003,1003,1001,1001,5271.0,1671760.0
2026-06-17 05:47:00,1001,1003,1001,1003,3488.0,1672468.0
2026-06-17 05:48:00,1003,1003,1001,1002,3397.0,1672713.0
2026-06-17 05:49:00,1002,1003,1001,1003,2466.0,1673702.0
2026-06-17 05:50:00,1003,1003,1002,1003,506.0,1673765.0
2026-06-17 05:51:00,1003,1003,1002,1002,1111.0,1673594.0
2026-06-17 05:52:00,1002,1003,1002,1002,767.0,1673139.0
2026-06-17 05:53:00,1002,1003,1002,1003,606.0,1673035.0
2026-06-17 05:54:00,1003,1003,1002,1003,532.0,1673036.0
2026-06-17 05:55:00,1003,1004,1002,1003,5685.0,1671838.0
2026-06-17 05:56:00,1003,1004,1002,1004,4404.0,1671374.0
2026-06-17 05:57:00,1004,1004,1002,1003,5257.0,1670658.0
2026-06-17 05:58:00,1003,1004,1003,1003,654.0,1670529.0
2026-06-17 05:59:00,1003,1004,1003,1004,586.0,1670465.0
2026-06-17 06:00:00,1004,1004,1003,1003,634.0,1670346.0
2026-06-17 06:01:00,1003,1004,1003,1004,1195.0,1670000.0
2026-06-17 06:02:00,1004,1004,1003,1004,1768.0,1669589.0
2026-06-17 06:03:00,1004,1004,1003,1004,543.0,1669516.0
2026-06-17 06:04:00,1004,1004,1003,1003,1680.0,1669763.0
2026-06-17 06:05:00,1003,1004,1003,1004,682.0,1669836.0
2026-06-17 06:06:00,1004,1004,1003,1004,1111.0,1669845.0
2026-06-17 06:07:00,1004,1004,1003,1004,1877.0,1669293.0
2026-06-17 06:08:00,1004,1005,1004,1004,1832.0,1669812.0
2026-06-17 06:09:00,1004,1005,1004,1004,1264.0,1669124.0
2026-06-17 06:10:00,1004,1005,1004,1004,1242.0,1668687.0
2026-06-17 06:11:00,1004,1005,1004,1005,619.0,1668795.0
2026-06-17 06:12:00,1005,1005,1004,1005,564.0,1668673.0
2026-06-17 06:13:00,1005,1005,1004,1005,758.0,1668418.0
2026-06-17 06:14:00,1005,1005,1004,1005,481.0,1668521.0
2026-06-17 06:15:00,1005,1005,1004,1004,411.0,1668698.0
2026-06-17 06:16:00,1004,1005,1004,1004,329.0,1668649.0
2026-06-17 06:17:00,1004,1005,1003,1003,3008.0,1668851.0
2026-06-17 06:18:00,1003,1004,1003,1004,376.0,1668771.0
2026-06-17 06:19:00,1004,1004,1003,1003,727.0,1668675.0
2026-06-17 06:20:00,1003,1005,1003,1004,2388.0,1668049.0
2026-06-17 06:21:00,1004,1005,1004,1005,416.0,1668086.0
2026-06-17 06:22:00,1005,1005,1004,1004,363.0,1668092.0
2026-06-17 06:23:00,1004,1005,1004,1004,1234.0,1668313.0
2026-06-17 06:24:00,1004,1005,1004,1004,325.0,1668309.0
2026-06-17 06:25:00,1004,1005,1004,1005,315.0,1668372.0
2026-06-17 06:26:00,1005,1005,1003,1003,2703.0,1668732.0
2026-06-17 06:27:00,1003,1004,1003,1004,284.0,1668842.0
2026-06-17 06:28:00,1004,1005,1003,1004,2056.0,1668206.0
2026-06-17 06:29:00,1004,1005,1004,1005,282.0,1668367.0
2026-06-17 06:30:00,1005,1005,1004,1005,434.0,1668406.0
2026-06-17 06:31:00,1005,1005,1004,1004,383.0,1668468.0
2026-06-17 06:32:00,1004,1005,1004,1004,1531.0,1668123.0
2026-06-17 06:33:00,1004,1005,1003,1004,1812.0,1668044.0
2026-06-17 06:34:00,1004,1004,1003,1003,918.0,1668378.0
2026-06-17 06:35:00,1003,1004,1003,1003,1415.0,1668470.0
2026-06-17 06:36:00,1003,1004,1003,1003,3745.0,1669931.0
2026-06-17 06:37:00,1003,1003,1001,1001,7159.0,1671878.0
2026-06-17 06:38:00,1001,1002,995,998,54630.0,1667562.0
2026-06-17 06:39:00,998,999,997,998,16441.0,1670464.0
2026-06-17 06:40:00,998,999,996,997,9033.0,1672645.0
2026-06-17 06:41:00,997,997,995,996,17724.0,1672151.0
2026-06-17 06:42:00,996,998,995,997,12318.0,1674756.0
2026-06-17 06:43:00,997,998,996,996,7735.0,1676040.0
2026-06-17 06:44:00,996,997,995,995,10969.0,1679213.0
2026-06-17 06:45:00,995,997,995,996,9682.0,1679827.0
2026-06-17 06:46:00,996,997,996,996,3220.0,1681100.0
2026-06-17 06:47:00,996,998,996,997,6302.0,1682047.0
2026-06-17 06:48:00,997,998,996,997,3550.0,1681979.0
2026-06-17 06:49:00,997,997,996,996,5584.0,1682054.0
2026-06-17 06:50:00,996,996,994,995,13196.0,1683815.0
2026-06-17 06:51:00,995,996,994,996,7785.0,1683694.0
2026-06-17 06:52:00,996,996,994,994,16530.0,1685404.0
2026-06-17 06:53:00,994,995,994,995,5733.0,1686073.0
2026-06-17 06:54:00,995,996,994,995,6572.0,1685065.0
2026-06-17 06:55:00,995,996,995,995,5644.0,1684293.0
2026-06-17 06:56:00,995,997,995,996,8115.0,1683724.0
2026-06-17 06:57:00,996,996,995,996,3071.0,1684026.0
2026-06-17 06:58:00,996,996,995,996,4642.0,1684375.0
2026-06-17 06:59:00,996,996,994,996,15342.0,1685163.0
2026-06-17 13:00:00,994,996,993,994,30675.0,1686842.0
2026-06-17 13:01:00,994,994,990,992,34385.0,1691393.0
2026-06-17 13:02:00,992,994,991,993,18435.0,1692516.0
2026-06-17 13:03:00,993,995,993,994,12482.0,1693939.0
2026-06-17 13:04:00,994,995,991,992,18192.0,1697818.0
2026-06-17 13:05:00,992,992,990,990,16768.0,1698414.0
2026-06-17 13:06:00,990,992,990,990,12593.0,1701168.0
2026-06-17 13:07:00,990,992,990,990,7713.0,1701738.0
2026-06-17 13:08:00,990,991,989,990,18560.0,1705153.0
2026-06-17 13:09:00,990,991,990,990,8504.0,1703419.0
2026-06-17 13:10:00,990,991,990,990,3596.0,1704052.0
2026-06-17 13:11:00,990,991,989,989,7590.0,1707295.0
2026-06-17 13:12:00,989,992,989,992,8390.0,1708861.0
2026-06-17 13:13:00,992,992,990,992,7316.0,1709646.0
2026-06-17 13:14:00,992,992,991,991,1624.0,1709784.0
2026-06-17 13:15:00,991,992,990,991,8867.0,1711534.0
2026-06-17 13:16:00,991,991,989,989,11429.0,1711480.0
2026-06-17 13:17:00,989,990,989,989,3240.0,1711751.0
2026-06-17 13:18:00,989,991,989,990,6312.0,1713400.0
2026-06-17 13:19:00,990,992,990,991,6409.0,1712871.0
2026-06-17 13:20:00,991,991,990,991,1723.0,1713212.0
2026-06-17 13:21:00,991,991,990,991,894.0,1713759.0
2026-06-17 13:22:00,991,991,990,990,1414.0,1714287.0
2026-06-17 13:23:00,990,991,990,990,9523.0,1718199.0
2026-06-17 13:24:00,990,991,990,991,1717.0,1718262.0
2026-06-17 13:25:00,991,992,990,992,4722.0,1719386.0
2026-06-17 13:26:00,992,993,991,992,10817.0,1719729.0
2026-06-17 13:27:00,992,992,991,992,1588.0,1720063.0
2026-06-17 13:28:00,992,992,991,992,1798.0,1719749.0
2026-06-17 13:29:00,992,992,991,992,1582.0,1719940.0
2026-06-17 13:30:00,992,992,990,991,6209.0,1721191.0
2026-06-17 13:31:00,991,992,990,990,3242.0,1721562.0
2026-06-17 13:32:00,990,991,990,990,2111.0,1722027.0
2026-06-17 13:33:00,990,991,990,990,1001.0,1722266.0
2026-06-17 13:34:00,990,991,990,991,1095.0,1722535.0
2026-06-17 13:35:00,991,991,990,991,4191.0,1722564.0
2026-06-17 13:36:00,991,991,990,990,5493.0,1723095.0
2026-06-17 13:37:00,990,990,989,990,2111.0,1723065.0
2026-06-17 13:38:00,990,990,989,990,1379.0,1723913.0
2026-06-17 13:39:00,990,990,989,989,914.0,1724059.0
2026-06-17 13:40:00,989,990,989,990,1539.0,1724631.0
2026-06-17 13:41:00,990,990,988,989,5939.0,1725680.0
2026-06-17 13:42:00,989,990,988,988,5299.0,1725091.0
2026-06-17 13:43:00,988,990,988,989,13740.0,1725397.0
2026-06-17 13:44:00,989,990,988,990,5914.0,1725760.0
2026-06-17 13:45:00,990,990,988,988,2802.0,1726314.0
2026-06-17 13:46:00,988,989,988,988,1521.0,1726937.0
2026-06-17 13:47:00,988,989,988,989,1550.0,1727035.0
2026-06-17 13:48:00,989,989,988,988,979.0,1727493.0
2026-06-17 13:49:00,988,990,988,990,5263.0,1729266.0
2026-06-17 13:50:00,990,990,988,989,5670.0,1729826.0
2026-06-17 13:51:00,989,990,988,989,3409.0,1730580.0
2026-06-17 13:52:00,989,990,988,990,2261.0,1730997.0
2026-06-17 13:53:00,990,990,988,989,3542.0,1731928.0
2026-06-17 13:54:00,989,989,988,988,2183.0,1732753.0
2026-06-17 13:55:00,988,989,988,988,926.0,1732894.0
2026-06-17 13:56:00,988,990,988,990,3260.0,1733626.0
2026-06-17 13:57:00,990,990,989,990,2722.0,1733362.0
2026-06-17 13:58:00,990,990,989,990,877.0,1733519.0
2026-06-17 13:59:00,990,990,989,989,905.0,1733609.0
2026-06-17 14:00:00,989,990,989,990,1082.0,1733772.0
2026-06-17 14:01:00,990,990,989,990,606.0,1733778.0
2026-06-17 14:02:00,990,990,989,990,674.0,1734074.0
2026-06-17 14:03:00,990,990,988,988,3851.0,1735357.0
2026-06-17 14:04:00,988,989,988,988,887.0,1735679.0
2026-06-17 14:05:00,988,989,988,989,784.0,1735978.0
2026-06-17 14:06:00,989,989,988,988,1509.0,1736917.0
2026-06-17 14:07:00,988,989,987,987,8567.0,1737622.0
2026-06-17 14:08:00,987,988,987,987,2172.0,1738371.0
2026-06-17 14:09:00,987,989,987,988,5670.0,1738558.0
2026-06-17 14:10:00,988,990,988,990,8556.0,1738338.0
2026-06-17 14:11:00,990,990,988,989,2719.0,1737821.0
2026-06-17 14:12:00,989,990,988,990,3765.0,1736335.0
2026-06-17 14:13:00,990,990,989,990,818.0,1735915.0
2026-06-17 14:14:00,990,990,989,990,1129.0,1735689.0
2026-06-17 14:15:00,990,991,989,990,6595.0,1735769.0
2026-06-17 14:16:00,990,990,989,989,675.0,1735800.0
2026-06-17 14:17:00,989,990,989,989,314.0,1735785.0
2026-06-17 14:18:00,989,990,989,989,344.0,1735798.0
2026-06-17 14:19:00,989,990,989,990,786.0,1735878.0
2026-06-17 14:20:00,990,990,988,989,4211.0,1735950.0
2026-06-17 14:21:00,989,990,989,989,385.0,1735992.0
2026-06-17 14:22:00,989,990,989,990,639.0,1736141.0
2026-06-17 14:23:00,990,990,989,989,271.0,1736027.0
2026-06-17 14:24:00,989,990,989,990,523.0,1736142.0
2026-06-17 14:25:00,990,990,989,989,452.0,1736047.0
2026-06-17 14:26:00,989,990,988,989,3254.0,1737305.0
2026-06-17 14:27:00,989,990,988,988,2335.0,1737543.0
2026-06-17 14:28:00,988,990,988,989,1543.0,1736935.0
2026-06-17 14:29:00,989,990,989,990,361.0,1737091.0
2026-06-17 14:30:00,990,990,989,989,593.0,1737071.0
2026-06-17 14:31:00,989,990,989,989,397.0,1736979.0
2026-06-17 14:32:00,989,990,989,990,214.0,1736908.0
2026-06-17 14:33:00,990,991,989,990,5639.0,1735582.0
2026-06-17 14:34:00,990,990,989,989,430.0,1735422.0
2026-06-17 14:35:00,989,991,989,990,2110.0,1735924.0
2026-06-17 14:36:00,990,991,989,990,4936.0,1735608.0
2026-06-17 14:37:00,990,990,989,990,363.0,1735540.0
2026-06-17 14:38:00,990,990,989,989,302.0,1735463.0
2026-06-17 14:39:00,989,990,989,990,234.0,1735420.0
2026-06-17 14:40:00,990,990,989,989,373.0,1735334.0
2026-06-17 14:41:00,989,990,989,990,924.0,1735184.0
2026-06-17 14:42:00,990,990,989,989,452.0,1735115.0
2026-06-17 14:43:00,989,990,988,989,3807.0,1735724.0
2026-06-17 14:44:00,989,989,988,989,1118.0,1736247.0
2026-06-17 14:45:00,989,990,988,990,2427.0,1735816.0
2026-06-17 14:46:00,990,990,989,990,255.0,1735935.0
2026-06-17 14:47:00,990,990,989,990,397.0,1735917.0
2026-06-17 14:48:00,990,990,989,990,318.0,1735794.0
2026-06-17 14:49:00,990,990,988,988,3138.0,1735124.0
2026-06-17 14:50:00,988,989,988,988,530.0,1735160.0
2026-06-17 14:51:00,988,989,988,989,659.0,1735239.0
2026-06-17 14:52:00,989,989,988,989,607.0,1735278.0
2026-06-17 14:53:00,989,989,988,989,1787.0,1735501.0
2026-06-17 14:54:00,989,989,988,989,1037.0,1735159.0
2026-06-17 14:55:00,989,989,988,989,913.0,1734941.0
2026-06-17 14:56:00,989,989,988,989,2946.0,1735674.0
2026-06-17 14:57:00,989,989,988,988,990.0,1735391.0
2026-06-17 14:58:00,988,989,988,989,1461.0,1734860.0
2026-06-17 14:59:00,989,989,987,988,10413.0,1731524.0
2026-06-18 01:00:00,988,991,987,991,15575.0,1732336.0
2026-06-18 01:01:00,991,991,988,989,9947.0,1732215.0
2026-06-18 01:02:00,989,989,987,988,7087.0,1731512.0
2026-06-18 01:03:00,988,989,987,989,5960.0,1732474.0
2026-06-18 01:04:00,989,990,988,990,3864.0,1732316.0
2026-06-18 01:05:00,990,991,989,990,8208.0,1732279.0
2026-06-18 01:06:00,990,991,990,991,2520.0,1732673.0
2026-06-18 01:07:00,991,991,989,990,9093.0,1733465.0
2026-06-18 01:08:00,990,991,990,991,2236.0,1732987.0
2026-06-18 01:09:00,991,991,989,990,4590.0,1732409.0
2026-06-18 01:10:00,990,991,990,990,879.0,1732472.0
2026-06-18 01:11:00,990,991,989,989,2007.0,1732383.0
2026-06-18 01:12:00,989,991,989,990,3324.0,1731963.0
2026-06-18 01:13:00,990,991,989,990,2184.0,1731799.0
2026-06-18 01:14:00,990,991,990,990,839.0,1732089.0
2026-06-18 01:15:00,990,991,990,991,536.0,1732082.0
2026-06-18 01:16:00,991,991,990,991,705.0,1732334.0
2026-06-18 01:17:00,991,991,989,989,4072.0,1731071.0
2026-06-18 01:18:00,989,991,989,990,1877.0,1731014.0
2026-06-18 01:19:00,990,991,989,989,3037.0,1731413.0
2026-06-18 01:20:00,989,991,989,990,2555.0,1731624.0
2026-06-18 01:21:00,990,991,989,990,2354.0,1731533.0
2026-06-18 01:22:00,990,991,990,990,1001.0,1731525.0
2026-06-18 01:23:00,990,991,990,990,2181.0,1731341.0
2026-06-18 01:24:00,990,991,989,990,1144.0,1731155.0
2026-06-18 01:25:00,990,991,989,990,2443.0,1732271.0
2026-06-18 01:26:00,990,992,990,991,10425.0,1730300.0
2026-06-18 01:27:00,991,992,990,991,4158.0,1730066.0
2026-06-18 01:28:00,991,992,990,990,1727.0,1729728.0
2026-06-18 01:29:00,990,991,990,990,834.0,1729544.0
2026-06-18 01:30:00,990,992,990,991,2084.0,1729745.0
2026-06-18 01:31:00,991,992,991,991,3325.0,1728707.0
2026-06-18 01:32:00,991,992,990,990,1686.0,1728346.0
2026-06-18 01:33:00,990,991,990,990,695.0,1728228.0
2026-06-18 01:34:00,990,993,990,992,10212.0,1725011.0
2026-06-18 01:35:00,992,994,992,994,5851.0,1724890.0
2026-06-18 01:36:00,994,994,993,993,7125.0,1722747.0
2026-06-18 01:37:00,993,994,993,993,3048.0,1722486.0
2026-06-18 01:38:00,993,994,992,992,8021.0,1720878.0
2026-06-18 01:39:00,992,993,992,993,1867.0,1720670.0
2026-06-18 01:40:00,993,993,991,991,2046.0,1720765.0
2026-06-18 01:41:00,991,992,991,991,2255.0,1720244.0
2026-06-18 01:42:00,991,993,991,992,3798.0,1720481.0
2026-06-18 01:43:00,992,993,991,992,2877.0,1720040.0
2026-06-18 01:44:00,992,993,992,993,3561.0,1719761.0
2026-06-18 01:45:00,993,993,992,992,3021.0,1719074.0
2026-06-18 01:46:00,992,993,991,991,2742.0,1719136.0
2026-06-18 01:47:00,991,993,991,992,2730.0,1719140.0
2026-06-18 01:48:00,992,993,991,992,4372.0,1717635.0
2026-06-18 01:49:00,992,992,991,991,585.0,1717616.0
2026-06-18 01:50:00,991,992,991,992,902.0,1717327.0
2026-06-18 01:51:00,992,992,991,991,1034.0,1717340.0
2026-06-18 01:52:00,991,992,991,991,513.0,1717415.0
2026-06-18 01:53:00,991,992,990,990,4215.0,1717765.0
2026-06-18 01:54:00,990,991,990,990,1149.0,1717601.0
2026-06-18 01:55:00,990,991,990,991,766.0,1717419.0
2026-06-18 01:56:00,991,991,989,989,2483.0,1717289.0
2026-06-18 01:57:00,989,990,989,990,5523.0,1717347.0
2026-06-18 01:58:00,990,990,989,989,908.0,1717642.0
2026-06-18 01:59:00,989,991,989,990,2190.0,1717961.0
2026-06-18 02:00:00,990,991,989,991,2992.0,1718151.0
2026-06-18 02:01:00,991,991,990,991,795.0,1718299.0
2026-06-18 02:02:00,991,991,989,989,1712.0,1718277.0
2026-06-18 02:03:00,989,991,989,990,864.0,1718134.0
2026-06-18 02:04:00,990,991,989,990,2038.0,1718447.0
2026-06-18 02:05:00,990,991,990,990,404.0,1718305.0
2026-06-18 02:06:00,990,991,990,991,606.0,1718169.0
2026-06-18 02:07:00,991,992,990,992,3504.0,1717886.0
2026-06-18 02:08:00,992,992,991,992,826.0,1718026.0
2026-06-18 02:09:00,992,992,990,990,2358.0,1718279.0
2026-06-18 02:10:00,990,992,990,992,1197.0,1717985.0
2026-06-18 02:11:00,992,992,991,992,387.0,1718043.0
2026-06-18 02:12:00,992,992,991,992,700.0,1718027.0
2026-06-18 02:13:00,992,992,991,992,230.0,1718031.0
2026-06-18 02:14:00,992,992,991,991,1484.0,1717348.0
2026-06-18 02:30:00,991,991,989,989,7354.0,1717814.0
2026-06-18 02:31:00,989,990,989,989,553.0,1717969.0
2026-06-18 02:32:00,989,990,989,989,783.0,1718085.0
2026-06-18 02:33:00,989,990,989,990,387.0,1718092.0
2026-06-18 02:34:00,990,990,989,989,648.0,1718023.0
2026-06-18 02:35:00,989,990,989,990,312.0,1718042.0
2026-06-18 02:36:00,990,990,988,988,11051.0,1718995.0
2026-06-18 02:37:00,988,989,988,989,2445.0,1719798.0
2026-06-18 02:38:00,989,989,988,988,931.0,1719911.0
2026-06-18 02:39:00,988,989,988,989,493.0,1720042.0
2026-06-18 02:40:00,989,989,988,989,998.0,1720258.0
2026-06-18 02:41:00,989,989,988,989,3218.0,1720933.0
2026-06-18 02:42:00,989,990,988,988,2964.0,1720911.0
2026-06-18 02:43:00,988,989,988,989,413.0,1720992.0
2026-06-18 02:44:00,989,989,988,989,825.0,1721038.0
2026-06-18 02:45:00,989,989,988,989,890.0,1721185.0
2026-06-18 02:46:00,989,989,988,989,539.0,1721234.0
2026-06-18 02:47:00,989,989,988,988,509.0,1721426.0
2026-06-18 02:48:00,988,989,988,988,1159.0,1721456.0
2026-06-18 02:49:00,988,989,988,988,7797.0,1721373.0
2026-06-18 02:50:00,988,989,987,987,7040.0,1720009.0
2026-06-18 02:51:00,987,988,983,985,33883.0,1720407.0
2026-06-18 02:52:00,985,986,984,984,14036.0,1722557.0
2026-06-18 02:53:00,984,986,984,986,5944.0,1720806.0
2026-06-18 02:54:00,986,986,984,985,6782.0,1721024.0
2026-06-18 02:55:00,985,986,984,985,5153.0,1721217.0
2026-06-18 02:56:00,985,987,985,987,7891.0,1720716.0
2026-06-18 02:57:00,987,987,985,987,6452.0,1720681.0
2026-06-18 02:58:00,987,987,986,986,3246.0,1721084.0
2026-06-18 02:59:00,986,987,986,986,1052.0,1721140.0
2026-06-18 03:00:00,986,987,986,986,1072.0,1721025.0
2026-06-18 03:01:00,986,987,986,987,1836.0,1720881.0
2026-06-18 03:02:00,987,987,986,986,1143.0,1721136.0
2026-06-18 03:03:00,986,987,986,986,3537.0,1721752.0
2026-06-18 03:04:00,986,988,986,987,4128.0,1722570.0
2026-06-18 03:05:00,987,988,987,988,659.0,1722532.0
2026-06-18 03:06:00,988,988,986,987,4153.0,1722338.0
2026-06-18 03:07:00,987,988,987,987,2836.0,1722204.0
2026-06-18 03:08:00,987,988,987,987,770.0,1722329.0
2026-06-18 03:09:00,987,988,987,988,522.0,1722365.0
2026-06-18 03:10:00,988,988,987,988,661.0,1722648.0
2026-06-18 03:11:00,988,988,987,987,495.0,1722882.0
2026-06-18 03:12:00,987,988,987,987,844.0,1723097.0
2026-06-18 03:13:00,987,988,987,988,500.0,1723023.0
2026-06-18 03:14:00,988,988,987,987,837.0,1722925.0
2026-06-18 03:15:00,987,988,987,988,707.0,1723041.0
2026-06-18 03:16:00,988,988,987,987,1596.0,1723219.0
2026-06-18 03:17:00,987,988,986,986,5006.0,1722468.0
2026-06-18 03:18:00,986,986,985,985,1638.0,1722599.0
2026-06-18 03:19:00,985,986,985,986,873.0,1722625.0
2026-06-18 03:20:00,986,986,985,986,919.0,1722862.0
2026-06-18 03:21:00,986,986,985,986,852.0,1722767.0
2026-06-18 03:22:00,986,986,985,985,1025.0,1722475.0
2026-06-18 03:23:00,985,986,985,985,3250.0,1721996.0
2026-06-18 03:24:00,985,986,985,985,1195.0,1721880.0
2026-06-18 03:25:00,985,986,985,986,876.0,1722021.0
2026-06-18 03:26:00,986,986,984,985,5070.0,1723212.0
2026-06-18 03:27:00,985,986,984,985,3914.0,1722755.0
2026-06-18 03:28:00,985,986,985,985,1188.0,1722110.0
2026-06-18 03:29:00,985,986,985,985,4287.0,1719794.0
2026-06-18 05:30:00,985,986,984,986,9537.0,1720284.0
2026-06-18 05:31:00,986,987,985,987,4421.0,1720103.0
2026-06-18 05:32:00,987,987,985,985,2937.0,1719654.0
2026-06-18 05:33:00,985,986,985,985,2865.0,1719317.0
2026-06-18 05:34:00,985,986,985,985,1846.0,1719402.0
2026-06-18 05:35:00,985,986,984,985,6036.0,1719870.0
2026-06-18 05:36:00,985,986,985,986,1381.0,1719814.0
2026-06-18 05:37:00,986,986,985,986,1024.0,1719759.0
2026-06-18 05:38:00,986,986,985,985,2555.0,1718928.0
2026-06-18 05:39:00,985,986,985,985,1733.0,1718378.0
2026-06-18 05:40:00,985,987,985,986,5380.0,1717580.0
2026-06-18 05:41:00,986,986,985,985,899.0,1717725.0
2026-06-18 05:42:00,985,986,985,986,627.0,1717704.0
2026-06-18 05:43:00,986,986,985,986,1776.0,1717826.0
2026-06-18 05:44:00,986,987,985,986,2230.0,1717403.0
2026-06-18 05:45:00,986,986,985,985,2419.0,1717312.0
2026-06-18 05:46:00,985,986,985,985,6407.0,1720439.0
2026-06-18 05:47:00,985,986,984,985,2537.0,1720589.0
2026-06-18 05:48:00,985,985,984,984,844.0,1720491.0
2026-06-18 05:49:00,984,985,984,985,698.0,1720557.0
2026-06-18 05:50:00,985,985,984,984,1436.0,1720527.0
2026-06-18 05:51:00,984,985,984,984,1543.0,1720500.0
2026-06-18 05:52:00,984,985,983,984,8181.0,1721165.0
2026-06-18 05:53:00,984,984,978,978,66199.0,1727715.0
2026-06-18 05:54:00,978,980,978,979,15307.0,1730151.0
2026-06-18 05:55:00,979,980,978,979,9568.0,1732408.0
2026-06-18 05:56:00,979,980,978,979,9780.0,1732647.0
2026-06-18 05:57:00,979,979,978,978,4570.0,1732695.0
2026-06-18 05:58:00,978,979,978,978,6818.0,1734363.0
2026-06-18 05:59:00,978,979,978,978,4102.0,1735597.0
2026-06-18 06:00:00,978,979,977,977,12575.0,1740460.0
2026-06-18 06:01:00,977,979,977,978,11810.0,1742778.0
2026-06-18 06:02:00,978,979,976,976,18568.0,1747681.0
2026-06-18 06:03:00,976,978,975,977,14003.0,1747152.0
2026-06-18 06:04:00,977,978,976,976,9358.0,1747271.0
2026-06-18 06:05:00,976,978,976,976,7406.0,1748168.0
2026-06-18 06:06:00,976,978,976,978,4813.0,1749226.0
2026-06-18 06:07:00,978,978,976,977,6637.0,1751944.0
2026-06-18 06:08:00,977,977,976,976,3921.0,1753207.0
2026-06-18 06:09:00,976,977,975,977,13293.0,1754874.0
2026-06-18 06:10:00,977,977,975,976,5262.0,1756019.0
2026-06-18 06:11:00,976,978,975,978,11158.0,1755149.0
2026-06-18 06:12:00,978,978,977,978,2635.0,1754918.0
2026-06-18 06:13:00,978,978,977,977,2685.0,1755214.0
2026-06-18 06:14:00,977,978,977,977,2885.0,1755443.0
2026-06-18 06:15:00,977,978,977,977,2787.0,1755561.0
2026-06-18 06:16:00,977,978,976,976,4360.0,1757142.0
2026-06-18 06:17:00,976,977,976,976,2075.0,1757300.0
2026-06-18 06:18:00,976,978,976,977,7754.0,1757547.0
2026-06-18 06:19:00,977,978,976,977,2817.0,1757716.0
2026-06-18 06:20:00,977,978,977,978,1915.0,1757591.0
2026-06-18 06:21:00,978,980,977,980,12969.0,1757047.0
2026-06-18 06:22:00,980,980,978,980,6890.0,1755790.0
2026-06-18 06:23:00,980,983,979,982,21101.0,1752152.0
2026-06-18 06:24:00,982,982,981,981,4031.0,1751387.0
2026-06-18 06:25:00,981,982,980,980,3745.0,1751062.0
2026-06-18 06:26:00,980,982,980,981,5311.0,1750681.0
2026-06-18 06:27:00,981,982,980,980,4051.0,1751437.0
2026-06-18 06:28:00,980,981,978,978,7156.0,1753550.0
2026-06-18 06:29:00,978,980,978,978,5629.0,1753059.0
2026-06-18 06:30:00,978,979,978,979,1471.0,1753366.0
2026-06-18 06:31:00,979,979,978,978,1218.0,1753586.0
2026-06-18 06:32:00,978,980,978,980,3321.0,1754463.0
2026-06-18 06:33:00,980,980,979,979,1163.0,1754837.0
2026-06-18 06:34:00,979,980,978,978,3198.0,1754953.0
2026-06-18 06:35:00,978,979,978,978,1257.0,1755217.0
2026-06-18 06:36:00,978,979,977,978,6217.0,1754589.0
2026-06-18 06:37:00,978,979,977,977,5273.0,1754716.0
2026-06-18 06:38:00,977,978,977,977,1385.0,1755118.0
2026-06-18 06:39:00,977,978,977,977,1892.0,1755749.0
2026-06-18 06:40:00,977,978,977,977,1519.0,1755850.0
2026-06-18 06:41:00,977,978,977,977,1051.0,1756051.0
2026-06-18 06:42:00,977,978,977,977,2479.0,1756200.0
2026-06-18 06:43:00,977,979,977,978,6920.0,1755678.0
2026-06-18 06:44:00,978,978,977,977,1236.0,1756108.0
2026-06-18 06:45:00,977,979,977,978,5966.0,1755755.0
2026-06-18 06:46:00,978,979,977,977,5289.0,1756784.0
2026-06-18 06:47:00,977,978,977,978,1474.0,1757191.0
2026-06-18 06:48:00,978,978,977,978,2731.0,1756947.0
2026-06-18 06:49:00,978,979,977,978,4985.0,1756442.0
2026-06-18 06:50:00,978,978,977,978,2269.0,1756359.0
2026-06-18 06:51:00,978,978,977,977,2673.0,1756241.0
2026-06-18 06:52:00,977,978,977,977,3405.0,1756156.0
2026-06-18 06:53:00,977,978,977,977,2614.0,1754932.0
2026-06-18 06:54:00,977,978,977,978,3090.0,1754023.0
2026-06-18 06:55:00,978,978,976,976,9221.0,1753730.0
2026-06-18 06:56:00,976,977,976,977,7519.0,1753081.0
2026-06-18 06:57:00,977,978,976,977,10942.0,1752701.0
2026-06-18 06:58:00,977,978,976,977,6361.0,1751142.0
2026-06-18 06:59:00,977,978,976,978,15732.0,1744848.0
2026-06-22 01:00:00,976,985,975,981,48013.0,1746483.0
2026-06-22 01:01:00,981,983,980,982,17043.0,1747667.0
2026-06-22 01:02:00,982,982,979,982,18170.0,1749468.0
2026-06-22 01:03:00,982,984,980,981,18063.0,1749828.0
2026-06-22 01:04:00,981,981,978,979,13862.0,1751793.0
2026-06-22 01:05:00,979,979,977,978,13276.0,1752562.0
2026-06-22 01:06:00,978,980,977,979,8657.0,1753648.0
2026-06-22 01:07:00,979,981,978,980,10525.0,1755612.0
2026-06-22 01:08:00,980,980,978,978,9021.0,1758402.0
2026-06-22 01:09:00,978,980,978,980,5966.0,1758171.0
2026-06-22 01:10:00,980,980,977,977,8350.0,1760354.0
2026-06-22 01:11:00,977,978,977,977,5600.0,1761507.0
2026-06-22 01:12:00,977,978,977,977,3027.0,1762375.0
2026-06-22 01:13:00,977,979,977,978,4921.0,1762913.0
2026-06-22 01:14:00,978,979,977,979,4205.0,1763798.0
2026-06-22 01:15:00,979,979,977,978,6609.0,1764716.0
2026-06-22 01:16:00,978,980,978,979,6886.0,1766430.0
2026-06-22 01:17:00,979,981,978,978,6399.0,1767193.0
2026-06-22 01:18:00,978,980,978,979,4696.0,1767727.0
2026-06-22 01:19:00,979,979,977,979,8305.0,1768581.0
2026-06-22 01:20:00,979,979,978,979,824.0,1768426.0
2026-06-22 01:21:00,979,980,979,979,2416.0,1768898.0
2026-06-22 01:22:00,979,981,979,980,5170.0,1770502.0
2026-06-22 01:23:00,980,981,980,980,3437.0,1769391.0
2026-06-22 01:24:00,980,982,980,981,4174.0,1769700.0
2026-06-22 01:25:00,981,982,980,981,4011.0,1771025.0
2026-06-22 01:26:00,981,983,981,981,8258.0,1770856.0
2026-06-22 01:27:00,981,983,981,983,3864.0,1769158.0
2026-06-22 01:28:00,983,983,981,981,5451.0,1769172.0
2026-06-22 01:29:00,981,982,980,981,2892.0,1770309.0
2026-06-22 01:30:00,981,984,981,983,11541.0,1772238.0
2026-06-22 01:31:00,983,983,981,982,3682.0,1771232.0
2026-06-22 01:32:00,982,983,981,983,2866.0,1771039.0
2026-06-22 01:33:00,983,983,982,982,1267.0,1770792.0
2026-06-22 01:34:00,982,983,982,982,1467.0,1770690.0
2026-06-22 01:35:00,982,983,981,981,5360.0,1769521.0
2026-06-22 01:36:00,981,983,981,982,3591.0,1770129.0
2026-06-22 01:37:00,982,983,981,981,2180.0,1770377.0
2026-06-22 01:38:00,981,982,980,981,6662.0,1769209.0
2026-06-22 01:39:00,981,981,979,981,7600.0,1769882.0
2026-06-22 01:40:00,981,981,980,981,777.0,1770147.0
2026-06-22 01:41:00,981,982,980,981,1070.0,1770388.0
2026-06-22 01:42:00,981,982,980,980,1839.0,1770110.0
2026-06-22 01:43:00,980,981,980,980,823.0,1770426.0
2026-06-22 01:44:00,980,982,980,981,1951.0,1770586.0
2026-06-22 01:45:00,981,982,981,981,424.0,1770754.0
2026-06-22 01:46:00,981,982,981,981,709.0,1770603.0
2026-06-22 01:47:00,981,982,981,982,738.0,1770908.0
2026-06-22 01:48:00,982,982,980,981,3152.0,1771088.0
2026-06-22 01:49:00,981,981,980,980,429.0,1771145.0
2026-06-22 01:50:00,980,981,980,980,539.0,1771132.0
2026-06-22 01:51:00,980,982,980,981,3388.0,1770390.0
2026-06-22 01:52:00,981,982,979,980,12703.0,1771887.0
2026-06-22 01:53:00,980,981,979,980,2250.0,1771592.0
2026-06-22 01:54:00,980,981,979,979,1774.0,1771835.0
2026-06-22 01:55:00,979,981,979,981,1269.0,1772006.0
2026-06-22 01:56:00,981,981,979,979,1506.0,1772700.0
2026-06-22 01:57:00,979,981,979,980,1149.0,1772932.0
2026-06-22 01:58:00,980,981,979,979,1720.0,1773212.0
2026-06-22 01:59:00,979,981,979,981,1540.0,1773085.0
2026-06-22 02:00:00,981,981,978,978,7667.0,1774236.0
2026-06-22 02:01:00,978,979,977,978,7269.0,1776296.0
2026-06-22 02:02:00,978,979,977,977,2425.0,1776772.0
2026-06-22 02:03:00,977,979,977,977,2930.0,1777202.0
2026-06-22 02:04:00,977,978,977,978,1121.0,1777556.0
2026-06-22 02:05:00,978,979,977,978,2249.0,1778658.0
2026-06-22 02:06:00,978,979,977,978,1780.0,1778510.0
2026-06-22 02:07:00,978,979,978,978,556.0,1778484.0
2026-06-22 02:08:00,978,980,978,979,3068.0,1778828.0
2026-06-22 02:09:00,979,980,978,979,1551.0,1778421.0
2026-06-22 02:10:00,979,980,979,979,516.0,1778518.0
2026-06-22 02:11:00,979,980,978,979,2181.0,1778853.0
2026-06-22 02:12:00,979,980,978,978,980.0,1778980.0
2026-06-22 02:13:00,978,980,978,979,1097.0,1778731.0
2026-06-22 02:14:00,979,980,978,979,1643.0,1778682.0
2026-06-22 02:30:00,979,979,976,977,12473.0,1780928.0
2026-06-22 02:31:00,977,978,975,977,13046.0,1782608.0
2026-06-22 02:32:00,977,978,976,977,2258.0,1783094.0
2026-06-22 02:33:00,977,978,977,977,668.0,1782883.0
2026-06-22 02:34:00,977,978,977,978,484.0,1782851.0
2026-06-22 02:35:00,978,978,977,977,686.0,1782886.0
2026-06-22 02:36:00,977,978,977,977,570.0,1782977.0
2026-06-22 02:37:00,977,978,977,977,836.0,1783225.0
2026-06-22 02:38:00,977,978,977,977,604.0,1783384.0
2026-06-22 02:39:00,977,979,977,979,5272.0,1783539.0
2026-06-22 02:40:00,979,979,978,978,637.0,1783493.0
2026-06-22 02:41:00,978,979,978,978,563.0,1783485.0
2026-06-22 02:42:00,978,979,978,978,512.0,1783486.0
2026-06-22 02:43:00,978,979,978,979,701.0,1783336.0
2026-06-22 02:44:00,979,979,978,978,709.0,1783288.0
2026-06-22 02:45:00,978,979,977,978,2352.0,1783684.0
2026-06-22 02:46:00,978,978,977,977,546.0,1783643.0
2026-06-22 02:47:00,977,978,977,978,368.0,1783814.0
2026-06-22 02:48:00,978,978,977,977,385.0,1784004.0
2026-06-22 02:49:00,977,978,977,978,485.0,1784189.0
2026-06-22 02:50:00,978,979,977,979,2515.0,1783856.0
2026-06-22 02:51:00,979,979,977,978,3951.0,1783483.0
2026-06-22 02:52:00,978,979,977,978,1947.0,1782872.0
2026-06-22 02:53:00,978,979,977,978,1160.0,1782834.0
2026-06-22 02:54:00,978,978,977,978,945.0,1783360.0
2026-06-22 02:55:00,978,978,977,977,424.0,1783318.0
2026-06-22 02:56:00,977,978,977,978,793.0,1783419.0
2026-06-22 02:57:00,978,978,977,977,464.0,1783527.0
2026-06-22 02:58:00,977,978,977,978,451.0,1783522.0
2026-06-22 02:59:00,978,978,977,977,818.0,1783335.0
2026-06-22 03:00:00,977,979,977,978,4065.0,1782879.0
2026-06-22 03:01:00,978,979,978,979,391.0,1782801.0
2026-06-22 03:02:00,979,979,978,978,502.0,1782847.0
2026-06-22 03:03:00,978,979,978,979,933.0,1782636.0
2026-06-22 03:04:00,979,979,977,977,2435.0,1783106.0
2026-06-22 03:05:00,977,979,977,977,2277.0,1783597.0
2026-06-22 03:06:00,977,978,977,977,989.0,1783818.0
2026-06-22 03:07:00,977,978,977,977,455.0,1783782.0
2026-06-22 03:08:00,977,978,976,976,5645.0,1784688.0
2026-06-22 03:09:00,976,978,976,977,1714.0,1784503.0
2026-06-22 03:10:00,977,978,977,977,470.0,1784515.0
2026-06-22 03:11:00,977,978,976,977,2084.0,1785191.0
2026-06-22 03:12:00,977,977,976,976,550.0,1785083.0
2026-06-22 03:13:00,976,978,976,977,2268.0,1786006.0
2026-06-22 03:14:00,977,978,976,976,1765.0,1786446.0
2026-06-22 03:15:00,976,978,976,978,2266.0,1786488.0
2026-06-22 03:16:00,978,978,976,977,3578.0,1787748.0
2026-06-22 03:17:00,977,977,976,977,710.0,1787841.0
2026-06-22 03:18:00,977,977,976,976,454.0,1787937.0
2026-06-22 03:19:00,976,977,976,976,567.0,1788079.0
2026-06-22 03:20:00,976,977,976,976,1165.0,1787985.0
2026-06-22 03:21:00,976,977,975,975,4383.0,1788662.0
2026-06-22 03:22:00,975,976,975,976,1806.0,1789624.0
2026-06-22 03:23:00,976,976,974,974,12164.0,1793357.0
2026-06-22 03:24:00,974,976,973,975,6164.0,1793975.0
2026-06-22 03:25:00,975,976,975,976,1250.0,1794132.0
2026-06-22 03:26:00,976,977,975,976,3714.0,1793265.0
2026-06-22 03:27:00,976,977,975,975,1785.0,1793013.0
2026-06-22 03:28:00,975,977,975,977,1644.0,1793756.0
2026-06-22 03:29:00,977,977,976,977,1605.0,1793608.0
2026-06-22 05:30:00,977,979,977,978,13915.0,1794364.0
2026-06-22 05:31:00,978,980,978,980,5805.0,1792567.0
2026-06-22 05:32:00,980,980,979,980,5371.0,1792196.0
2026-06-22 05:33:00,980,980,977,978,5989.0,1792867.0
2026-06-22 05:34:00,978,979,977,978,1748.0,1792770.0
2026-06-22 05:35:00,978,979,978,979,434.0,1792940.0
2026-06-22 05:36:00,979,979,978,979,594.0,1792992.0
2026-06-22 05:37:00,979,979,978,978,671.0,1793055.0
2026-06-22 05:38:00,978,979,978,979,504.0,1793213.0
2026-06-22 05:39:00,979,979,978,978,479.0,1793347.0
2026-06-22 05:40:00,978,979,978,979,493.0,1793502.0
2026-06-22 05:41:00,979,981,978,980,10299.0,1792146.0
2026-06-22 05:42:00,980,981,979,979,3423.0,1791250.0
2026-06-22 05:43:00,979,980,979,980,824.0,1790929.0
2026-06-22 05:44:00,980,980,979,979,971.0,1790754.0
2026-06-22 05:45:00,979,979,978,979,2667.0,1789945.0
2026-06-22 05:46:00,979,979,978,978,541.0,1789754.0
2026-06-22 05:47:00,978,979,977,978,3914.0,1791505.0
2026-06-22 05:48:00,978,979,977,978,4288.0,1792973.0
2026-06-22 05:49:00,978,978,977,978,1910.0,1793487.0
2026-06-22 05:50:00,978,978,977,978,715.0,1793601.0
2026-06-22 05:51:00,978,978,977,977,426.0,1793621.0
2026-06-22 05:52:00,977,979,977,979,2192.0,1793689.0
2026-06-22 05:53:00,979,979,978,978,482.0,1793597.0
2026-06-22 05:54:00,978,979,978,978,835.0,1793642.0
2026-06-22 05:55:00,978,979,977,978,3376.0,1795215.0
2026-06-22 05:56:00,978,978,977,978,754.0,1795167.0
2026-06-22 05:57:00,978,978,977,977,517.0,1795012.0
2026-06-22 05:58:00,977,978,977,978,525.0,1794817.0
2026-06-22 05:59:00,978,979,977,978,2801.0,1795871.0
2026-06-22 06:00:00,978,979,977,977,2018.0,1796990.0
2026-06-22 06:01:00,977,978,977,977,5126.0,1798524.0
2026-06-22 06:02:00,977,977,975,975,5480.0,1799462.0
2026-06-22 06:03:00,975,977,975,977,2627.0,1799311.0
2026-06-22 06:04:00,977,977,976,976,490.0,1799108.0
2026-06-22 06:05:00,976,977,976,976,1034.0,1799215.0
2026-06-22 06:06:00,976,977,976,976,626.0,1799051.0
2026-06-22 06:07:00,976,977,976,977,676.0,1799135.0
2026-06-22 06:08:00,977,977,976,976,512.0,1799214.0
2026-06-22 06:09:00,976,977,976,977,560.0,1799221.0
2026-06-22 06:10:00,977,977,976,976,1028.0,1799485.0
2026-06-22 06:11:00,976,977,976,977,1088.0,1799842.0
2026-06-22 06:12:00,977,978,976,977,5366.0,1799978.0
2026-06-22 06:13:00,977,977,975,976,5734.0,1799237.0
2026-06-22 06:14:00,976,976,975,975,928.0,1799314.0
2026-06-22 06:15:00,975,976,975,975,845.0,1799618.0
2026-06-22 06:16:00,975,976,975,976,1137.0,1799548.0
2026-06-22 06:17:00,976,976,975,976,761.0,1799500.0
2026-06-22 06:18:00,976,976,975,976,1503.0,1799847.0
2026-06-22 06:19:00,976,976,974,974,4776.0,1801354.0
2026-06-22 06:20:00,974,976,974,974,6484.0,1801141.0
2026-06-22 06:21:00,974,975,974,974,1989.0,1801964.0
2026-06-22 06:22:00,974,976,974,975,3883.0,1802900.0
2026-06-22 06:23:00,975,976,975,976,992.0,1802551.0
2026-06-22 06:24:00,976,976,975,976,1131.0,1802610.0
2026-06-22 06:25:00,976,976,975,976,896.0,1802401.0
2026-06-22 06:26:00,976,977,975,976,5311.0,1802173.0
2026-06-22 06:27:00,976,976,975,976,694.0,1801961.0
2026-06-22 06:28:00,976,977,975,976,2856.0,1801895.0
2026-06-22 06:29:00,976,978,976,977,2333.0,1801423.0
2026-06-22 06:30:00,977,978,977,978,973.0,1801311.0
2026-06-22 06:31:00,978,978,977,977,4108.0,1801451.0
2026-06-22 06:32:00,977,978,976,977,2641.0,1800455.0
2026-06-22 06:33:00,977,978,976,976,1124.0,1800486.0
2026-06-22 06:34:00,976,977,976,976,1240.0,1800532.0
2026-06-22 06:35:00,976,977,976,977,368.0,1800384.0
2026-06-22 06:36:00,977,977,976,977,502.0,1800391.0
2026-06-22 06:37:00,977,978,976,977,3037.0,1800321.0
2026-06-22 06:38:00,977,978,977,977,596.0,1800167.0
2026-06-22 06:39:00,977,978,976,978,2946.0,1799967.0
2026-06-22 06:40:00,978,978,977,977,429.0,1799889.0
2026-06-22 06:41:00,977,978,976,977,3335.0,1798893.0
2026-06-22 06:42:00,977,977,975,975,3701.0,1799295.0
2026-06-22 06:43:00,975,976,975,976,1775.0,1800084.0
2026-06-22 06:44:00,976,976,975,976,802.0,1800312.0
2026-06-22 06:45:00,976,976,975,976,629.0,1800496.0
2026-06-22 06:46:00,976,976,975,975,658.0,1800532.0
2026-06-22 06:47:00,975,976,975,975,847.0,1800841.0
2026-06-22 06:48:00,975,976,975,976,863.0,1801094.0
2026-06-22 06:49:00,976,976,975,975,1040.0,1801114.0
2026-06-22 06:50:00,975,976,975,975,1160.0,1801122.0
2026-06-22 06:51:00,975,976,975,975,1901.0,1801218.0
2026-06-22 06:52:00,975,977,975,976,4573.0,1801827.0
2026-06-22 06:53:00,976,977,975,975,3839.0,1802313.0
2026-06-22 06:54:00,975,976,975,976,2964.0,1804022.0
2026-06-22 06:55:00,976,977,975,977,6651.0,1804194.0
2026-06-22 06:56:00,977,977,976,977,1961.0,1803996.0
2026-06-22 06:57:00,977,977,976,976,4239.0,1804119.0
2026-06-22 06:58:00,976,978,975,977,9469.0,1805301.0
2026-06-22 06:59:00,977,978,977,977,11616.0,1801495.0
2026-06-22 13:00:00,975,977,973,973,27413.0,1807048.0
2026-06-22 13:01:00,973,974,969,971,36263.0,1816542.0
2026-06-22 13:02:00,971,972,970,971,9815.0,1818166.0
2026-06-22 13:03:00,971,973,971,972,12411.0,1821129.0
2026-06-22 13:04:00,972,973,971,972,7326.0,1823162.0
2026-06-22 13:05:00,972,973,971,971,7164.0,1823776.0
2026-06-22 13:06:00,971,972,971,972,3743.0,1825319.0
2026-06-22 13:07:00,972,973,971,972,8750.0,1827995.0
2026-06-22 13:08:00,972,972,971,972,9638.0,1830924.0
2026-06-22 13:09:00,972,972,969,970,26227.0,1839145.0
2026-06-22 13:10:00,970,971,969,970,9806.0,1841304.0
2026-06-22 13:11:00,970,971,969,971,5008.0,1842065.0
2026-06-22 13:12:00,971,971,970,970,1581.0,1842739.0
2026-06-22 13:13:00,970,971,970,971,1737.0,1843261.0
2026-06-22 13:14:00,971,971,970,970,1910.0,1843665.0
2026-06-22 13:15:00,970,971,970,971,2824.0,1845482.0
2026-06-22 13:16:00,971,971,969,969,6850.0,1848427.0
2026-06-22 13:17:00,969,971,969,970,10338.0,1847011.0
2026-06-22 13:18:00,970,970,967,968,27386.0,1843907.0
2026-06-22 13:19:00,968,969,968,968,18387.0,1842557.0
2026-06-22 13:20:00,968,969,968,969,12456.0,1847139.0
2026-06-22 13:21:00,969,970,968,969,4975.0,1848709.0
2026-06-22 13:22:00,969,970,968,969,2872.0,1849351.0
2026-06-22 13:23:00,969,970,968,969,5292.0,1851380.0
2026-06-22 13:24:00,969,970,968,969,4169.0,1852817.0
2026-06-22 13:25:00,969,970,968,969,2560.0,1853123.0
2026-06-22 13:26:00,969,970,969,970,2397.0,1853584.0
2026-06-22 13:27:00,970,970,968,968,2755.0,1854094.0
2026-06-22 13:28:00,968,969,968,969,2111.0,1854497.0
2026-06-22 13:29:00,969,969,968,968,1400.0,1854338.0
2026-06-22 13:30:00,968,969,968,968,3291.0,1855281.0
2026-06-22 13:31:00,968,969,967,967,10423.0,1858996.0
2026-06-22 13:32:00,967,969,967,969,9594.0,1861301.0
2026-06-22 13:33:00,969,969,968,968,759.0,1861556.0
2026-06-22 13:34:00,968,969,968,968,486.0,1861702.0
2026-06-22 13:35:00,968,969,968,968,1368.0,1862062.0
2026-06-22 13:36:00,968,969,968,968,1132.0,1862479.0
2026-06-22 13:37:00,968,969,967,968,4074.0,1865188.0
2026-06-22 13:38:00,968,968,967,967,2596.0,1866549.0
2026-06-22 13:39:00,967,969,967,968,4590.0,1865273.0
2026-06-22 13:40:00,968,968,967,967,879.0,1865241.0
2026-06-22 13:41:00,967,968,967,967,999.0,1865475.0
2026-06-22 13:42:00,967,968,967,967,770.0,1865590.0
2026-06-22 13:43:00,967,968,967,968,1749.0,1866271.0
2026-06-22 13:44:00,968,969,967,968,3385.0,1866097.0
2026-06-22 13:45:00,968,969,968,969,1026.0,1866162.0
2026-06-22 13:46:00,969,969,967,967,3276.0,1867594.0
2026-06-22 13:47:00,967,968,967,968,1052.0,1868146.0
2026-06-22 13:48:00,968,968,966,966,9928.0,1872090.0
2026-06-22 13:49:00,966,967,966,966,5006.0,1871363.0
2026-06-22 13:50:00,966,967,964,964,27151.0,1878577.0
2026-06-22 13:51:00,964,966,964,965,20232.0,1884509.0
2026-06-22 13:52:00,965,966,965,965,3230.0,1885116.0
2026-06-22 13:53:00,965,967,965,967,8222.0,1886570.0
2026-06-22 13:54:00,967,967,966,967,8995.0,1889107.0
2026-06-22 13:55:00,967,968,966,968,8930.0,1890994.0
2026-06-22 13:56:00,968,968,967,967,5020.0,1889480.0
2026-06-22 13:57:00,967,968,967,968,571.0,1889317.0
2026-06-22 13:58:00,968,968,967,967,835.0,1888981.0
2026-06-22 13:59:00,967,968,967,967,1894.0,1888233.0
2026-06-22 14:00:00,967,968,967,967,2426.0,1887602.0
2026-06-22 14:01:00,967,968,966,967,2139.0,1887474.0
2026-06-22 14:02:00,967,967,966,967,535.0,1887496.0
2026-06-22 14:03:00,967,967,966,967,975.0,1887201.0
2026-06-22 14:04:00,967,968,966,968,1978.0,1887166.0
2026-06-22 14:05:00,968,968,967,967,1251.0,1886868.0
2026-06-22 14:06:00,967,968,966,967,2908.0,1886655.0
2026-06-22 14:07:00,967,967,966,967,427.0,1886730.0
2026-06-22 14:08:00,967,967,966,966,857.0,1886535.0
2026-06-22 14:09:00,966,967,966,967,896.0,1886602.0
2026-06-22 14:10:00,967,967,966,967,708.0,1886852.0
2026-06-22 14:11:00,967,967,966,966,731.0,1886611.0
2026-06-22 14:12:00,966,967,966,967,489.0,1886356.0
2026-06-22 14:13:00,967,967,966,967,662.0,1886549.0
2026-06-22 14:14:00,967,967,966,966,664.0,1886617.0
2026-06-22 14:15:00,966,967,966,967,846.0,1886926.0
2026-06-22 14:16:00,967,967,966,967,632.0,1886927.0
2026-06-22 14:17:00,967,967,966,966,546.0,1886809.0
2026-06-22 14:18:00,966,968,966,968,6787.0,1887915.0
2026-06-22 14:19:00,968,968,966,967,2222.0,1888487.0
2026-06-22 14:20:00,967,969,966,968,10000.0,1886167.0
2026-06-22 14:21:00,968,969,968,969,1281.0,1886322.0
2026-06-22 14:22:00,969,969,968,969,1639.0,1886273.0
2026-06-22 14:23:00,969,972,968,972,19731.0,1880241.0
2026-06-22 14:24:00,972,972,970,971,7078.0,1879102.0
2026-06-22 14:25:00,971,971,970,971,1081.0,1878903.0
2026-06-22 14:26:00,971,971,970,970,1376.0,1878779.0
2026-06-22 14:27:00,970,971,970,970,1708.0,1878323.0
2026-06-22 14:28:00,970,971,970,970,2243.0,1878559.0
2026-06-22 14:29:00,970,971,969,970,9087.0,1876915.0
2026-06-22 14:30:00,970,970,969,970,984.0,1876573.0
2026-06-22 14:31:00,970,970,969,970,713.0,1876455.0
2026-06-22 14:32:00,970,970,969,969,4949.0,1875479.0
2026-06-22 14:33:00,969,970,969,969,435.0,1875515.0
2026-06-22 14:34:00,969,970,969,969,562.0,1875746.0
2026-06-22 14:35:00,969,970,969,970,390.0,1875589.0
2026-06-22 14:36:00,970,970,969,970,495.0,1875462.0
2026-06-22 14:37:00,970,971,969,971,3692.0,1876337.0
2026-06-22 14:38:00,971,971,969,970,2712.0,1875558.0
2026-06-22 14:39:00,970,970,969,970,582.0,1875365.0
2026-06-22 14:40:00,970,971,969,970,3462.0,1874152.0
2026-06-22 14:41:00,970,971,969,970,5775.0,1872435.0
2026-06-22 14:42:00,970,971,970,970,378.0,1872345.0
2026-06-22 14:43:00,970,971,970,971,782.0,1871850.0
2026-06-22 14:44:00,971,971,970,970,950.0,1871775.0
2026-06-22 14:45:00,970,971,970,971,529.0,1871744.0
2026-06-22 14:46:00,971,971,970,970,1514.0,1871963.0
2026-06-22 14:47:00,970,971,970,971,551.0,1871742.0
2026-06-22 14:48:00,971,971,970,970,1577.0,1872012.0
2026-06-22 14:49:00,970,971,970,971,1192.0,1871579.0
2026-06-22 14:50:00,971,972,971,972,8360.0,1872024.0
2026-06-22 14:51:00,972,972,970,970,3950.0,1871539.0
2026-06-22 14:52:00,970,971,970,970,924.0,1871687.0
2026-06-22 14:53:00,970,971,970,970,911.0,1871388.0
2026-06-22 14:54:00,970,971,970,971,667.0,1871493.0
2026-06-22 14:55:00,971,971,970,970,867.0,1871181.0
2026-06-22 14:56:00,970,971,970,970,1372.0,1870487.0
2026-06-22 14:57:00,970,971,970,970,798.0,1870294.0
2026-06-22 14:58:00,970,971,969,970,9128.0,1867682.0
2026-06-22 14:59:00,970,971,969,969,7752.0,1863181.0
2026-06-23 01:00:00,969,973,969,971,14012.0,1861354.0
2026-06-23 01:01:00,971,974,971,973,13585.0,1860008.0
2026-06-23 01:02:00,973,975,972,975,14910.0,1859952.0
2026-06-23 01:03:00,975,975,973,973,9825.0,1857319.0
2026-06-23 01:04:00,973,974,973,973,8824.0,1856556.0
2026-06-23 01:05:00,973,975,972,974,16725.0,1854245.0
2026-06-23 01:06:00,974,976,974,976,12280.0,1856853.0
2026-06-23 01:07:00,976,978,975,977,21793.0,1855965.0
2026-06-23 01:08:00,977,979,976,977,21256.0,1852823.0
2026-06-23 01:09:00,977,978,976,977,8510.0,1852431.0
2026-06-23 01:10:00,977,978,976,976,6587.0,1851334.0
2026-06-23 01:11:00,976,977,976,977,4734.0,1850762.0
2026-06-23 01:12:00,977,977,974,974,7735.0,1849787.0
2026-06-23 01:13:00,974,975,974,975,2610.0,1850282.0
2026-06-23 01:14:00,975,976,974,976,7042.0,1852546.0
2026-06-23 01:15:00,976,976,974,974,7974.0,1852966.0
2026-06-23 01:16:00,974,975,974,975,2455.0,1853719.0
2026-06-23 01:17:00,975,975,974,975,1600.0,1853598.0
2026-06-23 01:18:00,975,975,974,974,2311.0,1853324.0
2026-06-23 01:19:00,974,975,972,972,13069.0,1857173.0
2026-06-23 01:20:00,972,974,972,973,4917.0,1856175.0
2026-06-23 01:21:00,973,975,973,973,3898.0,1855149.0
2026-06-23 01:22:00,973,975,973,975,3850.0,1854091.0
2026-06-23 01:23:00,975,975,974,975,2415.0,1854705.0
2026-06-23 01:24:00,975,975,974,974,1982.0,1855035.0
2026-06-23 01:25:00,974,975,974,974,6487.0,1856677.0
2026-06-23 01:26:00,974,975,974,974,1394.0,1856731.0
2026-06-23 01:27:00,974,975,974,975,1043.0,1857345.0
2026-06-23 01:28:00,975,975,974,974,1089.0,1857661.0
2026-06-23 01:29:00,974,975,973,975,11268.0,1853944.0
2026-06-23 01:30:00,975,975,973,974,8153.0,1851146.0
2026-06-23 01:31:00,974,975,974,974,2761.0,1851241.0
2026-06-23 01:32:00,974,975,973,973,3473.0,1851182.0
2026-06-23 01:33:00,973,975,973,975,3594.0,1852001.0
2026-06-23 01:34:00,975,975,974,974,545.0,1852205.0
2026-06-23 01:35:00,974,975,974,974,686.0,1852039.0
2026-06-23 01:36:00,974,975,974,974,584.0,1852002.0
2026-06-23 01:37:00,974,975,973,973,3511.0,1853888.0
2026-06-23 01:38:00,973,974,973,974,734.0,1853545.0
2026-06-23 01:39:00,974,974,972,973,5317.0,1853238.0
2026-06-23 01:40:00,973,973,972,972,2182.0,1853126.0
2026-06-23 01:41:00,972,973,972,972,1128.0,1852619.0
2026-06-23 01:42:00,972,973,971,971,6648.0,1852700.0
2026-06-23 01:43:00,971,973,971,972,4432.0,1852105.0
2026-06-23 01:44:00,972,973,972,972,383.0,1852268.0
2026-06-23 01:45:00,972,973,971,973,6418.0,1851681.0
2026-06-23 01:46:00,973,973,972,972,549.0,1851525.0
2026-06-23 01:47:00,972,973,972,972,523.0,1851517.0
2026-06-23 01:48:00,972,974,972,973,4177.0,1849766.0
2026-06-23 01:49:00,973,974,973,974,1019.0,1849611.0
2026-06-23 01:50:00,974,975,973,974,4819.0,1849008.0
2026-06-23 01:51:00,974,974,973,973,405.0,1848795.0
2026-06-23 01:52:00,973,974,973,974,3377.0,1849439.0
2026-06-23 01:53:00,974,975,973,973,2185.0,1849546.0
2026-06-23 01:54:00,973,974,973,973,5035.0,1852248.0
2026-06-23 01:55:00,973,973,972,973,1566.0,1852471.0
2026-06-23 01:56:00,973,974,972,972,4028.0,1852607.0
2026-06-23 01:57:00,972,973,972,972,1490.0,1852480.0
2026-06-23 01:58:00,972,973,971,972,5844.0,1855151.0
2026-06-23 01:59:00,972,973,971,973,2675.0,1854704.0
2026-06-23 02:00:00,973,973,971,972,3134.0,1855043.0
2026-06-23 02:01:00,972,972,971,971,1762.0,1854945.0
2026-06-23 02:02:00,971,973,971,972,4448.0,1854953.0
2026-06-23 02:03:00,972,972,971,971,3721.0,1854286.0
2026-06-23 02:04:00,971,972,970,970,7344.0,1855137.0
2026-06-23 02:05:00,970,971,970,971,1801.0,1854924.0
2026-06-23 02:06:00,971,971,970,970,5442.0,1854886.0
2026-06-23 02:07:00,970,972,970,971,4388.0,1853727.0
2026-06-23 02:08:00,971,972,970,971,2063.0,1854681.0
2026-06-23 02:09:00,971,971,970,970,994.0,1854806.0
2026-06-23 02:10:00,970,972,970,971,5212.0,1854332.0
2026-06-23 02:11:00,971,972,970,971,2867.0,1853764.0
2026-06-23 02:12:00,971,972,970,970,3037.0,1855175.0
2026-06-23 02:13:00,970,971,970,970,1279.0,1855305.0
2026-06-23 02:14:00,970,972,970,971,2424.0,1855444.0
2026-06-23 02:30:00,971,972,970,971,3598.0,1854790.0
2026-06-23 02:31:00,971,972,970,972,1767.0,1854512.0
2026-06-23 02:32:00,972,972,970,970,3424.0,1854014.0
2026-06-23 02:33:00,970,971,970,971,806.0,1854057.0
2026-06-23 02:34:00,971,971,969,969,8428.0,1856090.0
2026-06-23 02:35:00,969,971,969,970,5345.0,1857201.0
2026-06-23 02:36:00,970,971,969,971,1834.0,1857134.0
2026-06-23 02:37:00,971,971,969,970,1690.0,1856510.0
2026-06-23 02:38:00,970,970,968,969,6244.0,1858676.0
2026-06-23 02:39:00,969,970,968,969,4774.0,1858423.0
2026-06-23 02:40:00,969,970,968,969,3483.0,1858925.0
2026-06-23 02:41:00,969,970,968,969,4055.0,1858421.0
2026-06-23 02:42:00,969,970,968,969,3929.0,1858142.0
2026-06-23 02:43:00,969,970,969,970,1213.0,1858000.0
2026-06-23 02:44:00,970,970,968,969,2495.0,1857520.0
2026-06-23 02:45:00,969,970,969,969,841.0,1857109.0
2026-06-23 02:46:00,969,970,968,968,2601.0,1857724.0
2026-06-23 02:47:00,968,970,968,969,2318.0,1858195.0
2026-06-23 02:48:00,969,970,968,969,1005.0,1858318.0
2026-06-23 02:49:00,969,970,968,970,1683.0,1857775.0
2026-06-23 02:50:00,970,970,968,969,630.0,1857633.0
2026-06-23 02:51:00,969,969,968,969,593.0,1857484.0
2026-06-23 02:52:00,969,969,968,968,834.0,1857425.0
2026-06-23 02:53:00,968,969,968,969,615.0,1857326.0
2026-06-23 02:54:00,969,969,968,969,585.0,1857275.0
2026-06-23 02:55:00,969,969,968,969,541.0,1857122.0
2026-06-23 02:56:00,969,969,968,969,1107.0,1857385.0
2026-06-23 02:57:00,969,969,968,968,1159.0,1857220.0
2026-06-23 02:58:00,968,969,968,968,1347.0,1856571.0
2026-06-23 02:59:00,968,969,968,968,1125.0,1856468.0
2026-06-23 03:00:00,968,969,968,969,527.0,1856583.0
2026-06-23 03:01:00,969,969,968,968,651.0,1856505.0
2026-06-23 03:02:00,968,969,968,968,731.0,1856419.0
2026-06-23 03:03:00,968,969,968,969,447.0,1856281.0
2026-06-23 03:04:00,969,969,968,969,497.0,1856292.0
2026-06-23 03:05:00,969,970,968,969,3725.0,1857597.0
2026-06-23 03:06:00,969,970,969,969,1229.0,1857495.0
2026-06-23 03:07:00,969,970,968,969,2510.0,1857669.0
2026-06-23 03:08:00,969,969,968,968,476.0,1857604.0
2026-06-23 03:09:00,968,969,968,968,1744.0,1857540.0
2026-06-23 03:10:00,968,969,968,969,1178.0,1857612.0
2026-06-23 03:11:00,969,969,967,968,3014.0,1858134.0
2026-06-23 03:12:00,968,969,967,967,3794.0,1857032.0
2026-06-23 03:13:00,967,968,967,967,1305.0,1856338.0
2026-06-23 03:14:00,967,968,966,966,6779.0,1858148.0
2026-06-23 03:15:00,966,967,966,967,2712.0,1858155.0
2026-06-23 03:16:00,967,967,966,967,2655.0,1857415.0
2026-06-23 03:17:00,967,967,966,967,1892.0,1857352.0
2026-06-23 03:18:00,967,967,966,967,2106.0,1857802.0
2026-06-23 03:19:00,967,967,966,966,1395.0,1857565.0
2026-06-23 03:20:00,966,967,966,967,1674.0,1857586.0
2026-06-23 03:21:00,967,967,966,966,537.0,1857837.0
2026-06-23 03:22:00,966,967,966,967,1081.0,1858153.0
2026-06-23 03:23:00,967,967,966,967,1302.0,1858236.0
2026-06-23 03:24:00,967,967,966,967,867.0,1858319.0
2026-06-23 03:25:00,967,967,966,966,1163.0,1858620.0
2026-06-23 03:26:00,966,967,966,966,2817.0,1859269.0
2026-06-23 03:27:00,966,967,966,966,2669.0,1859581.0
2026-06-23 03:28:00,966,967,965,965,5822.0,1859393.0
2026-06-23 03:29:00,965,966,965,965,4842.0,1858722.0
2026-06-23 05:30:00,965,966,963,965,26824.0,1865517.0
2026-06-23 05:31:00,965,966,964,964,6093.0,1864576.0
2026-06-23 05:32:00,964,965,963,964,5451.0,1864838.0
2026-06-23 05:33:00,964,964,963,964,9542.0,1866523.0
2026-06-23 05:34:00,964,965,963,963,4878.0,1866450.0
2026-06-23 05:35:00,963,964,963,964,2330.0,1867169.0
2026-06-23 05:36:00,964,965,963,964,4611.0,1867782.0
2026-06-23 05:37:00,964,964,963,963,1683.0,1868535.0
2026-06-23 05:38:00,963,965,963,964,3188.0,1869333.0
2026-06-23 05:39:00,964,965,964,964,3930.0,1870805.0
2026-06-23 05:40:00,964,966,964,966,7667.0,1871550.0
2026-06-23 05:41:00,966,967,965,967,9086.0,1871304.0
2026-06-23 05:42:00,967,967,966,967,1071.0,1871843.0
2026-06-23 05:43:00,967,967,966,966,1079.0,1872223.0
2026-06-23 05:44:00,966,967,966,967,1105.0,1871806.0
2026-06-23 05:45:00,967,967,966,966,1423.0,1871798.0
2026-06-23 05:46:00,966,967,965,965,3088.0,1872119.0
2026-06-23 05:47:00,965,967,965,967,3062.0,1872522.0
2026-06-23 05:48:00,967,967,966,966,522.0,1872604.0
2026-06-23 05:49:00,966,967,966,966,410.0,1872767.0
2026-06-23 05:50:00,966,967,966,966,768.0,1872850.0
2026-06-23 05:51:00,966,967,966,966,771.0,1872716.0
2026-06-23 05:52:00,966,967,966,966,1692.0,1873228.0
2026-06-23 05:53:00,966,967,965,965,3064.0,1873198.0
2026-06-23 05:54:00,965,966,965,965,1047.0,1873251.0
2026-06-23 05:55:00,965,966,965,965,597.0,1873384.0
2026-06-23 05:56:00,965,966,964,965,10156.0,1875676.0
2026-06-23 05:57:00,965,966,965,966,889.0,1875692.0
2026-06-23 05:58:00,966,966,965,965,516.0,1875749.0
2026-06-23 05:59:00,965,966,964,964,2132.0,1875067.0
2026-06-23 06:00:00,964,965,964,965,724.0,1875300.0
2026-06-23 06:01:00,965,966,964,964,4289.0,1874128.0
2026-06-23 06:02:00,964,965,964,965,2641.0,1874878.0
2026-06-23 06:03:00,965,966,964,966,1989.0,1875050.0
2026-06-23 06:04:00,966,966,964,964,1058.0,1875126.0
2026-06-23 06:05:00,964,965,964,964,1081.0,1874963.0
2026-06-23 06:06:00,964,965,964,965,1030.0,1875224.0
2026-06-23 06:07:00,965,965,964,965,810.0,1875409.0
2026-06-23 06:08:00,965,965,964,964,731.0,1875545.0
2026-06-23 06:09:00,964,965,964,965,1255.0,1875945.0
2026-06-23 06:10:00,965,965,964,964,730.0,1876116.0
2026-06-23 06:11:00,964,965,964,965,1810.0,1876284.0
2026-06-23 06:12:00,965,965,963,964,5038.0,1875916.0
2026-06-23 06:13:00,964,965,963,965,3076.0,1876400.0
2026-06-23 06:14:00,965,965,964,964,610.0,1876239.0
2026-06-23 06:15:00,964,965,964,964,1179.0,1875948.0
2026-06-23 06:16:00,964,965,964,965,716.0,1875825.0
2026-06-23 06:17:00,965,965,964,964,695.0,1875753.0
2026-06-23 06:18:00,964,965,964,965,666.0,1875862.0
2026-06-23 06:19:00,965,965,964,964,807.0,1875674.0
2026-06-23 06:20:00,964,965,963,964,3455.0,1876943.0
2026-06-23 06:21:00,964,964,963,964,1667.0,1877000.0
2026-06-23 06:22:00,964,964,963,964,899.0,1877118.0
2026-06-23 06:23:00,964,964,963,964,639.0,1877297.0
2026-06-23 06:24:00,964,964,963,963,1912.0,1877070.0
2026-06-23 06:25:00,963,964,963,964,2180.0,1877920.0
2026-06-23 06:26:00,964,964,963,963,1165.0,1878063.0
2026-06-23 06:27:00,963,964,963,963,1083.0,1877817.0
2026-06-23 06:28:00,963,964,963,963,1444.0,1877921.0
2026-06-23 06:29:00,963,964,963,964,2194.0,1878881.0
2026-06-23 06:30:00,964,964,963,964,4975.0,1878823.0
2026-06-23 06:31:00,964,965,963,964,2996.0,1878760.0
2026-06-23 06:32:00,964,964,963,964,1027.0,1878920.0
2026-06-23 06:33:00,964,964,963,964,1260.0,1878898.0
2026-06-23 06:34:00,964,964,963,963,1061.0,1878845.0
2026-06-23 06:35:00,963,964,962,963,7842.0,1879663.0
2026-06-23 06:36:00,963,964,962,963,4631.0,1880110.0
2026-06-23 06:37:00,963,964,963,963,1412.0,1880487.0
2026-06-23 06:38:00,963,964,962,963,4486.0,1880143.0
2026-06-23 06:39:00,963,964,963,964,1005.0,1879648.0
2026-06-23 06:40:00,964,965,963,965,5484.0,1878852.0
2026-06-23 06:41:00,965,965,964,965,920.0,1878817.0
2026-06-23 06:42:00,965,965,964,964,700.0,1878729.0
2026-06-23 06:43:00,964,965,964,964,1536.0,1877950.0
2026-06-23 06:44:00,964,966,964,966,6357.0,1874901.0
2026-06-23 06:45:00,966,967,965,966,6330.0,1874013.0
2026-06-23 06:46:00,966,966,965,965,4191.0,1873947.0
2026-06-23 06:47:00,965,966,965,965,1821.0,1873128.0
2026-06-23 06:48:00,965,966,965,965,1629.0,1873406.0
2026-06-23 06:49:00,965,967,965,966,7242.0,1871008.0
2026-06-23 06:50:00,966,967,966,967,3387.0,1870596.0
2026-06-23 06:51:00,967,967,966,966,1828.0,1870031.0
2026-06-23 06:52:00,966,967,966,966,1708.0,1869421.0
2026-06-23 06:53:00,966,967,966,966,2055.0,1869202.0
2026-06-23 06:54:00,966,967,966,967,1662.0,1869150.0
2026-06-23 06:55:00,967,967,966,966,2559.0,1868283.0
2026-06-23 06:56:00,966,967,966,967,2460.0,1867515.0
2026-06-23 06:57:00,967,967,966,966,2192.0,1867419.0
2026-06-23 06:58:00,966,967,966,967,6715.0,1865518.0
2026-06-23 06:59:00,967,968,966,967,10026.0,1863497.0
2026-06-23 13:00:00,967,968,965,967,20045.0,1862834.0
2026-06-23 13:01:00,967,969,966,968,12251.0,1864239.0
2026-06-23 13:02:00,968,969,967,967,7886.0,1865742.0
2026-06-23 13:03:00,967,968,967,967,3955.0,1865361.0
2026-06-23 13:04:00,967,969,967,969,7770.0,1866071.0
2026-06-23 13:05:00,969,970,968,969,7950.0,1867623.0
2026-06-23 13:06:00,969,970,968,969,13540.0,1870425.0
2026-06-23 13:07:00,969,969,968,969,2614.0,1871036.0
2026-06-23 13:08:00,969,969,968,969,1409.0,1871211.0
2026-06-23 13:09:00,969,969,968,968,899.0,1871460.0
2026-06-23 13:10:00,968,970,968,968,6465.0,1872569.0
2026-06-23 13:11:00,968,969,967,967,6566.0,1873293.0
2026-06-23 13:12:00,967,969,967,968,12053.0,1870275.0
2026-06-23 13:13:00,968,969,967,968,2982.0,1869712.0
2026-06-23 13:14:00,968,968,967,968,1140.0,1869768.0
2026-06-23 13:15:00,968,968,967,968,1044.0,1869873.0
2026-06-23 13:16:00,968,969,967,968,7050.0,1868904.0
2026-06-23 13:17:00,968,970,968,970,5453.0,1869121.0
2026-06-23 13:18:00,970,970,968,968,3753.0,1868261.0
2026-06-23 13:19:00,968,969,968,969,1197.0,1867919.0
2026-06-23 13:20:00,969,970,968,969,5720.0,1868278.0
2026-06-23 13:21:00,969,969,968,968,1014.0,1868130.0
2026-06-23 13:22:00,968,969,968,969,404.0,1867964.0
2026-06-23 13:23:00,969,969,968,968,657.0,1867795.0
2026-06-23 13:24:00,968,968,967,968,4307.0,1868665.0
2026-06-23 13:25:00,968,968,966,967,4949.0,1869459.0
2026-06-23 13:26:00,967,967,966,966,1385.0,1869371.0
2026-06-23 13:27:00,966,967,966,966,3017.0,1870736.0
2026-06-23 13:28:00,966,967,966,967,1314.0,1870881.0
2026-06-23 13:29:00,967,967,966,966,1622.0,1871005.0
2026-06-23 13:30:00,966,967,966,966,448.0,1870921.0
2026-06-23 13:31:00,966,967,966,967,782.0,1870991.0
2026-06-23 13:32:00,967,968,966,968,4470.0,1870561.0
2026-06-23 13:33:00,968,968,966,967,2800.0,1871188.0
2026-06-23 13:34:00,967,968,966,967,3258.0,1871515.0
2026-06-23 13:35:00,967,968,967,967,298.0,1871435.0
2026-06-23 13:36:00,967,968,967,968,798.0,1871143.0
2026-06-23 13:37:00,968,968,967,968,658.0,1871280.0
2026-06-23 13:38:00,968,968,967,967,527.0,1871314.0
2026-06-23 13:39:00,967,968,967,967,417.0,1871539.0
2026-06-23 13:40:00,967,968,967,967,436.0,1871680.0
2026-06-23 13:41:00,967,968,967,968,381.0,1871796.0
2026-06-23 13:42:00,968,968,967,967,585.0,1871801.0
2026-06-23 13:43:00,967,969,967,969,5283.0,1871344.0
2026-06-23 13:44:00,969,969,967,968,2315.0,1871782.0
2026-06-23 13:45:00,968,969,967,968,2515.0,1872493.0
2026-06-23 13:46:00,968,969,968,968,785.0,1872443.0
2026-06-23 13:47:00,968,969,968,968,389.0,1872379.0
2026-06-23 13:48:00,968,969,967,968,2203.0,1872569.0
2026-06-23 13:49:00,968,968,967,967,238.0,1872468.0
2026-06-23 13:50:00,967,968,967,968,660.0,1872912.0
2026-06-23 13:51:00,968,968,967,967,387.0,1872862.0
2026-06-23 13:52:00,967,969,967,969,2881.0,1872885.0
2026-06-23 13:53:00,969,969,968,969,328.0,1872737.0
2026-06-23 13:54:00,969,969,968,969,140.0,1872698.0
2026-06-23 13:55:00,969,969,968,968,373.0,1872827.0
2026-06-23 13:56:00,968,969,968,969,288.0,1872892.0
2026-06-23 13:57:00,969,969,968,969,177.0,1872945.0
2026-06-23 13:58:00,969,969,968,969,244.0,1872954.0
2026-06-23 13:59:00,969,969,968,968,506.0,1873057.0
2026-06-23 14:00:00,968,969,968,968,875.0,1873477.0
2026-06-23 14:01:00,968,969,968,969,380.0,1873529.0
2026-06-23 14:02:00,969,969,968,969,4415.0,1872103.0
2026-06-23 14:03:00,969,970,968,969,5399.0,1871190.0
2026-06-23 14:04:00,969,970,969,969,2315.0,1871229.0
2026-06-23 14:05:00,969,970,969,970,988.0,1870845.0
2026-06-23 14:06:00,970,971,969,971,8214.0,1870066.0
2026-06-23 14:07:00,971,972,970,971,15903.0,1870151.0
2026-06-23 14:08:00,971,972,970,971,6053.0,1870987.0
2026-06-23 14:09:00,971,973,970,973,11512.0,1867447.0
2026-06-23 14:10:00,973,973,971,971,6018.0,1868018.0
2026-06-23 14:11:00,971,972,971,972,1124.0,1867809.0
2026-06-23 14:12:00,972,972,971,972,1213.0,1867710.0
2026-06-23 14:13:00,972,973,971,972,5767.0,1867827.0
2026-06-23 14:14:00,972,973,972,972,1175.0,1867757.0
2026-06-23 14:15:00,972,973,972,972,1104.0,1867564.0
2026-06-23 14:16:00,972,973,971,971,3508.0,1867955.0
2026-06-23 14:17:00,971,972,971,971,820.0,1867907.0
2026-06-23 14:18:00,971,972,970,971,6671.0,1869280.0
2026-06-23 14:19:00,971,972,971,971,2714.0,1868783.0
2026-06-23 14:20:00,971,971,970,970,1005.0,1869073.0
2026-06-23 14:21:00,970,971,970,971,1137.0,1869640.0
2026-06-23 14:22:00,971,971,970,970,749.0,1869801.0
2026-06-23 14:23:00,970,971,969,969,9743.0,1871489.0
2026-06-23 14:24:00,969,970,969,970,331.0,1871594.0
2026-06-23 14:25:00,970,970,969,969,1073.0,1871614.0
2026-06-23 14:26:00,969,970,969,969,717.0,1871585.0
2026-06-23 14:27:00,969,970,968,969,2949.0,1871925.0
2026-06-23 14:28:00,969,970,968,969,2279.0,1871403.0
2026-06-23 14:29:00,969,970,969,969,237.0,1871540.0
2026-06-23 14:30:00,969,970,969,969,954.0,1871826.0
2026-06-23 14:31:00,969,970,968,969,1822.0,1871511.0
2026-06-23 14:32:00,969,970,969,969,1711.0,1870930.0
2026-06-23 14:33:00,969,970,969,970,401.0,1871183.0
2026-06-23 14:34:00,970,970,969,969,465.0,1871098.0
2026-06-23 14:35:00,969,970,969,969,588.0,1870955.0
2026-06-23 14:36:00,969,970,969,970,247.0,1870912.0
2026-06-23 14:37:00,970,970,969,969,298.0,1870937.0
2026-06-23 14:38:00,969,970,969,970,361.0,1871006.0
2026-06-23 14:39:00,970,971,969,971,6073.0,1869589.0
2026-06-23 14:40:00,971,971,970,971,801.0,1869513.0
2026-06-23 14:41:00,971,971,970,971,835.0,1869216.0
2026-06-23 14:42:00,971,971,970,970,431.0,1869085.0
2026-06-23 14:43:00,970,972,970,971,2560.0,1867992.0
2026-06-23 14:44:00,971,972,970,971,3424.0,1867599.0
2026-06-23 14:45:00,971,971,970,971,366.0,1867677.0
2026-06-23 14:46:00,971,971,970,971,1226.0,1867016.0
2026-06-23 14:47:00,971,971,970,970,432.0,1866975.0
2026-06-23 14:48:00,970,971,970,971,591.0,1866689.0
2026-06-23 14:49:00,971,971,970,970,356.0,1866791.0
2026-06-23 14:50:00,970,971,970,970,448.0,1866834.0
2026-06-23 14:51:00,970,971,970,971,389.0,1866989.0
2026-06-23 14:52:00,971,971,970,970,539.0,1867068.0
2026-06-23 14:53:00,970,971,970,971,513.0,1867028.0
2026-06-23 14:54:00,971,971,970,971,312.0,1866930.0
2026-06-23 14:55:00,971,971,970,970,642.0,1866628.0
2026-06-23 14:56:00,970,971,969,970,4601.0,1866043.0
2026-06-23 14:57:00,970,971,969,971,3071.0,1865307.0
2026-06-23 14:58:00,971,971,970,970,1955.0,1865203.0
2026-06-23 14:59:00,970,971,969,969,4985.0,1862561.0
2026-06-24 01:00:00,969,972,969,969,7100.0,1862519.0
2026-06-24 01:01:00,969,970,969,970,1624.0,1862913.0
2026-06-24 01:02:00,970,971,969,970,3520.0,1863924.0
2026-06-24 01:03:00,970,971,969,969,3985.0,1864043.0
2026-06-24 01:04:00,969,972,969,971,4439.0,1863852.0
2026-06-24 01:05:00,971,972,969,970,4008.0,1864519.0
2026-06-24 01:06:00,970,970,969,970,4998.0,1865704.0
2026-06-24 01:07:00,970,972,970,971,6879.0,1865849.0
2026-06-24 01:08:00,971,972,970,970,1577.0,1865988.0
2026-06-24 01:09:00,970,971,970,971,435.0,1865924.0
2026-06-24 01:10:00,971,972,970,972,2499.0,1865627.0
2026-06-24 01:11:00,972,972,970,970,2510.0,1865446.0
2026-06-24 01:12:00,970,972,970,971,1926.0,1864876.0
2026-06-24 01:13:00,971,971,968,969,6276.0,1867206.0
2026-06-24 01:14:00,969,969,968,968,1713.0,1867529.0
2026-06-24 01:15:00,968,969,968,969,1717.0,1868307.0
2026-06-24 01:16:00,969,971,968,970,8570.0,1867697.0
2026-06-24 01:17:00,970,971,970,970,843.0,1867571.0
2026-06-24 01:18:00,970,971,970,971,976.0,1867087.0
2026-06-24 01:19:00,971,971,970,970,529.0,1867094.0
2026-06-24 01:20:00,970,971,970,971,562.0,1867084.0
2026-06-24 01:21:00,971,972,970,971,6408.0,1865681.0
2026-06-24 01:22:00,971,972,971,971,3187.0,1864808.0
2026-06-24 01:23:00,971,971,970,971,2830.0,1864781.0
2026-06-24 01:24:00,971,971,970,970,3996.0,1865199.0
2026-06-24 01:25:00,970,971,970,970,639.0,1865544.0
2026-06-24 01:26:00,970,971,970,971,501.0,1865672.0
2026-06-24 01:27:00,971,971,970,970,435.0,1865766.0
2026-06-24 01:28:00,970,971,970,970,487.0,1865911.0
2026-06-24 01:29:00,970,971,969,970,2839.0,1867408.0
2026-06-24 01:30:00,970,970,969,969,366.0,1867398.0
2026-06-24 01:31:00,969,970,969,969,1046.0,1867577.0
2026-06-24 01:32:00,969,970,968,970,5524.0,1868370.0
2026-06-24 01:33:00,970,970,968,968,2006.0,1869106.0
2026-06-24 01:34:00,968,970,968,968,2009.0,1868532.0
2026-06-24 01:35:00,968,970,968,969,1906.0,1867942.0
2026-06-24 01:36:00,969,970,969,969,456.0,1868082.0
2026-06-24 01:37:00,969,970,969,969,485.0,1868115.0
2026-06-24 01:38:00,969,970,969,969,488.0,1868051.0
2026-06-24 01:39:00,969,970,969,970,647.0,1868023.0
2026-06-24 01:40:00,970,970,969,970,224.0,1868007.0
2026-06-24 01:41:00,970,970,969,970,585.0,1867963.0
2026-06-24 01:42:00,970,970,969,970,318.0,1867947.0
2026-06-24 01:43:00,970,970,969,969,315.0,1867906.0
2026-06-24 01:44:00,969,970,969,970,528.0,1867919.0
2026-06-24 01:45:00,970,970,969,969,548.0,1867862.0
2026-06-24 01:46:00,969,970,969,970,309.0,1867877.0
2026-06-24 01:47:00,970,971,969,971,3776.0,1867256.0
2026-06-24 01:48:00,971,971,969,969,1670.0,1867594.0
2026-06-24 01:49:00,969,970,969,970,373.0,1867556.0
2026-06-24 01:50:00,970,970,969,970,312.0,1867598.0
2026-06-24 01:51:00,970,970,969,969,256.0,1867665.0
2026-06-24 01:52:00,969,970,969,970,307.0,1867712.0
2026-06-24 01:53:00,970,970,969,969,405.0,1867758.0
2026-06-24 01:54:00,969,971,969,971,2729.0,1867025.0
2026-06-24 01:55:00,971,971,970,971,633.0,1867174.0
2026-06-24 01:56:00,971,971,970,970,414.0,1867343.0
2026-06-24 01:57:00,970,971,970,971,6608.0,1867252.0
2026-06-24 01:58:00,971,971,970,971,2188.0,1867506.0
2026-06-24 01:59:00,971,971,970,971,412.0,1867759.0
2026-06-24 02:00:00,971,971,970,971,2739.0,1867852.0
2026-06-24 02:01:00,971,971,970,970,2027.0,1868062.0
2026-06-24 02:02:00,970,971,970,971,645.0,1868410.0
2026-06-24 02:03:00,971,971,970,970,1234.0,1868810.0
2026-06-24 02:04:00,970,971,970,970,319.0,1868837.0
2026-06-24 02:05:00,970,971,970,970,432.0,1868726.0
2026-06-24 02:06:00,970,971,969,970,3542.0,1868953.0
2026-06-24 02:07:00,970,971,969,971,5456.0,1867569.0
2026-06-24 02:08:00,971,972,970,972,5713.0,1866741.0
2026-06-24 02:09:00,972,972,971,971,701.0,1866998.0
2026-06-24 02:10:00,971,972,971,971,784.0,1866847.0
2026-06-24 02:11:00,971,972,971,972,663.0,1866808.0
2026-06-24 02:12:00,972,972,971,971,492.0,1866599.0
2026-06-24 02:13:00,971,974,971,974,11657.0,1865367.0
2026-06-24 02:14:00,974,976,973,975,24149.0,1858875.0
2026-06-24 02:30:00,975,982,975,979,60206.0,1850232.0
2026-06-24 02:31:00,979,980,978,978,12724.0,1851366.0
2026-06-24 02:32:00,978,980,978,980,26260.0,1849242.0
2026-06-24 02:33:00,980,981,978,980,26586.0,1845923.0
2026-06-24 02:34:00,980,981,979,979,12426.0,1844306.0
2026-06-24 02:35:00,979,980,978,979,11851.0,1842248.0
2026-06-24 02:36:00,979,980,978,978,7936.0,1842343.0
2026-06-24 02:37:00,978,979,978,978,3106.0,1841637.0
2026-06-24 02:38:00,978,979,977,978,7754.0,1840714.0
2026-06-24 02:39:00,978,978,976,977,10875.0,1837747.0
2026-06-24 02:40:00,977,979,977,977,7929.0,1838033.0
2026-06-24 02:41:00,977,978,976,976,9258.0,1836186.0
2026-06-24 02:42:00,976,978,976,977,4063.0,1836093.0
2026-06-24 02:43:00,977,978,977,977,1662.0,1835961.0
2026-06-24 02:44:00,977,978,977,978,1436.0,1835905.0
2026-06-24 02:45:00,978,980,977,979,13062.0,1833006.0
2026-06-24 02:46:00,979,980,978,979,4270.0,1832506.0
2026-06-24 02:47:00,979,980,978,979,4429.0,1831777.0
2026-06-24 02:48:00,979,980,978,979,4350.0,1832847.0
2026-06-24 02:49:00,979,983,978,983,27783.0,1836805.0
2026-06-24 02:50:00,983,983,981,982,25083.0,1831060.0
2026-06-24 02:51:00,982,983,981,982,12217.0,1832868.0
2026-06-24 02:52:00,982,983,981,982,6319.0,1831314.0
2026-06-24 02:53:00,982,982,981,981,2083.0,1831439.0
2026-06-24 02:54:00,981,982,981,981,2776.0,1831785.0
2026-06-24 02:55:00,981,983,981,981,8061.0,1830800.0
2026-06-24 02:56:00,981,982,980,981,12966.0,1826907.0
2026-06-24 02:57:00,981,982,981,982,3212.0,1827149.0
2026-06-24 02:58:00,982,982,980,980,8379.0,1825644.0
2026-06-24 02:59:00,980,982,980,981,5303.0,1824444.0
2026-06-24 03:00:00,981,982,981,982,2260.0,1824753.0
2026-06-24 03:01:00,982,982,981,981,8571.0,1822892.0
2026-06-24 03:02:00,981,982,980,981,2852.0,1822271.0
2026-06-24 03:03:00,981,981,979,979,6060.0,1822190.0
2026-06-24 03:04:00,979,980,979,980,2213.0,1822033.0
2026-06-24 03:05:00,980,980,979,979,2428.0,1821902.0
2026-06-24 03:06:00,979,981,979,980,6855.0,1821753.0
2026-06-24 03:07:00,980,981,980,980,1140.0,1821404.0
2026-06-24 03:08:00,980,981,979,979,2941.0,1820612.0
2026-06-24 03:09:00,979,981,979,981,4640.0,1819732.0
2026-06-24 03:10:00,981,981,979,979,4867.0,1819755.0
2026-06-24 03:11:00,979,980,979,979,649.0,1819732.0
2026-06-24 03:12:00,979,980,979,979,993.0,1819586.0
2026-06-24 03:13:00,979,980,978,979,2679.0,1818478.0
2026-06-24 03:14:00,979,980,979,979,2642.0,1819105.0
2026-06-24 03:15:00,979,980,979,979,431.0,1818941.0
2026-06-24 03:16:00,979,980,979,979,619.0,1818685.0
2026-06-24 03:17:00,979,980,978,978,3627.0,1819072.0
2026-06-24 03:18:00,978,979,978,979,898.0,1819233.0
2026-06-24 03:19:00,979,980,978,980,3076.0,1818081.0
2026-06-24 03:20:00,980,980,978,978,3012.0,1817613.0
2026-06-24 03:21:00,978,979,978,979,870.0,1817766.0
2026-06-24 03:22:00,979,979,978,978,1117.0,1817755.0
2026-06-24 03:23:00,978,979,978,979,842.0,1817568.0
2026-06-24 03:24:00,979,979,978,978,703.0,1817184.0
2026-06-24 03:25:00,978,979,978,979,675.0,1817110.0
2026-06-24 03:26:00,979,979,978,978,845.0,1816846.0
2026-06-24 03:27:00,978,979,977,978,7970.0,1815178.0
2026-06-24 03:28:00,978,979,978,978,555.0,1815029.0
2026-06-24 03:29:00,978,979,977,978,5858.0,1812215.0
2026-06-24 05:30:00,978,980,978,978,9956.0,1811458.0
2026-06-24 05:31:00,978,979,977,977,3288.0,1811074.0
2026-06-24 05:32:00,977,978,976,977,6471.0,1810639.0
2026-06-24 05:33:00,977,978,976,976,3252.0,1810522.0
2026-06-24 05:34:00,976,977,976,976,1079.0,1810516.0
2026-06-24 05:35:00,976,977,975,976,10319.0,1808903.0
2026-06-24 05:36:00,976,977,976,976,1205.0,1808787.0
2026-06-24 05:37:00,976,977,976,977,1201.0,1808910.0
2026-06-24 05:38:00,977,977,976,976,1551.0,1809138.0
2026-06-24 05:39:00,976,977,976,976,1030.0,1809071.0
2026-06-24 05:40:00,976,977,976,976,1151.0,1808981.0
2026-06-24 05:41:00,976,977,975,975,3537.0,1809209.0
2026-06-24 05:42:00,975,976,975,975,1297.0,1808790.0
2026-06-24 05:43:00,975,976,975,975,783.0,1808639.0
2026-06-24 05:44:00,975,976,975,975,763.0,1808398.0
2026-06-24 05:45:00,975,976,975,975,1600.0,1808793.0
2026-06-24 05:46:00,975,976,975,975,1249.0,1808813.0
2026-06-24 05:47:00,975,977,975,976,7774.0,1809194.0
2026-06-24 05:48:00,976,977,975,976,1679.0,1808788.0
2026-06-24 05:49:00,976,976,975,975,2115.0,1809751.0
2026-06-24 05:50:00,975,976,974,975,9387.0,1811487.0
2026-06-24 05:51:00,975,976,975,975,747.0,1811466.0
2026-06-24 05:52:00,975,976,975,975,349.0,1811608.0
2026-06-24 05:53:00,975,976,975,975,1510.0,1812131.0
2026-06-24 05:54:00,975,976,975,975,576.0,1812099.0
2026-06-24 05:55:00,975,976,975,976,554.0,1812121.0
2026-06-24 05:56:00,976,976,975,976,824.0,1812035.0
2026-06-24 05:57:00,976,976,975,975,737.0,1811842.0
2026-06-24 05:58:00,975,976,975,975,588.0,1811916.0
2026-06-24 05:59:00,975,976,975,975,416.0,1812000.0
2026-06-24 06:00:00,975,976,975,976,855.0,1812116.0
2026-06-24 06:01:00,976,976,975,975,1186.0,1811740.0
2026-06-24 06:02:00,975,976,975,976,889.0,1811693.0
2026-06-24 06:03:00,976,977,976,977,4071.0,1812906.0
2026-06-24 06:04:00,977,977,976,976,666.0,1812977.0
2026-06-24 06:05:00,976,977,976,977,647.0,1812757.0
2026-06-24 06:06:00,977,977,976,976,792.0,1812529.0
2026-06-24 06:07:00,976,977,976,977,408.0,1812300.0
2026-06-24 06:08:00,977,977,976,976,462.0,1812235.0
2026-06-24 06:09:00,976,977,976,977,472.0,1812123.0
2026-06-24 06:10:00,977,977,976,977,1894.0,1811397.0
2026-06-24 06:11:00,977,977,976,977,571.0,1811328.0
2026-06-24 06:12:00,977,977,976,976,516.0,1811234.0
2026-06-24 06:13:00,976,977,975,975,7092.0,1813524.0
2026-06-24 06:14:00,975,976,974,974,5643.0,1814264.0
2026-06-24 06:15:00,974,975,974,975,1045.0,1814085.0
2026-06-24 06:16:00,975,975,973,973,8835.0,1812874.0
2026-06-24 06:17:00,973,974,973,973,2017.0,1812607.0
2026-06-24 06:18:00,973,975,973,974,6232.0,1812663.0
2026-06-24 06:19:00,974,975,974,975,638.0,1812400.0
2026-06-24 06:20:00,975,975,974,974,2954.0,1812279.0
2026-06-24 06:21:00,974,974,973,973,1864.0,1811868.0
2026-06-24 06:22:00,973,974,973,973,6444.0,1812628.0
2026-06-24 06:23:00,973,974,973,973,915.0,1812499.0
2026-06-24 06:24:00,973,974,973,974,923.0,1812283.0
2026-06-24 06:25:00,974,974,973,973,473.0,1812059.0
2026-06-24 06:26:00,973,975,973,974,8120.0,1814508.0
2026-06-24 06:27:00,974,974,973,973,1512.0,1813794.0
2026-06-24 06:28:00,973,974,973,973,595.0,1813831.0
2026-06-24 06:29:00,973,974,972,973,12180.0,1813618.0
2026-06-24 06:30:00,973,974,973,973,2538.0,1812603.0
2026-06-24 06:31:00,973,974,972,973,3079.0,1813144.0
2026-06-24 06:32:00,973,973,972,973,1985.0,1812826.0
2026-06-24 06:33:00,973,973,972,973,800.0,1812806.0
2026-06-24 06:34:00,973,973,972,972,807.0,1812472.0
2026-06-24 06:35:00,972,974,972,974,5087.0,1812567.0
2026-06-24 06:36:00,974,974,973,974,582.0,1812234.0
2026-06-24 06:37:00,974,974,973,974,819.0,1812270.0
2026-06-24 06:38:00,974,975,973,975,4594.0,1812396.0
2026-06-24 06:39:00,975,975,974,974,781.0,1812572.0
2026-06-24 06:40:00,974,975,973,974,2628.0,1812869.0
2026-06-24 06:41:00,974,974,973,974,535.0,1812918.0
2026-06-24 06:42:00,974,974,973,974,324.0,1812890.0
2026-06-24 06:43:00,974,974,973,973,483.0,1812787.0
2026-06-24 06:44:00,973,974,973,973,841.0,1812633.0
2026-06-24 06:45:00,973,974,973,974,1381.0,1812445.0
2026-06-24 06:46:00,974,974,973,974,724.0,1812364.0
2026-06-24 06:47:00,974,974,972,973,4589.0,1812775.0
2026-06-24 06:48:00,973,974,972,973,5566.0,1812681.0
2026-06-24 06:49:00,973,974,973,973,965.0,1812712.0
2026-06-24 06:50:00,973,974,973,974,1575.0,1812135.0
2026-06-24 06:51:00,974,974,973,974,4464.0,1809618.0
2026-06-24 06:52:00,974,974,973,974,919.0,1809543.0
2026-06-24 06:53:00,974,974,973,974,1046.0,1809101.0
2026-06-24 06:54:00,974,974,973,973,1331.0,1809037.0
2026-06-24 06:55:00,973,974,973,974,1917.0,1808296.0
2026-06-24 06:56:00,974,975,973,974,8815.0,1808473.0
2026-06-24 06:57:00,974,975,973,973,2584.0,1808054.0
2026-06-24 06:58:00,973,974,973,974,3557.0,1808023.0
2026-06-24 06:59:00,974,974,973,973,8331.0,1804930.0
2026-06-24 13:00:00,975,977,973,975,33771.0,1807703.0
2026-06-24 13:01:00,975,978,975,976,13686.0,1808629.0
2026-06-24 13:02:00,976,979,975,978,12720.0,1809682.0
2026-06-24 13:03:00,978,980,978,980,18622.0,1812762.0
2026-06-24 13:04:00,980,980,978,979,12536.0,1813394.0
2026-06-24 13:05:00,979,979,977,979,7874.0,1814584.0
2026-06-24 13:06:00,979,979,978,978,4060.0,1815812.0
2026-06-24 13:07:00,978,979,977,978,8013.0,1816237.0
2026-06-24 13:08:00,978,980,978,979,8836.0,1819139.0
2026-06-24 13:09:00,979,979,978,979,2428.0,1819046.0
2026-06-24 13:10:00,979,979,978,979,3371.0,1820023.0
2026-06-24 13:11:00,979,980,978,979,8658.0,1819551.0
2026-06-24 13:12:00,979,979,978,978,1168.0,1819540.0
2026-06-24 13:13:00,978,980,978,979,5777.0,1819048.0
2026-06-24 13:14:00,979,981,979,981,12749.0,1821419.0
2026-06-24 13:15:00,981,981,979,979,12981.0,1820318.0
2026-06-24 13:16:00,979,980,979,980,2335.0,1819972.0
2026-06-24 13:17:00,980,981,979,980,7757.0,1819130.0
2026-06-24 13:18:00,980,980,978,980,7590.0,1817975.0
2026-06-24 13:19:00,980,980,979,979,2276.0,1818416.0
2026-06-24 13:20:00,979,980,979,979,2142.0,1818736.0
2026-06-24 13:21:00,979,980,979,979,1457.0,1818469.0
2026-06-24 13:22:00,979,980,978,979,6922.0,1817118.0
2026-06-24 13:23:00,979,979,978,979,1627.0,1816805.0
2026-06-24 13:24:00,979,979,978,978,1644.0,1816728.0
2026-06-24 13:25:00,978,979,977,977,12513.0,1817541.0
2026-06-24 13:26:00,977,978,977,978,2255.0,1817563.0
2026-06-24 13:27:00,978,978,976,977,8429.0,1816355.0
2026-06-24 13:28:00,977,978,976,977,3544.0,1815210.0
2026-06-24 13:29:00,977,978,976,978,3514.0,1815513.0
2026-06-24 13:30:00,978,978,976,976,3475.0,1814498.0
2026-06-24 13:31:00,976,978,976,978,1941.0,1814758.0
2026-06-24 13:32:00,978,978,977,977,847.0,1814830.0
2026-06-24 13:33:00,977,978,977,977,589.0,1814793.0
2026-06-24 13:34:00,977,978,977,977,797.0,1814563.0
2026-06-24 13:35:00,977,978,977,978,967.0,1814244.0
2026-06-24 13:36:00,978,979,977,979,8051.0,1814362.0
2026-06-24 13:37:00,979,979,978,978,1514.0,1814164.0
2026-06-24 13:38:00,978,980,977,978,9753.0,1813364.0
2026-06-24 13:39:00,978,978,977,977,5579.0,1814035.0
2026-06-24 13:40:00,977,978,977,977,1233.0,1813748.0
2026-06-24 13:41:00,977,978,977,978,2501.0,1813302.0
2026-06-24 13:42:00,978,978,977,977,633.0,1813243.0
2026-06-24 13:43:00,977,978,977,977,278.0,1813191.0
2026-06-24 13:44:00,977,978,977,978,644.0,1813009.0
2026-06-24 13:45:00,978,980,977,979,6619.0,1813151.0
2026-06-24 13:46:00,979,980,979,980,2095.0,1813623.0
2026-06-24 13:47:00,980,980,979,980,912.0,1813726.0
2026-06-24 13:48:00,980,980,979,979,717.0,1813574.0
2026-06-24 13:49:00,979,980,979,979,911.0,1813512.0
2026-06-24 13:50:00,979,980,978,979,4639.0,1812708.0
2026-06-24 13:51:00,979,979,978,979,605.0,1812489.0
2026-06-24 13:52:00,979,979,978,979,548.0,1812264.0
2026-06-24 13:53:00,979,980,978,980,3510.0,1812744.0
2026-06-24 13:54:00,980,980,978,979,4242.0,1812213.0
2026-06-24 13:55:00,979,980,979,980,1669.0,1812770.0
2026-06-24 13:56:00,980,981,980,981,7337.0,1812678.0
2026-06-24 13:57:00,981,982,980,981,11442.0,1813027.0
2026-06-24 13:58:00,981,981,980,980,6639.0,1812332.0
2026-06-24 13:59:00,980,981,980,981,1188.0,1812516.0
2026-06-24 14:00:00,981,981,980,981,1768.0,1812049.0
2026-06-24 14:01:00,981,981,980,980,744.0,1811965.0
2026-06-24 14:02:00,980,981,979,979,4213.0,1811349.0
2026-06-24 14:03:00,979,980,979,980,663.0,1811335.0
2026-06-24 14:04:00,980,980,978,978,5497.0,1812014.0
2026-06-24 14:05:00,978,979,978,979,794.0,1812046.0
2026-06-24 14:06:00,979,979,978,978,478.0,1812027.0
2026-06-24 14:07:00,978,979,978,978,889.0,1811816.0
2026-06-24 14:08:00,978,979,978,978,1261.0,1811358.0
2026-06-24 14:09:00,978,979,978,978,483.0,1811576.0
2026-06-24 14:10:00,978,979,978,979,1543.0,1812059.0
2026-06-24 14:11:00,979,979,978,979,519.0,1812028.0
2026-06-24 14:12:00,979,979,978,978,373.0,1811952.0
2026-06-24 14:13:00,978,979,977,978,4264.0,1812469.0
2026-06-24 14:14:00,978,978,977,977,538.0,1812446.0
2026-06-24 14:15:00,977,978,977,977,557.0,1812554.0
2026-06-24 14:16:00,977,978,977,977,733.0,1812745.0
2026-06-24 14:17:00,977,978,977,978,568.0,1812530.0
2026-06-24 14:18:00,978,978,977,978,447.0,1812460.0
2026-06-24 14:19:00,978,978,977,977,1113.0,1812342.0
2026-06-24 14:20:00,977,978,976,977,5538.0,1811573.0
2026-06-24 14:21:00,977,977,976,976,1999.0,1811732.0
2026-06-24 14:22:00,976,977,976,976,1122.0,1811748.0
2026-06-24 14:23:00,976,977,976,976,620.0,1811753.0
2026-06-24 14:24:00,976,977,976,976,1739.0,1812498.0
2026-06-24 14:25:00,976,977,976,976,1656.0,1812320.0
2026-06-24 14:26:00,976,977,976,976,1194.0,1812363.0
2026-06-24 14:27:00,976,977,976,977,1153.0,1812552.0
2026-06-24 14:28:00,977,977,976,977,815.0,1812732.0
2026-06-24 14:29:00,977,978,977,977,4340.0,1810508.0
2026-06-24 14:30:00,977,978,977,978,949.0,1810027.0
2026-06-24 14:31:00,978,978,977,977,577.0,1810091.0
2026-06-24 14:32:00,977,978,977,978,281.0,1810145.0
2026-06-24 14:33:00,978,978,977,977,398.0,1810242.0
2026-06-24 14:34:00,977,978,977,977,204.0,1810210.0
2026-06-24 14:35:00,977,978,977,978,335.0,1810325.0
2026-06-24 14:36:00,978,978,977,977,848.0,1810185.0
2026-06-24 14:37:00,977,978,977,978,374.0,1810205.0
2026-06-24 14:38:00,978,978,977,978,379.0,1809993.0
2026-06-24 14:39:00,978,978,977,977,961.0,1809593.0
2026-06-24 14:40:00,977,978,977,977,307.0,1809675.0
2026-06-24 14:41:00,977,978,977,978,260.0,1809625.0
2026-06-24 14:42:00,978,978,976,977,4795.0,1809730.0
2026-06-24 14:43:00,977,977,976,976,806.0,1809601.0
2026-06-24 14:44:00,976,977,976,976,349.0,1809692.0
2026-06-24 14:45:00,976,977,976,977,201.0,1809723.0
2026-06-24 14:46:00,977,977,976,976,416.0,1809735.0
2026-06-24 14:47:00,976,978,976,978,2958.0,1809450.0
2026-06-24 14:48:00,978,978,977,977,309.0,1809371.0
2026-06-24 14:49:00,977,978,977,977,243.0,1809307.0
2026-06-24 14:50:00,977,978,977,978,256.0,1809192.0
2026-06-24 14:51:00,978,978,977,977,988.0,1808754.0
2026-06-24 14:52:00,977,978,977,977,691.0,1808463.0
2026-06-24 14:53:00,977,978,977,978,315.0,1808433.0
2026-06-24 14:54:00,978,978,976,976,3877.0,1807387.0
2026-06-24 14:55:00,976,978,976,977,2072.0,1806708.0
2026-06-24 14:56:00,977,978,976,977,3219.0,1806589.0
2026-06-24 14:57:00,977,977,976,976,3304.0,1806792.0
2026-06-24 14:58:00,976,977,976,976,1293.0,1806418.0
2026-06-24 14:59:00,976,977,975,975,8933.0,1803862.0
2026-06-25 01:00:00,975,977,972,973,23763.0,1805396.0
2026-06-25 01:01:00,973,975,973,974,10105.0,1806127.0
2026-06-25 01:02:00,974,975,973,974,5175.0,1806414.0
2026-06-25 01:03:00,974,975,973,975,5084.0,1807887.0
2026-06-25 01:04:00,975,976,974,975,3302.0,1808023.0
2026-06-25 01:05:00,975,977,975,977,4863.0,1808531.0
2026-06-25 01:06:00,977,978,976,978,4804.0,1807723.0
2026-06-25 01:07:00,978,978,977,978,1491.0,1807750.0
2026-06-25 01:08:00,978,979,977,979,7864.0,1805952.0
2026-06-25 01:09:00,979,979,978,978,1999.0,1806264.0
2026-06-25 01:10:00,978,979,978,979,1417.0,1806168.0
2026-06-25 01:11:00,979,979,978,979,1681.0,1806819.0
2026-06-25 01:12:00,979,979,978,979,9962.0,1806721.0
2026-06-25 01:13:00,979,982,978,982,18463.0,1806464.0
2026-06-25 01:14:00,982,982,979,979,15302.0,1803964.0
2026-06-25 01:15:00,979,981,979,979,5990.0,1803751.0
2026-06-25 01:16:00,979,981,979,980,4970.0,1802341.0
2026-06-25 01:17:00,980,981,979,979,2005.0,1801926.0
2026-06-25 01:18:00,979,981,979,980,3233.0,1801987.0
2026-06-25 01:19:00,980,981,980,980,1506.0,1801936.0
2026-06-25 01:20:00,980,981,980,980,1281.0,1801872.0
2026-06-25 01:21:00,980,981,979,979,3718.0,1800809.0
2026-06-25 01:22:00,979,980,979,979,656.0,1800580.0
2026-06-25 01:23:00,979,980,979,979,1284.0,1800389.0
2026-06-25 01:24:00,979,980,978,979,8821.0,1801770.0
2026-06-25 01:25:00,979,980,979,979,2036.0,1800956.0
2026-06-25 01:26:00,979,980,978,979,2680.0,1801021.0
2026-06-25 01:27:00,979,980,979,979,826.0,1801091.0
2026-06-25 01:28:00,979,980,979,980,752.0,1801091.0
2026-06-25 01:29:00,980,980,978,978,1515.0,1800967.0
2026-06-25 01:30:00,978,979,978,978,1241.0,1800767.0
2026-06-25 01:31:00,978,979,977,977,3896.0,1801556.0
2026-06-25 01:32:00,977,978,977,977,784.0,1801679.0
2026-06-25 01:33:00,977,978,977,978,882.0,1801652.0
2026-06-25 01:34:00,978,979,977,977,6624.0,1800938.0
2026-06-25 01:35:00,977,978,977,977,1081.0,1801091.0
2026-06-25 01:36:00,977,978,977,977,422.0,1801038.0
2026-06-25 01:37:00,977,979,977,978,2128.0,1800118.0
2026-06-25 01:38:00,978,979,978,978,655.0,1800376.0
2026-06-25 01:39:00,978,980,978,979,6787.0,1798430.0
2026-06-25 01:40:00,979,980,978,980,4007.0,1797516.0
2026-06-25 01:41:00,980,981,979,980,6770.0,1797797.0
2026-06-25 01:42:00,980,981,979,980,4058.0,1797037.0
2026-06-25 01:43:00,980,981,980,980,1259.0,1796988.0
2026-06-25 01:44:00,980,981,979,980,1003.0,1797082.0
2026-06-25 01:45:00,980,980,979,979,691.0,1796928.0
2026-06-25 01:46:00,979,980,979,979,896.0,1796878.0
2026-06-25 01:47:00,979,980,979,979,717.0,1796730.0
2026-06-25 01:48:00,979,980,979,979,299.0,1796636.0
2026-06-25 01:49:00,979,980,979,979,297.0,1796594.0
2026-06-25 01:50:00,979,980,979,979,271.0,1796603.0
2026-06-25 01:51:00,979,980,978,978,3512.0,1795991.0
2026-06-25 01:52:00,978,979,978,978,925.0,1796150.0
2026-06-25 01:53:00,978,979,978,978,350.0,1796077.0
2026-06-25 01:54:00,978,980,978,979,1721.0,1795983.0
2026-06-25 01:55:00,979,980,979,979,753.0,1796006.0
2026-06-25 01:56:00,979,979,978,978,1538.0,1795427.0
2026-06-25 01:57:00,978,979,978,978,478.0,1795576.0
2026-06-25 01:58:00,978,979,978,978,483.0,1795574.0
2026-06-25 01:59:00,978,979,978,978,355.0,1795491.0
2026-06-25 02:00:00,978,979,978,979,469.0,1795220.0
2026-06-25 02:01:00,979,980,978,978,3959.0,1795176.0
2026-06-25 02:02:00,978,979,978,978,334.0,1795045.0
2026-06-25 02:03:00,978,979,978,978,633.0,1794893.0
2026-06-25 02:04:00,978,979,978,978,489.0,1794699.0
2026-06-25 02:05:00,978,979,977,978,4287.0,1794680.0
2026-06-25 02:06:00,978,979,977,977,1212.0,1794511.0
2026-06-25 02:07:00,977,978,977,977,493.0,1794358.0
2026-06-25 02:08:00,977,979,977,977,1616.0,1793933.0
2026-06-25 02:09:00,977,978,976,977,5839.0,1794261.0
2026-06-25 02:10:00,977,977,975,975,5395.0,1794882.0
2026-06-25 02:11:00,975,975,974,974,8514.0,1793090.0
2026-06-25 02:12:00,974,974,973,973,7340.0,1794537.0
2026-06-25 02:13:00,973,975,973,975,4801.0,1792748.0
2026-06-25 02:14:00,975,976,974,975,9101.0,1790996.0
2026-06-25 02:30:00,976,976,974,976,2577.0,1790484.0
2026-06-25 02:31:00,976,977,975,976,3593.0,1789993.0
2026-06-25 02:32:00,976,976,975,975,585.0,1790107.0
2026-06-25 02:33:00,975,976,975,975,393.0,1790099.0
2026-06-25 02:34:00,975,977,975,976,2964.0,1789668.0
2026-06-25 02:35:00,976,977,976,977,851.0,1789315.0
2026-06-25 02:36:00,977,977,976,977,1369.0,1789403.0
2026-06-25 02:37:00,977,978,976,977,2289.0,1789765.0
2026-06-25 02:38:00,977,979,977,978,5963.0,1788792.0
2026-06-25 02:39:00,978,978,977,977,1090.0,1788628.0
2026-06-25 02:40:00,977,978,977,977,821.0,1788967.0
2026-06-25 02:41:00,977,978,976,977,2573.0,1789936.0
2026-06-25 02:42:00,977,978,977,977,1447.0,1790546.0
2026-06-25 02:43:00,977,978,977,977,593.0,1790534.0
2026-06-25 02:44:00,977,978,976,976,1186.0,1789901.0
2026-06-25 02:45:00,976,977,976,976,480.0,1789883.0
2026-06-25 02:46:00,976,977,976,977,470.0,1790039.0
2026-06-25 02:47:00,977,977,976,976,404.0,1790268.0
2026-06-25 02:48:00,976,978,976,977,2472.0,1790272.0
2026-06-25 02:49:00,977,978,976,976,1416.0,1789491.0
2026-06-25 02:50:00,976,977,976,976,624.0,1789683.0
2026-06-25 02:51:00,976,977,976,976,399.0,1789680.0
2026-06-25 02:52:00,976,977,976,977,258.0,1789734.0
2026-06-25 02:53:00,977,977,976,976,407.0,1789818.0
2026-06-25 02:54:00,976,977,976,977,481.0,1789941.0
2026-06-25 02:55:00,977,978,976,976,4779.0,1789593.0
2026-06-25 02:56:00,976,977,976,977,635.0,1789399.0
2026-06-25 02:57:00,977,978,976,977,1196.0,1789875.0
2026-06-25 02:58:00,977,978,977,977,850.0,1789839.0
2026-06-25 02:59:00,977,978,977,978,468.0,1789797.0
2026-06-25 03:00:00,978,979,977,978,2939.0,1790224.0
2026-06-25 03:01:00,978,979,977,977,3498.0,1790056.0
2026-06-25 03:02:00,977,979,977,979,1852.0,1789450.0
2026-06-25 03:03:00,979,979,978,979,901.0,1788992.0
2026-06-25 03:04:00,979,979,977,978,2052.0,1788431.0
2026-06-25 03:05:00,978,978,977,978,271.0,1788398.0
2026-06-25 03:06:00,978,978,977,978,1339.0,1788018.0
2026-06-25 03:07:00,978,978,977,978,246.0,1787921.0
2026-06-25 03:08:00,978,978,977,977,419.0,1787829.0
2026-06-25 03:09:00,977,978,977,978,356.0,1787628.0
2026-06-25 03:10:00,978,978,977,977,654.0,1787557.0
2026-06-25 03:11:00,977,978,977,977,360.0,1787492.0
2026-06-25 03:12:00,977,978,977,977,358.0,1787500.0
2026-06-25 03:13:00,977,978,976,976,1886.0,1788113.0
2026-06-25 03:14:00,976,978,976,978,2536.0,1788391.0
2026-06-25 03:15:00,978,978,976,976,1972.0,1789254.0
2026-06-25 03:16:00,976,977,976,977,1679.0,1788963.0
2026-06-25 03:17:00,977,978,977,977,210.0,1788924.0
2026-06-25 03:18:00,977,978,977,977,277.0,1789043.0
2026-06-25 03:19:00,977,978,977,977,258.0,1788903.0
2026-06-25 03:20:00,977,979,977,979,2906.0,1789212.0
2026-06-25 03:21:00,979,979,978,978,760.0,1789071.0
2026-06-25 03:22:00,978,979,978,978,603.0,1789109.0
2026-06-25 03:23:00,978,979,978,978,306.0,1789186.0
2026-06-25 03:24:00,978,979,978,978,468.0,1788959.0
2026-06-25 03:25:00,978,979,978,978,1097.0,1788942.0
2026-06-25 03:26:00,978,979,978,979,562.0,1788854.0
2026-06-25 03:27:00,979,979,978,978,493.0,1788759.0
2026-06-25 03:28:00,978,979,978,978,1381.0,1789258.0
2026-06-25 03:29:00,978,979,978,978,3121.0,1789342.0
2026-06-25 05:30:00,978,979,975,976,7823.0,1788438.0
2026-06-25 05:31:00,976,976,975,975,1714.0,1788212.0
2026-06-25 05:32:00,975,976,975,975,796.0,1788226.0
2026-06-25 05:33:00,975,976,975,976,838.0,1788183.0
2026-06-25 05:34:00,976,976,975,976,2184.0,1787461.0
2026-06-25 05:35:00,976,976,974,974,9701.0,1786767.0
2026-06-25 05:36:00,974,974,970,972,44366.0,1787716.0
2026-06-25 05:37:00,972,973,972,972,7589.0,1788337.0
2026-06-25 05:38:00,972,974,972,974,3084.0,1789003.0
2026-06-25 05:39:00,974,975,973,974,3776.0,1789158.0
2026-06-25 05:40:00,974,974,973,974,1210.0,1789122.0
2026-06-25 05:41:00,974,974,973,974,854.0,1788952.0
2026-06-25 05:42:00,974,974,973,973,699.0,1788905.0
2026-06-25 05:43:00,973,974,973,974,1942.0,1788296.0
2026-06-25 05:44:00,974,974,973,973,504.0,1788352.0
2026-06-25 05:45:00,973,974,972,973,8470.0,1789180.0
2026-06-25 05:46:00,973,974,973,973,1227.0,1789464.0
2026-06-25 05:47:00,973,974,972,973,5319.0,1788218.0
2026-06-25 05:48:00,973,974,972,972,4461.0,1787835.0
2026-06-25 05:49:00,972,973,972,972,2984.0,1789433.0
2026-06-25 05:50:00,972,973,972,972,2277.0,1789095.0
2026-06-25 05:51:00,972,973,972,973,3449.0,1788188.0
2026-06-25 05:52:00,973,975,973,975,4390.0,1786251.0
2026-06-25 05:53:00,975,975,973,974,4190.0,1787614.0
2026-06-25 05:54:00,974,975,974,974,1912.0,1787095.0
2026-06-25 05:55:00,974,975,974,974,695.0,1787053.0
2026-06-25 05:56:00,974,975,974,975,1070.0,1787099.0
2026-06-25 05:57:00,975,976,974,976,4511.0,1787302.0
2026-06-25 05:58:00,976,976,974,974,3886.0,1786964.0
2026-06-25 05:59:00,974,975,974,974,841.0,1787277.0
2026-06-25 06:00:00,974,975,974,975,5187.0,1787304.0
2026-06-25 06:01:00,975,975,974,974,1013.0,1786892.0
2026-06-25 06:02:00,974,976,974,976,3277.0,1786766.0
2026-06-25 06:03:00,976,976,975,975,734.0,1786730.0
2026-06-25 06:04:00,975,976,975,975,452.0,1786637.0
2026-06-25 06:05:00,975,976,975,975,1894.0,1786888.0
2026-06-25 06:06:00,975,976,974,975,2090.0,1787174.0
2026-06-25 06:07:00,975,976,974,975,1959.0,1787573.0
2026-06-25 06:08:00,975,976,975,975,562.0,1787819.0
2026-06-25 06:09:00,975,976,975,975,786.0,1787943.0
2026-06-25 06:10:00,975,976,975,976,165.0,1787898.0
2026-06-25 06:11:00,976,976,975,976,990.0,1788063.0
2026-06-25 06:12:00,976,976,974,975,5297.0,1786740.0
2026-06-25 06:13:00,975,976,975,975,1033.0,1786602.0
2026-06-25 06:14:00,975,976,975,976,377.0,1786583.0
2026-06-25 06:15:00,976,976,975,975,733.0,1786544.0
2026-06-25 06:16:00,975,976,974,976,2981.0,1785833.0
2026-06-25 06:17:00,976,976,975,975,1596.0,1785089.0
2026-06-25 06:18:00,975,976,975,975,716.0,1785353.0
2026-06-25 06:19:00,975,976,974,974,2442.0,1785557.0
2026-06-25 06:20:00,974,976,974,975,2431.0,1785444.0
2026-06-25 06:21:00,975,976,975,975,416.0,1785389.0
2026-06-25 06:22:00,975,976,974,975,1890.0,1785102.0
2026-06-25 06:23:00,975,976,974,974,2097.0,1785156.0
2026-06-25 06:24:00,974,976,974,976,1176.0,1784735.0
2026-06-25 06:25:00,976,976,975,975,790.0,1784532.0
2026-06-25 06:26:00,975,976,975,975,1443.0,1784388.0
2026-06-25 06:27:00,975,976,975,976,321.0,1784242.0
2026-06-25 06:28:00,976,976,974,975,2175.0,1784021.0
2026-06-25 06:29:00,975,976,974,975,3438.0,1783477.0
2026-06-25 06:30:00,975,976,975,975,754.0,1783108.0
2026-06-25 06:31:00,975,976,974,975,1622.0,1782884.0
2026-06-25 06:32:00,975,976,975,975,338.0,1782882.0
2026-06-25 06:33:00,975,976,974,974,1599.0,1783067.0
2026-06-25 06:34:00,974,975,974,974,321.0,1783050.0
2026-06-25 06:35:00,974,976,974,975,2295.0,1782986.0
2026-06-25 06:36:00,975,976,975,975,498.0,1782950.0
2026-06-25 06:37:00,975,976,974,974,1558.0,1782906.0
2026-06-25 06:38:00,974,975,974,974,596.0,1782923.0
2026-06-25 06:39:00,974,975,973,973,5136.0,1782983.0
2026-06-25 06:40:00,973,974,973,973,2309.0,1782392.0
2026-06-25 06:41:00,973,974,972,972,5122.0,1780719.0
2026-06-25 06:42:00,972,973,972,973,3201.0,1780420.0
2026-06-25 06:43:00,973,973,971,971,3665.0,1780769.0
2026-06-25 06:44:00,971,972,971,971,1608.0,1780836.0
2026-06-25 06:45:00,971,973,971,973,4155.0,1779637.0
2026-06-25 06:46:00,973,973,972,973,2078.0,1779683.0
2026-06-25 06:47:00,973,973,972,973,2106.0,1779422.0
2026-06-25 06:48:00,973,974,972,974,4688.0,1778679.0
2026-06-25 06:49:00,974,974,972,974,5446.0,1780209.0
2026-06-25 06:50:00,974,975,973,975,4579.0,1779693.0
2026-06-25 06:51:00,975,975,974,975,1614.0,1779520.0
2026-06-25 06:52:00,975,975,974,974,1569.0,1778749.0
2026-06-25 06:53:00,974,976,974,975,4464.0,1777517.0
2026-06-25 06:54:00,975,976,975,975,1283.0,1777667.0
2026-06-25 06:55:00,975,976,975,975,1991.0,1777769.0
2026-06-25 06:56:00,975,976,975,976,1851.0,1777041.0
2026-06-25 06:57:00,976,976,975,975,2886.0,1775925.0
2026-06-25 06:58:00,975,976,975,975,2749.0,1775034.0
2026-06-25 06:59:00,975,976,974,975,8018.0,1772200.0
2026-06-25 13:00:00,975,977,972,973,28628.0,1771402.0
2026-06-25 13:01:00,973,973,971,973,10858.0,1775195.0
2026-06-25 13:02:00,973,973,971,973,9106.0,1776069.0
2026-06-25 13:03:00,973,975,973,974,9368.0,1778045.0
2026-06-25 13:04:00,974,975,973,974,3252.0,1778128.0
2026-06-25 13:05:00,974,976,974,976,5090.0,1778865.0
2026-06-25 13:06:00,976,976,974,975,6978.0,1778252.0
2026-06-25 13:07:00,975,977,975,977,4742.0,1778790.0
2026-06-25 13:08:00,977,978,976,978,10613.0,1777172.0
2026-06-25 13:09:00,978,978,976,976,5427.0,1776319.0
2026-06-25 13:10:00,976,977,976,977,1126.0,1776335.0
2026-06-25 13:11:00,977,977,976,977,1412.0,1776220.0
2026-06-25 13:12:00,977,977,976,976,895.0,1776207.0
2026-06-25 13:13:00,976,977,976,977,1560.0,1776549.0
2026-06-25 13:14:00,977,977,975,975,5034.0,1776395.0
2026-06-25 13:15:00,975,976,975,975,1639.0,1776467.0
2026-06-25 13:16:00,975,977,975,976,3851.0,1777421.0
2026-06-25 13:17:00,976,977,976,977,1133.0,1777568.0
2026-06-25 13:18:00,977,977,976,977,936.0,1777478.0
2026-06-25 13:19:00,977,977,975,976,4296.0,1778302.0
2026-06-25 13:20:00,976,976,975,975,994.0,1778283.0
2026-06-25 13:21:00,975,976,975,976,845.0,1778356.0
2026-06-25 13:22:00,976,976,974,974,4569.0,1778933.0
2026-06-25 13:23:00,974,975,974,974,1636.0,1778991.0
2026-06-25 13:24:00,974,975,973,973,3634.0,1778270.0
2026-06-25 13:25:00,973,974,973,974,1547.0,1778345.0
2026-06-25 13:26:00,974,974,973,974,1645.0,1778800.0
2026-06-25 13:27:00,974,975,973,975,4074.0,1779568.0
2026-06-25 13:28:00,975,975,974,975,846.0,1779682.0
2026-06-25 13:29:00,975,975,973,973,2300.0,1779868.0
2026-06-25 13:30:00,973,974,973,973,900.0,1779713.0
2026-06-25 13:31:00,973,975,973,975,2218.0,1780629.0
2026-06-25 13:32:00,975,975,974,974,1161.0,1780532.0
2026-06-25 13:33:00,974,974,973,973,1914.0,1779896.0
2026-06-25 13:34:00,973,975,973,974,2546.0,1779721.0
2026-06-25 13:35:00,974,975,974,974,359.0,1779742.0
2026-06-25 13:36:00,974,975,973,974,1838.0,1780329.0
2026-06-25 13:37:00,974,974,973,974,1686.0,1780650.0
2026-06-25 13:38:00,974,974,973,974,530.0,1780616.0
2026-06-25 13:39:00,974,974,973,973,1320.0,1780853.0
2026-06-25 13:40:00,973,975,973,974,2161.0,1780480.0
2026-06-25 13:41:00,974,975,973,974,1854.0,1780381.0
2026-06-25 13:42:00,974,974,973,973,291.0,1780356.0
2026-06-25 13:43:00,973,974,973,974,277.0,1780473.0
2026-06-25 13:44:00,974,974,973,974,387.0,1780452.0
2026-06-25 13:45:00,974,974,973,974,375.0,1780494.0
2026-06-25 13:46:00,974,974,973,973,373.0,1780505.0
2026-06-25 13:47:00,973,974,973,974,293.0,1780486.0
2026-06-25 13:48:00,974,974,973,973,301.0,1780362.0
2026-06-25 13:49:00,973,974,973,973,1099.0,1780176.0
2026-06-25 13:50:00,973,974,973,973,288.0,1780164.0
2026-06-25 13:51:00,973,974,972,973,4919.0,1781039.0
2026-06-25 13:52:00,973,973,972,972,686.0,1781111.0
2026-06-25 13:53:00,972,974,972,973,5703.0,1781330.0
2026-06-25 13:54:00,973,973,972,972,351.0,1781369.0
2026-06-25 13:55:00,972,973,972,972,672.0,1781616.0
2026-06-25 13:56:00,972,973,972,972,333.0,1781745.0
2026-06-25 13:57:00,972,973,971,971,7862.0,1785335.0
2026-06-25 13:58:00,971,972,971,971,1335.0,1785614.0
2026-06-25 13:59:00,971,973,971,973,4939.0,1784685.0
2026-06-25 14:00:00,973,973,972,972,832.0,1784790.0
2026-06-25 14:01:00,972,973,972,973,582.0,1785046.0
2026-06-25 14:02:00,973,973,971,971,4885.0,1786718.0
2026-06-25 14:03:00,971,973,971,972,2490.0,1786261.0
2026-06-25 14:04:00,972,973,972,973,341.0,1786415.0
2026-06-25 14:05:00,973,973,972,972,462.0,1786624.0
2026-06-25 14:06:00,972,973,972,972,888.0,1786567.0
2026-06-25 14:07:00,972,973,971,971,2277.0,1786723.0
2026-06-25 14:08:00,971,972,971,971,565.0,1786790.0
2026-06-25 14:09:00,971,972,971,972,481.0,1786734.0
2026-06-25 14:10:00,972,972,971,972,4963.0,1787111.0
2026-06-25 14:11:00,972,972,971,972,764.0,1787329.0
2026-06-25 14:12:00,972,973,971,972,3653.0,1786568.0
2026-06-25 14:13:00,972,973,972,972,357.0,1786595.0
2026-06-25 14:14:00,972,973,971,972,1869.0,1787357.0
2026-06-25 14:15:00,972,972,971,972,591.0,1787315.0
2026-06-25 14:16:00,972,972,971,971,558.0,1787456.0
2026-06-25 14:17:00,971,972,971,971,539.0,1787501.0
2026-06-25 14:18:00,971,972,971,972,645.0,1787487.0
2026-06-25 14:19:00,972,972,971,972,385.0,1787572.0
2026-06-25 14:20:00,972,972,971,971,325.0,1787665.0
2026-06-25 14:21:00,971,972,971,971,788.0,1787593.0
2026-06-25 14:22:00,971,972,971,971,616.0,1787536.0
2026-06-25 14:23:00,971,972,971,971,347.0,1787588.0
2026-06-25 14:24:00,971,973,971,972,5266.0,1787322.0
2026-06-25 14:25:00,972,973,971,971,2813.0,1788252.0
2026-06-25 14:26:00,971,973,971,972,2029.0,1788757.0
2026-06-25 14:27:00,972,973,972,972,445.0,1788842.0
2026-06-25 14:28:00,972,973,972,972,381.0,1788876.0
2026-06-25 14:29:00,972,973,972,973,275.0,1788869.0
2026-06-25 14:30:00,973,973,972,972,382.0,1788751.0
2026-06-25 14:31:00,972,973,972,972,526.0,1788760.0
2026-06-25 14:32:00,972,973,972,973,273.0,1788758.0
2026-06-25 14:33:00,973,973,972,972,557.0,1788797.0
2026-06-25 14:34:00,972,973,972,972,477.0,1789002.0
2026-06-25 14:35:00,972,973,972,973,275.0,1789090.0
2026-06-25 14:36:00,973,973,972,972,389.0,1788976.0
2026-06-25 14:37:00,972,973,971,972,5752.0,1789997.0
2026-06-25 14:38:00,972,972,971,972,862.0,1789887.0
2026-06-25 14:39:00,972,973,971,972,1874.0,1789446.0
2026-06-25 14:40:00,972,973,971,971,1703.0,1790273.0
2026-06-25 14:41:00,971,972,971,972,1529.0,1790407.0
2026-06-25 14:42:00,972,972,971,972,721.0,1790831.0
2026-06-25 14:43:00,972,972,971,972,290.0,1790891.0
2026-06-25 14:44:00,972,972,971,971,402.0,1790974.0
2026-06-25 14:45:00,971,973,971,973,2594.0,1790283.0
2026-06-25 14:46:00,973,973,971,972,1790.0,1790692.0
2026-06-25 14:47:00,972,972,971,971,835.0,1790879.0
2026-06-25 14:48:00,971,972,971,971,203.0,1790947.0
2026-06-25 14:49:00,971,972,971,972,556.0,1790992.0
2026-06-25 14:50:00,972,972,971,971,390.0,1791052.0
2026-06-25 14:51:00,971,972,971,972,335.0,1791183.0
2026-06-25 14:52:00,972,972,971,972,613.0,1791533.0
2026-06-25 14:53:00,972,973,971,972,2821.0,1791714.0
2026-06-25 14:54:00,972,972,971,971,611.0,1792010.0
2026-06-25 14:55:00,971,973,971,972,1290.0,1791618.0
2026-06-25 14:56:00,972,972,971,971,3196.0,1792420.0
2026-06-25 14:57:00,971,972,970,971,5799.0,1793871.0
2026-06-25 14:58:00,971,971,970,971,2112.0,1794338.0
2026-06-25 14:59:00,971,972,970,971,7532.0,1792187.0
2026-06-26 01:00:00,971,972,965,966,52291.0,1802440.0
2026-06-26 01:01:00,966,966,960,962,66319.0,1814229.0
2026-06-26 01:02:00,962,962,959,960,37217.0,1824337.0
2026-06-26 01:03:00,960,961,959,960,26627.0,1836384.0
2026-06-26 01:04:00,960,960,958,959,21626.0,1840459.0
2026-06-26 01:05:00,959,960,958,960,18155.0,1843635.0
2026-06-26 01:06:00,960,960,958,959,9815.0,1846540.0
2026-06-26 01:07:00,959,961,959,960,16864.0,1851534.0
2026-06-26 01:08:00,960,960,959,960,4434.0,1852584.0
2026-06-26 01:09:00,960,961,959,961,9578.0,1856225.0
2026-06-26 01:10:00,961,961,960,960,7200.0,1857734.0
2026-06-26 01:11:00,960,961,960,961,3074.0,1859028.0
2026-06-26 01:12:00,961,961,959,960,10117.0,1862653.0
2026-06-26 01:13:00,960,961,960,960,2933.0,1862639.0
2026-06-26 01:14:00,960,961,960,961,3577.0,1863671.0
2026-06-26 01:15:00,961,961,960,961,3318.0,1863715.0
2026-06-26 01:16:00,961,962,960,961,7437.0,1864295.0
2026-06-26 01:17:00,961,962,960,960,4809.0,1864617.0
2026-06-26 01:18:00,960,961,960,961,2144.0,1865225.0
2026-06-26 01:19:00,961,963,960,962,12113.0,1866359.0
2026-06-26 01:20:00,962,963,962,962,2394.0,1866562.0
2026-06-26 01:21:00,962,963,962,962,2254.0,1866389.0
2026-06-26 01:22:00,962,968,962,967,25845.0,1862315.0
2026-06-26 01:23:00,967,968,966,966,17400.0,1859317.0
2026-06-26 01:24:00,966,968,966,966,8221.0,1857960.0
2026-06-26 01:25:00,966,967,966,966,2396.0,1857799.0
2026-06-26 01:26:00,966,967,965,966,8811.0,1856595.0
2026-06-26 01:27:00,966,967,965,966,7283.0,1854694.0
2026-06-26 01:28:00,966,967,965,967,4919.0,1853421.0
2026-06-26 01:29:00,967,970,966,969,23836.0,1851219.0
2026-06-26 01:30:00,969,970,968,969,6373.0,1850208.0
2026-06-26 01:31:00,969,974,968,974,26984.0,1848603.0
2026-06-26 01:32:00,974,974,971,972,20246.0,1845718.0
2026-06-26 01:33:00,972,974,972,972,15279.0,1845490.0
2026-06-26 01:34:00,972,973,971,972,7423.0,1845332.0
2026-06-26 01:35:00,972,973,971,971,5889.0,1843712.0
2026-06-26 01:36:00,971,972,970,972,7475.0,1842521.0
2026-06-26 01:37:00,972,972,970,971,6868.0,1841076.0
2026-06-26 01:38:00,971,972,970,972,2302.0,1840588.0
2026-06-26 01:39:00,972,973,971,972,6559.0,1841985.0
2026-06-26 01:40:00,972,974,972,973,10398.0,1842378.0
2026-06-26 01:41:00,973,974,972,973,3485.0,1841363.0
2026-06-26 01:42:00,973,973,972,973,1423.0,1841318.0
2026-06-26 01:43:00,973,973,972,972,1611.0,1841162.0
2026-06-26 01:44:00,972,975,972,974,15641.0,1838981.0
2026-06-26 01:45:00,974,974,973,974,2221.0,1837978.0
2026-06-26 01:46:00,974,975,973,974,10744.0,1840499.0
2026-06-26 01:47:00,974,977,974,976,27991.0,1837200.0
2026-06-26 01:48:00,976,976,974,975,11068.0,1837804.0
2026-06-26 01:49:00,975,976,974,975,4383.0,1837645.0
2026-06-26 01:50:00,975,975,974,975,3224.0,1836905.0
2026-06-26 01:51:00,975,976,975,976,2817.0,1836581.0
2026-06-26 01:52:00,976,976,974,975,6101.0,1835768.0
2026-06-26 01:53:00,975,976,974,975,3718.0,1836286.0
2026-06-26 01:54:00,975,976,974,975,2723.0,1836257.0
2026-06-26 01:55:00,975,975,973,973,5281.0,1834019.0
2026-06-26 01:56:00,973,975,973,975,2959.0,1833215.0
2026-06-26 01:57:00,975,975,974,974,936.0,1832993.0
2026-06-26 01:58:00,974,975,974,974,959.0,1832810.0
2026-06-26 01:59:00,974,975,974,975,972.0,1832598.0
2026-06-26 02:00:00,975,975,973,974,4678.0,1830610.0
2026-06-26 02:01:00,974,975,973,974,3223.0,1830128.0
2026-06-26 02:02:00,974,975,974,975,3864.0,1829934.0
2026-06-26 02:03:00,975,975,974,974,1151.0,1829810.0
2026-06-26 02:04:00,974,975,974,975,905.0,1829788.0
2026-06-26 02:05:00,975,975,974,974,687.0,1829523.0
2026-06-26 02:06:00,974,975,974,975,665.0,1829256.0
2026-06-26 02:07:00,975,975,974,975,704.0,1829289.0
2026-06-26 02:08:00,975,975,974,974,567.0,1829443.0
2026-06-26 02:09:00,974,975,973,973,10814.0,1829052.0
2026-06-26 02:10:00,973,975,973,974,4637.0,1827250.0
2026-06-26 02:11:00,974,975,973,975,3709.0,1826575.0
2026-06-26 02:12:00,975,975,974,975,423.0,1826485.0
2026-06-26 02:13:00,975,975,974,974,798.0,1826232.0
2026-06-26 02:14:00,974,975,974,974,1610.0,1825992.0
2026-06-26 02:30:00,974,975,973,973,8416.0,1823374.0
2026-06-26 02:31:00,973,974,973,974,2456.0,1822468.0
2026-06-26 02:32:00,974,974,973,973,765.0,1822620.0
2026-06-26 02:33:00,973,974,972,973,3250.0,1821902.0
2026-06-26 02:34:00,973,974,973,974,716.0,1821844.0
2026-06-26 02:35:00,974,974,973,973,564.0,1821918.0
2026-06-26 02:36:00,973,974,973,973,1851.0,1822664.0
2026-06-26 02:37:00,973,974,972,973,1351.0,1822777.0
2026-06-26 02:38:00,973,973,972,972,1296.0,1822754.0
2026-06-26 02:39:00,972,973,972,973,935.0,1822391.0
2026-06-26 02:40:00,973,973,971,972,2429.0,1821877.0
2026-06-26 02:41:00,972,972,970,970,5063.0,1823587.0
2026-06-26 02:42:00,970,971,970,970,3100.0,1823499.0
2026-06-26 02:43:00,970,973,970,973,6859.0,1823193.0
2026-06-26 02:44:00,973,973,971,971,2517.0,1822692.0
2026-06-26 02:45:00,971,972,971,972,722.0,1822546.0
2026-06-26 02:46:00,972,972,969,970,7375.0,1822638.0
2026-06-26 02:47:00,970,971,970,970,1058.0,1822443.0
2026-06-26 02:48:00,970,971,970,970,2081.0,1821430.0
2026-06-26 02:49:00,970,971,969,970,2983.0,1820763.0
2026-06-26 02:50:00,970,970,969,969,1091.0,1821195.0
2026-06-26 02:51:00,969,970,969,969,1518.0,1821240.0
2026-06-26 02:52:00,969,970,969,970,1811.0,1820849.0
2026-06-26 02:53:00,970,970,968,968,3023.0,1820502.0
2026-06-26 02:54:00,968,969,968,968,2817.0,1820365.0
2026-06-26 02:55:00,968,968,967,968,4453.0,1819852.0
2026-06-26 02:56:00,968,968,966,967,11286.0,1821617.0
2026-06-26 02:57:00,967,969,967,968,4708.0,1821493.0
2026-06-26 02:58:00,968,968,967,968,929.0,1821417.0
2026-06-26 02:59:00,968,969,967,968,6607.0,1819875.0
2026-06-26 03:00:00,968,970,968,969,5517.0,1819945.0
2026-06-26 03:01:00,969,970,968,969,1872.0,1820050.0
2026-06-26 03:02:00,969,970,969,969,683.0,1820095.0
2026-06-26 03:03:00,969,970,969,969,550.0,1820109.0
2026-06-26 03:04:00,969,970,969,970,666.0,1819860.0
2026-06-26 03:05:00,970,971,969,971,3530.0,1818984.0
2026-06-26 03:06:00,971,971,970,971,1012.0,1819059.0
2026-06-26 03:07:00,971,972,970,971,4112.0,1819667.0
2026-06-26 03:08:00,971,972,970,971,1918.0,1819618.0
2026-06-26 03:09:00,971,971,970,971,3438.0,1819225.0
2026-06-26 03:10:00,971,971,969,969,2925.0,1818917.0
2026-06-26 03:11:00,969,970,969,969,267.0,1818931.0
2026-06-26 03:12:00,969,971,969,971,2094.0,1820067.0
2026-06-26 03:13:00,971,971,970,971,378.0,1820068.0
2026-06-26 03:14:00,971,971,969,970,2504.0,1820320.0
2026-06-26 03:15:00,970,971,970,970,2002.0,1819656.0
2026-06-26 03:16:00,970,971,969,969,2473.0,1819947.0
2026-06-26 03:17:00,969,971,969,970,2135.0,1819387.0
2026-06-26 03:18:00,970,971,969,969,792.0,1819386.0
2026-06-26 03:19:00,969,970,969,970,273.0,1819363.0
2026-06-26 03:20:00,970,970,969,970,450.0,1819264.0
2026-06-26 03:21:00,970,970,969,970,211.0,1819274.0
2026-06-26 03:22:00,970,970,969,969,1313.0,1819704.0
2026-06-26 03:23:00,969,970,969,970,719.0,1820026.0
2026-06-26 03:24:00,970,970,969,970,391.0,1820121.0
2026-06-26 03:25:00,970,970,968,970,3339.0,1820908.0
2026-06-26 03:26:00,970,970,969,969,566.0,1821092.0
2026-06-26 03:27:00,969,970,969,969,457.0,1820956.0
2026-06-26 03:28:00,969,970,969,969,609.0,1821004.0
2026-06-26 03:29:00,969,970,969,970,1910.0,1820363.0
2026-06-26 05:30:00,970,971,970,970,9485.0,1819465.0
2026-06-26 05:31:00,970,971,970,971,832.0,1819084.0
2026-06-26 05:32:00,971,971,969,970,4174.0,1820073.0
2026-06-26 05:33:00,970,971,969,969,1849.0,1820080.0
2026-06-26 05:34:00,969,970,969,969,505.0,1820212.0
2026-06-26 05:35:00,969,970,969,970,914.0,1819896.0
2026-06-26 05:36:00,970,971,969,970,4971.0,1820296.0
2026-06-26 05:37:00,970,971,969,969,1310.0,1820206.0
2026-06-26 05:38:00,969,970,969,970,263.0,1820100.0
2026-06-26 05:39:00,970,970,969,970,459.0,1820143.0
2026-06-26 05:40:00,970,971,969,971,1792.0,1819828.0
2026-06-26 05:41:00,971,971,970,970,448.0,1819889.0
2026-06-26 05:42:00,970,971,970,970,824.0,1820197.0
2026-06-26 05:43:00,970,971,969,970,2653.0,1819844.0
2026-06-26 05:44:00,970,971,970,970,1006.0,1819772.0
2026-06-26 05:45:00,970,971,969,969,2312.0,1819404.0
2026-06-26 05:46:00,969,970,969,969,320.0,1819412.0
2026-06-26 05:47:00,969,970,969,970,2670.0,1819611.0
2026-06-26 05:48:00,970,971,970,971,1531.0,1819312.0
2026-06-26 05:49:00,971,972,970,972,3803.0,1819461.0
2026-06-26 05:50:00,972,972,971,971,996.0,1819466.0
2026-06-26 05:51:00,971,972,971,972,918.0,1819466.0
2026-06-26 05:52:00,972,972,970,971,3187.0,1819010.0
2026-06-26 05:53:00,971,971,970,971,427.0,1819005.0
2026-06-26 05:54:00,971,971,970,971,314.0,1819003.0
2026-06-26 05:55:00,971,971,970,970,213.0,1819119.0
2026-06-26 05:56:00,970,971,970,970,781.0,1819041.0
2026-06-26 05:57:00,970,971,970,970,318.0,1819064.0
2026-06-26 05:58:00,970,971,970,970,269.0,1819076.0
2026-06-26 05:59:00,970,971,970,970,514.0,1819084.0
2026-06-26 06:00:00,970,971,970,970,692.0,1819142.0
2026-06-26 06:01:00,970,970,969,969,2260.0,1818704.0
2026-06-26 06:02:00,969,970,968,968,4844.0,1820083.0
2026-06-26 06:03:00,968,969,968,968,1525.0,1820514.0
2026-06-26 06:04:00,968,969,967,968,3368.0,1821126.0
2026-06-26 06:05:00,968,968,967,968,834.0,1821358.0
2026-06-26 06:06:00,968,969,967,969,4030.0,1821936.0
2026-06-26 06:07:00,969,969,968,968,1091.0,1821923.0
2026-06-26 06:08:00,968,969,968,968,354.0,1821967.0
2026-06-26 06:09:00,968,969,968,968,425.0,1821953.0
2026-06-26 06:10:00,968,969,968,968,789.0,1822080.0
2026-06-26 06:11:00,968,969,967,968,2625.0,1821423.0
2026-06-26 06:12:00,968,969,968,969,4792.0,1819666.0
2026-06-26 06:13:00,969,969,968,968,743.0,1819722.0
2026-06-26 06:14:00,968,970,968,970,4700.0,1820974.0
2026-06-26 06:15:00,970,970,968,970,3282.0,1820647.0
2026-06-26 06:16:00,970,971,969,971,5311.0,1820495.0
2026-06-26 06:17:00,971,971,969,969,1924.0,1820833.0
2026-06-26 06:18:00,969,971,969,971,3741.0,1819941.0
2026-06-26 06:19:00,971,971,970,970,373.0,1819840.0
2026-06-26 06:20:00,970,972,970,972,4377.0,1820438.0
2026-06-26 06:21:00,972,974,972,973,7836.0,1820235.0
2026-06-26 06:22:00,973,974,973,973,2238.0,1820002.0
2026-06-26 06:23:00,973,974,973,973,1360.0,1820794.0
2026-06-26 06:24:00,973,974,972,973,4601.0,1820934.0
2026-06-26 06:25:00,973,974,972,974,6824.0,1823401.0
2026-06-26 06:26:00,974,975,973,974,7335.0,1822158.0
2026-06-26 06:27:00,974,974,973,974,1344.0,1822192.0
2026-06-26 06:28:00,974,974,972,972,2778.0,1822315.0
2026-06-26 06:29:00,972,973,972,973,535.0,1822311.0
2026-06-26 06:30:00,973,973,971,971,5912.0,1820670.0
2026-06-26 06:31:00,971,972,971,971,972.0,1820822.0
2026-06-26 06:32:00,971,972,971,971,736.0,1820680.0
2026-06-26 06:33:00,971,973,971,972,5021.0,1820319.0
2026-06-26 06:34:00,972,972,971,971,3429.0,1820121.0
2026-06-26 06:35:00,971,972,971,972,220.0,1820139.0
2026-06-26 06:36:00,972,972,971,972,259.0,1820082.0
2026-06-26 06:37:00,972,972,971,971,446.0,1819914.0
2026-06-26 06:38:00,971,972,971,972,405.0,1819866.0
2026-06-26 06:39:00,972,972,969,970,8775.0,1818710.0
2026-06-26 06:40:00,970,970,968,968,7219.0,1818745.0
2026-06-26 06:41:00,968,969,967,967,5859.0,1818606.0
2026-06-26 06:42:00,967,968,967,967,1852.0,1818405.0
2026-06-26 06:43:00,967,969,967,967,7207.0,1817492.0
2026-06-26 06:44:00,967,968,966,966,9079.0,1815206.0
2026-06-26 06:45:00,966,967,965,966,7149.0,1815211.0
2026-06-26 06:46:00,966,968,965,968,7371.0,1815408.0
2026-06-26 06:47:00,968,969,967,969,5741.0,1815449.0
2026-06-26 06:48:00,969,969,967,967,10308.0,1815654.0
2026-06-26 06:49:00,967,968,967,968,2758.0,1814937.0
2026-06-26 06:50:00,968,968,967,967,1370.0,1814529.0
2026-06-26 06:51:00,967,968,967,968,1138.0,1814202.0
2026-06-26 06:52:00,968,968,967,967,1183.0,1814297.0
2026-06-26 06:53:00,967,968,966,967,5027.0,1813745.0
2026-06-26 06:54:00,967,968,966,967,4370.0,1814122.0
2026-06-26 06:55:00,967,968,966,966,4442.0,1813608.0
2026-06-26 06:56:00,966,968,966,967,2957.0,1812328.0
2026-06-26 06:57:00,967,968,967,967,2636.0,1811438.0
2026-06-26 06:58:00,967,968,966,967,7870.0,1809860.0
2026-06-26 06:59:00,967,968,966,968,9337.0,1806478.0
2026-06-26 13:00:00,970,971,967,969,18399.0,1806008.0
2026-06-26 13:01:00,969,970,967,967,8598.0,1806654.0
2026-06-26 13:02:00,967,969,967,969,9944.0,1807521.0
2026-06-26 13:03:00,969,970,969,969,2235.0,1808540.0
2026-06-26 13:04:00,969,970,968,968,4266.0,1810085.0
2026-06-26 13:05:00,968,970,968,969,11834.0,1813626.0
2026-06-26 13:06:00,969,970,968,968,3367.0,1813945.0
2026-06-26 13:07:00,968,968,966,967,12222.0,1815745.0
2026-06-26 13:08:00,967,968,967,968,1474.0,1815579.0
2026-06-26 13:09:00,968,969,967,968,2996.0,1816486.0
2026-06-26 13:10:00,968,969,968,968,822.0,1816589.0
2026-06-26 13:11:00,968,969,968,968,968.0,1816661.0
2026-06-26 13:12:00,968,969,968,968,937.0,1817006.0
2026-06-26 13:13:00,968,969,968,969,4585.0,1818196.0
2026-06-26 13:14:00,969,969,968,968,4072.0,1818512.0
2026-06-26 13:15:00,968,969,968,968,1040.0,1819015.0
2026-06-26 13:16:00,968,969,968,969,618.0,1819347.0
2026-06-26 13:17:00,969,969,968,969,2560.0,1819847.0
2026-06-26 13:18:00,969,971,969,970,7904.0,1821198.0
2026-06-26 13:19:00,970,970,969,969,7938.0,1822785.0
2026-06-26 13:20:00,969,970,968,969,5805.0,1825119.0
2026-06-26 13:21:00,969,970,968,970,1402.0,1825733.0
2026-06-26 13:22:00,970,970,969,970,1955.0,1825120.0
2026-06-26 13:23:00,970,970,969,970,664.0,1825233.0
2026-06-26 13:24:00,970,970,968,968,1848.0,1824812.0
2026-06-26 13:25:00,968,969,968,968,464.0,1824962.0
2026-06-26 13:26:00,968,969,968,969,490.0,1824744.0
2026-06-26 13:27:00,969,969,968,969,621.0,1824773.0
2026-06-26 13:28:00,969,970,968,970,3137.0,1825585.0
2026-06-26 13:29:00,970,970,968,968,2174.0,1826267.0
2026-06-26 13:30:00,968,969,968,968,341.0,1826386.0
2026-06-26 13:31:00,968,969,968,969,881.0,1826388.0
2026-06-26 13:32:00,969,969,968,969,345.0,1826493.0
2026-06-26 13:33:00,969,969,968,968,6478.0,1826815.0
2026-06-26 13:34:00,968,969,967,969,6341.0,1827026.0
2026-06-26 13:35:00,969,969,968,968,1066.0,1827120.0
2026-06-26 13:36:00,968,969,967,968,1482.0,1826979.0
2026-06-26 13:37:00,968,969,967,969,3168.0,1826679.0
2026-06-26 13:38:00,969,970,969,969,4722.0,1826978.0
2026-06-26 13:39:00,969,971,969,971,4676.0,1828300.0
2026-06-26 13:40:00,971,972,970,972,7983.0,1827787.0
2026-06-26 13:41:00,972,973,971,971,9407.0,1828160.0
2026-06-26 13:42:00,971,972,971,971,3173.0,1828642.0
2026-06-26 13:43:00,971,972,971,971,1035.0,1828413.0
2026-06-26 13:44:00,971,972,970,972,6067.0,1828812.0
2026-06-26 13:45:00,972,973,971,973,4655.0,1828968.0
2026-06-26 13:46:00,973,973,972,973,1362.0,1829301.0
2026-06-26 13:47:00,973,974,972,973,9834.0,1829962.0
2026-06-26 13:48:00,973,975,973,974,10233.0,1831129.0
2026-06-26 13:49:00,974,976,974,975,15755.0,1828170.0
2026-06-26 13:50:00,975,975,974,974,2974.0,1828302.0
2026-06-26 13:51:00,974,975,973,973,5924.0,1827331.0
2026-06-26 13:52:00,973,975,973,973,7654.0,1828212.0
2026-06-26 13:53:00,973,974,973,974,1064.0,1828325.0
2026-06-26 13:54:00,974,974,973,973,4962.0,1827033.0
2026-06-26 13:55:00,973,974,972,972,3059.0,1826979.0
2026-06-26 13:56:00,972,973,972,973,809.0,1827191.0
2026-06-26 13:57:00,973,974,972,973,3144.0,1827429.0
2026-06-26 13:58:00,973,974,973,974,845.0,1827266.0
2026-06-26 13:59:00,974,974,973,973,950.0,1827447.0
2026-06-26 14:00:00,973,975,973,975,6673.0,1826651.0
2026-06-26 14:01:00,975,975,974,974,4523.0,1825783.0
2026-06-26 14:02:00,974,975,974,975,1255.0,1825779.0
2026-06-26 14:03:00,975,975,974,974,696.0,1825695.0
2026-06-26 14:04:00,974,975,973,973,5305.0,1827425.0
2026-06-26 14:05:00,973,974,973,974,366.0,1827433.0
2026-06-26 14:06:00,974,974,973,973,683.0,1827337.0
2026-06-26 14:07:00,973,974,973,973,489.0,1827262.0
2026-06-26 14:08:00,973,974,973,973,1437.0,1827523.0
2026-06-26 14:09:00,973,974,973,973,613.0,1827469.0
2026-06-26 14:10:00,973,974,973,973,482.0,1827495.0
2026-06-26 14:11:00,973,975,973,975,7649.0,1829203.0
2026-06-26 14:12:00,975,975,974,974,1026.0,1829018.0
2026-06-26 14:13:00,974,975,974,974,1083.0,1828824.0
2026-06-26 14:14:00,974,975,974,975,600.0,1828791.0
2026-06-26 14:15:00,975,975,974,974,3095.0,1829031.0
2026-06-26 14:16:00,974,975,974,975,929.0,1828851.0
2026-06-26 14:17:00,975,975,974,974,1239.0,1829042.0
2026-06-26 14:18:00,974,975,974,974,726.0,1828917.0
2026-06-26 14:19:00,974,975,973,973,2090.0,1828092.0
2026-06-26 14:20:00,973,975,973,975,2319.0,1827440.0
2026-06-26 14:21:00,975,975,974,975,1298.0,1826948.0
2026-06-26 14:22:00,975,975,974,975,4418.0,1825472.0
2026-06-26 14:23:00,975,976,974,974,5607.0,1825341.0
2026-06-26 14:24:00,974,975,974,975,2321.0,1824605.0
2026-06-26 14:25:00,975,975,974,974,808.0,1824734.0
2026-06-26 14:26:00,974,976,974,976,2514.0,1824891.0
2026-06-26 14:27:00,976,976,974,974,3231.0,1824582.0
2026-06-26 14:28:00,974,975,974,975,723.0,1824555.0
2026-06-26 14:29:00,975,975,974,975,840.0,1824745.0
2026-06-26 14:30:00,975,975,974,975,431.0,1824903.0
2026-06-26 14:31:00,975,975,974,975,911.0,1824605.0
2026-06-26 14:32:00,975,975,974,975,238.0,1824556.0
2026-06-26 14:33:00,975,975,974,975,195.0,1824491.0
2026-06-26 14:34:00,975,975,974,974,4298.0,1823366.0
2026-06-26 14:35:00,974,975,974,974,937.0,1823139.0
2026-06-26 14:36:00,974,975,974,974,803.0,1822982.0
2026-06-26 14:37:00,974,975,974,974,283.0,1823002.0
2026-06-26 14:38:00,974,975,974,974,455.0,1823142.0
2026-06-26 14:39:00,974,975,974,975,445.0,1823146.0
2026-06-26 14:40:00,975,975,974,974,493.0,1822951.0
2026-06-26 14:41:00,974,975,974,974,518.0,1822899.0
2026-06-26 14:42:00,974,975,974,974,3907.0,1822715.0
2026-06-26 14:43:00,974,975,974,974,416.0,1822670.0
2026-06-26 14:44:00,974,975,974,974,281.0,1822687.0
2026-06-26 14:45:00,974,976,974,976,6530.0,1822926.0
2026-06-26 14:46:00,976,976,975,975,884.0,1822699.0
2026-06-26 14:47:00,975,976,975,975,408.0,1822580.0
2026-06-26 14:48:00,975,976,975,976,637.0,1822510.0
2026-06-26 14:49:00,976,976,975,976,435.0,1822534.0
2026-06-26 14:50:00,976,977,975,976,10332.0,1820440.0
2026-06-26 14:51:00,976,977,976,977,2086.0,1819281.0
2026-06-26 14:52:00,977,977,976,977,1080.0,1818995.0
2026-06-26 14:53:00,977,977,976,976,10669.0,1815631.0
2026-06-26 14:54:00,976,977,976,977,5664.0,1813824.0
2026-06-26 14:55:00,977,977,976,977,1655.0,1813914.0
2026-06-26 14:56:00,977,977,976,976,1511.0,1813799.0
2026-06-26 14:57:00,976,977,976,976,1234.0,1813229.0
2026-06-26 14:58:00,976,977,976,976,2270.0,1812928.0
2026-06-26 14:59:00,976,977,975,976,12285.0,1808650.0
2026-06-29 01:00:00,976,977,971,971,24817.0,1811062.0
2026-06-29 01:01:00,971,972,968,969,24215.0,1815172.0
2026-06-29 01:02:00,969,971,968,970,11641.0,1818627.0
2026-06-29 01:03:00,970,970,968,969,16829.0,1821194.0
2026-06-29 01:04:00,969,971,968,970,12765.0,1821894.0
2026-06-29 01:05:00,970,972,970,971,7548.0,1822184.0
2026-06-29 01:06:00,971,972,970,972,4419.0,1822938.0
2026-06-29 01:07:00,972,973,971,973,6379.0,1823007.0
2026-06-29 01:08:00,973,973,970,971,6897.0,1825048.0
2026-06-29 01:09:00,971,971,970,971,1900.0,1825232.0
2026-06-29 01:10:00,971,971,970,971,1202.0,1825216.0
2026-06-29 01:11:00,971,972,970,972,1743.0,1824909.0
2026-06-29 01:12:00,972,972,970,972,3096.0,1825624.0
2026-06-29 01:13:00,972,972,970,971,4100.0,1826518.0
2026-06-29 01:14:00,971,972,971,972,810.0,1826737.0
2026-06-29 01:15:00,972,973,971,972,3984.0,1827546.0
2026-06-29 01:16:00,972,973,971,973,4431.0,1828861.0
2026-06-29 01:17:00,973,973,972,973,1326.0,1828719.0
2026-06-29 01:18:00,973,974,972,973,4387.0,1828843.0
2026-06-29 01:19:00,973,974,972,973,2341.0,1828045.0
2026-06-29 01:20:00,973,973,972,972,931.0,1828225.0
2026-06-29 01:21:00,972,973,971,971,4441.0,1828728.0
2026-06-29 01:22:00,971,972,970,970,2531.0,1828280.0
2026-06-29 01:23:00,970,973,970,972,4622.0,1828590.0
2026-06-29 01:24:00,972,973,971,972,1505.0,1828488.0
2026-06-29 01:25:00,972,973,971,972,1550.0,1828252.0
2026-06-29 01:26:00,972,973,971,971,1347.0,1827688.0
2026-06-29 01:27:00,971,972,971,972,262.0,1827774.0
2026-06-29 01:28:00,972,973,971,973,1280.0,1827661.0
2026-06-29 01:29:00,973,973,971,972,2831.0,1826890.0
2026-06-29 01:30:00,972,972,970,971,5122.0,1826486.0
2026-06-29 01:31:00,971,971,970,971,3005.0,1826129.0
2026-06-29 01:32:00,971,971,970,971,627.0,1826201.0
2026-06-29 01:33:00,971,971,970,970,496.0,1826156.0
2026-06-29 01:34:00,970,971,970,971,583.0,1826121.0
2026-06-29 01:35:00,971,972,970,971,2416.0,1826254.0
2026-06-29 01:36:00,971,973,971,973,2776.0,1826211.0
2026-06-29 01:37:00,973,973,971,972,2345.0,1825316.0
2026-06-29 01:38:00,972,973,972,973,413.0,1825385.0
2026-06-29 01:39:00,973,973,972,973,708.0,1825177.0
2026-06-29 01:40:00,973,974,972,973,4207.0,1824941.0
2026-06-29 01:41:00,973,974,973,974,840.0,1824798.0
2026-06-29 01:42:00,974,974,972,973,3371.0,1824095.0
2026-06-29 01:43:00,973,973,972,973,669.0,1824094.0
2026-06-29 01:44:00,973,973,972,973,863.0,1823983.0
2026-06-29 01:45:00,973,973,971,972,1978.0,1823963.0
2026-06-29 01:46:00,972,972,970,971,5449.0,1824664.0
2026-06-29 01:47:00,971,971,970,970,885.0,1824856.0
2026-06-29 01:48:00,970,971,969,971,7322.0,1826063.0
2026-06-29 01:49:00,971,972,970,972,2285.0,1826057.0
2026-06-29 01:50:00,972,972,970,971,2612.0,1826683.0
2026-06-29 01:51:00,971,972,971,971,411.0,1826870.0
2026-06-29 01:52:00,971,972,970,971,905.0,1826733.0
2026-06-29 01:53:00,971,971,970,971,972.0,1826617.0
2026-06-29 01:54:00,971,972,970,970,3771.0,1826575.0
2026-06-29 01:55:00,970,971,970,970,429.0,1826475.0
2026-06-29 01:56:00,970,971,970,971,221.0,1826575.0
2026-06-29 01:57:00,971,971,969,969,3716.0,1827602.0
2026-06-29 01:58:00,969,970,969,969,408.0,1827677.0
2026-06-29 01:59:00,969,970,969,970,644.0,1827521.0
2026-06-29 02:00:00,970,971,969,970,3342.0,1826622.0
2026-06-29 02:01:00,970,971,970,970,4115.0,1825783.0
2026-06-29 02:02:00,970,971,970,970,361.0,1825638.0
2026-06-29 02:03:00,970,971,970,971,195.0,1825673.0
2026-06-29 02:04:00,971,971,970,970,356.0,1825551.0
2026-06-29 02:05:00,970,971,970,970,602.0,1825264.0
2026-06-29 02:06:00,970,972,970,970,3796.0,1824166.0
2026-06-29 02:07:00,970,971,970,971,530.0,1823770.0
2026-06-29 02:08:00,971,971,970,970,388.0,1823730.0
2026-06-29 02:09:00,970,971,970,971,3375.0,1823970.0
2026-06-29 02:10:00,971,972,970,971,2003.0,1824369.0
2026-06-29 02:11:00,971,972,970,971,1505.0,1823959.0
2026-06-29 02:12:00,971,971,970,971,379.0,1824101.0
2026-06-29 02:13:00,971,972,970,972,1428.0,1824500.0
2026-06-29 02:14:00,972,972,970,970,1465.0,1823516.0
2026-06-29 02:30:00,971,972,970,971,6062.0,1823082.0
2026-06-29 02:31:00,971,971,970,971,453.0,1823163.0
2026-06-29 02:32:00,971,971,969,971,3467.0,1822509.0
2026-06-29 02:33:00,971,971,970,970,800.0,1822220.0
2026-06-29 02:34:00,970,971,970,970,710.0,1822221.0
2026-06-29 02:35:00,970,971,970,970,377.0,1822289.0
2026-06-29 02:36:00,970,971,970,970,491.0,1822355.0
2026-06-29 02:37:00,970,971,970,971,393.0,1822474.0
2026-06-29 02:38:00,971,971,970,970,834.0,1822302.0
2026-06-29 02:39:00,970,971,970,970,370.0,1822355.0
2026-06-29 02:40:00,970,972,970,970,3194.0,1822024.0
2026-06-29 02:41:00,970,971,970,970,441.0,1821972.0
2026-06-29 02:42:00,970,971,970,971,758.0,1821608.0
2026-06-29 02:43:00,971,971,970,970,1250.0,1821928.0
2026-06-29 02:44:00,970,971,969,969,3315.0,1822164.0
2026-06-29 02:45:00,969,970,969,969,4104.0,1822041.0
2026-06-29 02:46:00,969,970,969,970,456.0,1822077.0
2026-06-29 02:47:00,970,970,969,969,542.0,1822360.0
2026-06-29 02:48:00,969,970,967,968,13383.0,1824279.0
2026-06-29 02:49:00,968,969,968,968,1079.0,1824401.0
2026-06-29 02:50:00,968,970,968,969,3692.0,1824684.0
2026-06-29 02:51:00,969,969,968,968,590.0,1824839.0
2026-06-29 02:52:00,968,969,968,969,2464.0,1824880.0
2026-06-29 02:53:00,969,969,968,968,903.0,1824977.0
2026-06-29 02:54:00,968,969,968,968,2609.0,1825865.0
2026-06-29 02:55:00,968,969,968,968,916.0,1825740.0
2026-06-29 02:56:00,968,969,968,969,640.0,1825894.0
2026-06-29 02:57:00,969,970,968,969,2633.0,1825759.0
2026-06-29 02:58:00,969,970,968,970,1626.0,1825217.0
2026-06-29 02:59:00,970,970,969,969,1318.0,1825360.0
2026-06-29 03:00:00,969,970,968,968,2548.0,1825762.0
2026-06-29 03:01:00,968,969,968,968,618.0,1825901.0
2026-06-29 03:02:00,968,969,968,969,826.0,1826281.0
2026-06-29 03:03:00,969,969,968,969,772.0,1826542.0
2026-06-29 03:04:00,969,969,968,968,668.0,1826931.0
2026-06-29 03:05:00,968,969,968,968,430.0,1827020.0
2026-06-29 03:06:00,968,969,968,968,402.0,1827134.0
2026-06-29 03:07:00,968,969,968,968,295.0,1827125.0
2026-06-29 03:08:00,968,970,968,969,2527.0,1827196.0
2026-06-29 03:09:00,969,970,969,969,770.0,1826946.0
2026-06-29 03:10:00,969,970,969,970,669.0,1826878.0
2026-06-29 03:11:00,970,971,969,970,7150.0,1826997.0
2026-06-29 03:12:00,970,971,970,971,4819.0,1827570.0
2026-06-29 03:13:00,971,972,970,971,4180.0,1826891.0
2026-06-29 03:14:00,971,973,971,973,4733.0,1826288.0
2026-06-29 03:15:00,973,973,971,971,4049.0,1826380.0
2026-06-29 03:16:00,971,972,971,972,1039.0,1826740.0
2026-06-29 03:17:00,972,972,971,971,665.0,1827005.0
2026-06-29 03:18:00,971,972,971,971,490.0,1827170.0
2026-06-29 03:19:00,971,972,971,972,480.0,1827207.0
2026-06-29 03:20:00,972,973,971,972,3329.0,1827212.0
2026-06-29 03:21:00,972,975,972,975,7983.0,1826361.0
2026-06-29 03:22:00,975,975,974,975,8180.0,1826480.0
2026-06-29 03:23:00,975,976,974,974,6866.0,1824862.0
2026-06-29 03:24:00,974,975,974,975,1870.0,1824404.0
2026-06-29 03:25:00,975,975,974,974,4570.0,1823957.0
2026-06-29 03:26:00,974,977,974,976,14353.0,1821399.0
2026-06-29 03:27:00,976,977,975,975,6395.0,1821666.0
2026-06-29 03:28:00,975,976,975,975,4892.0,1822757.0
2026-06-29 03:29:00,975,976,974,975,3203.0,1822627.0
2026-06-29 05:30:00,975,976,973,975,9889.0,1820454.0
2026-06-29 05:31:00,975,975,972,973,3926.0,1819407.0
2026-06-29 05:32:00,973,974,973,973,4982.0,1818435.0
2026-06-29 05:33:00,973,973,971,972,4452.0,1818348.0
2026-06-29 05:34:00,972,973,971,972,3179.0,1819495.0
2026-06-29 05:35:00,972,973,972,973,1551.0,1818881.0
2026-06-29 05:36:00,973,974,972,974,2868.0,1820147.0
2026-06-29 05:37:00,974,974,972,972,1570.0,1819914.0
2026-06-29 05:38:00,972,973,972,973,626.0,1820006.0
2026-06-29 05:39:00,973,973,972,972,608.0,1820225.0
2026-06-29 05:40:00,972,974,972,974,5425.0,1819744.0
2026-06-29 05:41:00,974,974,972,972,887.0,1819428.0
2026-06-29 05:42:00,972,973,972,973,306.0,1819481.0
2026-06-29 05:43:00,973,974,972,973,2480.0,1820059.0
2026-06-29 05:44:00,973,974,972,974,1587.0,1820021.0
2026-06-29 05:45:00,974,974,972,972,1190.0,1819733.0
2026-06-29 05:46:00,972,974,972,974,1036.0,1819497.0
2026-06-29 05:47:00,974,974,973,974,278.0,1819466.0
2026-06-29 05:48:00,974,974,973,974,182.0,1819434.0
2026-06-29 05:49:00,974,974,973,974,305.0,1819561.0
2026-06-29 05:50:00,974,974,973,974,331.0,1819654.0
2026-06-29 05:51:00,974,975,973,974,3776.0,1819245.0
2026-06-29 05:52:00,974,975,974,974,610.0,1819134.0
2026-06-29 05:53:00,974,975,974,975,748.0,1819324.0
2026-06-29 05:54:00,975,975,974,975,4362.0,1818820.0
2026-06-29 05:55:00,975,976,974,976,4352.0,1820340.0
2026-06-29 05:56:00,976,977,975,976,6006.0,1820133.0
2026-06-29 05:57:00,976,977,975,976,3085.0,1820265.0
2026-06-29 05:58:00,976,976,975,976,776.0,1820548.0
2026-06-29 05:59:00,976,976,975,976,1018.0,1820394.0
2026-06-29 06:00:00,976,976,975,976,1374.0,1820392.0
2026-06-29 06:01:00,976,977,975,977,4220.0,1820124.0
2026-06-29 06:02:00,977,980,976,979,26383.0,1812344.0
2026-06-29 06:03:00,979,980,977,978,9358.0,1811964.0
2026-06-29 06:04:00,978,979,977,977,5944.0,1812401.0
2026-06-29 06:05:00,977,977,976,976,1290.0,1812070.0
2026-06-29 06:06:00,976,977,975,975,12482.0,1813932.0
2026-06-29 06:07:00,975,976,974,975,2727.0,1813742.0
2026-06-29 06:08:00,975,976,974,976,4582.0,1813132.0
2026-06-29 06:09:00,976,976,975,976,1767.0,1813214.0
2026-06-29 06:10:00,976,976,975,975,380.0,1813279.0
2026-06-29 06:11:00,975,976,975,976,750.0,1813223.0
2026-06-29 06:12:00,976,976,975,975,623.0,1813264.0
2026-06-29 06:13:00,975,976,975,976,488.0,1813420.0
2026-06-29 06:14:00,976,976,975,975,503.0,1813510.0
2026-06-29 06:15:00,975,976,975,976,640.0,1813303.0
2026-06-29 06:16:00,976,977,975,976,6983.0,1811733.0
2026-06-29 06:17:00,976,977,975,976,2080.0,1811606.0
2026-06-29 06:18:00,976,977,975,975,1597.0,1811715.0
2026-06-29 06:19:00,975,977,975,976,1840.0,1811226.0
2026-06-29 06:20:00,976,977,976,976,942.0,1811056.0
2026-06-29 06:21:00,976,977,975,976,2042.0,1810599.0
2026-06-29 06:22:00,976,976,975,975,490.0,1810576.0
2026-06-29 06:23:00,975,976,975,975,533.0,1810641.0
2026-06-29 06:24:00,975,976,975,976,650.0,1810562.0
2026-06-29 06:25:00,976,976,975,975,313.0,1810585.0
2026-06-29 06:26:00,975,976,975,976,910.0,1810583.0
2026-06-29 06:27:00,976,976,975,976,289.0,1810591.0
2026-06-29 06:28:00,976,976,975,975,375.0,1810545.0
2026-06-29 06:29:00,975,976,975,976,695.0,1810285.0
2026-06-29 06:30:00,976,977,975,977,4544.0,1809903.0
2026-06-29 06:31:00,977,977,975,975,2796.0,1810333.0
2026-06-29 06:32:00,975,976,975,976,373.0,1810295.0
2026-06-29 06:33:00,976,976,975,976,244.0,1810270.0
2026-06-29 06:34:00,976,976,975,976,490.0,1810292.0
2026-06-29 06:35:00,976,977,975,977,2931.0,1811180.0
2026-06-29 06:36:00,977,977,976,977,1075.0,1811137.0
2026-06-29 06:37:00,977,977,976,977,633.0,1810992.0
2026-06-29 06:38:00,977,978,976,977,8650.0,1812218.0
2026-06-29 06:39:00,977,978,976,977,3712.0,1812183.0
2026-06-29 06:40:00,977,978,976,978,2396.0,1811960.0
2026-06-29 06:41:00,978,979,977,978,6654.0,1809828.0
2026-06-29 06:42:00,978,979,977,978,9952.0,1810473.0
2026-06-29 06:43:00,978,980,978,979,9894.0,1809098.0
2026-06-29 06:44:00,979,979,978,979,1589.0,1809028.0
2026-06-29 06:45:00,979,979,977,978,5983.0,1809394.0
2026-06-29 06:46:00,978,978,977,977,2643.0,1808886.0
2026-06-29 06:47:00,977,978,977,978,1509.0,1808262.0
2026-06-29 06:48:00,978,978,977,977,1475.0,1808254.0
2026-06-29 06:49:00,977,978,977,978,1474.0,1807755.0
2026-06-29 06:50:00,978,979,977,978,5246.0,1805571.0
2026-06-29 06:51:00,978,978,977,977,1451.0,1805512.0
2026-06-29 06:52:00,977,978,977,977,2441.0,1805200.0
2026-06-29 06:53:00,977,978,977,978,1964.0,1804906.0
2026-06-29 06:54:00,978,978,977,978,1220.0,1804504.0
2026-06-29 06:55:00,978,978,977,978,1153.0,1804888.0
2026-06-29 06:56:00,978,978,977,977,1717.0,1804926.0
2026-06-29 06:57:00,977,979,977,978,7347.0,1804317.0
2026-06-29 06:58:00,978,980,978,980,8394.0,1802657.0
2026-06-29 06:59:00,980,980,978,978,14326.0,1798550.0
2026-06-29 13:00:00,979,980,973,974,42976.0,1801814.0
2026-06-29 13:01:00,974,975,974,974,10569.0,1803765.0
2026-06-29 13:02:00,974,974,973,974,17961.0,1804123.0
2026-06-29 13:03:00,974,974,972,973,18015.0,1808046.0
2026-06-29 13:04:00,973,973,972,972,8159.0,1809945.0
2026-06-29 13:05:00,972,974,971,972,18555.0,1811027.0
2026-06-29 13:06:00,972,972,971,972,3820.0,1810876.0
2026-06-29 13:07:00,972,973,971,973,6370.0,1811993.0
2026-06-29 13:08:00,973,973,971,971,8338.0,1812682.0
2026-06-29 13:09:00,971,972,971,971,2846.0,1812894.0
2026-06-29 13:10:00,971,972,971,972,1460.0,1812965.0
2026-06-29 13:11:00,972,972,971,972,3813.0,1814924.0
2026-06-29 13:12:00,972,972,970,971,8780.0,1817821.0
2026-06-29 13:13:00,971,971,968,968,31073.0,1822529.0
2026-06-29 13:14:00,968,970,968,969,17896.0,1823649.0
2026-06-29 13:15:00,969,970,968,969,8176.0,1825329.0
2026-06-29 13:16:00,969,970,968,969,9995.0,1827602.0
2026-06-29 13:17:00,969,970,968,968,13530.0,1832771.0
2026-06-29 13:18:00,968,968,966,967,30048.0,1835882.0
2026-06-29 13:19:00,967,967,966,966,6115.0,1836988.0
2026-06-29 13:20:00,966,967,966,966,10976.0,1838684.0
2026-06-29 13:21:00,966,968,966,968,6158.0,1838962.0
2026-06-29 13:22:00,968,968,967,967,1601.0,1839747.0
2026-06-29 13:23:00,967,968,967,968,2559.0,1839981.0
2026-06-29 13:24:00,968,968,967,967,2044.0,1840419.0
2026-06-29 13:25:00,967,968,967,968,2835.0,1840621.0
2026-06-29 13:26:00,968,968,967,967,3396.0,1841816.0
2026-06-29 13:27:00,967,968,967,968,3996.0,1841890.0
2026-06-29 13:28:00,968,968,966,967,6258.0,1844240.0
2026-06-29 13:29:00,967,968,966,966,9655.0,1846397.0
2026-06-29 13:30:00,966,967,966,967,2720.0,1847200.0
2026-06-29 13:31:00,967,968,966,967,6444.0,1847832.0
2026-06-29 13:32:00,967,967,966,967,1561.0,1848768.0
2026-06-29 13:33:00,967,968,966,968,2225.0,1849431.0
2026-06-29 13:34:00,968,968,967,968,1245.0,1849587.0
2026-06-29 13:35:00,968,968,967,968,862.0,1849677.0
2026-06-29 13:36:00,968,968,967,967,947.0,1849957.0
2026-06-29 13:37:00,967,968,967,967,922.0,1850205.0
2026-06-29 13:38:00,967,968,967,968,2072.0,1850490.0
2026-06-29 13:39:00,968,968,966,967,4113.0,1851449.0
2026-06-29 13:40:00,967,967,966,966,1196.0,1851664.0
2026-06-29 13:41:00,966,967,966,966,2738.0,1852226.0
2026-06-29 13:42:00,966,967,966,966,872.0,1852501.0
2026-06-29 13:43:00,966,967,966,966,1024.0,1852663.0
2026-06-29 13:44:00,966,968,966,967,7653.0,1853461.0
2026-06-29 13:45:00,967,968,966,967,6310.0,1852693.0
2026-06-29 13:46:00,967,967,966,967,2501.0,1853709.0
2026-06-29 13:47:00,967,967,966,967,3763.0,1855005.0
2026-06-29 13:48:00,967,967,966,966,2192.0,1855221.0
2026-06-29 13:49:00,966,967,966,967,1896.0,1855137.0
2026-06-29 13:50:00,967,967,966,966,1494.0,1855405.0
2026-06-29 13:51:00,966,967,966,966,2202.0,1855871.0
2026-06-29 13:52:00,966,967,966,966,1089.0,1855914.0
2026-06-29 13:53:00,966,968,966,967,3751.0,1855759.0
2026-06-29 13:54:00,967,968,967,968,1072.0,1855970.0
2026-06-29 13:55:00,968,968,966,966,4330.0,1857112.0
2026-06-29 13:56:00,966,967,965,965,10894.0,1858145.0
2026-06-29 13:57:00,965,966,965,966,1601.0,1859002.0
2026-06-29 13:58:00,966,966,965,965,1141.0,1859359.0
2026-06-29 13:59:00,965,966,965,965,1274.0,1859834.0
2026-06-29 14:00:00,965,966,965,966,1093.0,1860309.0
2026-06-29 14:01:00,966,966,965,966,750.0,1860560.0
2026-06-29 14:02:00,966,967,965,967,4666.0,1860888.0
2026-06-29 14:03:00,967,967,965,966,4062.0,1861597.0
2026-06-29 14:04:00,966,966,965,966,1527.0,1861616.0
2026-06-29 14:05:00,966,966,965,966,2163.0,1862048.0
2026-06-29 14:06:00,966,967,965,966,4707.0,1862328.0
2026-06-29 14:07:00,966,966,965,966,598.0,1862527.0
2026-06-29 14:08:00,966,966,965,966,1392.0,1863309.0
2026-06-29 14:09:00,966,966,964,965,10319.0,1864628.0
2026-06-29 14:10:00,965,966,964,964,14959.0,1860029.0
2026-06-29 14:11:00,964,966,964,966,4721.0,1860318.0
2026-06-29 14:12:00,966,966,965,966,421.0,1860568.0
2026-06-29 14:13:00,966,967,965,966,5253.0,1860418.0
2026-06-29 14:14:00,966,966,965,965,991.0,1860553.0
2026-06-29 14:15:00,965,966,965,965,2003.0,1860411.0
2026-06-29 14:16:00,965,966,965,965,2264.0,1860543.0
2026-06-29 14:17:00,965,966,965,965,1099.0,1860924.0
2026-06-29 14:18:00,965,967,965,966,4576.0,1860813.0
2026-06-29 14:19:00,966,966,965,966,2052.0,1862376.0
2026-06-29 14:20:00,966,966,965,965,506.0,1862463.0
2026-06-29 14:21:00,965,966,965,966,866.0,1862446.0
2026-06-29 14:22:00,966,967,965,967,3065.0,1861876.0
2026-06-29 14:23:00,967,967,966,967,365.0,1861854.0
2026-06-29 14:24:00,967,967,965,965,2622.0,1861138.0
2026-06-29 14:25:00,965,967,965,966,3214.0,1860675.0
2026-06-29 14:26:00,966,967,966,967,729.0,1860553.0
2026-06-29 14:27:00,967,967,966,967,247.0,1860592.0
2026-06-29 14:28:00,967,968,966,968,5450.0,1859105.0
2026-06-29 14:29:00,968,968,966,967,2395.0,1859466.0
2026-06-29 14:30:00,967,967,966,966,966.0,1859560.0
2026-06-29 14:31:00,966,967,966,967,2159.0,1858712.0
2026-06-29 14:32:00,967,968,967,967,1106.0,1858314.0
2026-06-29 14:33:00,967,968,966,967,2979.0,1857910.0
2026-06-29 14:34:00,967,968,967,968,425.0,1858016.0
2026-06-29 14:35:00,968,968,967,967,285.0,1858020.0
2026-06-29 14:36:00,967,968,967,967,556.0,1857668.0
2026-06-29 14:37:00,967,968,967,967,699.0,1857206.0
2026-06-29 14:38:00,967,968,967,967,1126.0,1857202.0
2026-06-29 14:39:00,967,968,967,967,571.0,1857243.0
2026-06-29 14:40:00,967,968,967,968,1751.0,1856985.0
2026-06-29 14:41:00,968,968,967,968,474.0,1856842.0
2026-06-29 14:42:00,968,968,967,968,222.0,1856852.0
2026-06-29 14:43:00,968,968,967,967,175.0,1856857.0
2026-06-29 14:44:00,967,968,967,968,365.0,1856825.0
2026-06-29 14:45:00,968,968,967,968,393.0,1856821.0
2026-06-29 14:46:00,968,968,967,967,544.0,1857009.0
2026-06-29 14:47:00,967,968,967,967,1244.0,1857083.0
2026-06-29 14:48:00,967,968,967,967,5005.0,1856228.0
2026-06-29 14:49:00,967,968,967,968,258.0,1856123.0
2026-06-29 14:50:00,968,968,967,967,698.0,1855905.0
2026-06-29 14:51:00,967,968,967,967,796.0,1856143.0
2026-06-29 14:52:00,967,968,967,967,435.0,1856278.0
2026-06-29 14:53:00,967,968,967,967,449.0,1856199.0
2026-06-29 14:54:00,967,968,967,968,411.0,1856212.0
2026-06-29 14:55:00,968,968,967,967,564.0,1855880.0
2026-06-29 14:56:00,967,968,967,968,949.0,1855387.0
2026-06-29 14:57:00,968,968,967,967,1139.0,1854774.0
2026-06-29 14:58:00,967,968,967,967,1181.0,1854439.0
2026-06-29 14:59:00,967,968,966,966,9001.0,1850227.0
2026-06-30 01:00:00,966,970,966,969,16016.0,1850569.0
2026-06-30 01:01:00,969,969,968,968,6285.0,1849716.0
2026-06-30 01:02:00,968,970,968,968,5288.0,1849253.0
2026-06-30 01:03:00,968,970,968,970,2856.0,1848970.0
2026-06-30 01:04:00,970,970,969,969,1351.0,1848775.0
2026-06-30 01:05:00,969,971,969,971,9407.0,1848878.0
2026-06-30 01:06:00,971,972,970,971,7104.0,1847223.0
2026-06-30 01:07:00,971,972,970,971,9689.0,1844967.0
2026-06-30 01:08:00,971,972,971,971,1479.0,1844823.0
2026-06-30 01:09:00,971,972,971,971,1157.0,1844347.0
2026-06-30 01:10:00,971,972,970,970,9740.0,1843570.0
2026-06-30 01:11:00,970,972,970,971,3880.0,1842778.0
2026-06-30 01:12:00,971,972,971,972,1070.0,1842878.0
2026-06-30 01:13:00,972,972,970,970,2301.0,1842914.0
2026-06-30 01:14:00,970,971,970,970,2116.0,1842353.0
2026-06-30 01:15:00,970,971,969,969,6445.0,1843689.0
2026-06-30 01:16:00,969,970,969,969,742.0,1843552.0
2026-06-30 01:17:00,969,970,969,969,924.0,1843680.0
2026-06-30 01:18:00,969,970,968,968,4737.0,1841667.0
2026-06-30 01:19:00,968,970,968,970,2755.0,1840173.0
2026-06-30 01:20:00,970,970,969,970,377.0,1840143.0
2026-06-30 01:21:00,970,970,968,969,1467.0,1839623.0
2026-06-30 01:22:00,969,969,968,968,715.0,1839442.0
2026-06-30 01:23:00,968,969,968,969,532.0,1839374.0
2026-06-30 01:24:00,969,969,968,968,484.0,1839288.0
2026-06-30 01:25:00,968,969,968,969,469.0,1839308.0
2026-06-30 01:26:00,969,969,968,968,1620.0,1839357.0
2026-06-30 01:27:00,968,969,968,968,772.0,1839322.0
2026-06-30 01:28:00,968,969,968,969,497.0,1839237.0
2026-06-30 01:29:00,969,969,968,969,423.0,1839313.0
2026-06-30 01:30:00,969,969,968,968,941.0,1839011.0
2026-06-30 01:31:00,968,970,968,970,5114.0,1839494.0
2026-06-30 01:32:00,970,970,969,969,487.0,1839580.0
2026-06-30 01:33:00,969,970,969,970,443.0,1839557.0
2026-06-30 01:34:00,970,970,968,968,4770.0,1838665.0
2026-06-30 01:35:00,968,969,968,968,506.0,1838645.0
2026-06-30 01:36:00,968,970,968,969,1867.0,1838374.0
2026-06-30 01:37:00,969,970,968,969,856.0,1838526.0
2026-06-30 01:38:00,969,969,968,968,827.0,1838085.0
2026-06-30 01:39:00,968,969,968,969,390.0,1838037.0
2026-06-30 01:40:00,969,969,968,968,246.0,1838056.0
2026-06-30 01:41:00,968,969,968,969,192.0,1838124.0
2026-06-30 01:42:00,969,969,968,969,602.0,1837954.0
2026-06-30 01:43:00,969,969,967,968,7061.0,1839163.0
2026-06-30 01:44:00,968,969,968,968,827.0,1838744.0
2026-06-30 01:45:00,968,969,967,968,1714.0,1839478.0
2026-06-30 01:46:00,968,968,967,967,688.0,1839491.0
2026-06-30 01:47:00,967,968,967,967,721.0,1839792.0
2026-06-30 01:48:00,967,968,967,968,532.0,1839888.0
2026-06-30 01:49:00,968,968,967,967,449.0,1839900.0
2026-06-30 01:50:00,967,968,966,967,4989.0,1841169.0
2026-06-30 01:51:00,967,968,966,967,5968.0,1839637.0
2026-06-30 01:52:00,967,967,966,966,1768.0,1840096.0
2026-06-30 01:53:00,966,967,966,967,2161.0,1839936.0
2026-06-30 01:54:00,967,967,966,966,748.0,1839774.0
2026-06-30 01:55:00,966,967,966,966,1092.0,1839964.0
2026-06-30 01:56:00,966,968,966,967,2140.0,1839460.0
2026-06-30 01:57:00,967,968,967,968,354.0,1839466.0
2026-06-30 01:58:00,968,968,967,968,738.0,1839353.0
2026-06-30 01:59:00,968,968,967,967,1003.0,1839555.0
2026-06-30 02:00:00,967,968,967,967,1161.0,1839594.0
2026-06-30 02:01:00,967,968,967,968,760.0,1839522.0
2026-06-30 02:02:00,968,968,967,968,735.0,1839769.0
2026-06-30 02:03:00,968,969,967,969,2920.0,1839678.0
2026-06-30 02:04:00,969,970,968,970,3147.0,1839497.0
2026-06-30 02:05:00,970,970,968,969,5838.0,1838964.0
2026-06-30 02:06:00,969,969,968,969,1009.0,1838819.0
2026-06-30 02:07:00,969,970,968,970,1269.0,1838476.0
2026-06-30 02:08:00,970,970,969,970,568.0,1838465.0
2026-06-30 02:09:00,970,970,969,969,2201.0,1838783.0
2026-06-30 02:10:00,969,970,968,968,1219.0,1838626.0
2026-06-30 02:11:00,968,969,967,968,4037.0,1838852.0
2026-06-30 02:12:00,968,970,968,970,1792.0,1838290.0
2026-06-30 02:13:00,970,970,968,969,3401.0,1837475.0
2026-06-30 02:14:00,969,971,969,970,5952.0,1837146.0
2026-06-30 02:30:00,971,973,971,973,14758.0,1834826.0
2026-06-30 02:31:00,973,973,972,972,1936.0,1834684.0
2026-06-30 02:32:00,972,975,972,975,21390.0,1830496.0
2026-06-30 02:33:00,975,976,974,974,12316.0,1827383.0
2026-06-30 02:34:00,974,977,974,976,19097.0,1824048.0
2026-06-30 02:35:00,976,976,975,976,9122.0,1823630.0
2026-06-30 02:36:00,976,977,974,975,11228.0,1821553.0
2026-06-30 02:37:00,975,975,973,973,5716.0,1819859.0
2026-06-30 02:38:00,973,975,973,974,5604.0,1818720.0
2026-06-30 02:39:00,974,975,973,973,3230.0,1818430.0
2026-06-30 02:40:00,973,974,972,973,5891.0,1820222.0
2026-06-30 02:41:00,973,973,972,973,1076.0,1820487.0
2026-06-30 02:42:00,973,973,972,973,2293.0,1820689.0
2026-06-30 02:43:00,973,975,972,974,6631.0,1819830.0
2026-06-30 02:44:00,974,975,973,974,1506.0,1819701.0
2026-06-30 02:45:00,974,975,973,975,2908.0,1819347.0
2026-06-30 02:46:00,975,976,974,975,5793.0,1820213.0
2026-06-30 02:47:00,975,976,975,976,2792.0,1820124.0
2026-06-30 02:48:00,976,976,974,976,6143.0,1820088.0
2026-06-30 02:49:00,976,978,975,978,15962.0,1816332.0
2026-06-30 02:50:00,978,978,976,978,9360.0,1815278.0
2026-06-30 02:51:00,978,979,977,978,14526.0,1814376.0
2026-06-30 02:52:00,978,978,976,978,11916.0,1810979.0
2026-06-30 02:53:00,978,978,976,977,6833.0,1810234.0
2026-06-30 02:54:00,977,978,977,978,4934.0,1811047.0
2026-06-30 02:55:00,978,979,978,978,6966.0,1809411.0
2026-06-30 02:56:00,978,979,977,978,4521.0,1807263.0
2026-06-30 02:57:00,978,978,977,978,3294.0,1807234.0
2026-06-30 02:58:00,978,978,976,976,4978.0,1805596.0
2026-06-30 02:59:00,976,978,976,977,5918.0,1805215.0
2026-06-30 03:00:00,977,978,977,978,2429.0,1804313.0
2026-06-30 03:01:00,978,978,976,977,3194.0,1803390.0
2026-06-30 03:02:00,977,978,976,977,4858.0,1803877.0
2026-06-30 03:03:00,977,978,976,976,1621.0,1803138.0
2026-06-30 03:04:00,976,977,976,976,1081.0,1802582.0
2026-06-30 03:05:00,976,977,976,976,1881.0,1801441.0
2026-06-30 03:06:00,976,977,976,977,6442.0,1800480.0
2026-06-30 03:07:00,977,977,976,976,1568.0,1799901.0
2026-06-30 03:08:00,976,977,975,975,3866.0,1799939.0
2026-06-30 03:09:00,975,976,974,974,10511.0,1797097.0
2026-06-30 03:10:00,974,975,974,974,567.0,1796953.0
2026-06-30 03:11:00,974,975,974,974,694.0,1796852.0
2026-06-30 03:12:00,974,977,974,976,9571.0,1795168.0
2026-06-30 03:13:00,976,976,974,975,10170.0,1792541.0
2026-06-30 03:14:00,975,976,975,976,705.0,1792689.0
2026-06-30 03:15:00,976,976,975,975,984.0,1792974.0
2026-06-30 03:16:00,975,976,975,976,356.0,1792876.0
2026-06-30 03:17:00,976,976,975,976,250.0,1792850.0
2026-06-30 03:18:00,976,976,975,975,491.0,1792971.0
2026-06-30 03:19:00,975,976,975,975,607.0,1792958.0
2026-06-30 03:20:00,975,976,975,975,722.0,1792670.0
2026-06-30 03:21:00,975,976,975,976,647.0,1792285.0
2026-06-30 03:22:00,976,976,975,976,757.0,1792201.0
2026-06-30 03:23:00,976,977,975,977,2801.0,1792049.0
2026-06-30 03:24:00,977,977,975,975,2509.0,1791498.0
2026-06-30 03:25:00,975,976,975,975,517.0,1791260.0
2026-06-30 03:26:00,975,976,975,975,583.0,1791215.0
2026-06-30 03:27:00,975,976,975,976,420.0,1791051.0
2026-06-30 03:28:00,976,976,975,975,532.0,1791097.0
2026-06-30 03:29:00,975,976,975,975,2501.0,1789674.0
2026-06-30 05:30:00,975,976,974,975,7556.0,1788702.0
2026-06-30 05:31:00,975,975,974,974,1172.0,1788998.0
2026-06-30 05:32:00,974,975,974,975,4938.0,1788886.0
2026-06-30 05:33:00,975,975,974,974,2424.0,1788964.0
2026-06-30 05:34:00,974,975,973,973,3882.0,1788191.0
2026-06-30 05:35:00,973,975,973,974,2338.0,1787803.0
2026-06-30 05:36:00,974,975,974,975,877.0,1787500.0
2026-06-30 05:37:00,975,975,974,975,507.0,1787354.0
2026-06-30 05:38:00,975,976,975,976,3244.0,1787978.0
2026-06-30 05:39:00,976,976,974,974,3677.0,1788595.0
2026-06-30 05:40:00,974,975,974,975,568.0,1788438.0
2026-06-30 05:41:00,975,975,974,974,1003.0,1788113.0
2026-06-30 05:42:00,974,975,974,974,2864.0,1787723.0
2026-06-30 05:43:00,974,975,974,974,431.0,1787814.0
2026-06-30 05:44:00,974,975,974,975,477.0,1787881.0
2026-06-30 05:45:00,975,975,973,974,2287.0,1787475.0
2026-06-30 05:46:00,974,974,973,974,766.0,1787217.0
2026-06-30 05:47:00,974,974,973,973,1166.0,1787199.0
2026-06-30 05:48:00,973,974,973,974,808.0,1786889.0
2026-06-30 05:49:00,974,974,973,974,337.0,1786890.0
2026-06-30 05:50:00,974,974,973,973,343.0,1786865.0
2026-06-30 05:51:00,973,974,973,973,974.0,1786817.0
2026-06-30 05:52:00,973,974,972,972,7006.0,1787698.0
2026-06-30 05:53:00,972,974,972,973,3610.0,1785854.0
2026-06-30 05:54:00,973,974,973,974,398.0,1785949.0
2026-06-30 05:55:00,974,974,973,974,5153.0,1786550.0
2026-06-30 05:56:00,974,974,973,973,703.0,1786419.0
2026-06-30 05:57:00,973,974,972,972,3922.0,1785586.0
2026-06-30 05:58:00,972,973,972,973,2857.0,1785487.0
2026-06-30 05:59:00,973,974,973,974,814.0,1785833.0
2026-06-30 06:00:00,974,974,973,973,434.0,1785779.0
2026-06-30 06:01:00,973,974,972,972,3055.0,1786080.0
2026-06-30 06:02:00,972,973,972,972,849.0,1785952.0
2026-06-30 06:03:00,972,974,972,973,2428.0,1785573.0
2026-06-30 06:04:00,973,974,972,973,3222.0,1785324.0
2026-06-30 06:05:00,973,974,972,972,3406.0,1784982.0
2026-06-30 06:06:00,972,974,972,973,3336.0,1785244.0
2026-06-30 06:07:00,973,973,972,972,540.0,1785362.0
2026-06-30 06:08:00,972,973,972,972,867.0,1785318.0
2026-06-30 06:09:00,972,974,972,972,2180.0,1784108.0
2026-06-30 06:10:00,972,974,972,973,3319.0,1785024.0
2026-06-30 06:11:00,973,974,972,973,2982.0,1785592.0
2026-06-30 06:12:00,973,974,973,973,2099.0,1785882.0
2026-06-30 06:13:00,973,974,972,973,2394.0,1785990.0
2026-06-30 06:14:00,973,974,973,973,505.0,1786146.0
2026-06-30 06:15:00,973,974,973,974,620.0,1786406.0
2026-06-30 06:16:00,974,974,972,972,2348.0,1786582.0
2026-06-30 06:17:00,972,973,972,972,589.0,1786346.0
2026-06-30 06:18:00,972,973,972,973,597.0,1786425.0
2026-06-30 06:19:00,973,973,972,972,355.0,1786474.0
2026-06-30 06:20:00,972,973,972,972,549.0,1786496.0
2026-06-30 06:21:00,972,973,971,972,6302.0,1786455.0
2026-06-30 06:22:00,972,973,971,972,2906.0,1785893.0
2026-06-30 06:23:00,972,972,971,971,7815.0,1786464.0
2026-06-30 06:24:00,971,972,970,971,8746.0,1786340.0
2026-06-30 06:25:00,971,972,971,971,1276.0,1786216.0
2026-06-30 06:26:00,971,972,971,971,996.0,1786140.0
2026-06-30 06:27:00,971,972,971,972,2948.0,1785531.0
2026-06-30 06:28:00,972,973,971,973,1867.0,1785479.0
2026-06-30 06:29:00,973,973,972,973,598.0,1785553.0
2026-06-30 06:30:00,973,973,972,973,1612.0,1785186.0
2026-06-30 06:31:00,973,973,972,972,1550.0,1784879.0
2026-06-30 06:32:00,972,974,972,973,2994.0,1784852.0
2026-06-30 06:33:00,973,974,973,973,1315.0,1784341.0
2026-06-30 06:34:00,973,974,972,973,7111.0,1785703.0
2026-06-30 06:35:00,973,973,972,973,757.0,1786039.0
2026-06-30 06:36:00,973,973,972,973,1272.0,1786151.0
2026-06-30 06:37:00,973,973,971,972,2900.0,1785780.0
2026-06-30 06:38:00,972,972,971,972,3123.0,1784109.0
2026-06-30 06:39:00,972,973,971,972,1327.0,1784138.0
2026-06-30 06:40:00,972,973,972,972,1659.0,1784036.0
2026-06-30 06:41:00,972,973,971,972,2664.0,1783988.0
2026-06-30 06:42:00,972,973,971,973,1133.0,1784532.0
2026-06-30 06:43:00,973,973,972,973,406.0,1784551.0
2026-06-30 06:44:00,973,973,972,973,332.0,1784655.0
2026-06-30 06:45:00,973,973,972,972,489.0,1784568.0
2026-06-30 06:46:00,972,974,972,973,3816.0,1785073.0
2026-06-30 06:47:00,973,975,973,974,7179.0,1783936.0
2026-06-30 06:48:00,974,974,973,973,5954.0,1782848.0
2026-06-30 06:49:00,973,974,973,974,1117.0,1782191.0
2026-06-30 06:50:00,974,975,973,974,4155.0,1782902.0
2026-06-30 06:51:00,974,975,973,975,5471.0,1781407.0
2026-06-30 06:52:00,975,975,974,974,1793.0,1780855.0
2026-06-30 06:53:00,974,975,974,974,1309.0,1780763.0
2026-06-30 06:54:00,974,975,973,974,4679.0,1780782.0
2026-06-30 06:55:00,974,975,973,974,3952.0,1779537.0
2026-06-30 06:56:00,974,975,974,974,2269.0,1779410.0
2026-06-30 06:57:00,974,975,973,974,4172.0,1778243.0
2026-06-30 06:58:00,974,975,973,974,6501.0,1776409.0
2026-06-30 06:59:00,974,975,974,975,7273.0,1774099.0
2026-06-30 13:00:00,972,972,968,970,42559.0,1768378.0
2026-06-30 13:01:00,970,972,969,969,11856.0,1769155.0
2026-06-30 13:02:00,969,970,968,969,15345.0,1774132.0
2026-06-30 13:03:00,969,969,965,966,29906.0,1779514.0
2026-06-30 13:04:00,966,967,966,967,12211.0,1781896.0
2026-06-30 13:05:00,967,967,964,964,29816.0,1792102.0
2026-06-30 13:06:00,964,966,964,965,12466.0,1794998.0
2026-06-30 13:07:00,965,966,965,966,5244.0,1797484.0
2026-06-30 13:08:00,966,967,965,966,12028.0,1800285.0
2026-06-30 13:09:00,966,967,965,967,5338.0,1801551.0
2026-06-30 13:10:00,967,969,966,968,12020.0,1802113.0
2026-06-30 13:11:00,968,969,968,968,3419.0,1803055.0
2026-06-30 13:12:00,968,969,968,968,2901.0,1803348.0
2026-06-30 13:13:00,968,969,967,968,7938.0,1805716.0
2026-06-30 13:14:00,968,969,968,968,2300.0,1806256.0
2026-06-30 13:15:00,968,970,968,969,11086.0,1807016.0
2026-06-30 13:16:00,969,969,968,968,5858.0,1806905.0
2026-06-30 13:17:00,968,969,967,967,2437.0,1807525.0
2026-06-30 13:18:00,967,968,967,967,1360.0,1807841.0
2026-06-30 13:19:00,967,968,967,968,1793.0,1808221.0
2026-06-30 13:20:00,968,968,967,967,5194.0,1808656.0
2026-06-30 13:21:00,967,968,967,968,1057.0,1808626.0
2026-06-30 13:22:00,968,968,967,968,780.0,1808526.0
2026-06-30 13:23:00,968,968,966,966,7809.0,1809315.0
2026-06-30 13:24:00,966,967,965,965,9037.0,1811168.0
2026-06-30 13:25:00,965,966,965,966,9834.0,1813732.0
2026-06-30 13:26:00,966,966,965,966,2158.0,1814769.0
2026-06-30 13:27:00,966,966,964,966,16680.0,1822692.0
2026-06-30 13:28:00,966,966,965,965,992.0,1823031.0
2026-06-30 13:29:00,965,966,965,965,2313.0,1824515.0
2026-06-30 13:30:00,965,966,965,966,3156.0,1825014.0
2026-06-30 13:31:00,966,966,965,966,1802.0,1825628.0
2026-06-30 13:32:00,966,967,965,966,8546.0,1826113.0
2026-06-30 13:33:00,966,966,965,966,1261.0,1826661.0
2026-06-30 13:34:00,966,966,965,965,1154.0,1827413.0
2026-06-30 13:35:00,965,966,965,966,1489.0,1827716.0
2026-06-30 13:36:00,966,966,965,966,780.0,1827812.0
2026-06-30 13:37:00,966,966,965,965,1009.0,1828199.0
2026-06-30 13:38:00,965,966,965,965,956.0,1828479.0
2026-06-30 13:39:00,965,966,965,965,1979.0,1828691.0
2026-06-30 13:40:00,965,966,965,966,2690.0,1829205.0
2026-06-30 13:41:00,966,966,964,964,13319.0,1833500.0
2026-06-30 13:42:00,964,965,964,964,7870.0,1833987.0
2026-06-30 13:43:00,964,965,964,964,3498.0,1835433.0
2026-06-30 13:44:00,964,965,964,964,2018.0,1835694.0
2026-06-30 13:45:00,964,966,964,964,5697.0,1836712.0
2026-06-30 13:46:00,964,965,964,964,1097.0,1837349.0
2026-06-30 13:47:00,964,966,964,966,3281.0,1837303.0
2026-06-30 13:48:00,966,966,965,965,1350.0,1837911.0
2026-06-30 13:49:00,965,966,965,966,566.0,1837841.0
2026-06-30 13:50:00,966,966,965,966,571.0,1837818.0
2026-06-30 13:51:00,966,966,965,966,704.0,1837842.0
2026-06-30 13:52:00,966,966,964,965,4643.0,1839383.0
2026-06-30 13:53:00,965,966,964,965,2428.0,1839629.0
2026-06-30 13:54:00,965,966,964,965,3236.0,1841249.0
2026-06-30 13:55:00,965,966,964,965,3200.0,1841790.0
2026-06-30 13:56:00,965,965,964,965,600.0,1841823.0
2026-06-30 13:57:00,965,965,964,964,1163.0,1842373.0
2026-06-30 13:58:00,964,965,964,965,788.0,1842728.0
2026-06-30 13:59:00,965,965,964,964,949.0,1842925.0
2026-06-30 14:00:00,964,965,964,964,1845.0,1843993.0
2026-06-30 14:01:00,964,965,964,964,917.0,1844444.0
2026-06-30 14:02:00,964,965,964,965,600.0,1844668.0
2026-06-30 14:03:00,965,965,964,965,3691.0,1845765.0
2026-06-30 14:04:00,965,965,964,965,742.0,1845848.0
2026-06-30 14:05:00,965,965,964,964,918.0,1845963.0
2026-06-30 14:06:00,964,965,964,965,986.0,1846603.0
2026-06-30 14:07:00,965,965,964,965,2973.0,1846594.0
2026-06-30 14:08:00,965,965,964,965,2614.0,1846668.0
2026-06-30 14:09:00,965,965,964,964,715.0,1847086.0
2026-06-30 14:10:00,964,965,964,964,677.0,1847552.0
2026-06-30 14:11:00,964,965,964,964,1530.0,1847667.0
2026-06-30 14:12:00,964,965,964,965,3130.0,1848254.0
2026-06-30 14:13:00,965,965,964,965,544.0,1848591.0
2026-06-30 14:14:00,965,965,964,965,2415.0,1849649.0
2026-06-30 14:15:00,965,966,964,965,2810.0,1849091.0
2026-06-30 14:16:00,965,966,965,966,3176.0,1847927.0
2026-06-30 14:17:00,966,966,965,966,1331.0,1848613.0
2026-06-30 14:18:00,966,966,965,966,780.0,1848460.0
2026-06-30 14:19:00,966,966,965,966,483.0,1848573.0
2026-06-30 14:20:00,966,966,965,966,1069.0,1849234.0
2026-06-30 14:21:00,966,966,965,965,481.0,1849558.0
2026-06-30 14:22:00,965,966,965,966,696.0,1849960.0
2026-06-30 14:23:00,966,966,965,966,417.0,1850160.0
2026-06-30 14:24:00,966,966,965,965,517.0,1850207.0
2026-06-30 14:25:00,965,966,965,966,3989.0,1849761.0
2026-06-30 14:26:00,966,966,965,965,291.0,1849783.0
2026-06-30 14:27:00,965,966,965,965,457.0,1849754.0
2026-06-30 14:28:00,965,967,965,966,4551.0,1850122.0
2026-06-30 14:29:00,966,967,966,966,2684.0,1850027.0
2026-06-30 14:30:00,966,967,965,967,6859.0,1851592.0
2026-06-30 14:31:00,967,967,965,966,3988.0,1850887.0
2026-06-30 14:32:00,966,966,965,966,1219.0,1851446.0
2026-06-30 14:33:00,966,966,965,966,702.0,1851518.0
2026-06-30 14:34:00,966,966,965,966,1402.0,1851622.0
2026-06-30 14:35:00,966,967,965,966,1128.0,1851472.0
2026-06-30 14:36:00,966,966,965,965,1068.0,1851804.0
2026-06-30 14:37:00,965,966,965,965,363.0,1851821.0
2026-06-30 14:38:00,965,966,965,966,223.0,1851883.0
2026-06-30 14:39:00,966,966,965,965,133.0,1851915.0
2026-06-30 14:40:00,965,966,965,966,250.0,1851887.0
2026-06-30 14:41:00,966,966,964,964,7429.0,1855332.0
2026-06-30 14:42:00,964,965,964,964,930.0,1855495.0
2026-06-30 14:43:00,964,965,964,965,324.0,1855482.0
2026-06-30 14:44:00,965,965,964,965,664.0,1855491.0
2026-06-30 14:45:00,965,965,964,965,539.0,1855605.0
2026-06-30 14:46:00,965,965,964,964,403.0,1855774.0
2026-06-30 14:47:00,964,965,964,964,565.0,1855835.0
2026-06-30 14:48:00,964,965,964,964,1423.0,1855620.0
2026-06-30 14:49:00,964,964,962,962,29346.0,1863258.0
2026-06-30 14:50:00,962,963,962,962,3646.0,1864623.0
2026-06-30 14:51:00,962,964,962,964,6935.0,1864821.0
2026-06-30 14:52:00,964,964,962,963,7070.0,1867311.0
2026-06-30 14:53:00,963,964,963,963,958.0,1867538.0
2026-06-30 14:54:00,963,964,963,963,695.0,1867557.0
2026-06-30 14:55:00,963,965,963,965,6393.0,1865434.0
2026-06-30 14:56:00,965,965,964,965,3993.0,1864847.0
2026-06-30 14:57:00,965,965,964,964,1708.0,1864660.0
2026-06-30 14:58:00,964,965,963,963,3949.0,1865387.0
2026-06-30 14:59:00,963,964,963,964,6827.0,1863567.0
2026-07-01 01:00:00,964,964,960,961,27836.0,1872906.0
2026-07-01 01:01:00,961,962,960,962,8232.0,1876556.0
2026-07-01 01:02:00,962,962,960,960,9835.0,1880468.0
2026-07-01 01:03:00,960,961,959,960,19273.0,1885836.0
2026-07-01 01:04:00,960,960,958,958,14633.0,1891973.0
2026-07-01 01:05:00,958,958,956,958,31104.0,1894510.0
2026-07-01 01:06:00,958,958,956,957,19412.0,1898925.0
2026-07-01 01:07:00,957,958,956,958,9890.0,1900807.0
2026-07-01 01:08:00,958,959,957,958,14547.0,1906648.0
2026-07-01 01:09:00,958,960,957,959,8110.0,1908015.0
2026-07-01 01:10:00,959,960,957,957,10772.0,1910208.0
2026-07-01 01:11:00,957,958,957,957,1563.0,1910672.0
2026-07-01 01:12:00,957,958,956,957,9813.0,1913037.0
2026-07-01 01:13:00,957,958,956,958,2728.0,1912750.0
2026-07-01 01:14:00,958,959,957,959,4304.0,1913311.0
2026-07-01 01:15:00,959,959,958,958,4523.0,1914052.0
2026-07-01 01:16:00,958,959,957,958,4773.0,1913774.0
2026-07-01 01:17:00,958,959,957,959,3141.0,1912944.0
2026-07-01 01:18:00,959,960,958,960,4831.0,1913529.0
2026-07-01 01:19:00,960,962,960,961,10400.0,1915769.0
2026-07-01 01:20:00,961,961,960,961,5285.0,1915862.0
2026-07-01 01:21:00,961,962,960,962,6931.0,1915558.0
2026-07-01 01:22:00,962,963,961,963,9993.0,1915199.0
2026-07-01 01:23:00,963,963,961,961,5437.0,1915226.0
2026-07-01 01:24:00,961,963,961,962,8133.0,1915234.0
2026-07-01 01:25:00,962,962,961,962,1094.0,1915029.0
2026-07-01 01:26:00,962,962,961,962,845.0,1915289.0
2026-07-01 01:27:00,962,962,961,961,887.0,1915021.0
2026-07-01 01:28:00,961,962,961,961,707.0,1914898.0
2026-07-01 01:29:00,961,962,961,962,1416.0,1914397.0
2026-07-01 01:30:00,962,962,961,962,2795.0,1913785.0
2026-07-01 01:31:00,962,962,961,961,905.0,1913960.0
2026-07-01 01:32:00,961,962,961,962,865.0,1913795.0
2026-07-01 01:33:00,962,963,961,962,6396.0,1912565.0
2026-07-01 01:34:00,962,962,960,960,4672.0,1911220.0
2026-07-01 01:35:00,960,962,960,962,2580.0,1910694.0
2026-07-01 01:36:00,962,962,961,961,677.0,1910739.0
2026-07-01 01:37:00,961,962,961,962,313.0,1910834.0
2026-07-01 01:38:00,962,962,961,961,459.0,1910904.0
2026-07-01 01:39:00,961,962,961,962,276.0,1910924.0
2026-07-01 01:40:00,962,962,961,961,496.0,1910823.0
2026-07-01 01:41:00,961,962,961,962,654.0,1910624.0
2026-07-01 01:42:00,962,962,961,962,607.0,1910534.0
2026-07-01 01:43:00,962,962,961,961,4355.0,1911144.0
2026-07-01 01:44:00,961,962,961,961,1107.0,1910963.0
2026-07-01 01:45:00,961,964,961,963,11693.0,1909099.0
2026-07-01 01:46:00,963,963,962,963,1665.0,1909036.0
2026-07-01 01:47:00,963,963,961,961,1397.0,1909301.0
2026-07-01 01:48:00,961,962,961,961,816.0,1909631.0
2026-07-01 01:49:00,961,962,961,961,407.0,1909679.0
2026-07-01 01:50:00,961,962,961,961,439.0,1909819.0
2026-07-01 01:51:00,961,962,961,961,714.0,1910025.0
2026-07-01 01:52:00,961,962,960,961,4892.0,1911454.0
2026-07-01 01:53:00,961,961,960,960,1213.0,1911785.0
2026-07-01 01:54:00,960,961,960,960,451.0,1911907.0
2026-07-01 01:55:00,960,961,960,961,605.0,1911943.0
2026-07-01 01:56:00,961,962,960,960,3042.0,1912078.0
2026-07-01 01:57:00,960,962,960,961,1628.0,1911467.0
2026-07-01 01:58:00,961,962,961,961,457.0,1911399.0
2026-07-01 01:59:00,961,962,961,961,227.0,1911438.0
2026-07-01 02:00:00,961,962,961,962,888.0,1911736.0
2026-07-01 02:01:00,962,962,961,961,370.0,1911615.0
2026-07-01 02:02:00,961,962,961,961,361.0,1911711.0
2026-07-01 02:03:00,961,962,961,962,380.0,1911845.0
2026-07-01 02:04:00,962,962,961,962,511.0,1911764.0
2026-07-01 02:05:00,962,962,960,961,5353.0,1912331.0
2026-07-01 02:06:00,961,962,960,960,2099.0,1912618.0
2026-07-01 02:07:00,960,961,960,960,1162.0,1913048.0
2026-07-01 02:08:00,960,961,960,961,848.0,1913375.0
2026-07-01 02:09:00,961,961,960,961,626.0,1913413.0
2026-07-01 02:10:00,961,961,959,959,3890.0,1914112.0
2026-07-01 02:11:00,959,960,959,960,1245.0,1914172.0
2026-07-01 02:12:00,960,960,958,959,3578.0,1914773.0
2026-07-01 02:13:00,959,960,959,960,1052.0,1915036.0
2026-07-01 02:14:00,960,960,958,959,2489.0,1914805.0
2026-07-01 02:30:00,959,959,958,958,3009.0,1916558.0
2026-07-01 02:31:00,958,959,958,958,1591.0,1917356.0
2026-07-01 02:32:00,958,959,958,958,1471.0,1918106.0
2026-07-01 02:33:00,958,959,958,959,2699.0,1918908.0
2026-07-01 02:34:00,959,960,958,959,5220.0,1920885.0
2026-07-01 02:35:00,959,959,958,958,992.0,1921524.0
2026-07-01 02:36:00,958,959,958,959,1454.0,1922122.0
2026-07-01 02:37:00,959,959,958,958,935.0,1922320.0
2026-07-01 02:38:00,958,959,958,959,484.0,1922375.0
2026-07-01 02:39:00,959,959,958,958,523.0,1922627.0
2026-07-01 02:40:00,958,959,958,958,2324.0,1922308.0
2026-07-01 02:41:00,958,960,958,960,4863.0,1924285.0
2026-07-01 02:42:00,960,960,959,959,1423.0,1924766.0
2026-07-01 02:43:00,959,960,958,959,4917.0,1925729.0
2026-07-01 02:44:00,959,961,959,960,3175.0,1926757.0
2026-07-01 02:45:00,960,961,960,961,1428.0,1926985.0
2026-07-01 02:46:00,961,963,960,962,5856.0,1927554.0
2026-07-01 02:47:00,962,963,961,961,4942.0,1927806.0
2026-07-01 02:48:00,961,963,961,962,2919.0,1927309.0
2026-07-01 02:49:00,962,962,961,962,1044.0,1927685.0
2026-07-01 02:50:00,962,963,961,963,2194.0,1927098.0
2026-07-01 02:51:00,963,963,961,961,4306.0,1926806.0
2026-07-01 02:52:00,961,962,961,961,659.0,1926910.0
2026-07-01 02:53:00,961,962,961,961,815.0,1926869.0
2026-07-01 02:54:00,961,963,961,963,2802.0,1926708.0
2026-07-01 02:55:00,963,963,962,962,844.0,1926746.0
2026-07-01 02:56:00,962,963,961,962,4675.0,1926263.0
2026-07-01 02:57:00,962,964,961,964,8433.0,1924037.0
2026-07-01 02:58:00,964,964,962,962,5794.0,1924035.0
2026-07-01 02:59:00,962,963,962,962,1191.0,1923850.0
2026-07-01 03:00:00,962,964,962,963,3454.0,1923575.0
2026-07-01 03:01:00,963,964,962,963,4410.0,1922546.0
2026-07-01 03:02:00,963,963,961,962,3225.0,1921458.0
2026-07-01 03:03:00,962,963,961,962,1682.0,1921219.0
2026-07-01 03:04:00,962,963,961,963,2617.0,1921028.0
2026-07-01 03:05:00,963,963,962,962,829.0,1920810.0
2026-07-01 03:06:00,962,963,962,962,1015.0,1920773.0
2026-07-01 03:07:00,962,963,962,963,902.0,1920455.0
2026-07-01 03:08:00,963,963,962,962,680.0,1920194.0
2026-07-01 03:09:00,962,964,962,964,4867.0,1918680.0
2026-07-01 03:10:00,964,964,963,963,4533.0,1917275.0
2026-07-01 03:11:00,963,964,963,963,2032.0,1916563.0
2026-07-01 03:12:00,963,964,963,964,721.0,1916220.0
2026-07-01 03:13:00,964,964,963,964,1357.0,1915569.0
2026-07-01 03:14:00,964,964,963,964,670.0,1915497.0
2026-07-01 03:15:00,964,964,963,964,388.0,1915483.0
2026-07-01 03:16:00,964,965,963,964,6726.0,1916334.0
2026-07-01 03:17:00,964,965,964,965,2343.0,1916086.0
2026-07-01 03:18:00,965,965,964,964,2341.0,1915023.0
2026-07-01 03:19:00,964,966,963,965,12275.0,1910268.0
2026-07-01 03:20:00,965,966,965,965,6290.0,1908218.0
2026-07-01 03:21:00,965,966,964,965,4102.0,1907767.0
2026-07-01 03:22:00,965,967,965,965,11890.0,1905031.0
2026-07-01 03:23:00,965,966,965,966,941.0,1904688.0
2026-07-01 03:24:00,966,966,965,965,714.0,1904847.0
2026-07-01 03:25:00,965,966,964,965,5887.0,1902639.0
2026-07-01 03:26:00,965,966,964,964,3438.0,1901735.0
2026-07-01 03:27:00,964,966,964,964,2687.0,1900970.0
2026-07-01 03:28:00,964,965,964,965,1322.0,1901207.0
2026-07-01 03:29:00,965,965,964,964,3100.0,1900247.0
2026-07-01 05:30:00,964,967,964,965,12205.0,1895977.0
2026-07-01 05:31:00,965,967,965,966,5835.0,1896103.0
2026-07-01 05:32:00,966,968,966,967,9529.0,1893931.0
2026-07-01 05:33:00,967,968,967,968,4026.0,1893962.0
2026-07-01 05:34:00,968,968,966,966,5666.0,1892228.0
2026-07-01 05:35:00,966,968,966,967,5190.0,1891766.0
2026-07-01 05:36:00,967,969,967,968,16622.0,1887456.0
2026-07-01 05:37:00,968,968,967,967,6362.0,1887272.0
2026-07-01 05:38:00,967,968,966,966,6523.0,1885087.0
2026-07-01 05:39:00,966,968,966,967,4360.0,1884735.0
2026-07-01 05:40:00,967,968,967,967,3501.0,1884164.0
2026-07-01 05:41:00,967,968,966,967,4803.0,1883989.0
2026-07-01 05:42:00,967,969,967,968,11502.0,1884285.0
2026-07-01 05:43:00,968,969,968,968,4041.0,1882346.0
2026-07-01 05:44:00,968,970,968,969,16644.0,1880072.0
2026-07-01 05:45:00,969,969,967,968,7438.0,1879999.0
2026-07-01 05:46:00,968,969,968,969,5307.0,1878200.0
2026-07-01 05:47:00,969,969,968,968,1086.0,1877835.0
2026-07-01 05:48:00,968,970,968,969,6059.0,1877345.0
2026-07-01 05:49:00,969,970,968,969,3685.0,1877609.0
2026-07-01 05:50:00,969,970,968,969,1884.0,1877802.0
2026-07-01 05:51:00,969,969,967,967,5670.0,1876638.0
2026-07-01 05:52:00,967,969,967,968,3287.0,1876259.0
2026-07-01 05:53:00,968,968,967,968,3608.0,1875611.0
2026-07-01 05:54:00,968,968,967,967,689.0,1875457.0
2026-07-01 05:55:00,967,968,967,968,1512.0,1874695.0
2026-07-01 05:56:00,968,968,967,967,2474.0,1874572.0
2026-07-01 05:57:00,967,968,967,967,809.0,1874170.0
2026-07-01 05:58:00,967,968,967,967,647.0,1873898.0
2026-07-01 05:59:00,967,968,967,967,703.0,1873840.0
2026-07-01 06:00:00,967,968,966,966,6410.0,1873720.0
2026-07-01 06:01:00,966,967,966,967,1474.0,1873415.0
2026-07-01 06:02:00,967,967,966,966,1607.0,1872810.0
2026-07-01 06:03:00,966,967,965,966,8503.0,1872498.0
2026-07-01 06:04:00,966,967,966,967,1357.0,1872549.0
2026-07-01 06:05:00,967,967,966,966,941.0,1872154.0
2026-07-01 06:06:00,966,967,965,966,3359.0,1872110.0
2026-07-01 06:07:00,966,966,964,965,9331.0,1872597.0
2026-07-01 06:08:00,965,966,964,964,2149.0,1873029.0
2026-07-01 06:09:00,964,966,964,965,3576.0,1873205.0
2026-07-01 06:10:00,965,965,963,963,7439.0,1875538.0
2026-07-01 06:11:00,963,964,963,964,972.0,1875729.0
2026-07-01 06:12:00,964,964,963,964,1409.0,1876120.0
2026-07-01 06:13:00,964,964,963,964,1713.0,1876005.0
2026-07-01 06:14:00,964,964,963,964,585.0,1875913.0
2026-07-01 06:15:00,964,964,963,964,802.0,1875919.0
2026-07-01 06:16:00,964,964,962,963,6516.0,1875976.0
2026-07-01 06:17:00,963,963,962,963,6565.0,1874814.0
2026-07-01 06:18:00,963,963,962,963,2297.0,1874245.0
2026-07-01 06:19:00,963,963,962,962,776.0,1874240.0
2026-07-01 06:20:00,962,963,961,961,4748.0,1874098.0
2026-07-01 06:21:00,961,962,961,962,927.0,1874086.0
2026-07-01 06:22:00,962,962,961,962,686.0,1874338.0
2026-07-01 06:23:00,962,962,961,961,1136.0,1874348.0
2026-07-01 06:24:00,961,962,961,962,2611.0,1874275.0
2026-07-01 06:25:00,962,962,961,961,1428.0,1874566.0
2026-07-01 06:26:00,961,962,961,962,801.0,1874911.0
2026-07-01 06:27:00,962,962,961,961,1175.0,1875417.0
2026-07-01 06:28:00,961,962,961,962,927.0,1875626.0
2026-07-01 06:29:00,962,962,961,962,2068.0,1876069.0
2026-07-01 06:30:00,962,962,960,961,4934.0,1876543.0
2026-07-01 06:31:00,961,962,960,962,6806.0,1876754.0
2026-07-01 06:32:00,962,962,961,961,1446.0,1876543.0
2026-07-01 06:33:00,961,962,961,962,796.0,1876654.0
2026-07-01 06:34:00,962,962,961,961,1439.0,1876913.0
2026-07-01 06:35:00,961,962,960,961,4194.0,1876789.0
2026-07-01 06:36:00,961,962,960,961,5143.0,1876784.0
2026-07-01 06:37:00,961,962,961,961,1067.0,1876487.0
2026-07-01 06:38:00,961,962,961,962,1385.0,1876161.0
2026-07-01 06:39:00,962,962,960,960,2903.0,1877360.0
2026-07-01 06:40:00,960,961,960,961,1158.0,1877612.0
2026-07-01 06:41:00,961,961,960,961,950.0,1877824.0
2026-07-01 06:42:00,961,961,960,960,1585.0,1878295.0
2026-07-01 06:43:00,960,961,960,961,1875.0,1878179.0
2026-07-01 06:44:00,961,962,960,962,4646.0,1878185.0
2026-07-01 06:45:00,962,962,961,961,1473.0,1877707.0
2026-07-01 06:46:00,961,962,961,961,625.0,1877892.0
2026-07-01 06:47:00,961,962,961,961,872.0,1877643.0
2026-07-01 06:48:00,961,962,961,962,643.0,1877641.0
2026-07-01 06:49:00,962,962,961,961,1153.0,1877951.0
2026-07-01 06:50:00,961,962,961,962,1725.0,1877523.0
2026-07-01 06:51:00,962,962,961,962,1494.0,1877505.0
2026-07-01 06:52:00,962,962,961,961,1274.0,1877826.0
2026-07-01 06:53:00,961,963,961,962,6296.0,1875551.0
2026-07-01 06:54:00,962,962,961,962,8869.0,1877490.0
2026-07-01 06:55:00,962,962,961,962,2234.0,1877789.0
2026-07-01 06:56:00,962,962,961,962,3674.0,1877928.0
2026-07-01 06:57:00,962,962,961,962,4632.0,1877319.0
2026-07-01 06:58:00,962,962,960,961,5958.0,1876729.0
2026-07-01 06:59:00,961,962,960,961,9456.0,1874467.0
2026-07-01 13:00:00,960,964,959,962,21481.0,1873528.0
2026-07-01 13:01:00,962,962,960,961,14769.0,1874452.0
2026-07-01 13:02:00,961,962,960,961,12061.0,1873455.0
2026-07-01 13:03:00,961,964,961,964,10797.0,1874931.0
2026-07-01 13:04:00,964,964,962,963,7993.0,1875347.0
2026-07-01 13:05:00,963,964,962,963,5812.0,1876728.0
2026-07-01 13:06:00,963,963,962,963,4204.0,1876683.0
2026-07-01 13:07:00,963,963,959,959,18649.0,1881847.0
2026-07-01 13:08:00,959,961,959,961,9113.0,1884484.0
2026-07-01 13:09:00,961,961,960,961,1955.0,1885350.0
2026-07-01 13:10:00,961,961,960,960,2922.0,1886056.0
2026-07-01 13:11:00,960,962,960,962,9887.0,1884822.0
2026-07-01 13:12:00,962,962,961,961,1721.0,1884998.0
2026-07-01 13:13:00,961,962,961,961,963.0,1885326.0
2026-07-01 13:14:00,961,962,960,960,4437.0,1886723.0
2026-07-01 13:15:00,960,962,960,962,5420.0,1886827.0
2026-07-01 13:16:00,962,962,961,962,1628.0,1887152.0
2026-07-01 13:17:00,962,963,961,962,3940.0,1887318.0
2026-07-01 13:18:00,962,963,961,962,2746.0,1887468.0
2026-07-01 13:19:00,962,962,961,962,828.0,1887316.0
2026-07-01 13:20:00,962,963,961,961,4358.0,1887738.0
2026-07-01 13:21:00,961,962,961,962,439.0,1887906.0
2026-07-01 13:22:00,962,962,961,961,352.0,1888065.0
2026-07-01 13:23:00,961,962,960,961,5762.0,1890258.0
2026-07-01 13:24:00,961,962,961,961,667.0,1890000.0
2026-07-01 13:25:00,961,962,961,962,343.0,1889862.0
2026-07-01 13:26:00,962,962,961,961,946.0,1890003.0
2026-07-01 13:27:00,961,962,961,961,258.0,1889959.0
2026-07-01 13:28:00,961,963,961,962,3854.0,1890181.0
2026-07-01 13:29:00,962,964,962,963,4897.0,1890020.0
2026-07-01 13:30:00,963,966,963,965,15686.0,1886086.0
2026-07-01 13:31:00,965,966,964,965,10071.0,1886278.0
2026-07-01 13:32:00,965,965,964,965,793.0,1886642.0
2026-07-01 13:33:00,965,965,963,963,9421.0,1886016.0
2026-07-01 13:34:00,963,964,962,962,2813.0,1885547.0
2026-07-01 13:35:00,962,964,962,963,3835.0,1884887.0
2026-07-01 13:36:00,963,963,962,963,1465.0,1885114.0
2026-07-01 13:37:00,963,963,962,963,570.0,1885248.0
2026-07-01 13:38:00,963,963,962,962,456.0,1885273.0
2026-07-01 13:39:00,962,963,962,963,415.0,1885286.0
2026-07-01 13:40:00,963,963,962,963,691.0,1885061.0
2026-07-01 13:41:00,963,963,961,961,5735.0,1886638.0
2026-07-01 13:42:00,961,962,961,961,515.0,1886761.0
2026-07-01 13:43:00,961,962,961,961,460.0,1886833.0
2026-07-01 13:44:00,961,962,961,962,406.0,1886894.0
2026-07-01 13:45:00,962,963,961,963,5658.0,1887879.0
2026-07-01 13:46:00,963,963,962,963,2192.0,1887077.0
2026-07-01 13:47:00,963,963,962,963,306.0,1887099.0
2026-07-01 13:48:00,963,963,962,962,198.0,1887149.0
2026-07-01 13:49:00,962,964,962,963,2536.0,1887342.0
2026-07-01 13:50:00,963,964,962,963,3078.0,1888005.0
2026-07-01 13:51:00,963,964,962,963,1064.0,1888001.0
2026-07-01 13:52:00,963,964,963,964,221.0,1888046.0
2026-07-01 13:53:00,964,964,963,963,481.0,1888146.0
2026-07-01 13:54:00,963,964,963,963,364.0,1888079.0
2026-07-01 13:55:00,963,964,963,963,238.0,1888142.0
2026-07-01 13:56:00,963,964,963,963,216.0,1888250.0
2026-07-01 13:57:00,963,964,963,963,354.0,1888320.0
2026-07-01 13:58:00,963,964,963,963,206.0,1888374.0
2026-07-01 13:59:00,963,964,963,963,587.0,1888455.0
2026-07-01 14:00:00,963,964,963,964,411.0,1888602.0
2026-07-01 14:01:00,964,964,963,963,462.0,1888752.0
2026-07-01 14:02:00,963,964,963,963,560.0,1888889.0
2026-07-01 14:03:00,963,964,963,963,444.0,1888869.0
2026-07-01 14:04:00,963,964,963,963,242.0,1888917.0
2026-07-01 14:05:00,963,964,963,963,234.0,1888932.0
2026-07-01 14:06:00,963,964,963,963,593.0,1889107.0
2026-07-01 14:07:00,963,964,963,964,344.0,1889041.0
2026-07-01 14:08:00,964,964,963,964,262.0,1889058.0
2026-07-01 14:09:00,964,964,963,964,433.0,1888953.0
2026-07-01 14:10:00,964,964,963,963,556.0,1888890.0
2026-07-01 14:11:00,963,964,963,963,468.0,1888672.0
2026-07-01 14:12:00,963,964,963,964,563.0,1888548.0
2026-07-01 14:13:00,964,964,963,963,552.0,1888418.0
2026-07-01 14:14:00,963,964,963,963,329.0,1888292.0
2026-07-01 14:15:00,963,964,963,963,346.0,1888278.0
2026-07-01 14:16:00,963,964,963,963,463.0,1888102.0
2026-07-01 14:17:00,963,964,963,963,341.0,1887928.0
2026-07-01 14:18:00,963,964,962,963,5309.0,1888270.0
2026-07-01 14:19:00,963,964,963,963,3262.0,1887401.0
2026-07-01 14:20:00,963,964,963,964,1586.0,1887723.0
2026-07-01 14:21:00,964,964,963,964,631.0,1887608.0
2026-07-01 14:22:00,964,964,962,962,2428.0,1886782.0
2026-07-01 14:23:00,962,964,962,964,1636.0,1886404.0
2026-07-01 14:24:00,964,964,963,963,346.0,1886308.0
2026-07-01 14:25:00,963,964,962,963,3509.0,1885480.0
2026-07-01 14:26:00,963,964,962,962,1636.0,1884825.0
2026-07-01 14:27:00,962,963,962,962,112.0,1884822.0
2026-07-01 14:28:00,962,963,962,963,336.0,1884893.0
2026-07-01 14:29:00,963,963,962,962,297.0,1885003.0
2026-07-01 14:30:00,962,963,962,962,506.0,1885035.0
2026-07-01 14:31:00,962,963,961,962,3752.0,1885438.0
2026-07-01 14:32:00,962,963,961,962,1594.0,1884665.0
2026-07-01 14:33:00,962,963,961,962,705.0,1884810.0
2026-07-01 14:34:00,962,963,961,962,961.0,1884754.0
2026-07-01 14:35:00,962,962,961,961,921.0,1884120.0
2026-07-01 14:36:00,961,963,961,962,2856.0,1883318.0
2026-07-01 14:37:00,962,963,961,962,863.0,1883191.0
2026-07-01 14:38:00,962,963,962,962,230.0,1883189.0
2026-07-01 14:39:00,962,963,962,962,133.0,1883160.0
2026-07-01 14:40:00,962,963,961,963,1880.0,1883451.0
2026-07-01 14:41:00,963,963,962,962,1559.0,1883309.0
2026-07-01 14:42:00,962,963,962,962,271.0,1883279.0
2026-07-01 14:43:00,962,963,962,962,251.0,1883122.0
2026-07-01 14:44:00,962,963,962,962,395.0,1882887.0
2026-07-01 14:45:00,962,963,962,962,347.0,1882812.0
2026-07-01 14:46:00,962,963,962,963,1036.0,1882686.0
2026-07-01 14:47:00,963,963,962,962,768.0,1882618.0
2026-07-01 14:48:00,962,963,961,962,1395.0,1881801.0
2026-07-01 14:49:00,962,963,961,962,1898.0,1880853.0
2026-07-01 14:50:00,962,963,961,963,2271.0,1880324.0
2026-07-01 14:51:00,963,963,961,961,553.0,1880269.0
2026-07-01 14:52:00,961,962,961,961,312.0,1880306.0
2026-07-01 14:53:00,961,962,961,961,576.0,1880304.0
2026-07-01 14:54:00,961,962,961,962,490.0,1880324.0
2026-07-01 14:55:00,962,962,961,962,326.0,1880399.0
2026-07-01 14:56:00,962,962,961,962,662.0,1880299.0
2026-07-01 14:57:00,962,962,961,962,549.0,1880310.0
2026-07-01 14:58:00,962,962,961,961,1221.0,1880084.0
2026-07-01 14:59:00,961,962,961,961,4508.0,1878878.0
2026-07-02 01:00:00,961,963,961,961,7555.0,1879033.0
2026-07-02 01:01:00,961,962,960,960,10088.0,1881767.0
2026-07-02 01:02:00,960,961,960,961,1261.0,1881669.0
2026-07-02 01:03:00,961,962,960,961,5774.0,1882034.0
2026-07-02 01:04:00,961,962,960,961,2908.0,1882249.0
2026-07-02 01:05:00,961,962,961,961,2599.0,1882355.0
2026-07-02 01:06:00,961,962,961,961,983.0,1882542.0
2026-07-02 01:07:00,961,963,961,963,4732.0,1882972.0
2026-07-02 01:08:00,963,963,961,962,3453.0,1883485.0
2026-07-02 01:09:00,962,963,961,961,3552.0,1883584.0
2026-07-02 01:10:00,961,962,961,961,1964.0,1884125.0
2026-07-02 01:11:00,961,962,961,961,781.0,1884300.0
2026-07-02 01:12:00,961,962,961,962,736.0,1884380.0
2026-07-02 01:13:00,962,962,961,961,528.0,1884525.0
2026-07-02 01:14:00,961,962,961,961,893.0,1884147.0
2026-07-02 01:15:00,961,962,960,961,3459.0,1885746.0
2026-07-02 01:16:00,961,961,960,961,777.0,1885845.0
2026-07-02 01:17:00,961,961,960,960,875.0,1885880.0
2026-07-02 01:18:00,960,961,960,960,712.0,1885958.0
2026-07-02 01:19:00,960,961,960,960,723.0,1885783.0
2026-07-02 01:20:00,960,961,960,961,629.0,1885681.0
2026-07-02 01:21:00,961,961,960,961,881.0,1885995.0
2026-07-02 01:22:00,961,961,960,960,701.0,1886169.0
2026-07-02 01:23:00,960,961,960,961,853.0,1886420.0
2026-07-02 01:24:00,961,961,959,960,9884.0,1889980.0
2026-07-02 01:25:00,960,961,960,960,550.0,1890140.0
2026-07-02 01:26:00,960,961,960,960,817.0,1890050.0
2026-07-02 01:27:00,960,961,960,960,539.0,1890007.0
2026-07-02 01:28:00,960,962,960,961,6472.0,1892208.0
2026-07-02 01:29:00,961,962,960,961,4979.0,1891368.0
2026-07-02 01:30:00,961,962,961,961,381.0,1891498.0
2026-07-02 01:31:00,961,962,961,961,1467.0,1891282.0
2026-07-02 01:32:00,961,962,961,961,1042.0,1891013.0
2026-07-02 01:33:00,961,962,961,962,260.0,1891057.0
2026-07-02 01:34:00,962,962,961,961,1058.0,1891170.0
2026-07-02 01:35:00,961,962,960,961,2090.0,1891041.0
2026-07-02 01:36:00,961,962,961,962,919.0,1891227.0
2026-07-02 01:37:00,962,962,961,961,420.0,1891178.0
2026-07-02 01:38:00,961,962,961,962,684.0,1891317.0
2026-07-02 01:39:00,962,962,961,961,353.0,1891190.0
2026-07-02 01:40:00,961,963,961,963,6038.0,1890780.0
2026-07-02 01:41:00,963,963,961,962,2711.0,1890176.0
2026-07-02 01:42:00,962,963,961,962,1530.0,1889479.0
2026-07-02 01:43:00,962,963,961,962,1128.0,1889200.0
2026-07-02 01:44:00,962,963,961,962,1222.0,1889271.0
2026-07-02 01:45:00,962,963,961,962,1118.0,1888894.0
2026-07-02 01:46:00,962,963,961,962,1587.0,1888713.0
2026-07-02 01:47:00,962,963,961,961,1484.0,1888325.0
2026-07-02 01:48:00,961,962,961,962,273.0,1888208.0
2026-07-02 01:49:00,962,963,961,962,1326.0,1888347.0
2026-07-02 01:50:00,962,963,961,962,612.0,1888140.0
2026-07-02 01:51:00,962,963,962,962,436.0,1888112.0
2026-07-02 01:52:00,962,963,962,962,295.0,1888142.0
2026-07-02 01:53:00,962,963,962,962,208.0,1888158.0
2026-07-02 01:54:00,962,963,962,963,1483.0,1888206.0
2026-07-02 01:55:00,963,963,962,963,331.0,1888197.0
2026-07-02 01:56:00,963,963,962,963,964.0,1887703.0
2026-07-02 01:57:00,963,963,962,962,645.0,1887974.0
2026-07-02 01:58:00,962,963,962,962,556.0,1887990.0
2026-07-02 01:59:00,962,963,962,962,200.0,1888035.0
2026-07-02 02:00:00,962,963,962,963,928.0,1888447.0
2026-07-02 02:01:00,963,963,962,963,516.0,1888582.0
2026-07-02 02:02:00,963,963,961,961,4008.0,1888823.0
2026-07-02 02:03:00,961,962,961,961,490.0,1888933.0
2026-07-02 02:04:00,961,962,961,961,585.0,1888649.0
2026-07-02 02:05:00,961,962,959,959,8500.0,1890256.0
2026-07-02 02:06:00,959,959,958,959,9491.0,1893496.0
2026-07-02 02:07:00,959,960,958,958,9656.0,1895505.0
2026-07-02 02:08:00,958,959,958,959,1944.0,1896416.0
2026-07-02 02:09:00,959,959,958,958,1112.0,1897137.0
2026-07-02 02:10:00,958,960,958,960,6391.0,1899039.0
2026-07-02 02:11:00,960,960,958,959,9071.0,1902562.0
2026-07-02 02:12:00,959,960,958,958,3991.0,1904595.0
2026-07-02 02:13:00,958,959,958,959,1891.0,1905094.0
2026-07-02 02:14:00,959,960,958,959,4457.0,1905869.0
2026-07-02 02:30:00,959,959,957,957,11841.0,1910594.0
2026-07-02 02:31:00,957,958,957,957,4960.0,1911986.0
2026-07-02 02:32:00,957,959,957,958,4709.0,1913417.0
2026-07-02 02:33:00,958,959,957,958,4776.0,1914786.0
2026-07-02 02:34:00,958,959,958,958,3371.0,1914590.0
2026-07-02 02:35:00,958,959,958,959,870.0,1914852.0
2026-07-02 02:36:00,959,959,958,958,1659.0,1915914.0
2026-07-02 02:37:00,958,960,958,960,8026.0,1919300.0
2026-07-02 02:38:00,960,960,959,959,1502.0,1919179.0
2026-07-02 02:39:00,959,960,958,958,2611.0,1919089.0
2026-07-02 02:40:00,958,959,958,959,573.0,1919141.0
2026-07-02 02:41:00,959,959,958,958,539.0,1919286.0
2026-07-02 02:42:00,958,959,958,959,525.0,1919299.0
2026-07-02 02:43:00,959,959,958,959,437.0,1919416.0
2026-07-02 02:44:00,959,959,958,958,302.0,1919589.0
2026-07-02 02:45:00,958,959,958,958,1076.0,1920037.0
2026-07-02 02:46:00,958,959,958,959,1407.0,1920801.0
2026-07-02 02:47:00,959,959,958,958,578.0,1921047.0
2026-07-02 02:48:00,958,959,957,957,7120.0,1923799.0
2026-07-02 02:49:00,957,958,957,958,6043.0,1925489.0
2026-07-02 02:50:00,958,959,957,958,7540.0,1926866.0
2026-07-02 02:51:00,958,958,957,957,869.0,1927153.0
2026-07-02 02:52:00,957,959,957,958,2722.0,1928001.0
2026-07-02 02:53:00,958,959,957,959,3963.0,1929853.0
2026-07-02 02:54:00,959,959,958,958,249.0,1929944.0
2026-07-02 02:55:00,958,959,958,959,395.0,1929988.0
2026-07-02 02:56:00,959,960,958,959,3946.0,1930120.0
2026-07-02 02:57:00,959,960,959,960,386.0,1930018.0
2026-07-02 02:58:00,960,960,959,960,402.0,1929985.0
2026-07-02 02:59:00,960,960,959,959,313.0,1929863.0
2026-07-02 03:00:00,959,960,958,959,2607.0,1930200.0
2026-07-02 03:01:00,959,960,958,960,1351.0,1929832.0
2026-07-02 03:02:00,960,960,959,960,674.0,1929952.0
2026-07-02 03:03:00,960,960,959,959,408.0,1930014.0
2026-07-02 03:04:00,959,960,959,959,1793.0,1929527.0
2026-07-02 03:05:00,959,960,959,960,398.0,1929551.0
2026-07-02 03:06:00,960,960,959,959,485.0,1929592.0
2026-07-02 03:07:00,959,961,959,959,6646.0,1929537.0
2026-07-02 03:08:00,959,961,959,960,1342.0,1929222.0
2026-07-02 03:09:00,960,961,960,960,578.0,1929305.0
2026-07-02 03:10:00,960,961,959,960,1640.0,1928515.0
2026-07-02 03:11:00,960,960,959,959,415.0,1928201.0
2026-07-02 03:12:00,959,961,959,961,1083.0,1927742.0
2026-07-02 03:13:00,961,961,959,960,1660.0,1926817.0
2026-07-02 03:14:00,960,961,959,960,1063.0,1926958.0
2026-07-02 03:15:00,960,961,960,961,1198.0,1926419.0
2026-07-02 03:16:00,961,961,959,960,1771.0,1926466.0
2026-07-02 03:17:00,960,960,959,959,382.0,1926211.0
2026-07-02 03:18:00,959,960,959,960,343.0,1926049.0
2026-07-02 03:19:00,960,960,959,960,373.0,1925824.0
2026-07-02 03:20:00,960,960,959,959,177.0,1925746.0
2026-07-02 03:21:00,959,960,959,960,443.0,1925630.0
2026-07-02 03:22:00,960,960,959,960,674.0,1925293.0
2026-07-02 03:23:00,960,960,959,959,404.0,1925109.0
2026-07-02 03:24:00,959,960,959,959,247.0,1925150.0
2026-07-02 03:25:00,959,960,958,958,3750.0,1924958.0
2026-07-02 03:26:00,958,959,958,958,420.0,1924949.0
2026-07-02 03:27:00,958,959,958,959,1461.0,1925909.0
2026-07-02 03:28:00,959,959,958,958,391.0,1925884.0
2026-07-02 03:29:00,958,960,958,960,4073.0,1927141.0
2026-07-02 05:30:00,960,961,959,961,3981.0,1926370.0
2026-07-02 05:31:00,961,961,960,961,797.0,1926432.0
2026-07-02 05:32:00,961,961,959,960,7454.0,1926524.0
2026-07-02 05:33:00,960,961,959,960,2172.0,1927068.0
2026-07-02 05:34:00,960,961,960,960,999.0,1926932.0
2026-07-02 05:35:00,960,961,960,961,578.0,1926693.0
2026-07-02 05:36:00,961,961,960,961,1382.0,1926126.0
2026-07-02 05:37:00,961,961,960,961,417.0,1926025.0
2026-07-02 05:38:00,961,961,960,961,308.0,1926063.0
2026-07-02 05:39:00,961,961,959,960,4680.0,1925526.0
2026-07-02 05:40:00,960,961,959,960,1793.0,1925144.0
2026-07-02 05:41:00,960,961,959,960,1227.0,1924887.0
2026-07-02 05:42:00,960,961,960,960,373.0,1924849.0
2026-07-02 05:43:00,960,961,960,960,1167.0,1924635.0
2026-07-02 05:44:00,960,961,959,960,4218.0,1923066.0
2026-07-02 05:45:00,960,961,960,960,478.0,1923180.0
2026-07-02 05:46:00,960,962,960,962,8266.0,1922211.0
2026-07-02 05:47:00,962,965,962,964,23106.0,1919321.0
2026-07-02 05:48:00,964,965,964,964,9903.0,1917498.0
2026-07-02 05:49:00,964,965,963,964,8246.0,1917637.0
2026-07-02 05:50:00,964,966,964,964,12583.0,1917217.0
2026-07-02 05:51:00,964,965,964,965,1733.0,1916941.0
2026-07-02 05:52:00,965,965,963,963,6209.0,1917262.0
2026-07-02 05:53:00,963,966,963,965,9549.0,1915283.0
2026-07-02 05:54:00,965,970,964,969,41353.0,1903856.0
2026-07-02 05:55:00,969,971,968,970,30063.0,1893682.0
2026-07-02 05:56:00,970,972,969,969,23548.0,1891558.0
2026-07-02 05:57:00,969,970,968,968,8147.0,1890925.0
2026-07-02 05:58:00,968,969,968,968,2868.0,1890921.0
2026-07-02 05:59:00,968,969,968,968,7342.0,1891638.0
2026-07-02 06:00:00,968,970,968,969,13465.0,1888977.0
2026-07-02 06:01:00,969,970,968,969,8527.0,1888012.0
2026-07-02 06:02:00,969,971,969,970,18744.0,1886978.0
2026-07-02 06:03:00,970,970,968,969,5884.0,1885819.0
2026-07-02 06:04:00,969,970,968,968,4001.0,1885444.0
2026-07-02 06:05:00,968,969,966,966,11246.0,1883963.0
2026-07-02 06:06:00,966,968,966,967,7197.0,1882450.0
2026-07-02 06:07:00,967,969,967,969,4171.0,1883098.0
2026-07-02 06:08:00,969,969,968,968,1619.0,1883665.0
2026-07-02 06:09:00,968,969,968,968,1303.0,1883303.0
2026-07-02 06:10:00,968,969,968,968,1364.0,1882801.0
2026-07-02 06:11:00,968,970,968,969,10209.0,1881037.0
2026-07-02 06:12:00,969,970,969,970,2333.0,1880659.0
2026-07-02 06:13:00,970,970,969,969,1474.0,1880279.0
2026-07-02 06:14:00,969,970,967,968,7896.0,1879096.0
2026-07-02 06:15:00,968,969,968,969,1881.0,1878794.0
2026-07-02 06:16:00,969,969,967,968,3540.0,1877502.0
2026-07-02 06:17:00,968,968,967,968,5663.0,1876344.0
2026-07-02 06:18:00,968,968,967,967,1010.0,1876377.0
2026-07-02 06:19:00,967,969,967,968,4518.0,1876174.0
2026-07-02 06:20:00,968,969,967,969,3287.0,1875934.0
2026-07-02 06:21:00,969,969,967,967,1944.0,1874975.0
2026-07-02 06:22:00,967,968,967,968,2470.0,1874499.0
2026-07-02 06:23:00,968,969,967,968,2376.0,1874288.0
2026-07-02 06:24:00,968,969,968,969,1732.0,1873385.0
2026-07-02 06:25:00,969,969,968,969,1422.0,1872701.0
2026-07-02 06:26:00,969,969,968,968,1659.0,1872209.0
2026-07-02 06:27:00,968,969,968,968,676.0,1871880.0
2026-07-02 06:28:00,968,969,968,968,828.0,1871540.0
2026-07-02 06:29:00,968,969,968,968,967.0,1871296.0
2026-07-02 06:30:00,968,969,968,969,1206.0,1871082.0
2026-07-02 06:31:00,969,969,967,968,5568.0,1871452.0
2026-07-02 06:32:00,968,969,967,968,2961.0,1870393.0
2026-07-02 06:33:00,968,968,967,967,773.0,1870071.0
2026-07-02 06:34:00,967,968,967,967,1772.0,1869763.0
2026-07-02 06:35:00,967,968,967,967,715.0,1869746.0
2026-07-02 06:36:00,967,969,967,969,4184.0,1869889.0
2026-07-02 06:37:00,969,969,968,969,779.0,1869661.0
2026-07-02 06:38:00,969,969,967,968,3571.0,1868047.0
2026-07-02 06:39:00,968,968,967,967,960.0,1868319.0
2026-07-02 06:40:00,967,968,967,968,937.0,1868450.0
2026-07-02 06:41:00,968,968,967,968,1452.0,1868545.0
2026-07-02 06:42:00,968,968,967,967,1180.0,1868685.0
2026-07-02 06:43:00,967,968,967,968,924.0,1868572.0
2026-07-02 06:44:00,968,968,967,968,587.0,1868326.0
2026-07-02 06:45:00,968,968,966,966,6764.0,1865794.0
2026-07-02 06:46:00,966,967,965,966,8062.0,1865253.0
2026-07-02 06:47:00,966,967,966,966,2038.0,1864797.0
2026-07-02 06:48:00,966,967,966,966,1251.0,1864390.0
2026-07-02 06:49:00,966,967,966,967,921.0,1864174.0
2026-07-02 06:50:00,967,967,966,967,1705.0,1864076.0
2026-07-02 06:51:00,967,967,965,965,3451.0,1863574.0
2026-07-02 06:52:00,965,966,965,966,1244.0,1863535.0
2026-07-02 06:53:00,966,966,965,965,1693.0,1863068.0
2026-07-02 06:54:00,965,967,965,967,5931.0,1863101.0
2026-07-02 06:55:00,967,967,966,967,1937.0,1862253.0
2026-07-02 06:56:00,967,967,966,967,1746.0,1862406.0
2026-07-02 06:57:00,967,967,966,967,2704.0,1861281.0
2026-07-02 06:58:00,967,967,965,966,7711.0,1858455.0
2026-07-02 06:59:00,966,966,965,966,12502.0,1855689.0
2026-07-02 13:00:00,965,969,964,966,22693.0,1854633.0
2026-07-02 13:01:00,966,966,963,964,11614.0,1857608.0
2026-07-02 13:02:00,964,967,964,967,7453.0,1860402.0
2026-07-02 13:03:00,967,967,965,967,7676.0,1862375.0
2026-07-02 13:04:00,967,968,966,966,3059.0,1862527.0
2026-07-02 13:05:00,966,968,966,967,2476.0,1863250.0
2026-07-02 13:06:00,967,968,965,966,4112.0,1863921.0
2026-07-02 13:07:00,966,966,964,964,3815.0,1864036.0
2026-07-02 13:08:00,964,965,964,964,3851.0,1864205.0
2026-07-02 13:09:00,964,966,964,965,9543.0,1866244.0
2026-07-02 13:10:00,965,966,965,965,6151.0,1868796.0
2026-07-02 13:11:00,965,966,965,965,801.0,1869024.0
2026-07-02 13:12:00,965,966,965,966,540.0,1869343.0
2026-07-02 13:13:00,966,966,965,966,1312.0,1869877.0
2026-07-02 13:14:00,966,966,964,965,3955.0,1870685.0
2026-07-02 13:15:00,965,966,965,966,1351.0,1871181.0
2026-07-02 13:16:00,966,966,965,965,2051.0,1871421.0
2026-07-02 13:17:00,965,966,965,965,2870.0,1873191.0
2026-07-02 13:18:00,965,966,964,965,1727.0,1873883.0
2026-07-02 13:19:00,965,966,965,965,442.0,1874129.0
2026-07-02 13:20:00,965,967,965,967,6376.0,1874943.0
2026-07-02 13:21:00,967,967,965,966,3482.0,1876115.0
2026-07-02 13:22:00,966,966,965,965,703.0,1876386.0
2026-07-02 13:23:00,965,966,965,966,650.0,1876787.0
2026-07-02 13:24:00,966,967,965,966,2275.0,1876768.0
2026-07-02 13:25:00,966,967,965,966,1706.0,1877011.0
2026-07-02 13:26:00,966,967,965,966,1221.0,1877047.0
2026-07-02 13:27:00,966,967,966,966,1873.0,1876837.0
2026-07-02 13:28:00,966,967,965,966,835.0,1876895.0
2026-07-02 13:29:00,966,967,965,965,1668.0,1876201.0
2026-07-02 13:30:00,965,966,965,966,1222.0,1875920.0
2026-07-02 13:31:00,966,967,966,967,596.0,1875985.0
2026-07-02 13:32:00,967,967,966,967,368.0,1875972.0
2026-07-02 13:33:00,967,967,965,966,3002.0,1876916.0
2026-07-02 13:34:00,966,967,966,966,892.0,1876787.0
2026-07-02 13:35:00,966,967,966,966,110.0,1876812.0
2026-07-02 13:36:00,966,967,966,967,679.0,1876509.0
2026-07-02 13:37:00,967,967,966,967,356.0,1876309.0
2026-07-02 13:38:00,967,967,966,967,377.0,1876211.0
2026-07-02 13:39:00,967,967,966,966,281.0,1876305.0
2026-07-02 13:40:00,966,967,966,967,163.0,1876308.0
2026-07-02 13:41:00,967,968,966,967,6528.0,1875616.0
2026-07-02 13:42:00,967,967,966,967,300.0,1875573.0
2026-07-02 13:43:00,967,967,966,967,318.0,1875620.0
2026-07-02 13:44:00,967,967,966,967,385.0,1875669.0
2026-07-02 13:45:00,967,967,966,967,732.0,1875841.0
2026-07-02 13:46:00,967,968,966,967,4226.0,1875853.0
2026-07-02 13:47:00,967,967,966,967,587.0,1875935.0
2026-07-02 13:48:00,967,967,966,966,386.0,1875978.0
2026-07-02 13:49:00,966,967,966,967,570.0,1876057.0
2026-07-02 13:50:00,967,967,966,967,640.0,1875863.0
2026-07-02 13:51:00,967,967,966,967,819.0,1875809.0
2026-07-02 13:52:00,967,968,966,967,6951.0,1874993.0
2026-07-02 13:53:00,967,968,967,967,1913.0,1874447.0
2026-07-02 13:54:00,967,967,966,966,1305.0,1874357.0
2026-07-02 13:55:00,966,967,966,967,188.0,1874438.0
2026-07-02 13:56:00,967,967,966,966,1276.0,1874708.0
2026-07-02 13:57:00,966,967,966,967,807.0,1874496.0
2026-07-02 13:58:00,967,968,966,967,1442.0,1874131.0
2026-07-02 13:59:00,967,968,967,968,2252.0,1873791.0
2026-07-02 14:00:00,968,968,967,968,673.0,1873894.0
2026-07-02 14:01:00,968,968,967,968,511.0,1874164.0
2026-07-02 14:02:00,968,968,967,967,4149.0,1873754.0
2026-07-02 14:03:00,967,968,967,967,1696.0,1873030.0
2026-07-02 14:04:00,967,968,966,967,1431.0,1872579.0
2026-07-02 14:05:00,967,968,967,967,318.0,1872503.0
2026-07-02 14:06:00,967,968,967,967,503.0,1872535.0
2026-07-02 14:07:00,967,968,967,968,1063.0,1872854.0
2026-07-02 14:08:00,968,969,967,967,6476.0,1874103.0
2026-07-02 14:09:00,967,968,967,967,777.0,1873936.0
2026-07-02 14:10:00,967,968,966,967,2058.0,1873353.0
2026-07-02 14:11:00,967,967,965,966,6665.0,1873137.0
2026-07-02 14:12:00,966,967,965,966,2789.0,1873069.0
2026-07-02 14:13:00,966,966,965,966,4819.0,1875067.0
2026-07-02 14:14:00,966,967,966,966,2334.0,1875652.0
2026-07-02 14:15:00,966,967,966,967,313.0,1875489.0
2026-07-02 14:16:00,967,968,966,967,3753.0,1875327.0
2026-07-02 14:17:00,967,968,967,967,516.0,1875310.0
2026-07-02 14:18:00,967,968,966,967,1760.0,1874258.0
2026-07-02 14:19:00,967,967,966,966,2037.0,1875409.0
2026-07-02 14:20:00,966,967,966,967,303.0,1875579.0
2026-07-02 14:21:00,967,967,966,967,203.0,1875608.0
2026-07-02 14:22:00,967,967,966,966,132.0,1875542.0
2026-07-02 14:23:00,966,967,966,967,162.0,1875478.0
2026-07-02 14:24:00,967,967,966,966,120.0,1875427.0
2026-07-02 14:25:00,966,967,966,966,492.0,1875226.0
2026-07-02 14:26:00,966,967,965,966,3293.0,1874292.0
2026-07-02 14:27:00,966,967,966,966,531.0,1873988.0
2026-07-02 14:28:00,966,967,966,967,186.0,1874031.0
2026-07-02 14:29:00,967,967,966,967,259.0,1874086.0
2026-07-02 14:30:00,967,967,966,966,163.0,1874119.0
2026-07-02 14:31:00,966,967,966,967,195.0,1874048.0
2026-07-02 14:32:00,967,967,966,967,122.0,1874020.0
2026-07-02 14:33:00,967,967,966,967,116.0,1874043.0
2026-07-02 14:34:00,967,967,966,966,781.0,1874157.0
2026-07-02 14:35:00,966,967,966,967,3337.0,1875206.0
2026-07-02 14:36:00,967,967,966,967,435.0,1875077.0
2026-07-02 14:37:00,967,967,966,967,225.0,1875020.0
2026-07-02 14:38:00,967,967,966,967,219.0,1875013.0
2026-07-02 14:39:00,967,967,966,966,154.0,1874940.0
2026-07-02 14:40:00,966,967,966,966,224.0,1874856.0
2026-07-02 14:41:00,966,967,965,966,4758.0,1875173.0
2026-07-02 14:42:00,966,966,965,966,2345.0,1875258.0
2026-07-02 14:43:00,966,967,965,965,552.0,1875234.0
2026-07-02 14:44:00,965,967,965,966,708.0,1875439.0
2026-07-02 14:45:00,966,967,966,966,206.0,1875511.0
2026-07-02 14:46:00,966,967,966,966,324.0,1875682.0
2026-07-02 14:47:00,966,967,966,967,179.0,1875788.0
2026-07-02 14:48:00,967,967,966,967,144.0,1875801.0
2026-07-02 14:49:00,967,967,966,967,168.0,1875736.0
2026-07-02 14:50:00,967,967,966,967,307.0,1875610.0
2026-07-02 14:51:00,967,967,966,966,301.0,1875657.0
2026-07-02 14:52:00,966,967,966,966,336.0,1875723.0
2026-07-02 14:53:00,966,967,966,966,169.0,1875669.0
2026-07-02 14:54:00,966,967,966,967,239.0,1875673.0
2026-07-02 14:55:00,967,967,966,966,1598.0,1875446.0
2026-07-02 14:56:00,966,967,966,967,735.0,1875305.0
2026-07-02 14:57:00,967,967,966,967,427.0,1875230.0
2026-07-02 14:58:00,967,967,966,967,2604.0,1874601.0
2026-07-02 14:59:00,967,967,966,967,9181.0,1869994.0
2026-07-03 01:00:00,967,967,962,964,16728.0,1870697.0
2026-07-03 01:01:00,964,965,963,963,4337.0,1870201.0
2026-07-03 01:02:00,963,965,963,965,7831.0,1871322.0
2026-07-03 01:03:00,965,966,964,966,6757.0,1872250.0
2026-07-03 01:04:00,966,968,965,968,10412.0,1873739.0
2026-07-03 01:05:00,968,968,967,967,2615.0,1873540.0
2026-07-03 01:06:00,967,967,965,965,3383.0,1873667.0
2026-07-03 01:07:00,965,966,964,965,3426.0,1874820.0
2026-07-03 01:08:00,965,966,964,965,2813.0,1874943.0
2026-07-03 01:09:00,965,965,964,965,535.0,1874984.0
2026-07-03 01:10:00,965,966,964,964,2563.0,1874426.0
2026-07-03 01:11:00,964,965,964,964,595.0,1874406.0
2026-07-03 01:12:00,964,965,964,965,4517.0,1874593.0
2026-07-03 01:13:00,965,965,964,964,669.0,1874767.0
2026-07-03 01:14:00,964,965,964,965,275.0,1874643.0
2026-07-03 01:15:00,965,965,964,964,1071.0,1874915.0
2026-07-03 01:16:00,964,966,964,966,5652.0,1872537.0
2026-07-03 01:17:00,966,966,965,966,666.0,1872496.0
2026-07-03 01:18:00,966,966,965,965,313.0,1872550.0
2026-07-03 01:19:00,965,966,965,965,1032.0,1872862.0
2026-07-03 01:20:00,965,967,965,967,5705.0,1873372.0
2026-07-03 01:21:00,967,968,966,968,7075.0,1873205.0
2026-07-03 01:22:00,968,972,967,970,32658.0,1871800.0
2026-07-03 01:23:00,970,970,969,970,4071.0,1871790.0
2026-07-03 01:24:00,970,970,969,969,6460.0,1873183.0
2026-07-03 01:25:00,969,970,969,969,1891.0,1872997.0
2026-07-03 01:26:00,969,970,968,968,5642.0,1872269.0
2026-07-03 01:27:00,968,969,968,969,1408.0,1871885.0
2026-07-03 01:28:00,969,969,968,968,1334.0,1872384.0
2026-07-03 01:29:00,968,969,967,967,5167.0,1872787.0
2026-07-03 01:30:00,967,968,967,968,468.0,1872847.0
2026-07-03 01:31:00,968,968,967,968,4161.0,1872924.0
2026-07-03 01:32:00,968,968,967,967,780.0,1873028.0
2026-07-03 01:33:00,967,968,967,967,4314.0,1872032.0
2026-07-03 01:34:00,967,968,967,967,1918.0,1872303.0
2026-07-03 01:35:00,967,968,967,967,2366.0,1872218.0
2026-07-03 01:36:00,967,968,966,967,1503.0,1872357.0
2026-07-03 01:37:00,967,969,967,968,5143.0,1871267.0
2026-07-03 01:38:00,968,969,967,969,1422.0,1871250.0
2026-07-03 01:39:00,969,969,967,968,1496.0,1871218.0
2026-07-03 01:40:00,968,968,967,968,450.0,1871055.0
2026-07-03 01:41:00,968,968,967,967,5129.0,1870881.0
2026-07-03 01:42:00,967,968,967,968,461.0,1870672.0
2026-07-03 01:43:00,968,969,967,968,4423.0,1870919.0
2026-07-03 01:44:00,968,969,968,968,432.0,1870843.0
2026-07-03 01:45:00,968,969,967,968,2305.0,1870753.0
2026-07-03 01:46:00,968,968,967,968,619.0,1870432.0
2026-07-03 01:47:00,968,968,967,968,1880.0,1870666.0
2026-07-03 01:48:00,968,969,967,969,2556.0,1871812.0
2026-07-03 01:49:00,969,969,968,969,1381.0,1871916.0
2026-07-03 01:50:00,969,969,968,969,635.0,1872187.0
2026-07-03 01:51:00,969,969,968,969,414.0,1872138.0
2026-07-03 01:52:00,969,969,968,968,2108.0,1872465.0
2026-07-03 01:53:00,968,969,968,968,595.0,1872376.0
2026-07-03 01:54:00,968,969,968,968,303.0,1872454.0
2026-07-03 01:55:00,968,971,968,970,16626.0,1874871.0
2026-07-03 01:56:00,970,971,970,970,1387.0,1874584.0
2026-07-03 01:57:00,970,971,969,969,6707.0,1874718.0
2026-07-03 01:58:00,969,970,969,969,849.0,1874829.0
2026-07-03 01:59:00,969,970,969,969,620.0,1874736.0
2026-07-03 02:00:00,969,971,969,970,8750.0,1874661.0
2026-07-03 02:01:00,970,971,970,971,3254.0,1873293.0
2026-07-03 02:02:00,971,972,970,972,9978.0,1873364.0
2026-07-03 02:03:00,972,974,972,972,31650.0,1867007.0
2026-07-03 02:04:00,972,973,972,972,5722.0,1866989.0
2026-07-03 02:05:00,972,973,970,970,9972.0,1867116.0
2026-07-03 02:06:00,970,971,969,970,2839.0,1866860.0
2026-07-03 02:07:00,970,972,970,971,4274.0,1865542.0
2026-07-03 02:08:00,971,972,970,970,2400.0,1866382.0
2026-07-03 02:09:00,970,971,970,971,2367.0,1866973.0
2026-07-03 02:10:00,971,972,970,971,1948.0,1866681.0
2026-07-03 02:11:00,971,971,970,970,763.0,1866159.0
2026-07-03 02:12:00,970,971,970,970,1376.0,1865805.0
2026-07-03 02:13:00,970,971,970,970,1921.0,1866277.0
2026-07-03 02:14:00,970,971,970,971,2099.0,1865833.0
2026-07-03 02:30:00,971,979,971,976,80975.0,1860940.0
2026-07-03 02:31:00,976,977,974,974,16594.0,1857889.0
2026-07-03 02:32:00,974,976,973,974,15208.0,1857382.0
2026-07-03 02:33:00,974,975,972,973,10058.0,1858926.0
2026-07-03 02:34:00,973,974,972,972,3506.0,1858118.0
2026-07-03 02:35:00,972,973,972,972,8583.0,1857873.0
2026-07-03 02:36:00,972,973,971,972,4979.0,1857126.0
2026-07-03 02:37:00,972,973,972,972,1171.0,1857456.0
2026-07-03 02:38:00,972,974,972,974,3558.0,1858639.0
2026-07-03 02:39:00,974,975,973,974,5557.0,1860036.0
2026-07-03 02:40:00,974,976,974,975,7912.0,1862122.0
2026-07-03 02:41:00,975,976,974,975,7038.0,1861131.0
2026-07-03 02:42:00,975,977,975,977,8492.0,1860525.0
2026-07-03 02:43:00,977,978,976,977,7915.0,1861223.0
2026-07-03 02:44:00,977,977,975,976,10210.0,1860567.0
2026-07-03 02:45:00,976,978,976,977,13379.0,1861633.0
2026-07-03 02:46:00,977,977,976,976,6372.0,1860005.0
2026-07-03 02:47:00,976,978,976,976,13175.0,1859341.0
2026-07-03 02:48:00,976,978,976,976,7899.0,1857888.0
2026-07-03 02:49:00,976,979,976,978,14004.0,1860695.0
2026-07-03 02:50:00,978,979,976,976,7814.0,1858668.0
2026-07-03 02:51:00,976,978,975,977,12894.0,1858096.0
2026-07-03 02:52:00,977,978,976,977,6665.0,1856708.0
2026-07-03 02:53:00,977,978,977,977,4268.0,1855984.0
2026-07-03 02:54:00,977,978,976,976,11108.0,1851674.0
2026-07-03 02:55:00,976,977,974,974,10872.0,1852943.0
2026-07-03 02:56:00,974,976,974,975,6365.0,1851316.0
2026-07-03 02:57:00,975,976,975,975,1961.0,1851439.0
2026-07-03 02:58:00,975,976,975,976,1317.0,1851683.0
2026-07-03 02:59:00,976,976,975,975,2366.0,1852143.0
2026-07-03 03:00:00,975,976,975,976,6440.0,1850462.0
2026-07-03 03:01:00,976,976,975,976,1350.0,1849926.0
2026-07-03 03:02:00,976,977,975,975,2870.0,1848823.0
2026-07-03 03:03:00,975,976,975,976,2976.0,1850026.0
2026-07-03 03:04:00,976,976,975,976,1074.0,1849644.0
2026-07-03 03:05:00,976,976,975,975,1514.0,1849898.0
2026-07-03 03:06:00,975,976,975,975,858.0,1849588.0
2026-07-03 03:07:00,975,976,975,976,1599.0,1849367.0
2026-07-03 03:08:00,976,976,975,976,1244.0,1849000.0
2026-07-03 03:09:00,976,976,975,975,716.0,1848890.0
2026-07-03 03:10:00,975,976,975,976,578.0,1848582.0
2026-07-03 03:11:00,976,976,974,975,7264.0,1847308.0
2026-07-03 03:12:00,975,976,974,976,7284.0,1845731.0
2026-07-03 03:13:00,976,977,975,976,4487.0,1845852.0
2026-07-03 03:14:00,976,977,976,977,932.0,1845564.0
2026-07-03 03:15:00,977,977,976,977,1945.0,1845054.0
2026-07-03 03:16:00,977,977,976,976,1069.0,1845083.0
2026-07-03 03:17:00,976,977,976,977,611.0,1845093.0
2026-07-03 03:18:00,977,977,976,977,1300.0,1845079.0
2026-07-03 03:19:00,977,977,976,976,840.0,1845127.0
2026-07-03 03:20:00,976,977,976,977,593.0,1845182.0
2026-07-03 03:21:00,977,977,976,976,1186.0,1844986.0
2026-07-03 03:22:00,976,977,976,976,1676.0,1844350.0
2026-07-03 03:23:00,976,977,976,976,883.0,1844287.0
2026-07-03 03:24:00,976,977,976,976,823.0,1844141.0
2026-07-03 03:25:00,976,977,976,976,1587.0,1843994.0
2026-07-03 03:26:00,976,977,976,977,1638.0,1843401.0
2026-07-03 03:27:00,977,977,976,977,1551.0,1842954.0
2026-07-03 03:28:00,977,977,976,976,1966.0,1843097.0
2026-07-03 03:29:00,976,978,976,977,4766.0,1842700.0
2026-07-03 05:30:00,977,978,976,977,4216.0,1842380.0
2026-07-03 05:31:00,977,978,977,978,1354.0,1842579.0
2026-07-03 05:32:00,978,978,977,977,1547.0,1842888.0
2026-07-03 05:33:00,977,978,977,977,7232.0,1844307.0
2026-07-03 05:34:00,977,978,977,978,1713.0,1843859.0
2026-07-03 05:35:00,978,978,977,978,2440.0,1843593.0
2026-07-03 05:36:00,978,978,977,977,883.0,1843485.0
2026-07-03 05:37:00,977,978,976,977,8213.0,1842900.0
2026-07-03 05:38:00,977,978,976,977,4730.0,1843270.0
2026-07-03 05:39:00,977,978,976,977,3004.0,1843603.0
2026-07-03 05:40:00,977,978,977,977,918.0,1843749.0
2026-07-03 05:41:00,977,979,977,977,9556.0,1844871.0
2026-07-03 05:42:00,977,978,977,978,1946.0,1845539.0
2026-07-03 05:43:00,978,978,977,977,1768.0,1845478.0
2026-07-03 05:44:00,977,978,977,977,1043.0,1845594.0
2026-07-03 05:45:00,977,978,976,976,5969.0,1846969.0
2026-07-03 05:46:00,976,977,976,976,5243.0,1846140.0
2026-07-03 05:47:00,976,977,976,977,2267.0,1845897.0
2026-07-03 05:48:00,977,977,976,976,4742.0,1845219.0
2026-07-03 05:49:00,976,977,976,976,1106.0,1845218.0
2026-07-03 05:50:00,976,977,975,975,2636.0,1844758.0
2026-07-03 05:51:00,975,977,975,977,3724.0,1843988.0
2026-07-03 05:52:00,977,977,976,976,2639.0,1844299.0
2026-07-03 05:53:00,976,977,976,976,3203.0,1844648.0
2026-07-03 05:54:00,976,977,975,976,1885.0,1844031.0
2026-07-03 05:55:00,976,977,976,977,437.0,1843965.0
2026-07-03 05:56:00,977,977,976,977,1050.0,1844143.0
2026-07-03 05:57:00,977,977,976,976,380.0,1844111.0
2026-07-03 05:58:00,976,977,976,976,395.0,1844099.0
2026-07-03 05:59:00,976,977,976,976,915.0,1844191.0
2026-07-03 06:00:00,976,977,976,977,1603.0,1843782.0
2026-07-03 06:01:00,977,977,976,977,1118.0,1843282.0
2026-07-03 06:02:00,977,977,976,977,1023.0,1842973.0
2026-07-03 06:03:00,977,977,976,976,631.0,1842696.0
2026-07-03 06:04:00,976,977,975,976,5301.0,1841549.0
2026-07-03 06:05:00,976,976,975,976,1608.0,1841578.0
2026-07-03 06:06:00,976,976,975,975,1306.0,1841329.0
2026-07-03 06:07:00,975,976,975,976,1641.0,1841097.0
2026-07-03 06:08:00,976,976,974,974,6056.0,1840916.0
2026-07-03 06:09:00,974,975,973,974,8182.0,1837028.0
2026-07-03 06:10:00,974,975,974,974,949.0,1837097.0
2026-07-03 06:11:00,974,975,974,975,1007.0,1837133.0
2026-07-03 06:12:00,975,975,974,974,560.0,1837198.0
2026-07-03 06:13:00,974,975,974,974,398.0,1837217.0
2026-07-03 06:14:00,974,975,974,974,1649.0,1837211.0
2026-07-03 06:15:00,974,975,974,975,558.0,1837116.0
2026-07-03 06:16:00,975,975,974,974,521.0,1837195.0
2026-07-03 06:17:00,974,975,974,974,415.0,1837252.0
2026-07-03 06:18:00,974,975,974,974,347.0,1837128.0
2026-07-03 06:19:00,974,975,974,974,406.0,1836934.0
2026-07-03 06:20:00,974,975,974,975,419.0,1836779.0
2026-07-03 06:21:00,975,975,974,974,578.0,1836444.0
2026-07-03 06:22:00,974,975,974,975,639.0,1836150.0
2026-07-03 06:23:00,975,975,973,973,7300.0,1835563.0
2026-07-03 06:24:00,973,974,972,973,8837.0,1833049.0
2026-07-03 06:25:00,973,973,972,972,3131.0,1832667.0
2026-07-03 06:26:00,972,973,971,971,12363.0,1831495.0
2026-07-03 06:27:00,971,972,971,972,4105.0,1832568.0
2026-07-03 06:28:00,972,972,971,972,1914.0,1832190.0
2026-07-03 06:29:00,972,972,971,972,912.0,1831851.0
2026-07-03 06:30:00,972,973,971,973,6993.0,1833640.0
2026-07-03 06:31:00,973,973,972,973,1155.0,1833363.0
2026-07-03 06:32:00,973,973,972,973,530.0,1833495.0
2026-07-03 06:33:00,973,973,972,973,899.0,1833234.0
2026-07-03 06:34:00,973,974,972,973,5608.0,1833368.0
2026-07-03 06:35:00,973,974,972,974,1348.0,1833219.0
2026-07-03 06:36:00,974,974,973,973,539.0,1833161.0
2026-07-03 06:37:00,973,974,973,973,961.0,1833192.0
2026-07-03 06:38:00,973,974,973,973,667.0,1833168.0
2026-07-03 06:39:00,973,974,973,973,593.0,1833232.0
2026-07-03 06:40:00,973,974,973,974,638.0,1833007.0
2026-07-03 06:41:00,974,974,973,973,647.0,1832916.0
2026-07-03 06:42:00,973,974,972,973,4092.0,1832424.0
2026-07-03 06:43:00,973,973,972,973,520.0,1832222.0
2026-07-03 06:44:00,973,973,972,973,1655.0,1832357.0
2026-07-03 06:45:00,973,973,972,972,1355.0,1832284.0
2026-07-03 06:46:00,972,973,972,972,1033.0,1831932.0
2026-07-03 06:47:00,972,973,972,973,1321.0,1831422.0
2026-07-03 06:48:00,973,974,972,974,3676.0,1830527.0
2026-07-03 06:49:00,974,974,973,974,832.0,1830096.0
2026-07-03 06:50:00,974,974,973,974,2287.0,1829972.0
2026-07-03 06:51:00,974,974,973,974,1115.0,1829633.0
2026-07-03 06:52:00,974,974,973,974,873.0,1829384.0
2026-07-03 06:53:00,974,974,973,974,1120.0,1829108.0
2026-07-03 06:54:00,974,974,973,974,1296.0,1829104.0
2026-07-03 06:55:00,974,974,973,973,1791.0,1828851.0
2026-07-03 06:56:00,973,974,973,974,3461.0,1827924.0
2026-07-03 06:57:00,974,974,972,972,6593.0,1828360.0
2026-07-03 06:58:00,972,973,972,973,4701.0,1826244.0
2026-07-03 06:59:00,973,974,972,973,12258.0,1820813.0
2026-07-03 13:00:00,977,982,976,980,62082.0,1825256.0
2026-07-03 13:01:00,980,981,979,980,20515.0,1828813.0
2026-07-03 13:02:00,980,980,978,979,17660.0,1832759.0
2026-07-03 13:03:00,979,980,978,979,13064.0,1835247.0
2026-07-03 13:04:00,979,980,978,979,11531.0,1833982.0
2026-07-03 13:05:00,979,981,978,978,13645.0,1833859.0
2026-07-03 13:06:00,978,979,976,977,13262.0,1833515.0
2026-07-03 13:07:00,977,977,976,976,1864.0,1833400.0
2026-07-03 13:08:00,976,978,976,977,5773.0,1832550.0
2026-07-03 13:09:00,977,977,975,977,9092.0,1830585.0
2026-07-03 13:10:00,977,978,976,978,5190.0,1831385.0
2026-07-03 13:11:00,978,978,976,977,3849.0,1831140.0
2026-07-03 13:12:00,977,978,976,977,4178.0,1831212.0
2026-07-03 13:13:00,977,978,977,977,1315.0,1831149.0
2026-07-03 13:14:00,977,978,977,978,3351.0,1830898.0
2026-07-03 13:15:00,978,980,977,980,9191.0,1832356.0
2026-07-03 13:16:00,980,980,979,980,4565.0,1833157.0
2026-07-03 13:17:00,980,980,979,979,2574.0,1833109.0
2026-07-03 13:18:00,979,980,979,979,1819.0,1833459.0
2026-07-03 13:19:00,979,980,979,979,1706.0,1833448.0
2026-07-03 13:20:00,979,980,978,979,9069.0,1834992.0
2026-07-03 13:21:00,979,980,979,979,1590.0,1835375.0
2026-07-03 13:22:00,979,980,979,979,1131.0,1835252.0
2026-07-03 13:23:00,979,980,979,980,8611.0,1836200.0
2026-07-03 13:24:00,980,980,979,980,3651.0,1835469.0
2026-07-03 13:25:00,980,981,980,981,2218.0,1835493.0
2026-07-03 13:26:00,981,981,979,981,5559.0,1834757.0
2026-07-03 13:27:00,981,981,979,979,1613.0,1834504.0
2026-07-03 13:28:00,979,980,979,980,1003.0,1834281.0
2026-07-03 13:29:00,980,981,979,981,3133.0,1835329.0
2026-07-03 13:30:00,981,981,979,980,3443.0,1834361.0
2026-07-03 13:31:00,980,981,979,980,2493.0,1834000.0
2026-07-03 13:32:00,980,981,980,980,1322.0,1833909.0
2026-07-03 13:33:00,980,981,979,980,2242.0,1833779.0
2026-07-03 13:34:00,980,980,979,979,2895.0,1833458.0
2026-07-03 13:35:00,979,980,979,979,1094.0,1833228.0
2026-07-03 13:36:00,979,980,979,980,1135.0,1832621.0
2026-07-03 13:37:00,980,980,979,979,857.0,1832315.0
2026-07-03 13:38:00,979,980,979,980,1075.0,1831875.0
2026-07-03 13:39:00,980,981,979,980,2954.0,1832402.0
2026-07-03 13:40:00,980,981,980,981,1878.0,1832714.0
2026-07-03 13:41:00,981,982,980,982,12805.0,1833691.0
2026-07-03 13:42:00,982,982,981,982,2129.0,1833460.0
2026-07-03 13:43:00,982,982,981,982,1282.0,1833517.0
2026-07-03 13:44:00,982,982,981,981,1367.0,1833047.0
2026-07-03 13:45:00,981,982,981,981,1441.0,1832825.0
2026-07-03 13:46:00,981,982,980,980,7553.0,1828694.0
2026-07-03 13:47:00,980,981,978,979,9320.0,1826540.0
2026-07-03 13:48:00,979,979,978,979,2815.0,1826294.0
2026-07-03 13:49:00,979,979,978,978,1027.0,1826153.0
2026-07-03 13:50:00,978,979,978,979,3557.0,1824769.0
2026-07-03 13:51:00,979,979,978,979,1559.0,1824130.0
2026-07-03 13:52:00,979,979,978,979,779.0,1823655.0
2026-07-03 13:53:00,979,979,978,978,484.0,1823327.0
2026-07-03 13:54:00,978,979,978,979,1016.0,1823087.0
2026-07-03 13:55:00,979,979,978,978,444.0,1823011.0
2026-07-03 13:56:00,978,979,978,978,857.0,1822786.0
2026-07-03 13:57:00,978,979,978,978,399.0,1822578.0
2026-07-03 13:58:00,978,979,978,979,458.0,1822493.0
2026-07-03 13:59:00,979,980,978,979,3608.0,1822447.0
2026-07-03 14:00:00,979,979,978,978,491.0,1822314.0
2026-07-03 14:01:00,978,979,978,979,695.0,1822053.0
2026-07-03 14:02:00,979,980,978,979,3470.0,1820822.0
2026-07-03 14:03:00,979,979,978,979,717.0,1820443.0
2026-07-03 14:04:00,979,979,978,978,554.0,1820438.0
2026-07-03 14:05:00,978,980,978,979,3055.0,1821386.0
2026-07-03 14:06:00,979,980,978,979,4138.0,1821316.0
2026-07-03 14:07:00,979,979,978,978,854.0,1821616.0
2026-07-03 14:08:00,978,979,978,979,539.0,1821807.0
2026-07-03 14:09:00,979,979,978,978,374.0,1821778.0
2026-07-03 14:10:00,978,979,978,979,347.0,1821799.0
2026-07-03 14:11:00,979,980,978,979,1243.0,1821621.0
2026-07-03 14:12:00,979,980,979,980,373.0,1821733.0
2026-07-03 14:13:00,980,981,979,980,7673.0,1820544.0
2026-07-03 14:14:00,980,981,980,980,5309.0,1819913.0
2026-07-03 14:15:00,980,981,979,980,2981.0,1820884.0
2026-07-03 14:16:00,980,980,978,979,4647.0,1820716.0
2026-07-03 14:17:00,979,980,979,979,417.0,1820423.0
2026-07-03 14:18:00,979,980,979,980,2126.0,1820850.0
2026-07-03 14:19:00,980,980,979,979,312.0,1820729.0
2026-07-03 14:20:00,979,980,979,980,210.0,1820785.0
2026-07-03 14:21:00,980,980,979,979,369.0,1820799.0
2026-07-03 14:22:00,979,980,979,979,438.0,1820823.0
2026-07-03 14:23:00,979,980,978,978,2683.0,1819423.0
2026-07-03 14:24:00,978,979,977,978,8286.0,1817683.0
2026-07-03 14:25:00,978,979,978,979,696.0,1817348.0
2026-07-03 14:26:00,979,979,977,977,2854.0,1817348.0
2026-07-03 14:27:00,977,979,977,978,4564.0,1817584.0
2026-07-03 14:28:00,978,979,978,978,154.0,1817585.0
2026-07-03 14:29:00,978,979,978,979,225.0,1817523.0
2026-07-03 14:30:00,979,979,978,979,348.0,1817574.0
2026-07-03 14:31:00,979,979,978,978,401.0,1817338.0
2026-07-03 14:32:00,978,979,978,978,479.0,1817138.0
2026-07-03 14:33:00,978,979,978,978,281.0,1817131.0
2026-07-03 14:34:00,978,979,978,979,4704.0,1816467.0
2026-07-03 14:35:00,979,980,979,980,583.0,1816299.0
2026-07-03 14:36:00,980,980,978,979,2668.0,1815890.0
2026-07-03 14:37:00,979,980,978,979,495.0,1815621.0
2026-07-03 14:38:00,979,980,978,979,1224.0,1815455.0
2026-07-03 14:39:00,979,980,978,979,1181.0,1815534.0
2026-07-03 14:40:00,979,980,979,979,508.0,1815293.0
2026-07-03 14:41:00,979,980,979,980,655.0,1815055.0
2026-07-03 14:42:00,980,980,979,980,326.0,1815038.0
2026-07-03 14:43:00,980,980,979,980,491.0,1814950.0
2026-07-03 14:44:00,980,980,979,980,496.0,1814880.0
2026-07-03 14:45:00,980,980,979,980,499.0,1814645.0
2026-07-03 14:46:00,980,980,979,980,589.0,1814455.0
2026-07-03 14:47:00,980,980,979,979,748.0,1814080.0
2026-07-03 14:48:00,979,980,979,980,514.0,1813937.0
2026-07-03 14:49:00,980,981,979,981,8590.0,1814344.0
2026-07-03 14:50:00,981,981,980,981,1827.0,1813799.0
2026-07-03 14:51:00,981,981,979,980,4115.0,1813702.0
2026-07-03 14:52:00,980,980,979,980,2462.0,1813952.0
2026-07-03 14:53:00,980,980,979,979,1104.0,1813934.0
2026-07-03 14:54:00,979,981,979,980,5114.0,1812077.0
2026-07-03 14:55:00,980,981,980,980,2959.0,1810847.0
2026-07-03 14:56:00,980,981,980,981,1248.0,1810738.0
2026-07-03 14:57:00,981,981,979,979,4189.0,1809592.0
2026-07-03 14:58:00,979,980,979,979,1141.0,1808846.0
2026-07-03 14:59:00,979,982,979,981,15625.0,1799383.0
2026-07-06 01:00:00,981,982,973,973,47933.0,1796479.0
2026-07-06 01:01:00,973,976,973,976,17164.0,1793225.0
2026-07-06 01:02:00,976,976,973,974,24033.0,1794658.0
2026-07-06 01:03:00,974,976,974,974,11215.0,1795441.0
2026-07-06 01:04:00,974,976,974,976,8671.0,1792472.0
2026-07-06 01:05:00,976,977,975,975,5706.0,1791955.0
2026-07-06 01:06:00,975,977,975,977,5682.0,1791654.0
2026-07-06 01:07:00,977,977,975,975,3477.0,1791039.0
2026-07-06 01:08:00,975,976,975,975,1435.0,1790649.0
2026-07-06 01:09:00,975,976,973,974,13587.0,1790336.0
2026-07-06 01:10:00,974,976,974,976,3464.0,1789702.0
2026-07-06 01:11:00,976,977,975,976,3127.0,1789625.0
2026-07-06 01:12:00,976,977,976,977,3513.0,1790960.0
2026-07-06 01:13:00,977,977,975,976,4103.0,1789577.0
2026-07-06 01:14:00,976,977,975,976,3350.0,1789422.0
2026-07-06 01:15:00,976,977,976,976,595.0,1789420.0
2026-07-06 01:16:00,976,978,976,977,4954.0,1788300.0
2026-07-06 01:17:00,977,978,976,978,1884.0,1788182.0
2026-07-06 01:18:00,978,978,977,978,1693.0,1787656.0
2026-07-06 01:19:00,978,978,977,978,4687.0,1787815.0
2026-07-06 01:20:00,978,978,977,978,698.0,1787539.0
2026-07-06 01:21:00,978,979,977,978,2433.0,1786843.0
2026-07-06 01:22:00,978,978,977,977,451.0,1787022.0
2026-07-06 01:23:00,977,978,977,977,499.0,1787006.0
2026-07-06 01:24:00,977,978,977,978,1450.0,1787748.0
2026-07-06 01:25:00,978,978,977,977,1005.0,1787328.0
2026-07-06 01:26:00,977,978,977,977,6264.0,1786899.0
2026-07-06 01:27:00,977,978,977,977,1360.0,1786761.0
2026-07-06 01:28:00,977,978,977,977,684.0,1786599.0
2026-07-06 01:29:00,977,978,977,977,1914.0,1786427.0
2026-07-06 01:30:00,977,978,977,978,510.0,1786298.0
2026-07-06 01:31:00,978,978,977,977,456.0,1786200.0
2026-07-06 01:32:00,977,978,977,977,548.0,1786108.0
2026-07-06 01:33:00,977,978,977,977,302.0,1786104.0
2026-07-06 01:34:00,977,978,977,978,373.0,1786018.0
2026-07-06 01:35:00,978,978,977,977,592.0,1785812.0
2026-07-06 01:36:00,977,978,976,977,5385.0,1785474.0
2026-07-06 01:37:00,977,978,976,977,1039.0,1785387.0
2026-07-06 01:38:00,977,977,976,977,703.0,1785393.0
2026-07-06 01:39:00,977,977,976,976,498.0,1785185.0
2026-07-06 01:40:00,976,977,976,976,358.0,1784970.0
2026-07-06 01:41:00,976,977,976,976,1206.0,1785389.0
2026-07-06 01:42:00,976,977,975,976,4872.0,1785544.0
2026-07-06 01:43:00,976,977,975,976,3151.0,1785406.0
2026-07-06 01:44:00,976,977,976,976,1827.0,1784697.0
2026-07-06 01:45:00,976,978,976,977,3496.0,1785645.0
2026-07-06 01:46:00,977,978,977,977,1989.0,1785567.0
2026-07-06 01:47:00,977,978,977,977,1134.0,1785849.0
2026-07-06 01:48:00,977,978,977,978,1845.0,1785817.0
2026-07-06 01:49:00,978,978,976,976,1048.0,1786021.0
2026-07-06 01:50:00,976,977,976,976,253.0,1786149.0
2026-07-06 01:51:00,976,977,976,977,291.0,1786095.0
2026-07-06 01:52:00,977,977,976,976,854.0,1786314.0
2026-07-06 01:53:00,976,978,976,978,5420.0,1784203.0
2026-07-06 01:54:00,978,978,976,977,1268.0,1784094.0
2026-07-06 01:55:00,977,977,976,976,306.0,1784128.0
2026-07-06 01:56:00,976,977,976,976,436.0,1784154.0
2026-07-06 01:57:00,976,978,976,977,2105.0,1784125.0
2026-07-06 01:58:00,977,978,976,977,749.0,1784088.0
2026-07-06 01:59:00,977,977,976,976,309.0,1784106.0
2026-07-06 02:00:00,976,977,976,976,591.0,1784254.0
2026-07-06 02:01:00,976,977,975,976,6905.0,1784171.0
2026-07-06 02:02:00,976,977,976,977,586.0,1784185.0
2026-07-06 02:03:00,977,977,975,976,1636.0,1784492.0
2026-07-06 02:04:00,976,977,976,977,540.0,1784604.0
2026-07-06 02:05:00,977,977,976,976,442.0,1784738.0
2026-07-06 02:06:00,976,978,976,978,4070.0,1784412.0
2026-07-06 02:07:00,978,978,977,977,2134.0,1784382.0
2026-07-06 02:08:00,977,978,977,977,2064.0,1783958.0
2026-07-06 02:09:00,977,978,977,977,1060.0,1784137.0
2026-07-06 02:10:00,977,978,976,976,582.0,1784227.0
2026-07-06 02:11:00,976,977,976,976,1464.0,1784702.0
2026-07-06 02:12:00,976,977,975,975,4384.0,1785473.0
2026-07-06 02:13:00,975,976,975,975,415.0,1785386.0
2026-07-06 02:14:00,975,976,975,975,1995.0,1786122.0
2026-07-06 02:30:00,975,975,973,973,12978.0,1787877.0
2026-07-06 02:31:00,973,974,971,972,13908.0,1790264.0
2026-07-06 02:32:00,972,973,971,971,6682.0,1791346.0
2026-07-06 02:33:00,971,972,971,972,7980.0,1791979.0
2026-07-06 02:34:00,972,972,970,971,15041.0,1795873.0
2026-07-06 02:35:00,971,972,970,972,11273.0,1796044.0
2026-07-06 02:36:00,972,972,971,972,5252.0,1796441.0
2026-07-06 02:37:00,972,972,971,971,3418.0,1797041.0
2026-07-06 02:38:00,971,972,971,972,1756.0,1796558.0
2026-07-06 02:39:00,972,972,971,971,1197.0,1796927.0
2026-07-06 02:40:00,971,972,970,971,7727.0,1796879.0
2026-07-06 02:41:00,971,972,970,971,7269.0,1799280.0
2026-07-06 02:42:00,971,972,970,971,5709.0,1799031.0
2026-07-06 02:43:00,971,971,970,971,4528.0,1798983.0
2026-07-06 02:44:00,971,971,970,970,1314.0,1799271.0
2026-07-06 02:45:00,970,972,970,972,2644.0,1798146.0
2026-07-06 02:46:00,972,972,970,971,3692.0,1798816.0
2026-07-06 02:47:00,971,972,970,971,4805.0,1799202.0
2026-07-06 02:48:00,971,972,971,972,940.0,1799427.0
2026-07-06 02:49:00,972,972,971,972,642.0,1799581.0
2026-07-06 02:50:00,972,972,971,971,529.0,1799608.0
2026-07-06 02:51:00,971,972,971,971,550.0,1799421.0
2026-07-06 02:52:00,971,973,971,972,6587.0,1800262.0
2026-07-06 02:53:00,972,973,971,972,2435.0,1801486.0
2026-07-06 02:54:00,972,973,972,973,1600.0,1801539.0
2026-07-06 02:55:00,973,973,972,972,657.0,1801401.0
2026-07-06 02:56:00,972,973,972,973,576.0,1801138.0
2026-07-06 02:57:00,973,973,972,972,588.0,1800889.0
2026-07-06 02:58:00,972,973,972,972,547.0,1800632.0
2026-07-06 02:59:00,972,973,972,973,667.0,1800443.0
2026-07-06 03:00:00,973,973,972,972,562.0,1800421.0
2026-07-06 03:01:00,972,973,972,973,429.0,1800532.0
2026-07-06 03:02:00,973,973,972,973,526.0,1800317.0
2026-07-06 03:03:00,973,973,972,973,361.0,1800277.0
2026-07-06 03:04:00,973,973,972,973,337.0,1800139.0
2026-07-06 03:05:00,973,973,972,972,1075.0,1799392.0
2026-07-06 03:06:00,972,973,972,973,455.0,1799320.0
2026-07-06 03:07:00,973,973,972,972,781.0,1799382.0
2026-07-06 03:08:00,972,973,972,973,350.0,1799409.0
2026-07-06 03:09:00,973,974,972,974,7730.0,1798139.0
2026-07-06 03:10:00,974,974,972,973,5186.0,1796241.0
2026-07-06 03:11:00,973,973,972,973,637.0,1796328.0
2026-07-06 03:12:00,973,973,972,972,463.0,1796334.0
2026-07-06 03:13:00,972,973,972,972,445.0,1796420.0
2026-07-06 03:14:00,972,973,972,973,485.0,1796453.0
2026-07-06 03:15:00,973,973,972,973,478.0,1796668.0
2026-07-06 03:16:00,973,973,972,973,235.0,1796682.0
2026-07-06 03:17:00,973,973,971,971,6898.0,1796256.0
2026-07-06 03:18:00,971,972,971,972,581.0,1796465.0
2026-07-06 03:19:00,972,972,971,971,1242.0,1796855.0
2026-07-06 03:20:00,971,972,970,971,4195.0,1797453.0
2026-07-06 03:21:00,971,972,970,972,4695.0,1797882.0
2026-07-06 03:22:00,972,972,971,971,1191.0,1798191.0
2026-07-06 03:23:00,971,972,971,971,465.0,1798311.0
2026-07-06 03:24:00,971,972,971,971,434.0,1798227.0
2026-07-06 03:25:00,971,972,971,972,355.0,1798113.0
2026-07-06 03:26:00,972,973,972,972,2194.0,1798444.0
2026-07-06 03:27:00,972,973,972,973,304.0,1798472.0
2026-07-06 03:28:00,973,973,972,973,273.0,1798351.0
2026-07-06 03:29:00,973,973,972,973,3172.0,1797429.0
2026-07-06 05:30:00,973,973,972,972,1482.0,1797164.0
2026-07-06 05:31:00,972,973,972,973,836.0,1797175.0
2026-07-06 05:32:00,973,973,972,972,562.0,1797109.0
2026-07-06 05:33:00,972,973,972,972,3338.0,1797860.0
2026-07-06 05:34:00,972,973,972,973,527.0,1797931.0
2026-07-06 05:35:00,973,973,972,972,563.0,1797700.0
2026-07-06 05:36:00,972,974,972,973,6538.0,1796593.0
2026-07-06 05:37:00,973,974,973,973,679.0,1796497.0
2026-07-06 05:38:00,973,974,973,974,623.0,1796420.0
2026-07-06 05:39:00,974,974,973,973,529.0,1796358.0
2026-07-06 05:40:00,973,974,973,974,723.0,1796297.0
2026-07-06 05:41:00,974,974,973,974,384.0,1796234.0
2026-07-06 05:42:00,974,974,973,974,415.0,1796187.0
2026-07-06 05:43:00,974,974,973,974,589.0,1796054.0
2026-07-06 05:44:00,974,974,973,974,432.0,1795938.0
2026-07-06 05:45:00,974,974,973,974,3564.0,1795996.0
2026-07-06 05:46:00,974,974,973,973,594.0,1796110.0
2026-07-06 05:47:00,973,974,973,973,581.0,1796027.0
2026-07-06 05:48:00,973,974,972,973,6631.0,1796237.0
2026-07-06 05:49:00,973,974,973,973,1345.0,1796003.0
2026-07-06 05:50:00,973,974,973,974,397.0,1795785.0
2026-07-06 05:51:00,974,974,973,973,691.0,1795442.0
2026-07-06 05:52:00,973,974,973,974,409.0,1795544.0
2026-07-06 05:53:00,974,974,973,974,300.0,1795378.0
2026-07-06 05:54:00,974,974,973,974,321.0,1795266.0
2026-07-06 05:55:00,974,974,973,974,900.0,1795341.0
2026-07-06 05:56:00,974,974,973,974,594.0,1795294.0
2026-07-06 05:57:00,974,974,973,974,413.0,1795120.0
2026-07-06 05:58:00,974,974,973,974,488.0,1794851.0
2026-07-06 05:59:00,974,974,973,973,776.0,1794906.0
2026-07-06 06:00:00,973,974,973,974,385.0,1794854.0
2026-07-06 06:01:00,974,974,973,974,438.0,1794916.0
2026-07-06 06:02:00,974,974,973,974,756.0,1794613.0
2026-07-06 06:03:00,974,974,973,974,661.0,1794507.0
2026-07-06 06:04:00,974,974,972,973,4284.0,1793257.0
2026-07-06 06:05:00,973,974,972,972,2881.0,1792289.0
2026-07-06 06:06:00,972,973,972,973,406.0,1792296.0
2026-07-06 06:07:00,973,973,972,972,283.0,1792107.0
2026-07-06 06:08:00,972,974,972,973,2755.0,1791366.0
2026-07-06 06:09:00,973,974,972,973,869.0,1791784.0
2026-07-06 06:10:00,973,974,972,973,2245.0,1790887.0
2026-07-06 06:11:00,973,974,973,973,759.0,1790913.0
2026-07-06 06:12:00,973,974,972,972,2444.0,1790343.0
2026-07-06 06:13:00,972,973,972,972,416.0,1790402.0
2026-07-06 06:14:00,972,973,972,972,266.0,1790362.0
2026-07-06 06:15:00,972,973,972,972,282.0,1790468.0
2026-07-06 06:16:00,972,973,972,972,375.0,1790680.0
2026-07-06 06:17:00,972,973,972,972,980.0,1790311.0
2026-07-06 06:18:00,972,973,971,971,4949.0,1791422.0
2026-07-06 06:19:00,971,972,971,972,737.0,1791437.0
2026-07-06 06:20:00,972,972,971,972,565.0,1791432.0
2026-07-06 06:21:00,972,972,970,971,5691.0,1793584.0
2026-07-06 06:22:00,971,971,969,969,11374.0,1793074.0
2026-07-06 06:23:00,969,970,968,969,14193.0,1794010.0
2026-07-06 06:24:00,969,970,969,969,2194.0,1794770.0
2026-07-06 06:25:00,969,970,969,969,1529.0,1794808.0
2026-07-06 06:26:00,969,970,968,969,4958.0,1794800.0
2026-07-06 06:27:00,969,970,968,968,5339.0,1795239.0
2026-07-06 06:28:00,968,969,968,968,1324.0,1795371.0
2026-07-06 06:29:00,968,970,968,969,5422.0,1795701.0
2026-07-06 06:30:00,969,969,968,969,898.0,1796044.0
2026-07-06 06:31:00,969,969,967,967,10849.0,1795227.0
2026-07-06 06:32:00,967,968,965,965,23606.0,1800412.0
2026-07-06 06:33:00,965,967,965,967,17172.0,1802358.0
2026-07-06 06:34:00,967,967,966,966,2449.0,1802736.0
2026-07-06 06:35:00,966,967,966,966,2401.0,1802783.0
2026-07-06 06:36:00,966,967,965,965,6831.0,1804098.0
2026-07-06 06:37:00,965,966,965,966,11849.0,1806439.0
2026-07-06 06:38:00,966,966,965,966,4659.0,1807164.0
2026-07-06 06:39:00,966,967,965,967,4659.0,1808020.0
2026-07-06 06:40:00,967,967,965,966,4820.0,1809186.0
2026-07-06 06:41:00,966,966,965,966,2837.0,1810177.0
2026-07-06 06:42:00,966,966,964,964,12309.0,1814471.0
2026-07-06 06:43:00,964,966,964,965,11379.0,1814082.0
2026-07-06 06:44:00,965,966,965,965,2251.0,1815037.0
2026-07-06 06:45:00,965,966,965,965,2666.0,1815541.0
2026-07-06 06:46:00,965,966,965,966,1375.0,1815760.0
2026-07-06 06:47:00,966,966,965,965,2663.0,1816939.0
2026-07-06 06:48:00,965,966,965,965,1777.0,1817443.0
2026-07-06 06:49:00,965,966,965,966,1222.0,1817055.0
2026-07-06 06:50:00,966,967,965,967,7770.0,1815948.0
2026-07-06 06:51:00,967,967,965,966,4875.0,1815707.0
2026-07-06 06:52:00,966,967,965,967,6920.0,1815895.0
2026-07-06 06:53:00,967,967,966,967,4493.0,1814018.0
2026-07-06 06:54:00,967,967,966,966,1559.0,1813796.0
2026-07-06 06:55:00,966,967,965,966,6355.0,1814952.0
2026-07-06 06:56:00,966,966,965,965,3137.0,1816038.0
2026-07-06 06:57:00,965,966,965,965,2930.0,1816153.0
2026-07-06 06:58:00,965,967,965,966,11145.0,1811809.0
2026-07-06 06:59:00,966,967,966,967,7517.0,1810350.0
2026-07-06 13:00:00,966,966,961,962,59757.0,1811595.0
2026-07-06 13:01:00,962,963,961,962,20795.0,1817128.0
2026-07-06 13:02:00,962,962,960,961,30268.0,1828554.0
2026-07-06 13:03:00,961,962,960,961,9735.0,1830166.0
2026-07-06 13:04:00,961,963,960,961,23302.0,1838608.0
2026-07-06 13:05:00,961,963,961,961,10826.0,1841752.0
2026-07-06 13:06:00,961,963,961,962,5540.0,1842889.0
2026-07-06 13:07:00,962,963,962,962,3865.0,1843941.0
2026-07-06 13:08:00,962,963,962,963,10263.0,1846229.0
2026-07-06 13:09:00,963,963,961,962,7994.0,1848503.0
2026-07-06 13:10:00,962,963,961,963,2639.0,1848575.0
2026-07-06 13:11:00,963,963,962,962,1761.0,1848922.0
2026-07-06 13:12:00,962,963,962,963,2215.0,1848862.0
2026-07-06 13:13:00,963,963,961,962,5175.0,1849076.0
2026-07-06 13:14:00,962,962,961,962,1850.0,1849418.0
2026-07-06 13:15:00,962,962,961,961,6473.0,1851533.0
2026-07-06 13:16:00,961,962,961,961,2318.0,1852821.0
2026-07-06 13:17:00,961,962,961,962,1278.0,1853363.0
2026-07-06 13:18:00,962,962,961,962,1625.0,1853952.0
2026-07-06 13:19:00,962,963,961,962,5747.0,1854959.0
2026-07-06 13:20:00,962,963,962,963,1989.0,1854362.0
2026-07-06 13:21:00,963,963,961,962,4151.0,1854688.0
2026-07-06 13:22:00,962,962,960,962,15429.0,1855763.0
2026-07-06 13:23:00,962,962,961,962,2100.0,1855326.0
2026-07-06 13:24:00,962,962,960,961,3779.0,1857107.0
2026-07-06 13:25:00,961,961,960,960,11738.0,1862348.0
2026-07-06 13:26:00,960,961,959,959,24916.0,1867355.0
2026-07-06 13:27:00,959,960,959,960,5234.0,1869435.0
2026-07-06 13:28:00,960,961,959,960,10047.0,1872565.0
2026-07-06 13:29:00,960,960,958,959,17894.0,1876761.0
2026-07-06 13:30:00,959,961,959,961,12188.0,1874958.0
2026-07-06 13:31:00,961,962,960,961,9789.0,1874006.0
2026-07-06 13:32:00,961,962,960,962,4269.0,1874431.0
2026-07-06 13:33:00,962,962,960,961,2193.0,1874443.0
2026-07-06 13:34:00,961,961,960,960,2000.0,1874927.0
2026-07-06 13:35:00,960,961,960,960,594.0,1875018.0
2026-07-06 13:36:00,960,961,960,961,771.0,1875299.0
2026-07-06 13:37:00,961,961,960,960,709.0,1875508.0
2026-07-06 13:38:00,960,961,960,960,2029.0,1875347.0
2026-07-06 13:39:00,960,961,960,960,662.0,1875396.0
2026-07-06 13:40:00,960,961,960,961,1292.0,1875765.0
2026-07-06 13:41:00,961,962,960,961,6061.0,1878116.0
2026-07-06 13:42:00,961,961,960,961,944.0,1878347.0
2026-07-06 13:43:00,961,961,959,960,7080.0,1881051.0
2026-07-06 13:44:00,960,960,959,959,1244.0,1881339.0
2026-07-06 13:45:00,959,960,959,959,1206.0,1881560.0
2026-07-06 13:46:00,959,960,959,960,1116.0,1882013.0
2026-07-06 13:47:00,960,960,959,959,757.0,1882376.0
2026-07-06 13:48:00,959,960,959,960,786.0,1882684.0
2026-07-06 13:49:00,960,960,958,959,7866.0,1884221.0
2026-07-06 13:50:00,959,960,958,960,5563.0,1884518.0
2026-07-06 13:51:00,960,960,958,959,4756.0,1886602.0
2026-07-06 13:52:00,959,959,957,957,21760.0,1895129.0
2026-07-06 13:53:00,957,959,957,959,8501.0,1897559.0
2026-07-06 13:54:00,959,959,958,959,3411.0,1898373.0
2026-07-06 13:55:00,959,959,958,959,2724.0,1899283.0
2026-07-06 13:56:00,959,959,958,959,2582.0,1900243.0
2026-07-06 13:57:00,959,960,958,959,6490.0,1901324.0
2026-07-06 13:58:00,959,959,958,959,1749.0,1901941.0
2026-07-06 13:59:00,959,959,957,958,7043.0,1905916.0
2026-07-06 14:00:00,958,959,957,958,6546.0,1908254.0
2026-07-06 14:01:00,958,958,957,957,6726.0,1910971.0
2026-07-06 14:02:00,957,958,957,958,2944.0,1911723.0
2026-07-06 14:03:00,958,958,956,957,17647.0,1916602.0
2026-07-06 14:04:00,957,958,956,957,7560.0,1919823.0
2026-07-06 14:05:00,957,958,957,958,1323.0,1920338.0
2026-07-06 14:06:00,958,958,957,957,2521.0,1920936.0
2026-07-06 14:07:00,957,959,957,958,7823.0,1922711.0
2026-07-06 14:08:00,958,958,957,958,1311.0,1922956.0
2026-07-06 14:09:00,958,958,957,958,1879.0,1924129.0
2026-07-06 14:10:00,958,958,957,958,2183.0,1924884.0
2026-07-06 14:11:00,958,958,956,958,8513.0,1927352.0
2026-07-06 14:12:00,958,958,957,958,1555.0,1927582.0
2026-07-06 14:13:00,958,958,957,957,1392.0,1927565.0
2026-07-06 14:14:00,957,958,957,958,742.0,1927889.0
2026-07-06 14:15:00,958,959,957,958,6263.0,1929100.0
2026-07-06 14:16:00,958,960,958,960,11815.0,1926807.0
2026-07-06 14:17:00,960,960,958,958,7182.0,1926003.0
2026-07-06 14:18:00,958,959,958,958,725.0,1926397.0
2026-07-06 14:19:00,958,959,958,959,7962.0,1927215.0
2026-07-06 14:20:00,959,959,958,959,542.0,1927304.0
2026-07-06 14:21:00,959,959,958,959,1892.0,1927789.0
2026-07-06 14:22:00,959,959,958,959,578.0,1927887.0
2026-07-06 14:23:00,959,960,958,960,2701.0,1928482.0
2026-07-06 14:24:00,960,960,959,960,1355.0,1928740.0
2026-07-06 14:25:00,960,960,959,960,585.0,1928754.0
2026-07-06 14:26:00,960,960,959,959,1144.0,1929003.0
2026-07-06 14:27:00,959,960,958,959,3075.0,1929494.0
2026-07-06 14:28:00,959,959,958,959,640.0,1929561.0
2026-07-06 14:29:00,959,959,958,959,1728.0,1929956.0
2026-07-06 14:30:00,959,959,958,958,396.0,1929896.0
2026-07-06 14:31:00,958,959,958,958,645.0,1930025.0
2026-07-06 14:32:00,958,959,957,958,6502.0,1931279.0
2026-07-06 14:33:00,958,959,958,958,506.0,1931276.0
2026-07-06 14:34:00,958,959,958,958,367.0,1931213.0
2026-07-06 14:35:00,958,959,958,958,329.0,1931317.0
2026-07-06 14:36:00,958,959,958,958,774.0,1931357.0
2026-07-06 14:37:00,958,959,958,959,875.0,1931610.0
2026-07-06 14:38:00,959,960,958,959,6648.0,1933982.0
2026-07-06 14:39:00,959,960,958,959,1754.0,1934130.0
2026-07-06 14:40:00,959,959,958,959,478.0,1934135.0
2026-07-06 14:41:00,959,960,958,959,3610.0,1934327.0
2026-07-06 14:42:00,959,960,958,959,1272.0,1934374.0
2026-07-06 14:43:00,959,960,959,960,444.0,1934193.0
2026-07-06 14:44:00,960,960,959,959,469.0,1934116.0
2026-07-06 14:45:00,959,960,958,959,1425.0,1933953.0
2026-07-06 14:46:00,959,959,958,959,1092.0,1934572.0
2026-07-06 14:47:00,959,959,958,958,884.0,1934920.0
2026-07-06 14:48:00,958,959,958,958,1011.0,1935022.0
2026-07-06 14:49:00,958,959,958,958,1077.0,1934941.0
2026-07-06 14:50:00,958,959,958,958,1141.0,1935367.0
2026-07-06 14:51:00,958,959,958,958,705.0,1935407.0
2026-07-06 14:52:00,958,959,958,958,679.0,1935584.0
2026-07-06 14:53:00,958,959,958,959,720.0,1935739.0
2026-07-06 14:54:00,959,959,958,958,594.0,1935761.0
2026-07-06 14:55:00,958,959,958,958,797.0,1935708.0
2026-07-06 14:56:00,958,959,958,958,1411.0,1935637.0
2026-07-06 14:57:00,958,959,958,958,765.0,1935699.0
2026-07-06 14:58:00,958,960,958,959,7288.0,1933785.0
2026-07-06 14:59:00,959,960,958,959,6529.0,1932235.0
2026-07-07 01:00:00,959,959,956,956,14365.0,1931027.0
2026-07-07 01:01:00,956,957,956,956,3888.0,1932916.0
2026-07-07 01:02:00,956,957,953,955,37809.0,1946932.0
2026-07-07 01:03:00,955,955,954,955,15177.0,1951441.0
2026-07-07 01:04:00,955,956,954,956,12649.0,1952422.0
2026-07-07 01:05:00,956,957,955,957,6356.0,1954046.0
2026-07-07 01:06:00,957,958,956,957,9039.0,1955009.0
2026-07-07 01:07:00,957,957,955,955,6638.0,1957509.0
2026-07-07 01:08:00,955,957,955,956,5683.0,1959486.0
2026-07-07 01:09:00,956,956,955,956,1526.0,1959550.0
2026-07-07 01:10:00,956,956,955,956,1522.0,1959721.0
2026-07-07 01:11:00,956,956,955,956,1381.0,1959652.0
2026-07-07 01:12:00,956,956,955,956,2652.0,1961015.0
2026-07-07 01:13:00,956,956,955,955,1804.0,1961625.0
2026-07-07 01:14:00,955,957,955,955,5649.0,1962918.0
2026-07-07 01:15:00,955,957,955,957,4147.0,1961377.0
2026-07-07 01:16:00,957,957,956,956,3328.0,1961512.0
2026-07-07 01:17:00,956,957,956,957,3203.0,1962335.0
2026-07-07 01:18:00,957,958,956,956,7546.0,1963437.0
2026-07-07 01:19:00,956,957,956,956,815.0,1963299.0
2026-07-07 01:20:00,956,957,955,956,3577.0,1963421.0
2026-07-07 01:21:00,956,956,955,956,1425.0,1964004.0
2026-07-07 01:22:00,956,956,955,955,2494.0,1965253.0
2026-07-07 01:23:00,955,956,955,956,719.0,1965483.0
2026-07-07 01:24:00,956,957,955,957,3836.0,1966092.0
2026-07-07 01:25:00,957,957,955,956,3043.0,1966388.0
2026-07-07 01:26:00,956,957,956,957,594.0,1966564.0
2026-07-07 01:27:00,957,957,956,957,1161.0,1966640.0
2026-07-07 01:28:00,957,958,956,958,8056.0,1970995.0
2026-07-07 01:29:00,958,958,957,957,1216.0,1971158.0
2026-07-07 01:30:00,957,958,956,957,4730.0,1972027.0
2026-07-07 01:31:00,957,957,956,956,1147.0,1972063.0
2026-07-07 01:32:00,956,957,956,957,1079.0,1972458.0
2026-07-07 01:33:00,957,957,956,956,682.0,1972366.0
2026-07-07 01:34:00,956,958,956,958,3221.0,1973495.0
2026-07-07 01:35:00,958,958,956,957,2791.0,1974107.0
2026-07-07 01:36:00,957,958,956,957,1139.0,1974443.0
2026-07-07 01:37:00,957,958,956,957,1216.0,1975021.0
2026-07-07 01:38:00,957,958,956,957,979.0,1975017.0
2026-07-07 01:39:00,957,957,956,956,478.0,1975120.0
2026-07-07 01:40:00,956,957,956,956,450.0,1975278.0
2026-07-07 01:41:00,956,957,956,956,848.0,1975514.0
2026-07-07 01:42:00,956,957,956,957,485.0,1975700.0
2026-07-07 01:43:00,957,958,956,957,2490.0,1975532.0
2026-07-07 01:44:00,957,958,957,958,472.0,1975438.0
2026-07-07 01:45:00,958,958,957,958,698.0,1975357.0
2026-07-07 01:46:00,958,958,957,957,805.0,1975171.0
2026-07-07 01:47:00,957,959,957,959,5583.0,1975839.0
2026-07-07 01:48:00,959,959,957,958,5575.0,1976066.0
2026-07-07 01:49:00,958,959,957,958,1975.0,1975992.0
2026-07-07 01:50:00,958,958,957,957,758.0,1976023.0
2026-07-07 01:51:00,957,958,957,958,523.0,1975953.0
2026-07-07 01:52:00,958,958,957,958,605.0,1975986.0
2026-07-07 01:53:00,958,958,957,957,474.0,1975879.0
2026-07-07 01:54:00,957,958,956,957,4484.0,1976540.0
2026-07-07 01:55:00,957,958,956,958,1121.0,1976520.0
2026-07-07 01:56:00,958,959,957,959,2991.0,1976265.0
2026-07-07 01:57:00,959,959,957,958,4455.0,1975639.0
2026-07-07 01:58:00,958,958,957,958,781.0,1975224.0
2026-07-07 01:59:00,958,958,957,958,708.0,1975348.0
2026-07-07 02:00:00,958,958,957,957,796.0,1975048.0
2026-07-07 02:01:00,957,958,957,957,1216.0,1975044.0
2026-07-07 02:02:00,957,958,957,958,1093.0,1974801.0
2026-07-07 02:03:00,958,958,957,958,628.0,1974976.0
2026-07-07 02:04:00,958,959,957,958,3566.0,1974464.0
2026-07-07 02:05:00,958,958,957,958,498.0,1974365.0
2026-07-07 02:06:00,958,958,957,958,1313.0,1974347.0
2026-07-07 02:07:00,958,958,957,958,475.0,1974265.0
2026-07-07 02:08:00,958,958,957,958,420.0,1974226.0
2026-07-07 02:09:00,958,958,957,957,573.0,1974312.0
2026-07-07 02:10:00,957,958,957,958,391.0,1974363.0
2026-07-07 02:11:00,958,958,957,957,635.0,1974445.0
2026-07-07 02:12:00,957,958,957,957,439.0,1974411.0
2026-07-07 02:13:00,957,958,957,958,3816.0,1975219.0
2026-07-07 02:14:00,958,958,957,958,1444.0,1974421.0
2026-07-07 02:30:00,958,958,956,957,3346.0,1974622.0
2026-07-07 02:31:00,957,957,956,956,3723.0,1975277.0
2026-07-07 02:32:00,956,957,956,956,1030.0,1974992.0
2026-07-07 02:33:00,956,957,956,957,1913.0,1975337.0
2026-07-07 02:34:00,957,957,956,956,4725.0,1975804.0
2026-07-07 02:35:00,956,958,956,957,701.0,1975626.0
2026-07-07 02:36:00,957,958,957,957,1439.0,1975616.0
2026-07-07 02:37:00,957,958,957,957,3283.0,1976603.0
2026-07-07 02:38:00,957,958,957,957,1605.0,1977265.0
2026-07-07 02:39:00,957,958,957,958,2156.0,1978197.0
2026-07-07 02:40:00,958,958,957,957,412.0,1978157.0
2026-07-07 02:41:00,957,958,957,957,502.0,1978192.0
2026-07-07 02:42:00,957,957,956,957,1101.0,1978377.0
2026-07-07 02:43:00,957,957,956,956,538.0,1978642.0
2026-07-07 02:44:00,956,957,955,956,5564.0,1979441.0
2026-07-07 02:45:00,956,956,955,955,1480.0,1980121.0
2026-07-07 02:46:00,955,956,955,956,986.0,1980261.0
2026-07-07 02:47:00,956,956,955,955,453.0,1980440.0
2026-07-07 02:48:00,955,956,955,955,454.0,1980585.0
2026-07-07 02:49:00,955,956,955,956,1081.0,1980803.0
2026-07-07 02:50:00,956,956,955,955,5351.0,1982024.0
2026-07-07 02:51:00,955,956,955,955,1681.0,1981815.0
2026-07-07 02:52:00,955,956,955,956,2939.0,1981382.0
2026-07-07 02:53:00,956,956,955,955,1217.0,1981224.0
2026-07-07 02:54:00,955,956,955,956,526.0,1981079.0
2026-07-07 02:55:00,956,956,955,955,453.0,1981011.0
2026-07-07 02:56:00,955,956,955,955,1077.0,1980900.0
2026-07-07 02:57:00,955,956,955,955,799.0,1980876.0
2026-07-07 02:58:00,955,956,955,956,541.0,1980792.0
2026-07-07 02:59:00,956,956,955,956,3713.0,1981727.0
2026-07-07 03:00:00,956,956,955,956,912.0,1982049.0
2026-07-07 03:01:00,956,957,955,957,1641.0,1982377.0
2026-07-07 03:02:00,957,957,955,956,1805.0,1982843.0
2026-07-07 03:03:00,956,957,955,956,1094.0,1983102.0
2026-07-07 03:04:00,956,957,956,956,764.0,1983501.0
2026-07-07 03:05:00,956,957,956,957,1687.0,1983268.0
2026-07-07 03:06:00,957,957,956,956,1200.0,1983671.0
2026-07-07 03:07:00,956,957,955,956,1658.0,1983840.0
2026-07-07 03:08:00,956,957,955,956,1201.0,1984294.0
2026-07-07 03:09:00,956,956,955,955,615.0,1984494.0
2026-07-07 03:10:00,955,956,955,956,361.0,1984595.0
2026-07-07 03:11:00,956,956,955,956,473.0,1984527.0
2026-07-07 03:12:00,956,956,955,955,512.0,1984501.0
2026-07-07 03:13:00,955,956,955,955,5278.0,1986305.0
2026-07-07 03:14:00,955,956,955,955,822.0,1986092.0
2026-07-07 03:15:00,955,956,955,955,1843.0,1985908.0
2026-07-07 03:16:00,955,956,955,955,443.0,1985827.0
2026-07-07 03:17:00,955,956,955,956,463.0,1985958.0
2026-07-07 03:18:00,956,956,955,955,917.0,1985923.0
2026-07-07 03:19:00,955,956,955,956,891.0,1986266.0
2026-07-07 03:20:00,956,956,955,956,926.0,1986899.0
2026-07-07 03:21:00,956,956,955,955,1159.0,1987508.0
2026-07-07 03:22:00,955,956,955,955,1279.0,1987818.0
2026-07-07 03:23:00,955,956,955,956,338.0,1987777.0
2026-07-07 03:24:00,956,956,955,956,450.0,1987677.0
2026-07-07 03:25:00,956,956,955,955,624.0,1987417.0
2026-07-07 03:26:00,955,956,955,955,880.0,1987032.0
2026-07-07 03:27:00,955,956,955,956,1405.0,1987341.0
2026-07-07 03:28:00,956,956,955,955,1232.0,1987390.0
2026-07-07 03:29:00,955,956,954,955,5711.0,1987557.0
2026-07-07 05:30:00,955,955,954,954,6681.0,1989478.0
2026-07-07 05:31:00,954,955,953,953,7226.0,1988476.0
2026-07-07 05:32:00,953,954,952,954,14932.0,1991978.0
2026-07-07 05:33:00,954,954,953,953,1721.0,1992480.0
2026-07-07 05:34:00,953,954,953,954,1335.0,1992793.0
2026-07-07 05:35:00,954,954,953,954,1335.0,1993177.0
2026-07-07 05:36:00,954,954,953,953,3921.0,1993264.0
2026-07-07 05:37:00,953,954,952,953,6740.0,1994137.0
2026-07-07 05:38:00,953,954,953,953,1661.0,1994309.0
2026-07-07 05:39:00,953,954,952,953,6617.0,1995091.0
2026-07-07 05:40:00,953,955,953,954,7913.0,1997024.0
2026-07-07 05:41:00,954,955,954,954,1829.0,1997666.0
2026-07-07 05:42:00,954,955,953,954,5622.0,1997488.0
2026-07-07 05:43:00,954,955,954,954,2209.0,1997706.0
2026-07-07 05:44:00,954,954,953,954,1311.0,1997873.0
2026-07-07 05:45:00,954,955,953,955,6149.0,1997676.0
2026-07-07 05:46:00,955,955,953,954,6499.0,1999261.0
2026-07-07 05:47:00,954,954,953,954,3259.0,1998808.0
2026-07-07 05:48:00,954,954,952,953,7756.0,1999631.0
2026-07-07 05:49:00,953,953,952,953,4452.0,2000347.0
2026-07-07 05:50:00,953,954,952,953,6688.0,1999598.0
2026-07-07 05:51:00,953,953,952,953,7388.0,2003279.0
2026-07-07 05:52:00,953,954,952,954,3363.0,2003586.0
2026-07-07 05:53:00,954,954,953,953,3466.0,2003413.0
2026-07-07 05:54:00,953,954,952,953,5256.0,2003008.0
2026-07-07 05:55:00,953,954,952,954,4656.0,2003844.0
2026-07-07 05:56:00,954,954,952,952,3638.0,2004472.0
2026-07-07 05:57:00,952,954,952,953,7335.0,2004543.0
2026-07-07 05:58:00,953,954,952,953,3380.0,2004058.0
2026-07-07 05:59:00,953,954,953,954,832.0,2003932.0
2026-07-07 06:00:00,954,954,953,953,1169.0,2004083.0
2026-07-07 06:01:00,953,954,953,953,936.0,2004051.0
2026-07-07 06:02:00,953,954,953,953,1296.0,2004042.0
2026-07-07 06:03:00,953,955,953,954,6826.0,2002394.0
2026-07-07 06:04:00,954,955,953,955,3040.0,2002629.0
2026-07-07 06:05:00,955,955,954,954,4671.0,2003188.0
2026-07-07 06:06:00,954,955,954,955,934.0,2003372.0
2026-07-07 06:07:00,955,955,953,953,3257.0,2002336.0
2026-07-07 06:08:00,953,954,953,953,483.0,2002161.0
2026-07-07 06:09:00,953,954,953,954,975.0,2001512.0
2026-07-07 06:10:00,954,954,953,954,873.0,2001185.0
2026-07-07 06:11:00,954,954,953,953,1283.0,2001693.0
2026-07-07 06:12:00,953,954,953,954,1173.0,2001807.0
2026-07-07 06:13:00,954,954,953,954,911.0,2002033.0
2026-07-07 06:14:00,954,954,953,953,1772.0,2001887.0
2026-07-07 06:15:00,953,954,953,953,569.0,2002044.0
2026-07-07 06:16:00,953,955,953,953,6078.0,2000904.0
2026-07-07 06:17:00,953,955,953,954,1811.0,2000664.0
2026-07-07 06:18:00,954,955,954,955,781.0,2000607.0
2026-07-07 06:19:00,955,955,954,955,537.0,2000656.0
2026-07-07 06:20:00,955,955,954,955,617.0,2000573.0
2026-07-07 06:21:00,955,955,954,954,1034.0,2000651.0
2026-07-07 06:22:00,954,955,953,954,5010.0,2000559.0
2026-07-07 06:23:00,954,955,954,955,1703.0,2000418.0
2026-07-07 06:24:00,955,955,954,955,2122.0,2000438.0
2026-07-07 06:25:00,955,955,953,955,1475.0,2000307.0
2026-07-07 06:26:00,955,955,953,953,1061.0,2000541.0
2026-07-07 06:27:00,953,954,953,954,889.0,2000793.0
2026-07-07 06:28:00,954,954,953,953,942.0,2000833.0
2026-07-07 06:29:00,953,954,953,953,1350.0,2000968.0
2026-07-07 06:30:00,953,954,953,954,421.0,2001046.0
2026-07-07 06:31:00,954,954,953,953,726.0,2001091.0
2026-07-07 06:32:00,953,954,953,953,670.0,2001128.0
2026-07-07 06:33:00,953,954,953,953,987.0,2000689.0
2026-07-07 06:34:00,953,954,953,954,1604.0,1999861.0
2026-07-07 06:35:00,954,955,953,954,6433.0,1999567.0
2026-07-07 06:36:00,954,955,954,954,1277.0,1999130.0
2026-07-07 06:37:00,954,956,954,955,11922.0,2000076.0
2026-07-07 06:38:00,955,956,954,954,4463.0,2000968.0
2026-07-07 06:39:00,954,955,954,955,1794.0,2001799.0
2026-07-07 06:40:00,955,955,953,954,4120.0,2003541.0
2026-07-07 06:41:00,954,954,953,954,3457.0,2003138.0
2026-07-07 06:42:00,954,954,953,954,1799.0,2003669.0
2026-07-07 06:43:00,954,954,953,954,910.0,2003499.0
2026-07-07 06:44:00,954,954,953,953,785.0,2003309.0
2026-07-07 06:45:00,953,954,953,953,7989.0,2003800.0
2026-07-07 06:46:00,953,954,952,953,6307.0,2003537.0
2026-07-07 06:47:00,953,954,952,952,2576.0,2003621.0
2026-07-07 06:48:00,952,953,952,952,3382.0,2004430.0
2026-07-07 06:49:00,952,953,952,952,2078.0,2004646.0
2026-07-07 06:50:00,952,953,952,952,1997.0,2005088.0
2026-07-07 06:51:00,952,953,952,953,2217.0,2005198.0
2026-07-07 06:52:00,953,953,952,952,1558.0,2005524.0
2026-07-07 06:53:00,952,953,952,952,2283.0,2005864.0
2026-07-07 06:54:00,952,953,951,951,8900.0,2007910.0
2026-07-07 06:55:00,951,953,951,952,6971.0,2008506.0
2026-07-07 06:56:00,952,953,952,952,7225.0,2008837.0
2026-07-07 06:57:00,952,953,951,952,5937.0,2008894.0
2026-07-07 06:58:00,952,953,952,952,4245.0,2009180.0
2026-07-07 06:59:00,952,953,952,952,10284.0,2009565.0
