datetime,equity,pos,symbol
2025-06-20 21:30:00,10000.0,0,FG509
2025-06-20 22:00:00,10000.0,0,FG509
2025-06-20 22:30:00,10000.0,0,FG509
2025-06-20 23:00:00,10000.0,0,FG509
2025-06-23 09:00:00,10000.0,0,FG509
2025-06-23 09:30:00,10000.0,0,FG509
2025-06-23 10:00:00,10000.0,0,FG509
2025-06-23 10:30:00,10000.0,0,FG509
2025-06-23 11:00:00,10000.0,0,FG509
2025-06-23 11:30:00,10000.0,0,FG509
2025-06-23 13:30:00,10000.0,0,FG509
2025-06-23 14:00:00,10000.0,0,FG509
2025-06-23 14:30:00,10000.0,0,FG509
2025-06-23 15:00:00,10000.0,0,FG509
2025-06-23 21:00:00,10000.0,0,FG509
2025-06-23 21:30:00,10000.0,0,FG509
2025-06-23 22:00:00,10000.0,0,FG509
2025-06-23 22:30:00,10000.0,0,FG509
2025-06-23 23:00:00,10000.0,0,FG509
2025-06-24 09:00:00,10000.0,0,FG509
2025-06-24 09:30:00,10000.0,0,FG509
2025-06-24 10:00:00,10000.0,0,FG509
2025-06-24 10:30:00,10000.0,0,FG509
2025-06-24 11:00:00,10000.0,0,FG509
2025-06-24 11:30:00,10000.0,0,FG509
2025-06-24 13:30:00,10000.0,0,FG509
2025-06-24 14:00:00,10000.0,0,FG509
2025-06-24 14:30:00,10000.0,0,FG509
2025-06-24 15:00:00,10000.0,0,FG509
2025-06-24 21:00:00,10000.0,0,FG509
2025-06-24 21:30:00,10000.0,0,FG509
2025-06-24 22:00:00,10000.0,0,FG509
2025-06-24 22:30:00,10000.0,0,FG509
2025-06-24 23:00:00,10000.0,0,FG509
2025-06-25 09:00:00,10000.0,0,FG509
2025-06-25 09:30:00,10000.0,0,FG509
2025-06-25 10:00:00,10000.0,0,FG509
2025-06-25 10:30:00,10000.0,0,FG509
2025-06-25 11:00:00,10000.0,0,FG509
2025-06-25 11:30:00,10000.0,0,FG509
2025-06-25 13:30:00,10000.0,0,FG509
2025-06-25 14:00:00,10000.0,0,FG509
2025-06-25 14:30:00,10000.0,0,FG509
2025-06-25 15:00:00,10000.0,0,FG509
2025-06-25 21:00:00,10000.0,0,FG509
2025-06-25 21:30:00,10000.0,0,FG509
2025-06-25 22:00:00,10000.0,0,FG509
2025-06-25 22:30:00,10000.0,0,FG509
2025-06-25 23:00:00,10000.0,0,FG509
2025-06-26 09:00:00,10000.0,0,FG509
2025-06-26 09:30:00,10000.0,0,FG509
2025-06-26 10:00:00,10000.0,0,FG509
2025-06-26 10:30:00,10000.0,0,FG509
2025-06-26 11:00:00,10000.0,0,FG509
2025-06-26 11:30:00,10000.0,0,FG509
2025-06-26 13:30:00,7186.799999999999,-1,FG509
2025-06-26 14:00:00,7138.4,-1,FG509
2025-06-26 14:30:00,6998.799999999999,-1,FG509
2025-06-26 15:00:00,6933.2,-1,FG509
2025-06-26 21:00:00,6918.799999999999,-1,FG509
2025-06-26 21:30:00,6964.4,-1,FG509
2025-06-26 22:00:00,6827.6,-1,FG509
2025-06-26 22:30:00,6827.6,-1,FG509
2025-06-26 23:00:00,6873.2,-1,FG509
2025-06-27 09:00:00,6893.2,-1,FG509
2025-06-27 09:30:00,6776.4,-1,FG509
2025-06-27 10:00:00,9156.0,0,FG509
2025-06-27 10:30:00,6221.2,-1,FG509
2025-06-27 11:00:00,6312.4,-1,FG509
2025-06-27 11:30:00,6426.4,-1,FG509
2025-06-27 13:30:00,6472.0,-1,FG509
2025-06-27 14:00:00,6514.799999999999,-1,FG509
2025-06-27 14:30:00,6492.0,-1,FG509
2025-06-27 15:00:00,6420.799999999999,-1,FG509
2025-06-27 21:00:00,6380.799999999999,-1,FG509
2025-06-27 21:30:00,6244.0,-1,FG509
2025-06-27 22:00:00,6175.6,-1,FG509
2025-06-27 22:30:00,6269.6,-1,FG509
2025-06-27 23:00:00,6155.6,-1,FG509
2025-06-30 09:00:00,6246.799999999999,-1,FG509
2025-06-30 09:30:00,6338.0,-1,FG509
2025-06-30 10:00:00,6426.4,-1,FG509
2025-06-30 10:30:00,6449.2,-1,FG509
2025-06-30 11:00:00,6563.2,-1,FG509
2025-06-30 11:30:00,6540.4,-1,FG509
2025-06-30 13:30:00,6520.4,-1,FG509
2025-06-30 14:00:00,6563.2,-1,FG509
2025-06-30 14:30:00,6631.6,-1,FG509
2025-06-30 15:00:00,6677.2,-1,FG509
2025-06-30 21:00:00,6702.799999999999,-1,FG509
2025-06-30 21:30:00,6771.2,-1,FG509
2025-06-30 22:00:00,6771.2,-1,FG509
2025-06-30 22:30:00,6794.0,-1,FG509
2025-06-30 23:00:00,6908.0,-1,FG509
2025-07-01 09:00:00,6973.6,-1,FG509
2025-07-01 09:30:00,7156.0,-1,FG509
2025-07-01 10:00:00,7176.0,-1,FG509
2025-07-01 10:30:00,7244.4,-1,FG509
2025-07-01 11:00:00,7221.6,-1,FG509
2025-07-01 11:30:00,7312.799999999999,-1,FG509
2025-07-01 13:30:00,7335.6,-1,FG509
2025-07-01 14:00:00,7290.0,-1,FG509
2025-07-01 14:30:00,7287.2,-1,FG509
2025-07-01 15:00:00,7310.0,-1,FG509
2025-07-01 21:00:00,7253.2,-1,FG509
2025-07-01 21:30:00,7139.2,-1,FG509
2025-07-01 22:00:00,7204.799999999999,-1,FG509
2025-07-01 22:30:00,7224.799999999999,-1,FG509
2025-07-01 23:00:00,7182.0,-1,FG509
2025-07-02 09:00:00,7182.0,-1,FG509
2025-07-02 09:30:00,10432.0,0,FG509
2025-07-02 10:00:00,7621.2,-1,FG509
2025-07-02 10:30:00,7552.799999999999,-1,FG509
2025-07-02 11:00:00,9728.0,0,FG509
2025-07-02 11:30:00,12732.8,1,FG509
2025-07-02 13:30:00,12918.0,1,FG509
2025-07-02 14:00:00,13080.4,1,FG509
2025-07-02 14:30:00,13037.6,1,FG509
2025-07-02 15:00:00,13151.6,1,FG509
2025-07-02 21:00:00,13166.0,1,FG509
2025-07-02 21:30:00,13077.6,1,FG509
2025-07-02 22:00:00,13074.8,1,FG509
2025-07-02 22:30:00,13214.4,1,FG509
2025-07-02 23:00:00,13282.8,1,FG509
2025-07-03 09:00:00,13080.4,1,FG509
2025-07-03 09:30:00,12670.0,1,FG509
2025-07-03 10:00:00,12781.2,1,FG509
2025-07-03 10:30:00,12758.4,1,FG509
2025-07-03 11:00:00,12712.8,1,FG509
2025-07-03 11:30:00,12898.0,1,FG509
2025-07-03 13:30:00,12875.2,1,FG509
2025-07-03 14:00:00,12923.6,1,FG509
2025-07-03 14:30:00,12926.4,1,FG509
2025-07-03 15:00:00,12815.2,1,FG509
2025-07-03 21:00:00,12878.4,1,FG509
2025-07-03 21:30:00,12855.6,1,FG509
2025-07-03 22:00:00,12787.2,1,FG509
2025-07-03 22:30:00,12832.8,1,FG509
2025-07-03 23:00:00,9884.0,0,FG509
2025-07-04 09:00:00,12800.0,1,FG509
2025-07-04 09:30:00,12848.4,1,FG509
2025-07-04 10:00:00,12757.2,1,FG509
2025-07-04 10:30:00,12780.0,1,FG509
2025-07-04 11:00:00,12686.0,1,FG509
2025-07-04 11:30:00,12728.8,1,FG509
2025-07-04 13:30:00,12757.2,1,FG509
2025-07-04 14:00:00,12572.0,1,FG509
2025-07-04 14:30:00,12594.8,1,FG509
2025-07-04 15:00:00,12574.8,1,FG509
2025-07-04 21:00:00,12592.0,1,FG509
2025-07-04 21:30:00,12637.6,1,FG509
2025-07-04 22:00:00,12683.2,1,FG509
2025-07-04 22:30:00,12683.2,1,FG509
2025-07-04 23:00:00,12683.2,1,FG509
2025-07-07 09:00:00,12634.8,1,FG509
2025-07-07 09:30:00,12592.0,1,FG509
2025-07-07 10:00:00,12592.0,1,FG509
2025-07-07 10:30:00,12634.8,1,FG509
2025-07-07 11:00:00,12589.2,1,FG509
2025-07-07 11:30:00,12612.0,1,FG509
2025-07-07 13:30:00,12569.2,1,FG509
2025-07-07 14:00:00,9380.0,0,FG509
2025-07-07 14:30:00,6547.6,-1,FG509
2025-07-07 15:00:00,6524.799999999999,-1,FG509
2025-07-07 21:00:00,6507.6,-1,FG509
2025-07-07 21:30:00,6510.4,-1,FG509
2025-07-07 22:00:00,6484.799999999999,-1,FG509
2025-07-07 22:30:00,6484.799999999999,-1,FG509
2025-07-07 23:00:00,6464.799999999999,-1,FG509
2025-07-08 09:00:00,6530.4,-1,FG509
2025-07-08 09:30:00,6393.6,-1,FG509
2025-07-08 10:00:00,6459.2,-1,FG509
2025-07-08 10:30:00,6433.6,-1,FG509
2025-07-08 11:00:00,6388.0,-1,FG509
2025-07-08 11:30:00,6345.2,-1,FG509
2025-07-08 13:30:00,6276.799999999999,-1,FG509
2025-07-08 14:00:00,8856.0,0,FG509
2025-07-08 14:30:00,5898.4,-1,FG509
2025-07-08 15:00:00,5944.0,-1,FG509
2025-07-08 21:00:00,5895.6,-1,FG509
2025-07-08 21:30:00,5961.2,-1,FG509
2025-07-08 22:00:00,5938.4,-1,FG509
2025-07-08 22:30:00,6049.6,-1,FG509
2025-07-08 23:00:00,6026.799999999999,-1,FG509
2025-07-09 09:00:00,6004.0,-1,FG509
2025-07-09 09:30:00,5961.2,-1,FG509
2025-07-09 10:00:00,5935.6,-1,FG509
2025-07-09 10:30:00,5935.6,-1,FG509
2025-07-09 11:00:00,5978.4,-1,FG509
2025-07-09 11:30:00,5844.4,-1,FG509
2025-07-09 13:30:00,5778.799999999999,-1,FG509
2025-07-09 14:00:00,5710.4,-1,FG509
2025-07-09 14:30:00,11208.0,1,FG509
2025-07-09 15:00:00,11228.0,1,FG509
2025-07-09 21:00:00,11228.0,1,FG509
2025-07-09 21:30:00,11319.2,1,FG509
2025-07-09 22:00:00,11501.6,1,FG509
2025-07-09 22:30:00,11547.2,1,FG509
2025-07-09 23:00:00,11544.4,1,FG509
2025-07-10 09:00:00,11661.2,1,FG509
2025-07-10 09:30:00,11413.2,1,FG509
2025-07-10 10:00:00,11481.6,1,FG509
2025-07-10 10:30:00,11570.0,1,FG509
2025-07-10 11:00:00,11615.6,1,FG509
2025-07-10 11:30:00,11570.0,1,FG509
2025-07-10 13:30:00,11641.2,1,FG509
2025-07-10 14:00:00,11892.0,1,FG509
2025-07-10 14:30:00,12276.8,1,FG509
2025-07-10 15:00:00,12302.4,1,FG509
2025-07-10 21:00:00,12373.6,1,FG509
2025-07-10 21:30:00,12328.0,1,FG509
2025-07-10 22:00:00,12262.4,1,FG509
2025-07-10 22:30:00,12330.8,1,FG509
2025-07-10 23:00:00,12422.0,1,FG509
2025-07-11 09:00:00,12353.6,1,FG509
2025-07-11 09:30:00,12422.0,1,FG509
2025-07-11 10:00:00,12513.2,1,FG509
2025-07-11 10:30:00,12538.8,1,FG509
2025-07-11 11:00:00,12427.6,1,FG509
2025-07-11 11:30:00,12521.6,1,FG509
2025-07-11 13:30:00,12473.2,1,FG509
2025-07-11 14:00:00,12450.4,1,FG509
2025-07-11 14:30:00,12333.6,1,FG509
2025-07-11 15:00:00,12310.8,1,FG509
2025-07-11 21:00:00,12290.8,1,FG509
2025-07-11 21:30:00,12313.6,1,FG509
2025-07-11 22:00:00,12108.4,1,FG509
2025-07-11 22:30:00,12290.8,1,FG509
2025-07-11 23:00:00,12336.4,1,FG509
2025-07-14 09:00:00,12424.8,1,FG509
2025-07-14 09:30:00,12356.4,1,FG509
2025-07-14 10:00:00,12196.8,1,FG509
2025-07-14 10:30:00,12219.6,1,FG509
2025-07-14 11:00:00,10008.0,0,FG509
2025-07-14 11:30:00,12998.4,1,FG509
2025-07-14 13:30:00,12998.4,1,FG509
2025-07-14 14:00:00,13024.0,1,FG509
2025-07-14 14:30:00,13115.2,1,FG509
2025-07-14 15:00:00,13411.6,1,FG509
2025-07-14 21:00:00,13446.0,1,FG509
2025-07-14 21:30:00,13354.8,1,FG509
2025-07-14 22:00:00,13380.4,1,FG509
2025-07-14 22:30:00,13312.0,1,FG509
2025-07-14 23:00:00,13286.4,1,FG509
2025-07-15 09:00:00,13243.6,1,FG509
2025-07-15 09:30:00,13286.4,1,FG509
2025-07-15 10:00:00,13263.6,1,FG509
2025-07-15 10:30:00,13238.0,1,FG509
2025-07-15 11:00:00,13263.6,1,FG509
2025-07-15 11:30:00,9924.0,0,FG509
2025-07-15 13:30:00,7097.2,-1,FG509
2025-07-15 14:00:00,7120.0,-1,FG509
2025-07-15 14:30:00,7028.799999999999,-1,FG509
2025-07-15 15:00:00,6963.2,-1,FG509
2025-07-15 21:00:00,6966.0,-1,FG509
2025-07-15 21:30:00,7011.6,-1,FG509
2025-07-15 22:00:00,7077.2,-1,FG509
2025-07-15 22:30:00,7008.799999999999,-1,FG509
2025-07-15 23:00:00,7008.799999999999,-1,FG509
2025-07-16 09:00:00,7034.4,-1,FG509
2025-07-16 09:30:00,6874.799999999999,-1,FG509
2025-07-16 10:00:00,6852.0,-1,FG509
2025-07-16 10:30:00,7037.2,-1,FG509
2025-07-16 11:00:00,7014.4,-1,FG509
2025-07-16 11:30:00,6923.2,-1,FG509
2025-07-16 13:30:00,6923.2,-1,FG509
2025-07-16 14:00:00,7128.4,-1,FG509
2025-07-16 14:30:00,7080.0,-1,FG509
2025-07-16 15:00:00,6966.0,-1,FG509
2025-07-16 21:00:00,6832.0,-1,FG509
2025-07-16 21:30:00,6720.799999999999,-1,FG509
2025-07-16 22:00:00,6743.6,-1,FG509
2025-07-16 22:30:00,6789.2,-1,FG509
2025-07-16 23:00:00,6763.6,-1,FG509
2025-07-17 09:00:00,6806.4,-1,FG509
2025-07-17 09:30:00,6897.6,-1,FG509
2025-07-17 10:00:00,6829.2,-1,FG509
2025-07-17 10:30:00,9600.0,0,FG509
2025-07-17 11:00:00,12618.8,1,FG509
2025-07-17 11:30:00,12550.4,1,FG509
2025-07-17 13:30:00,12618.8,1,FG509
2025-07-17 14:00:00,12687.2,1,FG509
2025-07-17 14:30:00,12687.2,1,FG509
2025-07-17 15:00:00,12755.6,1,FG509
2025-07-17 21:00:00,12821.2,1,FG509
2025-07-17 21:30:00,12821.2,1,FG509
2025-07-17 22:00:00,12935.2,1,FG509
2025-07-17 22:30:00,12912.4,1,FG509
2025-07-17 23:00:00,13000.8,1,FG509
2025-07-18 09:00:00,12929.6,1,FG509
2025-07-18 09:30:00,13043.6,1,FG509
2025-07-18 10:00:00,13089.2,1,FG509
2025-07-18 10:30:00,13066.4,1,FG509
2025-07-18 11:00:00,12838.4,1,FG509
2025-07-18 11:30:00,12701.6,1,FG509
2025-07-18 13:30:00,12656.0,1,FG509
2025-07-18 14:00:00,9376.0,0,FG509
2025-07-18 14:30:00,12506.4,1,FG509
2025-07-18 15:00:00,12460.8,1,FG509
2025-07-18 21:00:00,12408.8,1,FG509
2025-07-18 21:30:00,13067.2,1,FG509
2025-07-18 22:00:00,13614.4,1,FG509
2025-07-18 22:30:00,13705.6,1,FG509
2025-07-18 23:00:00,13751.2,1,FG509
2025-07-21 09:00:00,13808.0,1,FG509
2025-07-21 09:30:00,13919.2,1,FG509
2025-07-21 10:00:00,14078.8,1,FG509
2025-07-21 10:30:00,14056.0,1,FG509
2025-07-21 11:00:00,14010.4,1,FG509
2025-07-21 11:30:00,14058.8,1,FG509
2025-07-21 13:30:00,14172.8,1,FG509
2025-07-21 14:00:00,14172.8,1,FG509
2025-07-21 14:30:00,14127.2,1,FG509
2025-07-21 15:00:00,14198.4,1,FG509
2025-07-21 21:00:00,14152.8,1,FG509
2025-07-21 21:30:00,14155.6,1,FG509
2025-07-21 22:00:00,14135.6,1,FG509
2025-07-21 22:30:00,14275.2,1,FG509
2025-07-21 23:00:00,14363.6,1,FG509
2025-07-22 09:00:00,14340.8,1,FG509
2025-07-22 09:30:00,14115.6,1,FG509
2025-07-22 10:00:00,14158.4,1,FG509
2025-07-22 10:30:00,14181.2,1,FG509
2025-07-22 11:00:00,14454.8,1,FG509
2025-07-22 11:30:00,14386.4,1,FG509
2025-07-22 13:30:00,14842.0,1,FG509
2025-07-22 14:00:00,14910.400000000001,1,FG509
2025-07-22 14:30:00,15434.8,1,FG509
2025-07-22 15:00:00,15751.2,1,FG509
2025-07-22 21:00:00,15891.2,1,FG509
2025-07-22 21:30:00,15777.2,1,FG509
2025-07-22 22:00:00,15546.400000000001,1,FG509
2025-07-22 22:30:00,15614.8,1,FG509
2025-07-22 23:00:00,15637.6,1,FG509
2025-07-23 09:00:00,15663.2,1,FG509
2025-07-23 09:30:00,15389.6,1,FG509
2025-07-23 10:00:00,15321.2,1,FG509
2025-07-23 10:30:00,15204.400000000001,1,FG509
2025-07-23 11:00:00,14657.2,1,FG509
2025-07-23 11:30:00,14928.0,1,FG509
2025-07-23 13:30:00,14814.0,1,FG509
2025-07-23 14:00:00,13772.0,0,FG509
2025-07-23 14:30:00,17190.0,1,FG509
2025-07-23 15:00:00,17440.8,1,FG509
2025-07-23 21:00:00,17404.0,1,FG509
2025-07-23 21:30:00,17495.2,1,FG509
2025-07-23 22:00:00,17697.6,1,FG509
2025-07-23 22:30:00,17834.4,1,FG509
2025-07-23 23:00:00,17831.6,1,FG509
2025-07-24 09:00:00,17925.6,1,FG509
2025-07-24 09:30:00,17860.0,1,FG509
2025-07-24 10:00:00,18019.6,1,FG509
2025-07-24 10:30:00,18133.6,1,FG509
2025-07-24 11:00:00,18136.4,1,FG509
2025-07-24 11:30:00,18227.6,1,FG509
2025-07-24 13:30:00,18866.0,1,FG509
2025-07-24 14:00:00,19165.2,1,FG509
2025-07-24 14:30:00,19803.6,1,FG509
2025-07-24 15:00:00,19709.6,1,FG509
2025-07-24 21:00:00,20082.8,1,FG509
2025-07-24 21:30:00,20148.4,1,FG509
2025-07-24 22:00:00,20356.4,1,FG509
2025-07-24 22:30:00,20630.0,1,FG509
2025-07-24 23:00:00,20538.8,1,FG509
2025-07-25 09:00:00,20268.0,1,FG509
2025-07-25 09:30:00,20359.2,1,FG509
2025-07-25 10:00:00,20744.0,1,FG509
2025-07-25 10:30:00,21020.4,1,FG509
2025-07-25 11:00:00,20789.6,1,FG509
2025-07-25 11:30:00,20701.2,1,FG509
2025-07-25 13:30:00,20607.2,1,FG509
2025-07-25 14:00:00,20607.2,1,FG509
2025-07-25 14:30:00,20741.2,1,FG509
2025-07-25 15:00:00,20923.6,1,FG509
2025-07-25 21:00:00,19969.2,1,FG509
2025-07-25 21:30:00,20468.0,1,FG509
2025-07-25 22:00:00,20148.8,1,FG509
2025-07-25 22:30:00,19826.8,1,FG509
2025-07-25 23:00:00,16988.0,0,FG509
2025-07-28 09:00:00,20183.6,1,FG509
2025-07-28 09:30:00,20480.0,1,FG509
2025-07-28 10:00:00,20454.4,1,FG509
2025-07-28 10:30:00,20708.0,1,FG509
2025-07-28 11:00:00,20434.4,1,FG509
2025-07-28 11:30:00,20138.0,1,FG509
2025-07-28 13:30:00,20015.2,1,FG509
2025-07-28 14:00:00,15884.0,0,FG509
2025-07-28 14:30:00,19246.4,1,FG509
2025-07-28 15:00:00,19246.4,1,FG509
2025-07-28 21:00:00,19329.2,1,FG509
2025-07-28 21:30:00,14860.0,0,FG509
2025-07-28 22:00:00,11402.8,-1,FG509
2025-07-28 22:30:00,11405.6,-1,FG509
2025-07-28 23:00:00,11405.6,-1,FG509
2025-07-29 09:00:00,11428.4,-1,FG509
2025-07-29 09:30:00,11357.2,-1,FG509
2025-07-29 10:00:00,11787.6,-1,FG509
2025-07-29 10:30:00,12403.2,-1,FG509
2025-07-29 11:00:00,11445.6,-1,FG509
2025-07-29 11:30:00,11539.6,-1,FG509
2025-07-29 13:30:00,11371.6,-1,FG509
2025-07-29 14:00:00,11420.0,-1,FG509
2025-07-29 14:30:00,11465.6,-1,FG509
2025-07-29 15:00:00,11351.6,-1,FG509
2025-07-29 21:00:00,11240.4,-1,FG509
2025-07-29 21:30:00,13276.0,0,FG509
2025-07-29 22:00:00,9619.2,-1,FG509
2025-07-29 22:30:00,9576.4,-1,FG509
2025-07-29 23:00:00,9371.2,-1,FG509
2025-07-30 09:00:00,9482.4,-1,FG509
2025-07-30 09:30:00,10166.4,-1,FG509
2025-07-30 10:00:00,10075.2,-1,FG509
2025-07-30 10:30:00,9895.599999999999,-1,FG509
2025-07-30 11:00:00,9758.8,-1,FG509
2025-07-30 11:30:00,9941.2,-1,FG509
2025-07-30 13:30:00,9921.2,-1,FG509
2025-07-30 14:00:00,10357.2,-1,FG509
2025-07-30 14:30:00,10858.8,-1,FG509
2025-07-30 15:00:00,10699.2,-1,FG509
2025-07-30 21:00:00,10926.4,-1,FG509
2025-07-30 21:30:00,10992.0,-1,FG509
2025-07-30 22:00:00,11060.4,-1,FG509
2025-07-30 22:30:00,11080.4,-1,FG509
2025-07-30 23:00:00,10943.6,-1,FG509
2025-07-31 09:00:00,11060.4,-1,FG509
2025-07-31 09:30:00,11128.8,-1,FG509
2025-07-31 10:00:00,11379.6,-1,FG509
2025-07-31 10:30:00,11542.0,-1,FG509
2025-07-31 11:00:00,11562.0,-1,FG509
2025-07-31 11:30:00,11630.4,-1,FG509
2025-07-31 13:30:00,11707.2,-1,FG509
2025-07-31 14:00:00,11613.2,-1,FG509
2025-07-31 14:30:00,12186.0,-1,FG509
2025-07-31 15:00:00,12026.4,-1,FG509
2025-07-31 21:00:00,11778.4,-1,FG509
2025-07-31 21:30:00,12282.8,-1,FG509
2025-07-31 22:00:00,12100.4,-1,FG509
2025-07-31 22:30:00,12168.8,-1,FG509
2025-07-31 23:00:00,12029.2,-1,FG509
2025-08-01 09:00:00,12006.4,-1,FG509
2025-08-01 09:30:00,12123.2,-1,FG509
2025-08-01 10:00:00,11829.6,-1,FG509
2025-08-01 10:30:00,12171.6,-1,FG509
2025-08-01 11:00:00,12490.8,-1,FG509
2025-08-01 11:30:00,12693.2,-1,FG509
2025-08-01 13:30:00,12724.4,-1,FG509
2025-08-01 14:00:00,12476.4,-1,FG509
2025-08-01 14:30:00,12633.2,-1,FG509
2025-08-01 15:00:00,12268.4,-1,FG509
2025-08-01 21:00:00,12200.0,-1,FG509
2025-08-01 21:30:00,12222.8,-1,FG509
2025-08-01 22:00:00,12405.2,-1,FG509
2025-08-01 22:30:00,12362.4,-1,FG509
2025-08-01 23:00:00,12453.6,-1,FG509
2025-08-04 09:00:00,12812.4,-1,FG509
2025-08-04 09:30:00,12838.0,-1,FG509
2025-08-04 10:00:00,12678.4,-1,FG509
2025-08-04 10:30:00,12746.8,-1,FG509
2025-08-04 11:00:00,12724.0,-1,FG509
2025-08-04 11:30:00,12812.4,-1,FG509
2025-08-04 13:30:00,12858.0,-1,FG509
2025-08-04 14:00:00,12675.6,-1,FG509
2025-08-04 14:30:00,12561.6,-1,FG509
2025-08-04 15:00:00,12493.2,-1,FG509
2025-08-04 21:00:00,12436.0,-1,FG509
2025-08-04 21:30:00,12572.8,-1,FG509
2025-08-04 22:00:00,12666.8,-1,FG509
2025-08-04 22:30:00,12715.2,-1,FG509
2025-08-04 23:00:00,12986.0,-1,FG509
2025-08-05 09:00:00,12897.6,-1,FG509
2025-08-05 09:30:00,12917.6,-1,FG509
2025-08-05 10:00:00,13031.6,-1,FG509
2025-08-05 10:30:00,12917.6,-1,FG509
2025-08-05 11:00:00,13054.4,-1,FG509
2025-08-05 11:30:00,13080.0,-1,FG509
2025-08-05 13:30:00,12874.8,-1,FG509
2025-08-05 14:00:00,12783.6,-1,FG509
2025-08-05 14:30:00,12758.0,-1,FG509
2025-08-05 15:00:00,12598.4,-1,FG509
2025-08-05 21:00:00,12592.8,-1,FG509
2025-08-05 21:30:00,12732.4,-1,FG509
2025-08-05 22:00:00,12706.8,-1,FG509
2025-08-05 22:30:00,12752.4,-1,FG509
2025-08-05 23:00:00,12798.0,-1,FG509
2025-08-06 09:00:00,12775.2,-1,FG509
2025-08-06 09:30:00,12684.0,-1,FG509
2025-08-06 10:00:00,12592.8,-1,FG509
2025-08-06 10:30:00,12478.8,-1,FG509
2025-08-06 11:00:00,12524.4,-1,FG509
2025-08-06 11:30:00,12458.8,-1,FG509
2025-08-06 13:30:00,12487.2,-1,FG509
2025-08-06 14:00:00,18332.0,0,FG509
2025-08-06 14:30:00,15314.8,-1,FG509
2025-08-06 15:00:00,15357.6,-1,FG509
2025-08-06 21:00:00,15260.8,-1,FG509
2025-08-06 21:30:00,15557.2,-1,FG509
2025-08-06 22:00:00,15648.4,-1,FG509
2025-08-06 22:30:00,15648.4,-1,FG509
2025-08-06 23:00:00,15600.0,-1,FG509
2025-08-07 09:00:00,15582.8,-1,FG509
2025-08-07 09:30:00,15400.4,-1,FG509
2025-08-07 10:00:00,15628.4,-1,FG509
2025-08-07 10:30:00,15810.8,-1,FG509
2025-08-07 11:00:00,15537.2,-1,FG509
2025-08-07 11:30:00,15309.2,-1,FG509
2025-08-07 13:30:00,15238.0,-1,FG509
2025-08-07 14:00:00,15443.2,-1,FG509
2025-08-07 14:30:00,15514.4,-1,FG509
2025-08-07 15:00:00,15537.2,-1,FG509
2025-08-07 21:00:00,15656.8,-1,FG509
2025-08-07 21:30:00,15702.4,-1,FG509
2025-08-07 22:00:00,15907.6,-1,FG509
2025-08-07 22:30:00,15839.2,-1,FG509
2025-08-07 23:00:00,15842.0,-1,FG509
2025-08-08 09:00:00,15799.2,-1,FG509
2025-08-08 09:30:00,15867.6,-1,FG509
2025-08-08 10:00:00,15981.6,-1,FG509
2025-08-08 10:30:00,15933.2,-1,FG509
2025-08-08 11:00:00,15978.8,-1,FG509
2025-08-08 11:30:00,15884.8,-1,FG509
2025-08-08 13:30:00,15867.6,-1,FG509
2025-08-08 14:00:00,15844.8,-1,FG509
2025-08-08 14:30:00,15890.4,-1,FG509
2025-08-08 15:00:00,15753.6,-1,FG509
2025-08-08 21:00:00,15836.0,-1,FG509
2025-08-08 21:30:00,15565.2,-1,FG509
2025-08-08 22:00:00,15494.0,-1,FG509
2025-08-08 22:30:00,15585.2,-1,FG509
2025-08-08 23:00:00,15610.8,-1,FG509
2025-08-11 09:00:00,15516.8,-1,FG509
2025-08-11 09:30:00,15380.0,-1,FG509
2025-08-11 10:00:00,15400.0,-1,FG509
2025-08-11 10:30:00,15422.8,-1,FG509
2025-08-11 11:00:00,18528.0,0,FG509
2025-08-11 11:30:00,15698.4,-1,FG509
2025-08-11 13:30:00,15652.8,-1,FG509
2025-08-11 14:00:00,15718.4,-1,FG509
2025-08-11 14:30:00,15738.4,-1,FG509
2025-08-11 15:00:00,15715.6,-1,FG509
2025-08-11 21:00:00,15627.2,-1,FG509
2025-08-11 21:30:00,15900.8,-1,FG509
2025-08-11 22:00:00,15875.2,-1,FG509
2025-08-11 22:30:00,15872.4,-1,FG509
2025-08-11 23:00:00,15869.6,-1,FG509
2025-08-12 09:00:00,15892.4,-1,FG509
2025-08-12 09:30:00,16282.8,-1,FG509
2025-08-12 10:00:00,15963.6,-1,FG509
2025-08-12 10:30:00,18784.0,0,FG509
2025-08-12 11:00:00,16122.8,-1,FG509
2025-08-12 11:30:00,16031.6,-1,FG509
2025-08-12 13:30:00,15980.4,-1,FG509
2025-08-12 14:00:00,15934.8,-1,FG509
2025-08-12 14:30:00,15638.4,-1,FG509
2025-08-12 15:00:00,21202.4,1,FG509
2025-08-12 21:00:00,21290.8,1,FG509
2025-08-12 21:30:00,21473.2,1,FG509
2025-08-12 22:00:00,21382.0,1,FG509
2025-08-12 22:30:00,21290.8,1,FG509
2025-08-12 23:00:00,21333.6,1,FG509
2025-08-13 09:00:00,21379.2,1,FG509
2025-08-13 09:30:00,21470.4,1,FG509
2025-08-13 10:00:00,21424.8,1,FG509
2025-08-13 10:30:00,21467.6,1,FG509
2025-08-13 11:00:00,21350.8,1,FG509
2025-08-13 11:30:00,21487.6,1,FG509
2025-08-13 13:30:00,21487.6,1,FG509
2025-08-13 14:00:00,21396.4,1,FG509
2025-08-13 14:30:00,21145.6,1,FG509
2025-08-13 15:00:00,17496.0,0,FG509
2025-08-13 21:00:00,20510.8,1,FG509
2025-08-13 21:30:00,20530.8,1,FG509
2025-08-13 22:00:00,20553.6,1,FG509
2025-08-13 22:30:00,20553.6,1,FG509
2025-08-13 23:00:00,20622.0,1,FG509
2025-08-15 09:00:00,24247.2,1,FG601
2025-08-15 09:30:00,20766.0,0,FG601
2025-08-15 10:00:00,20766.0,0,FG601
2025-08-15 10:30:00,20766.0,0,FG601
2025-08-15 11:00:00,20766.0,0,FG601
2025-08-15 11:30:00,20766.0,0,FG601
2025-08-15 13:30:00,20766.0,0,FG601
2025-08-15 14:00:00,20766.0,0,FG601
2025-08-15 14:30:00,20766.0,0,FG601
2025-08-15 15:00:00,20766.0,0,FG601
2025-08-15 21:00:00,20766.0,0,FG601
2025-08-15 21:30:00,20766.0,0,FG601
2025-08-15 22:00:00,20766.0,0,FG601
2025-08-15 22:30:00,20766.0,0,FG601
2025-08-15 23:00:00,20766.0,0,FG601
2025-08-18 09:00:00,20766.0,0,FG601
2025-08-18 09:30:00,20766.0,0,FG601
2025-08-18 10:00:00,20766.0,0,FG601
2025-08-18 10:30:00,20766.0,0,FG601
2025-08-18 11:00:00,20766.0,0,FG601
2025-08-18 11:30:00,20766.0,0,FG601
2025-08-18 13:30:00,20766.0,0,FG601
2025-08-18 14:00:00,20766.0,0,FG601
2025-08-18 14:30:00,20766.0,0,FG601
2025-08-18 15:00:00,20766.0,0,FG601
2025-08-18 21:00:00,20766.0,0,FG601
2025-08-18 21:30:00,20766.0,0,FG601
2025-08-18 22:00:00,20766.0,0,FG601
2025-08-18 22:30:00,20766.0,0,FG601
2025-08-18 23:00:00,20766.0,0,FG601
2025-08-19 09:00:00,20766.0,0,FG601
2025-08-19 09:30:00,20766.0,0,FG601
2025-08-19 10:00:00,20766.0,0,FG601
2025-08-19 10:30:00,20766.0,0,FG601
2025-08-19 11:00:00,20766.0,0,FG601
2025-08-19 11:30:00,20766.0,0,FG601
2025-08-19 13:30:00,20766.0,0,FG601
2025-08-19 14:00:00,20766.0,0,FG601
2025-08-19 14:30:00,20766.0,0,FG601
2025-08-19 15:00:00,20766.0,0,FG601
2025-08-19 21:00:00,20766.0,0,FG601
2025-08-19 21:30:00,20766.0,0,FG601
2025-08-19 22:00:00,17613.2,-1,FG601
2025-08-19 22:30:00,17658.8,-1,FG601
2025-08-19 23:00:00,17636.0,-1,FG601
2025-08-20 09:00:00,17590.4,-1,FG601
2025-08-20 09:30:00,17564.8,-1,FG601
2025-08-20 10:00:00,17698.8,-1,FG601
2025-08-20 10:30:00,17607.6,-1,FG601
2025-08-20 11:00:00,17698.8,-1,FG601
2025-08-20 11:30:00,17721.6,-1,FG601
2025-08-20 13:30:00,17784.4,-1,FG601
2025-08-20 14:00:00,17644.8,-1,FG601
2025-08-20 14:30:00,17736.0,-1,FG601
2025-08-20 15:00:00,17690.4,-1,FG601
2025-08-20 21:00:00,17636.4,-1,FG601
2025-08-20 21:30:00,17639.2,-1,FG601
2025-08-20 22:00:00,17596.4,-1,FG601
2025-08-20 22:30:00,17482.4,-1,FG601
2025-08-20 23:00:00,17525.2,-1,FG601
2025-08-21 09:00:00,17613.6,-1,FG601
2025-08-21 09:30:00,17747.6,-1,FG601
2025-08-21 10:00:00,17884.4,-1,FG601
2025-08-21 10:30:00,17884.4,-1,FG601
2025-08-21 11:00:00,17816.0,-1,FG601
2025-08-21 11:30:00,17747.6,-1,FG601
2025-08-21 13:30:00,17816.0,-1,FG601
2025-08-21 14:00:00,17838.8,-1,FG601
2025-08-21 14:30:00,17818.8,-1,FG601
2025-08-21 15:00:00,17867.2,-1,FG601
2025-08-21 21:00:00,17753.2,-1,FG601
2025-08-21 21:30:00,17727.6,-1,FG601
2025-08-21 22:00:00,17750.4,-1,FG601
2025-08-21 22:30:00,17702.0,-1,FG601
2025-08-21 23:00:00,17744.8,-1,FG601
2025-08-22 09:00:00,17810.4,-1,FG601
2025-08-22 09:30:00,17630.8,-1,FG601
2025-08-22 10:00:00,17699.2,-1,FG601
2025-08-22 10:30:00,17679.2,-1,FG601
2025-08-22 11:00:00,17702.0,-1,FG601
2025-08-22 11:30:00,17702.0,-1,FG601
2025-08-22 13:30:00,17744.8,-1,FG601
2025-08-22 14:00:00,20842.0,0,FG601
2025-08-22 14:30:00,17620.8,-1,FG601
2025-08-22 15:00:00,17395.6,-1,FG601
2025-08-22 21:00:00,17250.4,-1,FG601
2025-08-22 21:30:00,23685.2,1,FG601
2025-08-22 22:00:00,23753.6,1,FG601
2025-08-22 22:30:00,23913.2,1,FG601
2025-08-22 23:00:00,23956.0,1,FG601
2025-08-25 09:00:00,23799.2,1,FG601
2025-08-25 09:30:00,23616.8,1,FG601
2025-08-25 10:00:00,23568.4,1,FG601
2025-08-25 10:30:00,23662.4,1,FG601
2025-08-25 11:00:00,24138.4,1,FG601
2025-08-25 11:30:00,23819.2,1,FG601
2025-08-25 13:30:00,23839.2,1,FG601
2025-08-25 14:00:00,23748.0,1,FG601
2025-08-25 14:30:00,23816.4,1,FG601
2025-08-25 15:00:00,23790.8,1,FG601
2025-08-25 21:00:00,23853.6,1,FG601
2025-08-25 21:30:00,23691.2,1,FG601
2025-08-25 22:00:00,23600.0,1,FG601
2025-08-25 22:30:00,23597.2,1,FG601
2025-08-25 23:00:00,23688.4,1,FG601
2025-08-26 09:00:00,23665.6,1,FG601
2025-08-26 09:30:00,23776.8,1,FG601
2025-08-26 10:00:00,23888.0,1,FG601
2025-08-26 10:30:00,23819.6,1,FG601
2025-08-26 11:00:00,20534.0,0,FG601
2025-08-26 11:30:00,23838.4,1,FG601
2025-08-26 13:30:00,23812.8,1,FG601
2025-08-26 14:00:00,23724.4,1,FG601
2025-08-26 14:30:00,23453.6,1,FG601
2025-08-26 15:00:00,23476.4,1,FG601
2025-08-26 21:00:00,23470.8,1,FG601
2025-08-26 21:30:00,16375.2,-1,FG601
2025-08-26 22:00:00,16284.0,-1,FG601
2025-08-26 22:30:00,16306.8,-1,FG601
2025-08-26 23:00:00,16306.8,-1,FG601
2025-08-27 09:00:00,16349.6,-1,FG601
2025-08-27 09:30:00,16304.0,-1,FG601
2025-08-27 10:00:00,16304.0,-1,FG601
2025-08-27 10:30:00,16304.0,-1,FG601
2025-08-27 11:00:00,16278.4,-1,FG601
2025-08-27 11:30:00,16278.4,-1,FG601
2025-08-27 13:30:00,16326.8,-1,FG601
2025-08-27 14:00:00,16369.6,-1,FG601
2025-08-27 14:30:00,16463.6,-1,FG601
2025-08-27 15:00:00,16418.0,-1,FG601
2025-08-27 21:00:00,16480.8,-1,FG601
2025-08-27 21:30:00,16914.0,-1,FG601
2025-08-27 22:00:00,16842.8,-1,FG601
2025-08-27 22:30:00,17002.4,-1,FG601
2025-08-27 23:00:00,16865.6,-1,FG601
2025-08-28 09:00:00,16888.4,-1,FG601
2025-08-28 09:30:00,16822.8,-1,FG601
2025-08-28 10:00:00,16708.8,-1,FG601
2025-08-28 10:30:00,16688.8,-1,FG601
2025-08-28 11:00:00,16754.4,-1,FG601
2025-08-28 11:30:00,16708.8,-1,FG601
2025-08-28 13:30:00,16651.6,-1,FG601
2025-08-28 14:00:00,16512.0,-1,FG601
2025-08-28 14:30:00,16400.8,-1,FG601
2025-08-28 15:00:00,16400.8,-1,FG601
2025-08-28 21:00:00,19366.0,0,FG601
2025-08-28 21:30:00,16222.4,-1,FG601
2025-08-28 22:00:00,16248.0,-1,FG601
2025-08-28 22:30:00,16182.4,-1,FG601
2025-08-28 23:00:00,16270.8,-1,FG601
2025-08-29 09:00:00,16316.4,-1,FG601
2025-08-29 09:30:00,16313.6,-1,FG601
2025-08-29 10:00:00,16336.4,-1,FG601
2025-08-29 10:30:00,16313.6,-1,FG601
2025-08-29 11:00:00,16316.4,-1,FG601
2025-08-29 11:30:00,16293.6,-1,FG601
2025-08-29 13:30:00,16319.2,-1,FG601
2025-08-29 14:00:00,16065.6,-1,FG601
2025-08-29 14:30:00,16156.8,-1,FG601
2025-08-29 15:00:00,15954.4,-1,FG601
2025-08-29 21:00:00,16185.2,-1,FG601
2025-08-29 21:30:00,16527.2,-1,FG601
2025-08-29 22:00:00,16641.2,-1,FG601
2025-08-29 22:30:00,16598.4,-1,FG601
2025-08-29 23:00:00,16618.4,-1,FG601
2025-09-01 09:00:00,16778.0,-1,FG601
2025-09-01 09:30:00,16823.6,-1,FG601
2025-09-01 10:00:00,16960.4,-1,FG601
2025-09-01 10:30:00,17026.0,-1,FG601
2025-09-01 11:00:00,17068.8,-1,FG601
2025-09-01 11:30:00,17271.2,-1,FG601
2025-09-01 13:30:00,17291.2,-1,FG601
2025-09-01 14:00:00,17106.0,-1,FG601
2025-09-01 14:30:00,17083.2,-1,FG601
2025-09-01 15:00:00,17060.4,-1,FG601
2025-09-01 21:00:00,17054.8,-1,FG601
2025-09-01 21:30:00,16872.4,-1,FG601
2025-09-01 22:00:00,16852.4,-1,FG601
2025-09-01 22:30:00,16895.2,-1,FG601
2025-09-01 23:00:00,17052.0,-1,FG601
2025-09-02 09:00:00,17097.6,-1,FG601
2025-09-02 09:30:00,17009.2,-1,FG601
2025-09-02 10:00:00,17009.2,-1,FG601
2025-09-02 10:30:00,17074.8,-1,FG601
2025-09-02 11:00:00,16980.8,-1,FG601
2025-09-02 11:30:00,16960.8,-1,FG601
2025-09-02 13:30:00,16980.8,-1,FG601
2025-09-02 14:00:00,17026.4,-1,FG601
2025-09-02 14:30:00,17208.8,-1,FG601
2025-09-02 15:00:00,17208.8,-1,FG601
2025-09-02 21:00:00,17069.2,-1,FG601
2025-09-02 21:30:00,16912.4,-1,FG601
2025-09-02 22:00:00,16866.8,-1,FG601
2025-09-02 22:30:00,17000.8,-1,FG601
2025-09-02 23:00:00,16932.4,-1,FG601
2025-09-03 09:00:00,16978.0,-1,FG601
2025-09-03 09:30:00,17072.0,-1,FG601
2025-09-03 10:00:00,17143.2,-1,FG601
2025-09-03 10:30:00,17120.4,-1,FG601
2025-09-03 11:00:00,17143.2,-1,FG601
2025-09-03 11:30:00,17211.6,-1,FG601
2025-09-03 13:30:00,17257.2,-1,FG601
2025-09-03 14:00:00,17211.6,-1,FG601
2025-09-03 14:30:00,17191.6,-1,FG601
2025-09-03 15:00:00,17146.0,-1,FG601
2025-09-03 21:00:00,17174.4,-1,FG601
2025-09-03 21:30:00,17308.4,-1,FG601
2025-09-03 22:00:00,17282.8,-1,FG601
2025-09-03 22:30:00,17282.8,-1,FG601
2025-09-03 23:00:00,17351.2,-1,FG601
2025-09-04 09:00:00,17351.2,-1,FG601
2025-09-04 09:30:00,17237.2,-1,FG601
2025-09-04 10:00:00,17097.6,-1,FG601
2025-09-04 10:30:00,17166.0,-1,FG601
2025-09-04 11:00:00,16986.4,-1,FG601
2025-09-04 11:30:00,16963.6,-1,FG601
2025-09-04 13:30:00,17097.6,-1,FG601
2025-09-04 14:00:00,17049.2,-1,FG601
2025-09-04 14:30:00,17026.4,-1,FG601
2025-09-04 15:00:00,17114.8,-1,FG601
2025-09-04 21:00:00,20962.0,0,FG601
2025-09-04 21:30:00,17676.8,-1,FG601
2025-09-04 22:00:00,17765.2,-1,FG601
2025-09-04 22:30:00,17790.8,-1,FG601
2025-09-04 23:00:00,17813.6,-1,FG601
2025-09-05 09:00:00,17833.6,-1,FG601
2025-09-05 09:30:00,17742.4,-1,FG601
2025-09-05 10:00:00,17696.8,-1,FG601
2025-09-05 10:30:00,17696.8,-1,FG601
2025-09-05 11:00:00,17605.6,-1,FG601
2025-09-05 11:30:00,17540.0,-1,FG601
2025-09-05 13:30:00,17423.2,-1,FG601
2025-09-05 14:00:00,19918.0,0,FG601
2025-09-05 14:30:00,23636.4,1,FG601
2025-09-05 15:00:00,23545.2,1,FG601
2025-09-05 21:00:00,23530.8,1,FG601
2025-09-05 21:30:00,23211.6,1,FG601
2025-09-05 22:00:00,23097.6,1,FG601
2025-09-05 22:30:00,23049.2,1,FG601
2025-09-05 23:00:00,23072.0,1,FG601
2025-09-08 09:00:00,23003.6,1,FG601
2025-09-08 09:30:00,23026.4,1,FG601
2025-09-08 10:00:00,23023.6,1,FG601
2025-09-08 10:30:00,23254.4,1,FG601
2025-09-08 11:00:00,23325.6,1,FG601
2025-09-08 11:30:00,23462.4,1,FG601
2025-09-08 13:30:00,23439.6,1,FG601
2025-09-08 14:00:00,23941.2,1,FG601
2025-09-08 14:30:00,23784.4,1,FG601
2025-09-08 15:00:00,23807.2,1,FG601
2025-09-08 21:00:00,23738.8,1,FG601
2025-09-08 21:30:00,23807.2,1,FG601
2025-09-08 22:00:00,23693.2,1,FG601
2025-09-08 22:30:00,23830.0,1,FG601
2025-09-08 23:00:00,23804.4,1,FG601
2025-09-09 09:00:00,23761.6,1,FG601
2025-09-09 09:30:00,23718.8,1,FG601
2025-09-09 10:00:00,23901.2,1,FG601
2025-09-09 10:30:00,23835.6,1,FG601
2025-09-09 11:00:00,23721.6,1,FG601
2025-09-09 11:30:00,23604.8,1,FG601
2025-09-09 13:30:00,23624.8,1,FG601
2025-09-09 14:00:00,23488.0,1,FG601
2025-09-09 14:30:00,23376.8,1,FG601
2025-09-09 15:00:00,20274.0,0,FG601
2025-09-09 21:00:00,23618.4,1,FG601
2025-09-09 21:30:00,23139.6,1,FG601
2025-09-09 22:00:00,23208.0,1,FG601
2025-09-09 22:30:00,23253.6,1,FG601
2025-09-09 23:00:00,23185.2,1,FG601
2025-09-10 09:00:00,23250.8,1,FG601
2025-09-10 09:30:00,23521.6,1,FG601
2025-09-10 10:00:00,23678.4,1,FG601
2025-09-10 10:30:00,23610.0,1,FG601
2025-09-10 11:00:00,23701.2,1,FG601
2025-09-10 11:30:00,23590.0,1,FG601
2025-09-10 13:30:00,23541.6,1,FG601
2025-09-10 14:00:00,23652.8,1,FG601
2025-09-10 14:30:00,23701.2,1,FG601
2025-09-10 15:00:00,23518.8,1,FG601
2025-09-10 21:00:00,23544.4,1,FG601
2025-09-10 21:30:00,23430.4,1,FG601
2025-09-10 22:00:00,23498.8,1,FG601
2025-09-10 22:30:00,23453.2,1,FG601
2025-09-10 23:00:00,23704.0,1,FG601
2025-09-11 09:00:00,23590.0,1,FG601
2025-09-11 09:30:00,23590.0,1,FG601
2025-09-11 10:00:00,23590.0,1,FG601
2025-09-11 10:30:00,23681.2,1,FG601
2025-09-11 11:00:00,23590.0,1,FG601
2025-09-11 11:30:00,23476.0,1,FG601
2025-09-11 13:30:00,23521.6,1,FG601
2025-09-11 14:00:00,23632.8,1,FG601
2025-09-11 14:30:00,23701.2,1,FG601
2025-09-11 15:00:00,23610.0,1,FG601
2025-09-11 21:00:00,23556.0,1,FG601
2025-09-11 21:30:00,19810.0,0,FG601
2025-09-11 22:00:00,23372.0,1,FG601
2025-09-11 22:30:00,23258.0,1,FG601
2025-09-11 23:00:00,23235.2,1,FG601
2025-09-12 09:00:00,23258.0,1,FG601
2025-09-12 09:30:00,23260.8,1,FG601
2025-09-12 10:00:00,23169.6,1,FG601
2025-09-12 10:30:00,23240.8,1,FG601
2025-09-12 11:00:00,23198.0,1,FG601
2025-09-12 11:30:00,23426.0,1,FG601
2025-09-12 13:30:00,23266.4,1,FG601
2025-09-12 14:00:00,23266.4,1,FG601
2025-09-12 14:30:00,23289.2,1,FG601
2025-09-12 15:00:00,23312.0,1,FG601
2025-09-12 21:00:00,23443.2,1,FG601
2025-09-12 21:30:00,23306.4,1,FG601
2025-09-12 22:00:00,23420.4,1,FG601
2025-09-12 22:30:00,23491.6,1,FG601
2025-09-12 23:00:00,23332.0,1,FG601
2025-09-15 09:00:00,23195.2,1,FG601
2025-09-15 09:30:00,23354.8,1,FG601
2025-09-15 10:00:00,23540.0,1,FG601
2025-09-15 10:30:00,23517.2,1,FG601
2025-09-15 11:00:00,23611.2,1,FG601
2025-09-15 11:30:00,23839.2,1,FG601
2025-09-15 13:30:00,23836.4,1,FG601
2025-09-15 14:00:00,24061.6,1,FG601
2025-09-15 14:30:00,23993.2,1,FG601
2025-09-15 15:00:00,23947.6,1,FG601
2025-09-15 21:00:00,23944.0,1,FG601
2025-09-15 21:30:00,24448.4,1,FG601
2025-09-15 22:00:00,24402.8,1,FG601
2025-09-15 22:30:00,24448.4,1,FG601
2025-09-15 23:00:00,24516.8,1,FG601
2025-09-16 09:00:00,24337.2,1,FG601
2025-09-16 09:30:00,24311.6,1,FG601
2025-09-16 10:00:00,24240.4,1,FG601
2025-09-16 10:30:00,24331.6,1,FG601
2025-09-16 11:00:00,24083.6,1,FG601
2025-09-16 11:30:00,24288.8,1,FG601
2025-09-16 13:30:00,24243.2,1,FG601
2025-09-16 14:00:00,24422.8,1,FG601
2025-09-16 14:30:00,24331.6,1,FG601
2025-09-16 15:00:00,24331.6,1,FG601
2025-09-16 21:00:00,24271.6,1,FG601
2025-09-16 21:30:00,24228.8,1,FG601
2025-09-16 22:00:00,24226.0,1,FG601
2025-09-16 22:30:00,24226.0,1,FG601
2025-09-16 23:00:00,24226.0,1,FG601
2025-09-17 09:00:00,24203.2,1,FG601
2025-09-17 09:30:00,24066.4,1,FG601
2025-09-17 10:00:00,24180.4,1,FG601
2025-09-17 10:30:00,24183.2,1,FG601
2025-09-17 11:00:00,24274.4,1,FG601
2025-09-17 11:30:00,24365.6,1,FG601
2025-09-17 13:30:00,24342.8,1,FG601
2025-09-17 14:00:00,24365.6,1,FG601
2025-09-17 14:30:00,24137.6,1,FG601
2025-09-17 15:00:00,24183.2,1,FG601
2025-09-17 21:00:00,24268.8,1,FG601
2025-09-17 21:30:00,24246.0,1,FG601
2025-09-17 22:00:00,24266.0,1,FG601
2025-09-17 22:30:00,24220.4,1,FG601
2025-09-17 23:00:00,24246.0,1,FG601
2025-09-18 09:00:00,24172.0,1,FG601
2025-09-18 09:30:00,21706.0,0,FG601
2025-09-18 10:00:00,18225.2,-1,FG601
2025-09-18 10:30:00,18156.8,-1,FG601
2025-09-18 11:00:00,18199.6,-1,FG601
2025-09-18 11:30:00,18427.6,-1,FG601
2025-09-18 13:30:00,18304.8,-1,FG601
2025-09-18 14:00:00,18464.4,-1,FG601
2025-09-18 14:30:00,18484.4,-1,FG601
2025-09-18 15:00:00,18461.6,-1,FG601
2025-09-18 21:00:00,18464.4,-1,FG601
2025-09-18 21:30:00,18532.8,-1,FG601
2025-09-18 22:00:00,18487.2,-1,FG601
2025-09-18 22:30:00,18464.4,-1,FG601
2025-09-18 23:00:00,18510.0,-1,FG601
2025-09-19 09:00:00,18467.2,-1,FG601
2025-09-19 09:30:00,18284.8,-1,FG601
2025-09-19 10:00:00,18284.8,-1,FG601
2025-09-19 10:30:00,18219.2,-1,FG601
2025-09-19 11:00:00,18176.4,-1,FG601
2025-09-19 11:30:00,18222.0,-1,FG601
2025-09-19 13:30:00,18247.6,-1,FG601
2025-09-19 14:00:00,18293.2,-1,FG601
2025-09-19 14:30:00,18110.8,-1,FG601
2025-09-19 15:00:00,18179.2,-1,FG601
2025-09-19 21:00:00,18054.0,-1,FG601
2025-09-19 21:30:00,21242.0,0,FG601
2025-09-19 22:00:00,17792.8,-1,FG601
2025-09-19 22:30:00,17747.2,-1,FG601
2025-09-19 23:00:00,17767.2,-1,FG601
2025-09-22 09:00:00,17926.8,-1,FG601
2025-09-22 09:30:00,17878.4,-1,FG601
2025-09-22 10:00:00,17921.2,-1,FG601
2025-09-22 10:30:00,18012.4,-1,FG601
2025-09-22 11:00:00,18194.8,-1,FG601
2025-09-22 11:30:00,18445.6,-1,FG601
2025-09-22 13:30:00,18491.2,-1,FG601
2025-09-22 14:00:00,18494.0,-1,FG601
2025-09-22 14:30:00,18422.8,-1,FG601
2025-09-22 15:00:00,18402.8,-1,FG601
2025-09-22 21:00:00,18436.8,-1,FG601
2025-09-22 21:30:00,18801.6,-1,FG601
2025-09-22 22:00:00,18710.4,-1,FG601
2025-09-22 22:30:00,18804.4,-1,FG601
2025-09-22 23:00:00,18778.8,-1,FG601
2025-09-23 09:00:00,18756.0,-1,FG601
2025-09-23 09:30:00,18684.8,-1,FG601
2025-09-23 10:00:00,18798.8,-1,FG601
2025-09-23 10:30:00,18798.8,-1,FG601
2025-09-23 11:00:00,18730.4,-1,FG601
2025-09-23 11:30:00,18887.2,-1,FG601
2025-09-23 13:30:00,18818.8,-1,FG601
2025-09-23 14:00:00,18727.6,-1,FG601
2025-09-23 14:30:00,18727.6,-1,FG601
2025-09-23 15:00:00,18727.6,-1,FG601
2025-09-23 21:00:00,18736.4,-1,FG601
2025-09-23 21:30:00,18693.6,-1,FG601
2025-09-23 22:00:00,18650.8,-1,FG601
2025-09-23 22:30:00,18673.6,-1,FG601
2025-09-23 23:00:00,18693.6,-1,FG601
2025-09-24 09:00:00,18742.0,-1,FG601
2025-09-24 09:30:00,22438.0,0,FG601
2025-09-24 10:00:00,19021.6,-1,FG601
2025-09-24 10:30:00,19044.4,-1,FG601
2025-09-24 11:00:00,18976.0,-1,FG601
2025-09-24 11:30:00,19001.6,-1,FG601
2025-09-24 13:30:00,18580.0,-1,FG601
2025-09-24 14:00:00,20974.0,0,FG601
2025-09-24 14:30:00,24900.0,1,FG601
2025-09-24 15:00:00,24395.6,1,FG601
2025-09-24 21:00:00,24460.4,1,FG601
2025-09-24 21:30:00,24389.2,1,FG601
2025-09-24 22:00:00,24386.4,1,FG601
2025-09-24 22:30:00,24315.2,1,FG601
2025-09-24 23:00:00,24266.8,1,FG601
2025-09-25 09:00:00,24198.4,1,FG601
2025-09-25 09:30:00,24403.6,1,FG601
2025-09-25 10:00:00,24472.0,1,FG601
2025-09-25 10:30:00,24834.0,1,FG601
2025-09-25 11:00:00,25013.6,1,FG601
2025-09-25 11:30:00,25173.2,1,FG601
2025-09-25 13:30:00,24928.0,1,FG601
2025-09-25 14:00:00,25044.8,1,FG601
2025-09-25 14:30:00,25064.8,1,FG601
2025-09-25 15:00:00,24948.0,1,FG601
2025-09-25 21:00:00,24808.4,1,FG601
2025-09-25 21:30:00,24854.0,1,FG601
2025-09-25 22:00:00,24808.4,1,FG601
2025-09-25 22:30:00,24854.0,1,FG601
2025-09-25 23:00:00,24831.2,1,FG601
2025-09-26 09:00:00,24674.4,1,FG601
2025-09-26 09:30:00,24426.4,1,FG601
2025-09-26 10:00:00,20990.0,0,FG601
2025-09-26 10:30:00,24616.4,1,FG601
2025-09-26 11:00:00,24818.8,1,FG601
2025-09-26 11:30:00,24818.8,1,FG601
2025-09-26 13:30:00,24821.6,1,FG601
2025-09-26 14:00:00,24687.6,1,FG601
2025-09-26 14:30:00,24664.8,1,FG601
2025-09-26 15:00:00,24573.6,1,FG601
2025-09-26 21:00:00,24411.2,1,FG601
2025-09-26 21:30:00,24322.8,1,FG601
2025-09-26 22:00:00,20306.0,0,FG601
2025-09-26 22:30:00,16916.8,-1,FG601
2025-09-26 23:00:00,17056.4,-1,FG601
2025-09-29 09:00:00,16939.6,-1,FG601
2025-09-29 09:30:00,17119.2,-1,FG601
2025-09-29 10:00:00,16959.6,-1,FG601
2025-09-29 10:30:00,16982.4,-1,FG601
2025-09-29 11:00:00,16911.2,-1,FG601
2025-09-29 11:30:00,16797.2,-1,FG601
2025-09-29 13:30:00,16663.2,-1,FG601
2025-09-29 14:00:00,16686.0,-1,FG601
2025-09-29 14:30:00,16754.4,-1,FG601
2025-09-29 15:00:00,16845.6,-1,FG601
2025-09-29 21:00:00,16742.8,-1,FG601
2025-09-29 21:30:00,16583.2,-1,FG601
2025-09-29 22:00:00,16583.2,-1,FG601
2025-09-29 22:30:00,16423.6,-1,FG601
2025-09-29 23:00:00,16628.8,-1,FG601
2025-09-30 09:00:00,16720.0,-1,FG601
2025-09-30 09:30:00,16674.4,-1,FG601
2025-09-30 10:00:00,16563.2,-1,FG601
2025-09-30 10:30:00,16859.6,-1,FG601
2025-09-30 11:00:00,16834.0,-1,FG601
2025-09-30 11:30:00,16950.8,-1,FG601
2025-09-30 13:30:00,16879.6,-1,FG601
2025-09-30 14:00:00,16674.4,-1,FG601
2025-09-30 14:30:00,16745.6,-1,FG601
2025-09-30 15:00:00,17156.0,-1,FG601
2025-10-09 09:00:00,16954.0,-1,FG601
2025-10-09 09:30:00,17250.4,-1,FG601
2025-10-09 10:00:00,16979.6,-1,FG601
2025-10-09 10:30:00,16931.2,-1,FG601
2025-10-09 11:00:00,17224.8,-1,FG601
2025-10-09 11:30:00,17384.4,-1,FG601
2025-10-09 13:30:00,17338.8,-1,FG601
2025-10-09 14:00:00,17338.8,-1,FG601
2025-10-09 14:30:00,17182.0,-1,FG601
2025-10-09 15:00:00,17113.6,-1,FG601
2025-10-09 21:00:00,16960.0,-1,FG601
2025-10-09 21:30:00,16729.2,-1,FG601
2025-10-09 22:00:00,17068.4,-1,FG601
2025-10-09 22:30:00,17091.2,-1,FG601
2025-10-09 23:00:00,17000.0,-1,FG601
2025-10-10 09:00:00,17045.6,-1,FG601
2025-10-10 09:30:00,17250.8,-1,FG601
2025-10-10 10:00:00,17293.6,-1,FG601
2025-10-10 10:30:00,17273.6,-1,FG601
2025-10-10 11:00:00,17364.8,-1,FG601
2025-10-10 11:30:00,17456.0,-1,FG601
2025-10-10 13:30:00,17456.0,-1,FG601
2025-10-10 14:00:00,17453.2,-1,FG601
2025-10-10 14:30:00,17476.0,-1,FG601
2025-10-10 15:00:00,17544.4,-1,FG601
2025-10-10 21:00:00,17806.0,-1,FG601
2025-10-10 21:30:00,17806.0,-1,FG601
2025-10-10 22:00:00,17897.2,-1,FG601
2025-10-10 22:30:00,17940.0,-1,FG601
2025-10-10 23:00:00,18008.4,-1,FG601
2025-10-13 09:00:00,18048.0,-1,FG601
2025-10-13 09:30:00,18116.4,-1,FG601
2025-10-13 10:00:00,18136.4,-1,FG601
2025-10-13 10:30:00,17911.2,-1,FG601
2025-10-13 11:00:00,17956.8,-1,FG601
2025-10-13 11:30:00,17976.8,-1,FG601
2025-10-13 13:30:00,17931.2,-1,FG601
2025-10-13 14:00:00,17840.0,-1,FG601
2025-10-13 14:30:00,17726.0,-1,FG601
2025-10-13 15:00:00,17862.8,-1,FG601
2025-10-13 21:00:00,17974.0,-1,FG601
2025-10-13 21:30:00,18110.8,-1,FG601
2025-10-13 22:00:00,18227.6,-1,FG601
2025-10-13 22:30:00,18407.2,-1,FG601
2025-10-13 23:00:00,18609.6,-1,FG601
2025-10-14 09:00:00,18629.6,-1,FG601
2025-10-14 09:30:00,18746.4,-1,FG601
2025-10-14 10:00:00,18655.2,-1,FG601
2025-10-14 10:30:00,18675.2,-1,FG601
2025-10-14 11:00:00,18900.4,-1,FG601
2025-10-14 11:30:00,18946.0,-1,FG601
2025-10-14 13:30:00,18988.8,-1,FG601
2025-10-14 14:00:00,18986.0,-1,FG601
2025-10-14 14:30:00,18892.0,-1,FG601
2025-10-14 15:00:00,18937.6,-1,FG601
2025-10-14 21:00:00,18917.6,-1,FG601
2025-10-14 21:30:00,18966.0,-1,FG601
2025-10-14 22:00:00,18854.8,-1,FG601
2025-10-14 22:30:00,18900.4,-1,FG601
2025-10-14 23:00:00,19014.4,-1,FG601
2025-10-15 09:00:00,18903.2,-1,FG601
2025-10-15 09:30:00,18857.6,-1,FG601
2025-10-15 10:00:00,18854.8,-1,FG601
2025-10-15 10:30:00,18897.6,-1,FG601
2025-10-15 11:00:00,19011.6,-1,FG601
2025-10-15 11:30:00,19148.4,-1,FG601
2025-10-15 13:30:00,19102.8,-1,FG601
2025-10-15 14:00:00,19102.8,-1,FG601
2025-10-15 14:30:00,19145.6,-1,FG601
2025-10-15 15:00:00,19122.8,-1,FG601
2025-10-15 21:00:00,19191.6,-1,FG601
2025-10-15 21:30:00,19237.2,-1,FG601
2025-10-15 22:00:00,19282.8,-1,FG601
2025-10-15 22:30:00,19282.8,-1,FG601
2025-10-15 23:00:00,19280.0,-1,FG601
2025-10-16 09:00:00,19257.2,-1,FG601
2025-10-16 09:30:00,19074.8,-1,FG601
2025-10-16 10:00:00,19074.8,-1,FG601
2025-10-16 10:30:00,19074.8,-1,FG601
2025-10-16 11:00:00,18960.8,-1,FG601
2025-10-16 11:30:00,19214.4,-1,FG601
2025-10-16 13:30:00,19282.8,-1,FG601
2025-10-16 14:00:00,19143.2,-1,FG601
2025-10-16 14:30:00,19140.4,-1,FG601
2025-10-16 15:00:00,18912.4,-1,FG601
2025-10-16 21:00:00,26720.8,1,FG601
2025-10-16 21:30:00,26632.4,1,FG601
2025-10-16 22:00:00,26541.2,1,FG601
2025-10-16 22:30:00,26495.6,1,FG601
2025-10-16 23:00:00,26475.6,1,FG601
2025-10-17 09:00:00,26521.2,1,FG601
2025-10-17 09:30:00,26501.2,1,FG601
2025-10-17 10:00:00,26387.2,1,FG601
2025-10-17 10:30:00,22538.0,0,FG601
2025-10-17 11:00:00,19345.6,-1,FG601
2025-10-17 11:30:00,19388.4,-1,FG601
2025-10-17 13:30:00,19456.8,-1,FG601
2025-10-17 14:00:00,19528.0,-1,FG601
2025-10-17 14:30:00,19733.2,-1,FG601
2025-10-17 15:00:00,19850.0,-1,FG601
2025-10-17 21:00:00,19747.6,-1,FG601
2025-10-17 21:30:00,19428.4,-1,FG601
2025-10-17 22:00:00,19516.8,-1,FG601
2025-10-17 22:30:00,19496.8,-1,FG601
2025-10-17 23:00:00,19519.6,-1,FG601
2025-10-20 09:00:00,19744.8,-1,FG601
2025-10-20 09:30:00,19630.8,-1,FG601
2025-10-20 10:00:00,19588.0,-1,FG601
2025-10-20 10:30:00,19653.6,-1,FG601
2025-10-20 11:00:00,19813.2,-1,FG601
2025-10-20 11:30:00,19793.2,-1,FG601
2025-10-20 13:30:00,19816.0,-1,FG601
2025-10-20 14:00:00,20086.8,-1,FG601
2025-10-20 14:30:00,20018.4,-1,FG601
2025-10-20 15:00:00,20041.2,-1,FG601
2025-10-20 21:00:00,20049.6,-1,FG601
2025-10-20 21:30:00,20140.8,-1,FG601
2025-10-20 22:00:00,20140.8,-1,FG601
2025-10-20 22:30:00,20186.4,-1,FG601
2025-10-20 23:00:00,20072.4,-1,FG601
2025-10-21 09:00:00,20049.6,-1,FG601
2025-10-21 09:30:00,20118.0,-1,FG601
2025-10-21 10:00:00,20118.0,-1,FG601
2025-10-21 10:30:00,20183.6,-1,FG601
2025-10-21 11:00:00,19932.8,-1,FG601
2025-10-21 11:30:00,19844.4,-1,FG601
2025-10-21 13:30:00,19890.0,-1,FG601
2025-10-21 14:00:00,19892.8,-1,FG601
2025-10-21 14:30:00,19892.8,-1,FG601
2025-10-21 15:00:00,20032.4,-1,FG601
2025-10-21 21:00:00,20257.6,-1,FG601
2025-10-21 21:30:00,20052.4,-1,FG601
2025-10-21 22:00:00,20026.8,-1,FG601
2025-10-21 22:30:00,20072.4,-1,FG601
2025-10-21 23:00:00,20049.6,-1,FG601
2025-10-22 09:00:00,20029.6,-1,FG601
2025-10-22 09:30:00,19870.0,-1,FG601
2025-10-22 10:00:00,19870.0,-1,FG601
2025-10-22 10:30:00,19798.8,-1,FG601
2025-10-22 11:00:00,19910.0,-1,FG601
2025-10-22 11:30:00,19884.4,-1,FG601
2025-10-22 13:30:00,19930.0,-1,FG601
2025-10-22 14:00:00,20086.8,-1,FG601
2025-10-22 14:30:00,20061.2,-1,FG601
2025-10-22 15:00:00,19992.8,-1,FG601
2025-10-22 21:00:00,23334.0,0,FG601
2025-10-22 21:30:00,20474.0,-1,FG601
2025-10-22 22:00:00,20516.8,-1,FG601
2025-10-22 22:30:00,20514.0,-1,FG601
2025-10-22 23:00:00,20354.4,-1,FG601
2025-10-23 09:00:00,20308.8,-1,FG601
2025-10-23 09:30:00,20263.2,-1,FG601
2025-10-23 10:00:00,20334.4,-1,FG601
2025-10-23 10:30:00,20152.0,-1,FG601
2025-10-23 11:00:00,20223.2,-1,FG601
2025-10-23 11:30:00,20177.6,-1,FG601
2025-10-23 13:30:00,22950.0,0,FG601
2025-10-23 14:00:00,25882.4,1,FG601
2025-10-23 14:30:00,26178.8,1,FG601
2025-10-23 15:00:00,26090.4,1,FG601
2025-10-23 21:00:00,26036.4,1,FG601
2025-10-23 21:30:00,25831.2,1,FG601
2025-10-23 22:00:00,25811.2,1,FG601
2025-10-23 22:30:00,25765.6,1,FG601
2025-10-23 23:00:00,25742.8,1,FG601
2025-10-24 09:00:00,25768.4,1,FG601
2025-10-24 09:30:00,25720.0,1,FG601
2025-10-24 10:00:00,25762.8,1,FG601
2025-10-24 10:30:00,25740.0,1,FG601
2025-10-24 11:00:00,25808.4,1,FG601
2025-10-24 11:30:00,26082.0,1,FG601
2025-10-24 13:30:00,26033.6,1,FG601
2025-10-24 14:00:00,25945.2,1,FG601
2025-10-24 14:30:00,25896.8,1,FG601
2025-10-24 15:00:00,25805.6,1,FG601
2025-10-24 21:00:00,22386.0,0,FG601
2025-10-24 21:30:00,25706.8,1,FG601
2025-10-24 22:00:00,25684.0,1,FG601
2025-10-24 22:30:00,25524.4,1,FG601
2025-10-24 23:00:00,25635.6,1,FG601
2025-10-27 09:00:00,25484.4,1,FG601
2025-10-27 09:30:00,25484.4,1,FG601
2025-10-27 10:00:00,25347.6,1,FG601
2025-10-27 10:30:00,25370.4,1,FG601
2025-10-27 11:00:00,25344.8,1,FG601
2025-10-27 11:30:00,25478.8,1,FG601
2025-10-27 13:30:00,25456.0,1,FG601
2025-10-27 14:00:00,25413.2,1,FG601
2025-10-27 14:30:00,25527.2,1,FG601
2025-10-27 15:00:00,25550.0,1,FG601
2025-10-27 21:00:00,25604.0,1,FG601
2025-10-27 21:30:00,25558.4,1,FG601
2025-10-27 22:00:00,25581.2,1,FG601
2025-10-27 22:30:00,25601.2,1,FG601
2025-10-27 23:00:00,25626.8,1,FG601
2025-10-28 09:00:00,25692.4,1,FG601
2025-10-28 09:30:00,25829.2,1,FG601
2025-10-28 10:00:00,26060.0,1,FG601
2025-10-28 10:30:00,25903.2,1,FG601
2025-10-28 11:00:00,25698.0,1,FG601
2025-10-28 11:30:00,25926.0,1,FG601
2025-10-28 13:30:00,25926.0,1,FG601
2025-10-28 14:00:00,25903.2,1,FG601
2025-10-28 14:30:00,25903.2,1,FG601
2025-10-28 15:00:00,25860.4,1,FG601
2025-10-28 21:00:00,25837.6,1,FG601
2025-10-28 21:30:00,25994.4,1,FG601
2025-10-28 22:00:00,26156.8,1,FG601
2025-10-28 22:30:00,26225.2,1,FG601
2025-10-28 23:00:00,26202.4,1,FG601
2025-10-29 09:00:00,26088.4,1,FG601
2025-10-29 09:30:00,26245.2,1,FG601
2025-10-29 10:00:00,26151.2,1,FG601
2025-10-29 10:30:00,26148.4,1,FG601
2025-10-29 11:00:00,26034.4,1,FG601
2025-10-29 11:30:00,26077.2,1,FG601
2025-10-29 13:30:00,26077.2,1,FG601
2025-10-29 14:00:00,26034.4,1,FG601
2025-10-29 14:30:00,26171.2,1,FG601
2025-10-29 15:00:00,26259.6,1,FG601
2025-10-29 21:00:00,26040.4,1,FG601
2025-10-29 21:30:00,25903.6,1,FG601
2025-10-29 22:00:00,25969.2,1,FG601
2025-10-29 22:30:00,26063.2,1,FG601
2025-10-29 23:00:00,26017.6,1,FG601
2025-10-30 09:00:00,26017.6,1,FG601
2025-10-30 09:30:00,25952.0,1,FG601
2025-10-30 10:00:00,25932.0,1,FG601
2025-10-30 10:30:00,26023.2,1,FG601
2025-10-30 11:00:00,23242.0,0,FG601
2025-10-30 11:30:00,26399.2,1,FG601
2025-10-30 13:30:00,26342.4,1,FG601
2025-10-30 14:00:00,26091.6,1,FG601
2025-10-30 14:30:00,19766.8,-1,FG601
2025-10-30 15:00:00,19721.2,-1,FG601
2025-10-30 21:00:00,19607.2,-1,FG601
2025-10-30 21:30:00,19672.8,-1,FG601
2025-10-30 22:00:00,19601.6,-1,FG601
2025-10-30 22:30:00,19627.2,-1,FG601
2025-10-30 23:00:00,19536.0,-1,FG601
2025-10-31 09:00:00,19581.6,-1,FG601
2025-10-31 09:30:00,19627.2,-1,FG601
2025-10-31 10:00:00,19672.8,-1,FG601
2025-10-31 10:30:00,19761.2,-1,FG601
2025-10-31 11:00:00,19695.6,-1,FG601
2025-10-31 11:30:00,19832.4,-1,FG601
2025-10-31 13:30:00,19786.8,-1,FG601
2025-10-31 14:00:00,19855.2,-1,FG601
2025-10-31 14:30:00,19943.6,-1,FG601
2025-10-31 15:00:00,19943.6,-1,FG601
2025-10-31 21:00:00,19826.8,-1,FG601
2025-10-31 21:30:00,19804.0,-1,FG601
2025-10-31 22:00:00,19943.6,-1,FG601
2025-10-31 22:30:00,20012.0,-1,FG601
2025-10-31 23:00:00,20012.0,-1,FG601
2025-11-03 09:00:00,22414.0,0,FG601
2025-11-03 09:30:00,19278.8,-1,FG601
2025-11-03 10:00:00,19509.6,-1,FG601
2025-11-03 10:30:00,19509.6,-1,FG601
2025-11-03 11:00:00,19643.6,-1,FG601
2025-11-03 11:30:00,19780.4,-1,FG601
2025-11-03 13:30:00,19866.0,-1,FG601
2025-11-03 14:00:00,19960.0,-1,FG601
2025-11-03 14:30:00,19960.0,-1,FG601
2025-11-03 15:00:00,19891.6,-1,FG601
2025-11-03 21:00:00,19980.0,-1,FG601
2025-11-03 21:30:00,19980.0,-1,FG601
2025-11-03 22:00:00,19934.4,-1,FG601
2025-11-03 22:30:00,19960.0,-1,FG601
2025-11-03 23:00:00,19982.8,-1,FG601
2025-11-04 09:00:00,19937.2,-1,FG601
2025-11-04 09:30:00,19729.2,-1,FG601
2025-11-04 10:00:00,22910.0,0,FG601
2025-11-04 10:30:00,19814.0,-1,FG601
2025-11-04 11:00:00,19702.8,-1,FG601
2025-11-04 11:30:00,19774.0,-1,FG601
2025-11-04 13:30:00,19728.4,-1,FG601
2025-11-04 14:00:00,19660.0,-1,FG601
2025-11-04 14:30:00,19685.6,-1,FG601
2025-11-04 15:00:00,19754.0,-1,FG601
2025-11-04 21:00:00,19717.2,-1,FG601
2025-11-04 21:30:00,19646.0,-1,FG601
2025-11-04 22:00:00,19691.6,-1,FG601
2025-11-04 22:30:00,19557.6,-1,FG601
2025-11-04 23:00:00,19580.4,-1,FG601
2025-11-05 09:00:00,19489.2,-1,FG601
2025-11-05 09:30:00,19856.8,-1,FG601
2025-11-05 10:00:00,19788.4,-1,FG601
2025-11-05 10:30:00,19788.4,-1,FG601
2025-11-05 11:00:00,20062.0,-1,FG601
2025-11-05 11:30:00,19970.8,-1,FG601
2025-11-05 13:30:00,19922.4,-1,FG601
2025-11-05 14:00:00,19942.4,-1,FG601
2025-11-05 14:30:00,20033.6,-1,FG601
2025-11-05 15:00:00,20056.4,-1,FG601
2025-11-05 21:00:00,19982.4,-1,FG601
2025-11-05 21:30:00,20005.2,-1,FG601
2025-11-05 22:00:00,20028.0,-1,FG601
2025-11-05 22:30:00,20030.8,-1,FG601
2025-11-05 23:00:00,20033.6,-1,FG601
2025-11-06 09:00:00,20079.2,-1,FG601
2025-11-06 09:30:00,20307.2,-1,FG601
2025-11-06 10:00:00,20395.6,-1,FG601
2025-11-06 10:30:00,20278.8,-1,FG601
2025-11-06 11:00:00,20253.2,-1,FG601
2025-11-06 11:30:00,20187.6,-1,FG601
2025-11-06 13:30:00,20164.8,-1,FG601
2025-11-06 14:00:00,20162.0,-1,FG601
2025-11-06 14:30:00,20136.4,-1,FG601
2025-11-06 15:00:00,20025.2,-1,FG601
2025-11-06 21:00:00,20005.2,-1,FG601
2025-11-06 21:30:00,19891.2,-1,FG601
2025-11-06 22:00:00,19914.0,-1,FG601
2025-11-06 22:30:00,19914.0,-1,FG601
2025-11-06 23:00:00,19916.8,-1,FG601
2025-11-07 09:00:00,19985.2,-1,FG601
2025-11-07 09:30:00,20079.2,-1,FG601
2025-11-07 10:00:00,20099.2,-1,FG601
2025-11-07 10:30:00,19985.2,-1,FG601
2025-11-07 11:00:00,20005.2,-1,FG601
2025-11-07 11:30:00,20073.6,-1,FG601
2025-11-07 13:30:00,20164.8,-1,FG601
2025-11-07 14:00:00,20164.8,-1,FG601
2025-11-07 14:30:00,20164.8,-1,FG601
2025-11-07 15:00:00,20233.2,-1,FG601
2025-11-07 21:00:00,20352.8,-1,FG601
2025-11-07 21:30:00,20213.2,-1,FG601
2025-11-07 22:00:00,20281.6,-1,FG601
2025-11-07 22:30:00,20281.6,-1,FG601
2025-11-07 23:00:00,20304.4,-1,FG601
2025-11-10 09:00:00,20529.6,-1,FG601
2025-11-10 09:30:00,20734.8,-1,FG601
2025-11-10 10:00:00,20823.2,-1,FG601
2025-11-10 10:30:00,20937.2,-1,FG601
2025-11-10 11:00:00,20980.0,-1,FG601
2025-11-10 11:30:00,20886.0,-1,FG601
2025-11-10 13:30:00,20863.2,-1,FG601
2025-11-10 14:00:00,20886.0,-1,FG601
2025-11-10 14:30:00,20726.4,-1,FG601
2025-11-10 15:00:00,20794.8,-1,FG601
2025-11-10 21:00:00,20780.4,-1,FG601
2025-11-10 21:30:00,20692.0,-1,FG601
2025-11-10 22:00:00,20763.2,-1,FG601
2025-11-10 22:30:00,20831.6,-1,FG601
2025-11-10 23:00:00,20806.0,-1,FG601
2025-11-11 09:00:00,20828.8,-1,FG601
2025-11-11 09:30:00,20803.2,-1,FG601
2025-11-11 10:00:00,20848.8,-1,FG601
2025-11-11 10:30:00,20868.8,-1,FG601
2025-11-11 11:00:00,21028.4,-1,FG601
2025-11-11 11:30:00,21005.6,-1,FG601
2025-11-11 13:30:00,20982.8,-1,FG601
2025-11-11 14:00:00,21028.4,-1,FG601
2025-11-11 14:30:00,20985.6,-1,FG601
2025-11-11 15:00:00,21099.6,-1,FG601
2025-11-11 21:00:00,20991.2,-1,FG601
2025-11-11 21:30:00,20877.2,-1,FG601
2025-11-11 22:00:00,20834.4,-1,FG601
2025-11-11 22:30:00,20880.0,-1,FG601
2025-11-11 23:00:00,20880.0,-1,FG601
2025-11-12 09:00:00,20928.4,-1,FG601
2025-11-12 09:30:00,20951.2,-1,FG601
2025-11-12 10:00:00,20928.4,-1,FG601
2025-11-12 10:30:00,21016.8,-1,FG601
2025-11-12 11:00:00,21222.0,-1,FG601
2025-11-12 11:30:00,21199.2,-1,FG601
2025-11-12 13:30:00,21222.0,-1,FG601
2025-11-12 14:00:00,21222.0,-1,FG601
2025-11-12 14:30:00,21199.2,-1,FG601
2025-11-12 15:00:00,21130.8,-1,FG601
2025-11-12 21:00:00,21196.4,-1,FG601
2025-11-12 21:30:00,21150.8,-1,FG601
2025-11-12 22:00:00,21062.4,-1,FG601
2025-11-12 22:30:00,21133.6,-1,FG601
2025-11-12 23:00:00,21202.0,-1,FG601
2025-11-13 09:00:00,21224.8,-1,FG601
2025-11-13 09:30:00,21108.0,-1,FG601
2025-11-13 10:00:00,21085.2,-1,FG601
2025-11-13 10:30:00,21062.4,-1,FG601
2025-11-13 11:00:00,21016.8,-1,FG601
2025-11-13 11:30:00,20994.0,-1,FG601
2025-11-13 13:30:00,20971.2,-1,FG601
2025-11-13 14:00:00,20925.6,-1,FG601
2025-11-13 14:30:00,20925.6,-1,FG601
2025-11-13 15:00:00,20951.2,-1,FG601
2025-11-13 21:00:00,20974.0,-1,FG601
2025-11-13 21:30:00,21113.6,-1,FG601
2025-11-13 22:00:00,21045.2,-1,FG601
2025-11-13 22:30:00,21070.8,-1,FG601
2025-11-13 23:00:00,21136.4,-1,FG601
2025-11-14 09:00:00,21296.0,-1,FG601
2025-11-14 09:30:00,21273.2,-1,FG601
2025-11-14 10:00:00,21230.4,-1,FG601
2025-11-14 10:30:00,21253.2,-1,FG601
2025-11-14 11:00:00,21367.2,-1,FG601
2025-11-14 11:30:00,21412.8,-1,FG601
2025-11-14 13:30:00,21390.0,-1,FG601
2025-11-14 14:00:00,21367.2,-1,FG601
2025-11-14 14:30:00,21387.2,-1,FG601
2025-11-14 15:00:00,21458.4,-1,FG601
2025-11-14 21:00:00,21398.4,-1,FG601
2025-11-14 21:30:00,21355.6,-1,FG601
2025-11-14 22:00:00,21426.8,-1,FG601
2025-11-14 22:30:00,21495.2,-1,FG601
2025-11-14 23:00:00,21469.6,-1,FG601
2025-11-17 09:00:00,21612.0,-1,FG601
2025-11-17 09:30:00,21518.0,-1,FG601
2025-11-17 10:00:00,21606.4,-1,FG601
2025-11-17 10:30:00,21580.8,-1,FG601
2025-11-17 11:00:00,21626.4,-1,FG601
2025-11-17 11:30:00,21444.0,-1,FG601
2025-11-17 13:30:00,21418.4,-1,FG601
2025-11-17 14:00:00,21372.8,-1,FG601
2025-11-17 14:30:00,21421.2,-1,FG601
2025-11-17 15:00:00,21486.8,-1,FG601
2025-11-17 21:00:00,21481.2,-1,FG601
2025-11-17 21:30:00,21461.2,-1,FG601
2025-11-17 22:00:00,21441.2,-1,FG601
2025-11-17 22:30:00,21418.4,-1,FG601
2025-11-17 23:00:00,21441.2,-1,FG601
2025-11-18 09:00:00,21466.8,-1,FG601
2025-11-18 09:30:00,21486.8,-1,FG601
2025-11-18 10:00:00,21620.8,-1,FG601
2025-11-18 10:30:00,21486.8,-1,FG601
2025-11-18 11:00:00,21535.2,-1,FG601
2025-11-18 11:30:00,21538.0,-1,FG601
2025-11-18 13:30:00,21538.0,-1,FG601
2025-11-18 14:00:00,21700.4,-1,FG601
2025-11-18 14:30:00,21677.6,-1,FG601
2025-11-18 15:00:00,21700.4,-1,FG601
2025-11-18 21:00:00,21740.4,-1,FG601
2025-11-18 21:30:00,21740.4,-1,FG601
2025-11-18 22:00:00,21743.2,-1,FG601
2025-11-18 22:30:00,21743.2,-1,FG601
2025-11-18 23:00:00,21786.0,-1,FG601
2025-11-19 09:00:00,21786.0,-1,FG601
2025-11-19 09:30:00,21674.8,-1,FG601
2025-11-19 10:00:00,21791.6,-1,FG601
2025-11-19 10:30:00,21680.4,-1,FG601
2025-11-19 11:00:00,21680.4,-1,FG601
2025-11-19 11:30:00,21609.2,-1,FG601
2025-11-19 13:30:00,21566.4,-1,FG601
2025-11-19 14:00:00,21751.6,-1,FG601
2025-11-19 14:30:00,21820.0,-1,FG601
2025-11-19 15:00:00,21822.8,-1,FG601
2025-11-19 21:00:00,21757.2,-1,FG601
2025-11-19 21:30:00,21916.8,-1,FG601
2025-11-19 22:00:00,22008.0,-1,FG601
2025-11-19 22:30:00,21962.4,-1,FG601
2025-11-19 23:00:00,22008.0,-1,FG601
2025-11-20 09:00:00,22028.0,-1,FG601
2025-11-20 09:30:00,22233.2,-1,FG601
2025-11-20 10:00:00,22187.6,-1,FG601
2025-11-20 10:30:00,22213.2,-1,FG601
2025-11-20 11:00:00,22327.2,-1,FG601
2025-11-20 11:30:00,22079.2,-1,FG601
2025-11-20 13:30:00,22036.4,-1,FG601
2025-11-20 14:00:00,22173.2,-1,FG601
2025-11-20 14:30:00,22130.4,-1,FG601
2025-11-20 15:00:00,22198.8,-1,FG601
2025-11-20 21:00:00,22256.0,-1,FG601
2025-11-20 21:30:00,22213.2,-1,FG601
2025-11-20 22:00:00,22216.0,-1,FG601
2025-11-20 22:30:00,22307.2,-1,FG601
2025-11-20 23:00:00,22327.2,-1,FG601
2025-11-21 09:00:00,22372.8,-1,FG601
2025-11-21 09:30:00,22375.6,-1,FG601
2025-11-21 10:00:00,22515.2,-1,FG601
2025-11-21 10:30:00,22560.8,-1,FG601
2025-11-21 11:00:00,22583.6,-1,FG601
2025-11-21 11:30:00,22538.0,-1,FG601
2025-11-21 13:30:00,22538.0,-1,FG601
2025-11-21 14:00:00,22355.6,-1,FG601
2025-11-21 14:30:00,27306.0,0,FG601
2025-11-21 15:00:00,24640.4,-1,FG601
2025-11-21 21:00:00,24660.4,-1,FG601
2025-11-21 21:30:00,24612.0,-1,FG601
2025-11-21 22:00:00,24634.8,-1,FG601
2025-11-21 22:30:00,24546.4,-1,FG601
2025-11-21 23:00:00,24594.8,-1,FG601
2025-11-24 09:00:00,24592.0,-1,FG601
2025-11-24 09:30:00,24452.4,-1,FG601
2025-11-24 10:00:00,24566.4,-1,FG601
2025-11-24 10:30:00,24612.0,-1,FG601
2025-11-24 11:00:00,24569.2,-1,FG601
2025-11-24 11:30:00,24546.4,-1,FG601
2025-11-24 13:30:00,24478.0,-1,FG601
2025-11-24 14:00:00,26802.0,0,FG601
2025-11-24 14:30:00,29727.6,1,FG601
2025-11-24 15:00:00,29616.4,1,FG601
2025-11-24 21:00:00,29599.2,1,FG601
2025-11-24 21:30:00,29599.2,1,FG601
2025-11-24 22:00:00,29667.6,1,FG601
2025-11-24 22:30:00,29687.6,1,FG601
2025-11-24 23:00:00,29710.4,1,FG601
2025-11-25 09:00:00,29710.4,1,FG601
2025-11-25 09:30:00,29733.2,1,FG601
2025-11-25 10:00:00,29730.4,1,FG601
2025-11-25 10:30:00,29753.2,1,FG601
2025-11-25 11:00:00,29730.4,1,FG601
2025-11-25 11:30:00,29844.4,1,FG601
2025-11-25 13:30:00,29838.8,1,FG601
2025-11-25 14:00:00,29770.4,1,FG601
2025-11-25 14:30:00,29704.8,1,FG601
2025-11-25 15:00:00,29659.2,1,FG601
2025-11-25 21:00:00,29628.0,1,FG601
2025-11-25 21:30:00,29699.2,1,FG601
2025-11-25 22:00:00,29742.0,1,FG601
2025-11-25 22:30:00,29742.0,1,FG601
2025-11-25 23:00:00,29628.0,1,FG601
2025-11-26 09:00:00,29670.8,1,FG601
2025-11-26 09:30:00,29827.6,1,FG601
2025-11-26 10:00:00,29944.4,1,FG601
2025-11-26 10:30:00,30175.2,1,FG601
2025-11-26 11:00:00,30149.6,1,FG601
2025-11-26 11:30:00,30260.8,1,FG601
2025-11-26 13:30:00,30306.4,1,FG601
2025-11-26 14:00:00,30306.4,1,FG601
2025-11-26 14:30:00,30329.2,1,FG601
2025-11-26 15:00:00,30283.6,1,FG601
2025-11-26 21:00:00,30226.4,1,FG601
2025-11-26 21:30:00,30226.4,1,FG601
2025-11-26 22:00:00,30292.0,1,FG601
2025-11-26 22:30:00,30266.4,1,FG601
2025-11-26 23:00:00,30309.2,1,FG601
2025-11-27 09:00:00,30240.8,1,FG601
2025-11-27 09:30:00,30220.8,1,FG601
2025-11-27 10:00:00,30286.4,1,FG601
2025-11-27 10:30:00,30423.2,1,FG601
2025-11-27 11:00:00,30491.6,1,FG601
2025-11-27 11:30:00,30374.8,1,FG601
2025-11-27 13:30:00,30446.0,1,FG601
2025-11-27 14:00:00,30400.4,1,FG601
2025-11-27 14:30:00,30423.2,1,FG601
2025-11-27 15:00:00,30354.8,1,FG601
2025-11-27 21:00:00,30383.2,1,FG601
2025-11-27 21:30:00,30408.8,1,FG601
2025-11-27 22:00:00,30656.8,1,FG601
2025-11-27 22:30:00,30722.4,1,FG601
2025-11-27 23:00:00,30790.8,1,FG601
2025-11-28 09:00:00,30745.2,1,FG601
2025-11-28 09:30:00,30745.2,1,FG601
2025-11-28 10:00:00,30448.8,1,FG601
2025-11-28 10:30:00,30517.2,1,FG601
2025-11-28 11:00:00,30514.4,1,FG601
2025-11-28 11:30:00,30488.8,1,FG601
2025-11-28 13:30:00,30397.6,1,FG601
2025-11-28 14:00:00,30466.0,1,FG601
2025-11-28 14:30:00,30628.4,1,FG601
2025-11-28 15:00:00,30628.4,1,FG601
2025-11-28 21:00:00,30522.8,1,FG601
2025-11-28 21:30:00,30317.6,1,FG601
2025-11-28 22:00:00,30272.0,1,FG601
2025-11-28 22:30:00,27798.0,0,FG601
2025-11-28 23:00:00,30665.2,1,FG601
2025-12-01 09:00:00,30576.4,1,FG601
2025-12-01 09:30:00,30624.8,1,FG601
2025-12-01 10:00:00,30579.2,1,FG601
2025-12-01 10:30:00,30533.6,1,FG601
2025-12-01 11:00:00,30624.8,1,FG601
2025-12-01 11:30:00,30627.6,1,FG601
2025-12-01 13:30:00,30579.2,1,FG601
2025-12-01 14:00:00,30214.4,1,FG601
2025-12-01 14:30:00,24036.8,-1,FG601
2025-12-01 15:00:00,23971.2,-1,FG601
2025-12-01 21:00:00,23806.0,-1,FG601
2025-12-01 21:30:00,23717.6,-1,FG601
2025-12-01 22:00:00,23743.2,-1,FG601
2025-12-01 22:30:00,23788.8,-1,FG601
2025-12-01 23:00:00,23788.8,-1,FG601
2025-12-02 09:00:00,23902.8,-1,FG601
2025-12-02 09:30:00,23837.2,-1,FG601
2025-12-02 10:00:00,23882.8,-1,FG601
2025-12-02 10:30:00,23931.2,-1,FG601
2025-12-02 11:00:00,23931.2,-1,FG601
2025-12-02 11:30:00,24088.0,-1,FG601
2025-12-02 13:30:00,24090.8,-1,FG601
2025-12-02 14:00:00,24070.8,-1,FG601
2025-12-02 14:30:00,24002.4,-1,FG601
2025-12-02 15:00:00,23956.8,-1,FG601
2025-12-02 21:00:00,23911.2,-1,FG601
2025-12-02 21:30:00,24253.2,-1,FG601
2025-12-02 22:00:00,24324.4,-1,FG601
2025-12-02 22:30:00,24301.6,-1,FG601
2025-12-02 23:00:00,24301.6,-1,FG601
2025-12-03 09:00:00,24210.4,-1,FG601
2025-12-03 09:30:00,24050.8,-1,FG601
2025-12-03 10:00:00,24096.4,-1,FG601
2025-12-03 10:30:00,24142.0,-1,FG601
2025-12-03 11:00:00,24142.0,-1,FG601
2025-12-03 11:30:00,24162.0,-1,FG601
2025-12-03 13:30:00,24187.6,-1,FG601
2025-12-03 14:00:00,24167.6,-1,FG601
2025-12-03 14:30:00,24281.6,-1,FG601
2025-12-03 15:00:00,24256.0,-1,FG601
2025-12-03 21:00:00,24492.8,-1,FG601
2025-12-03 21:30:00,24698.0,-1,FG601
2025-12-03 22:00:00,24675.2,-1,FG601
2025-12-03 22:30:00,24655.2,-1,FG601
2025-12-03 23:00:00,24609.6,-1,FG601
2025-12-04 09:00:00,24518.4,-1,FG601
2025-12-04 09:30:00,24746.4,-1,FG601
2025-12-04 10:00:00,24566.8,-1,FG601
2025-12-04 10:30:00,24544.0,-1,FG601
2025-12-04 11:00:00,24544.0,-1,FG601
2025-12-04 11:30:00,24615.2,-1,FG601
2025-12-04 13:30:00,24658.0,-1,FG601
2025-12-04 14:00:00,24723.6,-1,FG601
2025-12-04 14:30:00,24606.8,-1,FG601
2025-12-04 15:00:00,24584.0,-1,FG601
2025-12-04 21:00:00,24561.2,-1,FG601
2025-12-04 21:30:00,24558.4,-1,FG601
2025-12-04 22:00:00,24538.4,-1,FG601
2025-12-04 22:30:00,24609.6,-1,FG601
2025-12-04 23:00:00,24609.6,-1,FG601
2025-12-05 09:00:00,24655.2,-1,FG601
2025-12-05 09:30:00,24746.4,-1,FG601
2025-12-05 10:00:00,24857.6,-1,FG601
2025-12-05 10:30:00,24809.2,-1,FG601
2025-12-05 11:00:00,24874.8,-1,FG601
2025-12-05 11:30:00,24920.4,-1,FG601
2025-12-05 13:30:00,24920.4,-1,FG601
2025-12-05 14:00:00,24809.2,-1,FG601
2025-12-05 14:30:00,24877.6,-1,FG601
2025-12-05 15:00:00,24968.8,-1,FG601
2025-12-05 21:00:00,24803.6,-1,FG601
2025-12-05 21:30:00,24510.0,-1,FG601
2025-12-05 22:00:00,24715.2,-1,FG601
2025-12-05 22:30:00,24760.8,-1,FG601
2025-12-05 23:00:00,24715.2,-1,FG601
2025-12-08 09:00:00,24826.4,-1,FG601
2025-12-08 09:30:00,24715.2,-1,FG601
2025-12-08 10:00:00,24718.0,-1,FG601
2025-12-08 10:30:00,24718.0,-1,FG601
2025-12-08 11:00:00,24877.6,-1,FG601
2025-12-08 11:30:00,24832.0,-1,FG601
2025-12-08 13:30:00,24806.4,-1,FG601
2025-12-08 14:00:00,24763.6,-1,FG601
2025-12-08 14:30:00,24763.6,-1,FG601
2025-12-08 15:00:00,24806.4,-1,FG601
2025-12-08 21:00:00,24971.6,-1,FG601
2025-12-08 21:30:00,25111.2,-1,FG601
2025-12-08 22:00:00,25202.4,-1,FG601
2025-12-08 22:30:00,25179.6,-1,FG601
2025-12-08 23:00:00,25205.2,-1,FG601
2025-12-09 09:00:00,25230.8,-1,FG601
2025-12-09 09:30:00,25002.8,-1,FG601
2025-12-09 10:00:00,25051.2,-1,FG601
2025-12-09 10:30:00,25076.8,-1,FG601
2025-12-09 11:00:00,25076.8,-1,FG601
2025-12-09 11:30:00,25096.8,-1,FG601
2025-12-09 13:30:00,25074.0,-1,FG601
2025-12-09 14:00:00,25028.4,-1,FG601
2025-12-09 14:30:00,25094.0,-1,FG601
2025-12-09 15:00:00,25116.8,-1,FG601
2025-12-09 21:00:00,25076.8,-1,FG601
2025-12-09 21:30:00,25262.0,-1,FG601
2025-12-09 22:00:00,25330.4,-1,FG601
2025-12-09 22:30:00,25310.4,-1,FG601
2025-12-09 23:00:00,25267.6,-1,FG601
2025-12-10 09:00:00,25450.0,-1,FG601
2025-12-10 09:30:00,25404.4,-1,FG601
2025-12-10 10:00:00,25564.0,-1,FG601
2025-12-10 10:30:00,25472.8,-1,FG601
2025-12-10 11:00:00,25472.8,-1,FG601
2025-12-10 11:30:00,25407.2,-1,FG601
2025-12-10 13:30:00,25404.4,-1,FG601
2025-12-10 14:00:00,25287.6,-1,FG601
2025-12-10 14:30:00,25358.8,-1,FG601
2025-12-10 15:00:00,25472.8,-1,FG601
2025-12-10 21:00:00,25712.4,-1,FG601
2025-12-10 21:30:00,25507.2,-1,FG601
2025-12-10 22:00:00,25507.2,-1,FG601
2025-12-10 22:30:00,25550.0,-1,FG601
2025-12-10 23:00:00,25504.4,-1,FG601
2025-12-11 09:00:00,25547.2,-1,FG601
2025-12-11 09:30:00,25658.4,-1,FG601
2025-12-11 10:00:00,25615.6,-1,FG601
2025-12-11 10:30:00,25570.0,-1,FG601
2025-12-11 11:00:00,25635.6,-1,FG601
2025-12-11 11:30:00,25612.8,-1,FG601
2025-12-11 13:30:00,25595.6,-1,FG601
2025-12-11 14:00:00,25732.4,-1,FG601
2025-12-11 14:30:00,25755.2,-1,FG601
2025-12-11 15:00:00,25755.2,-1,FG601
2025-12-11 21:00:00,25843.6,-1,FG601
2025-12-11 21:30:00,25983.2,-1,FG601
2025-12-11 22:00:00,25778.0,-1,FG601
2025-12-11 22:30:00,25732.4,-1,FG601
2025-12-11 23:00:00,25823.6,-1,FG601
2025-12-12 09:00:00,25849.2,-1,FG601
2025-12-12 09:30:00,25780.8,-1,FG601
2025-12-12 10:00:00,25669.6,-1,FG601
2025-12-12 10:30:00,25738.0,-1,FG601
2025-12-12 11:00:00,25829.2,-1,FG601
2025-12-12 11:30:00,25854.8,-1,FG601
2025-12-12 13:30:00,25877.6,-1,FG601
2025-12-12 14:00:00,25946.0,-1,FG601
2025-12-12 14:30:00,26037.2,-1,FG601
2025-12-12 15:00:00,26194.0,-1,FG601
2025-12-12 21:00:00,26026.0,-1,FG601
2025-12-12 21:30:00,25846.4,-1,FG601
2025-12-12 22:00:00,25940.4,-1,FG601
2025-12-12 22:30:00,25963.2,-1,FG601
2025-12-12 23:00:00,26008.8,-1,FG601
2025-12-15 09:00:00,25408.4,-1,FG605
2025-12-15 09:30:00,28364.0,0,FG605
2025-12-15 10:00:00,28364.0,0,FG605
2025-12-15 10:30:00,28364.0,0,FG605
2025-12-15 11:00:00,28364.0,0,FG605
2025-12-15 11:30:00,28364.0,0,FG605
2025-12-15 13:30:00,28364.0,0,FG605
2025-12-15 14:00:00,28364.0,0,FG605
2025-12-15 14:30:00,28364.0,0,FG605
2025-12-15 15:00:00,28364.0,0,FG605
2025-12-15 21:00:00,28364.0,0,FG605
2025-12-15 21:30:00,28364.0,0,FG605
2025-12-15 22:00:00,28364.0,0,FG605
2025-12-15 22:30:00,28364.0,0,FG605
2025-12-15 23:00:00,28364.0,0,FG605
2025-12-16 09:00:00,28364.0,0,FG605
2025-12-16 09:30:00,28364.0,0,FG605
2025-12-16 10:00:00,28364.0,0,FG605
2025-12-16 10:30:00,28364.0,0,FG605
2025-12-16 11:00:00,28364.0,0,FG605
2025-12-16 11:30:00,28364.0,0,FG605
2025-12-16 13:30:00,28364.0,0,FG605
2025-12-16 14:00:00,28364.0,0,FG605
2025-12-16 14:30:00,28364.0,0,FG605
2025-12-16 15:00:00,28364.0,0,FG605
2025-12-16 21:00:00,28364.0,0,FG605
2025-12-16 21:30:00,28364.0,0,FG605
2025-12-16 22:00:00,28364.0,0,FG605
2025-12-16 22:30:00,28364.0,0,FG605
2025-12-16 23:00:00,28364.0,0,FG605
2025-12-17 09:00:00,28364.0,0,FG605
2025-12-17 09:30:00,28364.0,0,FG605
2025-12-17 10:00:00,28364.0,0,FG605
2025-12-17 10:30:00,28364.0,0,FG605
2025-12-17 11:00:00,28364.0,0,FG605
2025-12-17 11:30:00,28364.0,0,FG605
2025-12-17 13:30:00,28364.0,0,FG605
2025-12-17 14:00:00,28364.0,0,FG605
2025-12-17 14:30:00,28364.0,0,FG605
2025-12-17 15:00:00,28364.0,0,FG605
2025-12-17 21:00:00,28364.0,0,FG605
2025-12-17 21:30:00,28364.0,0,FG605
2025-12-17 22:00:00,28364.0,0,FG605
2025-12-17 22:30:00,28364.0,0,FG605
2025-12-17 23:00:00,28364.0,0,FG605
2025-12-18 09:00:00,28364.0,0,FG605
2025-12-18 09:30:00,31176.0,1,FG605
2025-12-18 10:00:00,31198.8,1,FG605
2025-12-18 10:30:00,31221.6,1,FG605
2025-12-18 11:00:00,31221.6,1,FG605
2025-12-18 11:30:00,31332.8,1,FG605
2025-12-18 13:30:00,31355.6,1,FG605
2025-12-18 14:00:00,31375.6,1,FG605
2025-12-18 14:30:00,31421.2,1,FG605
2025-12-18 15:00:00,31355.6,1,FG605
2025-12-18 21:00:00,31344.4,1,FG605
2025-12-18 21:30:00,31250.4,1,FG605
2025-12-18 22:00:00,31227.6,1,FG605
2025-12-18 22:30:00,31273.2,1,FG605
2025-12-18 23:00:00,31270.4,1,FG605
2025-12-19 09:00:00,31270.4,1,FG605
2025-12-19 09:30:00,31290.4,1,FG605
2025-12-19 10:00:00,31244.8,1,FG605
2025-12-19 10:30:00,31224.8,1,FG605
2025-12-19 11:00:00,27900.0,0,FG605
2025-12-19 11:30:00,30778.4,1,FG605
2025-12-19 13:30:00,30801.2,1,FG605
2025-12-19 14:00:00,30664.4,1,FG605
2025-12-19 14:30:00,30710.0,1,FG605
2025-12-19 15:00:00,30732.8,1,FG605
2025-12-19 21:00:00,30584.8,1,FG605
2025-12-19 21:30:00,30741.6,1,FG605
2025-12-19 22:00:00,30718.8,1,FG605
2025-12-19 22:30:00,30716.0,1,FG605
2025-12-19 23:00:00,30807.2,1,FG605
2025-12-22 09:00:00,30758.8,1,FG605
2025-12-22 09:30:00,30576.4,1,FG605
2025-12-22 10:00:00,30485.2,1,FG605
2025-12-22 10:30:00,30553.6,1,FG605
2025-12-22 11:00:00,30485.2,1,FG605
2025-12-22 11:30:00,30553.6,1,FG605
2025-12-22 13:30:00,30530.8,1,FG605
2025-12-22 14:00:00,30573.6,1,FG605
2025-12-22 14:30:00,30596.4,1,FG605
2025-12-22 15:00:00,30644.8,1,FG605
2025-12-22 21:00:00,30627.6,1,FG605
2025-12-22 21:30:00,30784.4,1,FG605
2025-12-22 22:00:00,30693.2,1,FG605
2025-12-22 22:30:00,30510.8,1,FG605
2025-12-22 23:00:00,30510.8,1,FG605
2025-12-23 09:00:00,30462.4,1,FG605
2025-12-23 09:30:00,27036.0,0,FG605
2025-12-23 10:00:00,24172.4,-1,FG605
2025-12-23 10:30:00,24129.6,-1,FG605
2025-12-23 11:00:00,24152.4,-1,FG605
2025-12-23 11:30:00,24084.0,-1,FG605
2025-12-23 13:30:00,24058.4,-1,FG605
2025-12-23 14:00:00,24106.8,-1,FG605
2025-12-23 14:30:00,24061.2,-1,FG605
2025-12-23 15:00:00,24035.6,-1,FG605
2025-12-23 21:00:00,23827.6,-1,FG605
2025-12-23 21:30:00,23964.4,-1,FG605
2025-12-23 22:00:00,23847.6,-1,FG605
2025-12-23 22:30:00,23938.8,-1,FG605
2025-12-23 23:00:00,23936.0,-1,FG605
2025-12-24 09:00:00,24001.6,-1,FG605
2025-12-24 09:30:00,24047.2,-1,FG605
2025-12-24 10:00:00,23816.4,-1,FG605
2025-12-24 10:30:00,26072.0,0,FG605
2025-12-24 11:00:00,28930.0,1,FG605
2025-12-24 11:30:00,29046.8,1,FG605
2025-12-24 13:30:00,29069.6,1,FG605
2025-12-24 14:00:00,28887.2,1,FG605
2025-12-24 14:30:00,28864.4,1,FG605
2025-12-24 15:00:00,28844.4,1,FG605
2025-12-24 21:00:00,28941.2,1,FG605
2025-12-24 21:30:00,28961.2,1,FG605
2025-12-24 22:00:00,28827.2,1,FG605
2025-12-24 22:30:00,28941.2,1,FG605
2025-12-24 23:00:00,28850.0,1,FG605
2025-12-25 09:00:00,28807.2,1,FG605
2025-12-25 09:30:00,28944.0,1,FG605
2025-12-25 10:00:00,28898.4,1,FG605
2025-12-25 10:30:00,28946.8,1,FG605
2025-12-25 11:00:00,28855.6,1,FG605
2025-12-25 11:30:00,28812.8,1,FG605
2025-12-25 13:30:00,28744.4,1,FG605
2025-12-25 14:00:00,28676.0,1,FG605
2025-12-25 14:30:00,28676.0,1,FG605
2025-12-25 15:00:00,28741.6,1,FG605
2025-12-25 21:00:00,28758.8,1,FG605
2025-12-25 21:30:00,28918.4,1,FG605
2025-12-25 22:00:00,28804.4,1,FG605
2025-12-25 22:30:00,28716.0,1,FG605
2025-12-25 23:00:00,28553.6,1,FG605
2025-12-26 09:00:00,25168.0,0,FG605
2025-12-26 09:30:00,28012.8,1,FG605
2025-12-26 10:00:00,28061.2,1,FG605
2025-12-26 10:30:00,28129.6,1,FG605
2025-12-26 11:00:00,28377.6,1,FG605
2025-12-26 11:30:00,28309.2,1,FG605
2025-12-26 13:30:00,28377.6,1,FG605
2025-12-26 14:00:00,28332.0,1,FG605
2025-12-26 14:30:00,28540.0,1,FG605
2025-12-26 15:00:00,28585.6,1,FG605
2025-12-26 21:00:00,28640.0,1,FG605
2025-12-26 21:30:00,28617.2,1,FG605
2025-12-26 22:00:00,28594.4,1,FG605
2025-12-26 22:30:00,28477.6,1,FG605
2025-12-26 23:00:00,28520.4,1,FG605
2025-12-29 09:00:00,28640.0,1,FG605
2025-12-29 09:30:00,28480.4,1,FG605
2025-12-29 10:00:00,28526.0,1,FG605
2025-12-29 10:30:00,28526.0,1,FG605
2025-12-29 11:00:00,28617.2,1,FG605
2025-12-29 11:30:00,28640.0,1,FG605
2025-12-29 13:30:00,28600.0,1,FG605
2025-12-29 14:00:00,28577.2,1,FG605
2025-12-29 14:30:00,28486.0,1,FG605
2025-12-29 15:00:00,28508.8,1,FG605
2025-12-29 21:00:00,28597.2,1,FG605
2025-12-29 21:30:00,28483.2,1,FG605
2025-12-29 22:00:00,28437.6,1,FG605
2025-12-29 22:30:00,28503.2,1,FG605
2025-12-29 23:00:00,28594.4,1,FG605
2025-12-30 09:00:00,28597.2,1,FG605
2025-12-30 09:30:00,29010.4,1,FG605
2025-12-30 10:00:00,29010.4,1,FG605
2025-12-30 10:30:00,29261.2,1,FG605
2025-12-30 11:00:00,29329.6,1,FG605
2025-12-30 11:30:00,29261.2,1,FG605
2025-12-30 13:30:00,29238.4,1,FG605
2025-12-30 14:00:00,29238.4,1,FG605
2025-12-30 14:30:00,29329.6,1,FG605
2025-12-30 15:00:00,29349.6,1,FG605
2025-12-30 21:00:00,29269.6,1,FG605
2025-12-30 21:30:00,29360.8,1,FG605
2025-12-30 22:00:00,29472.0,1,FG605
2025-12-30 22:30:00,29469.2,1,FG605
2025-12-30 23:00:00,29514.8,1,FG605
2025-12-31 09:00:00,29423.6,1,FG605
2025-12-31 09:30:00,29332.4,1,FG605
2025-12-31 10:00:00,29241.2,1,FG605
2025-12-31 10:30:00,29335.2,1,FG605
2025-12-31 11:00:00,29244.0,1,FG605
2025-12-31 11:30:00,29244.0,1,FG605
2025-12-31 13:30:00,29221.2,1,FG605
2025-12-31 14:00:00,29218.4,1,FG605
2025-12-31 14:30:00,29332.4,1,FG605
2025-12-31 15:00:00,29289.6,1,FG605
2026-01-05 09:00:00,29012.8,1,FG605
2026-01-05 09:30:00,29055.6,1,FG605
2026-01-05 10:00:00,29101.2,1,FG605
2026-01-05 10:30:00,29218.0,1,FG605
2026-01-05 11:00:00,29149.6,1,FG605
2026-01-05 11:30:00,29263.6,1,FG605
2026-01-05 13:30:00,29283.6,1,FG605
2026-01-05 14:00:00,29052.8,1,FG605
2026-01-05 14:30:00,28987.2,1,FG605
2026-01-05 15:00:00,29052.8,1,FG605
2026-01-05 21:00:00,29027.2,1,FG605
2026-01-05 21:30:00,28844.8,1,FG605
2026-01-05 22:00:00,28890.4,1,FG605
2026-01-05 22:30:00,28910.4,1,FG605
2026-01-05 23:00:00,28930.4,1,FG605
2026-01-06 09:00:00,28953.2,1,FG605
2026-01-06 09:30:00,29024.4,1,FG605
2026-01-06 10:00:00,29184.0,1,FG605
2026-01-06 10:30:00,29226.8,1,FG605
2026-01-06 11:00:00,29229.6,1,FG605
2026-01-06 11:30:00,29298.0,1,FG605
2026-01-06 13:30:00,29320.8,1,FG605
2026-01-06 14:00:00,29184.0,1,FG605
2026-01-06 14:30:00,29252.4,1,FG605
2026-01-06 15:00:00,29343.6,1,FG605
2026-01-06 21:00:00,29471.6,1,FG605
2026-01-06 21:30:00,29950.4,1,FG605
2026-01-06 22:00:00,30021.6,1,FG605
2026-01-06 22:30:00,30204.0,1,FG605
2026-01-06 23:00:00,30112.8,1,FG605
2026-01-07 09:00:00,29930.4,1,FG605
2026-01-07 09:30:00,29998.8,1,FG605
2026-01-07 10:00:00,29933.2,1,FG605
2026-01-07 10:30:00,29770.8,1,FG605
2026-01-07 11:00:00,29930.4,1,FG605
2026-01-07 11:30:00,30363.6,1,FG605
2026-01-07 13:30:00,30358.0,1,FG605
2026-01-07 14:00:00,30403.6,1,FG605
2026-01-07 14:30:00,30680.0,1,FG605
2026-01-07 15:00:00,30500.4,1,FG605
2026-01-07 21:00:00,30474.8,1,FG605
2026-01-07 21:30:00,30452.0,1,FG605
2026-01-07 22:00:00,30586.0,1,FG605
2026-01-07 22:30:00,30608.8,1,FG605
2026-01-07 23:00:00,30494.8,1,FG605
2026-01-08 09:00:00,30446.4,1,FG605
2026-01-08 09:30:00,30626.0,1,FG605
2026-01-08 10:00:00,30854.0,1,FG605
2026-01-08 10:30:00,30808.4,1,FG605
2026-01-08 11:00:00,30760.0,1,FG605
2026-01-08 11:30:00,30532.0,1,FG605
2026-01-08 13:30:00,30486.4,1,FG605
2026-01-08 14:00:00,30512.0,1,FG605
2026-01-08 14:30:00,30808.4,1,FG605
2026-01-08 15:00:00,30922.4,1,FG605
2026-01-08 21:00:00,30973.6,1,FG605
2026-01-08 21:30:00,30791.2,1,FG605
2026-01-08 22:00:00,30654.4,1,FG605
2026-01-08 22:30:00,30221.2,1,FG605
2026-01-08 23:00:00,30198.4,1,FG605
2026-01-09 09:00:00,30360.8,1,FG605
2026-01-09 09:30:00,30289.6,1,FG605
2026-01-09 10:00:00,30335.2,1,FG605
2026-01-09 10:30:00,30403.6,1,FG605
2026-01-09 11:00:00,30360.8,1,FG605
2026-01-09 11:30:00,30335.2,1,FG605
2026-01-09 13:30:00,30380.8,1,FG605
2026-01-09 14:00:00,30403.6,1,FG605
2026-01-09 14:30:00,30426.4,1,FG605
2026-01-09 15:00:00,30469.2,1,FG605
2026-01-09 21:00:00,30403.6,1,FG605
2026-01-09 21:30:00,28944.0,0,FG605
2026-01-09 22:00:00,32132.0,1,FG605
2026-01-09 22:30:00,32132.0,1,FG605
2026-01-09 23:00:00,32132.0,1,FG605
2026-01-12 09:00:00,32180.4,1,FG605
2026-01-12 09:30:00,32066.4,1,FG605
2026-01-12 10:00:00,32157.6,1,FG605
2026-01-12 10:30:00,32134.8,1,FG605
2026-01-12 11:00:00,32317.2,1,FG605
2026-01-12 11:30:00,32360.0,1,FG605
2026-01-12 13:30:00,32385.6,1,FG605
2026-01-12 14:00:00,32365.6,1,FG605
2026-01-12 14:30:00,32548.0,1,FG605
2026-01-12 15:00:00,32502.4,1,FG605
2026-01-12 21:00:00,32320.0,1,FG605
2026-01-12 21:30:00,32114.8,1,FG605
2026-01-12 22:00:00,32092.0,1,FG605
2026-01-12 22:30:00,32112.0,1,FG605
2026-01-12 23:00:00,32089.2,1,FG605
2026-01-13 09:00:00,32183.2,1,FG605
2026-01-13 09:30:00,32140.4,1,FG605
2026-01-13 10:00:00,32117.6,1,FG605
2026-01-13 10:30:00,32069.2,1,FG605
2026-01-13 11:00:00,32160.4,1,FG605
2026-01-13 11:30:00,32160.4,1,FG605
2026-01-13 13:30:00,28780.0,0,FG605
2026-01-13 14:00:00,25838.4,-1,FG605
2026-01-13 14:30:00,25904.0,-1,FG605
2026-01-13 15:00:00,26109.2,-1,FG605
2026-01-13 21:00:00,26237.6,-1,FG605
2026-01-13 21:30:00,26260.4,-1,FG605
2026-01-13 22:00:00,26374.4,-1,FG605
2026-01-13 22:30:00,26303.2,-1,FG605
2026-01-13 23:00:00,26283.2,-1,FG605
2026-01-14 09:00:00,26371.6,-1,FG605
2026-01-14 09:30:00,26300.4,-1,FG605
2026-01-14 10:00:00,26297.6,-1,FG605
2026-01-14 10:30:00,26366.0,-1,FG605
2026-01-14 11:00:00,26343.2,-1,FG605
2026-01-14 11:30:00,26254.8,-1,FG605
2026-01-14 13:30:00,26140.4,-1,FG605
2026-01-14 14:00:00,26254.4,-1,FG605
2026-01-14 14:30:00,26052.0,-1,FG605
2026-01-14 15:00:00,26049.2,-1,FG605
2026-01-14 21:00:00,26134.8,-1,FG605
2026-01-14 21:30:00,26317.2,-1,FG605
2026-01-14 22:00:00,26294.4,-1,FG605
2026-01-14 22:30:00,26203.2,-1,FG605
2026-01-14 23:00:00,26180.4,-1,FG605
2026-01-15 09:00:00,26114.8,-1,FG605
2026-01-15 09:30:00,26092.0,-1,FG605
2026-01-15 10:00:00,26114.8,-1,FG605
2026-01-15 10:30:00,26231.6,-1,FG605
2026-01-15 11:00:00,26300.0,-1,FG605
2026-01-15 11:30:00,26277.2,-1,FG605
2026-01-15 13:30:00,26208.8,-1,FG605
2026-01-15 14:00:00,26234.4,-1,FG605
2026-01-15 14:30:00,26257.2,-1,FG605
2026-01-15 15:00:00,26277.2,-1,FG605
2026-01-15 21:00:00,25966.8,-1,FG605
2026-01-15 21:30:00,26263.2,-1,FG605
2026-01-15 22:00:00,26240.4,-1,FG605
2026-01-15 22:30:00,26266.0,-1,FG605
2026-01-15 23:00:00,26337.2,-1,FG605
2026-01-16 09:00:00,26180.4,-1,FG605
2026-01-16 09:30:00,26000.8,-1,FG605
2026-01-16 10:00:00,28876.0,0,FG605
2026-01-16 10:30:00,25956.8,-1,FG605
2026-01-16 11:00:00,25956.8,-1,FG605
2026-01-16 11:30:00,25911.2,-1,FG605
2026-01-16 13:30:00,25797.2,-1,FG605
2026-01-16 14:00:00,25956.8,-1,FG605
2026-01-16 14:30:00,25865.6,-1,FG605
2026-01-16 15:00:00,25845.6,-1,FG605
2026-01-16 21:00:00,25914.0,-1,FG605
2026-01-16 21:30:00,25777.2,-1,FG605
2026-01-16 22:00:00,25666.0,-1,FG605
2026-01-16 22:30:00,25597.6,-1,FG605
2026-01-16 23:00:00,25711.6,-1,FG605
2026-01-19 09:00:00,25936.8,-1,FG605
2026-01-19 09:30:00,26142.0,-1,FG605
2026-01-19 10:00:00,26119.2,-1,FG605
2026-01-19 10:30:00,26207.6,-1,FG605
2026-01-19 11:00:00,26666.4,-1,FG605
2026-01-19 11:30:00,26575.2,-1,FG605
2026-01-19 13:30:00,26526.8,-1,FG605
2026-01-19 14:00:00,26595.2,-1,FG605
2026-01-19 14:30:00,26549.6,-1,FG605
2026-01-19 15:00:00,26598.0,-1,FG605
2026-01-19 21:00:00,26689.2,-1,FG605
2026-01-19 21:30:00,26734.8,-1,FG605
2026-01-19 22:00:00,26732.0,-1,FG605
2026-01-19 22:30:00,26712.0,-1,FG605
2026-01-19 23:00:00,26734.8,-1,FG605
2026-01-20 09:00:00,26652.0,-1,FG605
2026-01-20 09:30:00,26583.6,-1,FG605
2026-01-20 10:00:00,26674.8,-1,FG605
2026-01-20 10:30:00,26672.0,-1,FG605
2026-01-20 11:00:00,26720.4,-1,FG605
2026-01-20 11:30:00,26697.6,-1,FG605
2026-01-20 13:30:00,26674.8,-1,FG605
2026-01-20 14:00:00,26672.0,-1,FG605
2026-01-20 14:30:00,26674.8,-1,FG605
2026-01-20 15:00:00,26857.2,-1,FG605
2026-01-20 21:00:00,26857.2,-1,FG605
2026-01-20 21:30:00,26834.4,-1,FG605
2026-01-20 22:00:00,26768.8,-1,FG605
2026-01-20 22:30:00,26837.2,-1,FG605
2026-01-20 23:00:00,26768.8,-1,FG605
2026-01-21 09:00:00,26791.6,-1,FG605
2026-01-21 09:30:00,26857.2,-1,FG605
2026-01-21 10:00:00,26857.2,-1,FG605
2026-01-21 10:30:00,26905.6,-1,FG605
2026-01-21 11:00:00,26862.8,-1,FG605
2026-01-21 11:30:00,26934.0,-1,FG605
2026-01-21 13:30:00,26842.8,-1,FG605
2026-01-21 14:00:00,27025.2,-1,FG605
2026-01-21 14:30:00,27050.8,-1,FG605
2026-01-21 15:00:00,27144.8,-1,FG605
2026-01-21 21:00:00,27090.8,-1,FG605
2026-01-21 21:30:00,27227.6,-1,FG605
2026-01-21 22:00:00,26885.6,-1,FG605
2026-01-21 22:30:00,27022.4,-1,FG605
2026-01-21 23:00:00,27002.4,-1,FG605
2026-01-22 09:00:00,26959.6,-1,FG605
2026-01-22 09:30:00,26868.4,-1,FG605
2026-01-22 10:00:00,26891.2,-1,FG605
2026-01-22 10:30:00,26962.4,-1,FG605
2026-01-22 11:00:00,26848.4,-1,FG605
2026-01-22 11:30:00,26802.8,-1,FG605
2026-01-22 13:30:00,26754.4,-1,FG605
2026-01-22 14:00:00,26711.6,-1,FG605
2026-01-22 14:30:00,26782.8,-1,FG605
2026-01-22 15:00:00,26734.4,-1,FG605
2026-01-22 21:00:00,26817.2,-1,FG605
2026-01-22 21:30:00,30672.0,0,FG605
2026-01-22 22:00:00,27758.8,-1,FG605
2026-01-22 22:30:00,27690.4,-1,FG605
2026-01-22 23:00:00,27619.2,-1,FG605
2026-01-23 09:00:00,27505.2,-1,FG605
2026-01-23 09:30:00,27599.2,-1,FG605
2026-01-23 10:00:00,27374.0,-1,FG605
2026-01-23 10:30:00,33022.0,1,FG605
2026-01-23 11:00:00,32950.8,1,FG605
2026-01-23 11:30:00,32742.8,1,FG605
2026-01-23 13:30:00,32694.4,1,FG605
2026-01-23 14:00:00,32828.4,1,FG605
2026-01-23 14:30:00,32965.2,1,FG605
2026-01-23 15:00:00,32965.2,1,FG605
2026-01-23 21:00:00,32882.4,1,FG605
2026-01-23 21:30:00,33019.2,1,FG605
2026-01-23 22:00:00,33156.0,1,FG605
2026-01-23 22:30:00,32976.4,1,FG605
2026-01-23 23:00:00,32979.2,1,FG605
2026-01-26 09:00:00,33061.6,1,FG605
2026-01-26 09:30:00,32950.4,1,FG605
2026-01-26 10:00:00,33041.6,1,FG605
2026-01-26 10:30:00,33221.2,1,FG605
2026-01-26 11:00:00,33130.0,1,FG605
2026-01-26 11:30:00,33269.6,1,FG605
2026-01-26 13:30:00,33181.2,1,FG605
2026-01-26 14:00:00,33178.4,1,FG605
2026-01-26 14:30:00,33224.0,1,FG605
2026-01-26 15:00:00,33249.6,1,FG605
2026-01-26 21:00:00,33144.0,1,FG605
2026-01-26 21:30:00,32776.4,1,FG605
2026-01-26 22:00:00,32819.2,1,FG605
2026-01-26 22:30:00,32839.2,1,FG605
2026-01-26 23:00:00,32839.2,1,FG605
2026-01-27 09:00:00,32910.4,1,FG605
2026-01-27 09:30:00,33047.2,1,FG605
2026-01-27 10:00:00,32799.2,1,FG605
2026-01-27 10:30:00,32910.4,1,FG605
2026-01-27 11:00:00,32953.2,1,FG605
2026-01-27 11:30:00,32819.2,1,FG605
2026-01-27 13:30:00,32842.0,1,FG605
2026-01-27 14:00:00,32776.4,1,FG605
2026-01-27 14:30:00,32776.4,1,FG605
2026-01-27 15:00:00,32730.8,1,FG605
2026-01-27 21:00:00,29424.0,0,FG605
2026-01-27 21:30:00,32638.0,1,FG605
2026-01-27 22:00:00,32589.6,1,FG605
2026-01-27 22:30:00,32612.4,1,FG605
2026-01-27 23:00:00,32589.6,1,FG605
2026-01-28 09:00:00,32683.6,1,FG605
2026-01-28 09:30:00,32569.6,1,FG605
2026-01-28 10:00:00,32569.6,1,FG605
2026-01-28 10:30:00,32663.6,1,FG605
2026-01-28 11:00:00,32640.8,1,FG605
2026-01-28 11:30:00,32754.8,1,FG605
2026-01-28 13:30:00,32683.6,1,FG605
2026-01-28 14:00:00,32732.0,1,FG605
2026-01-28 14:30:00,32595.2,1,FG605
2026-01-28 15:00:00,32529.6,1,FG605
2026-01-28 21:00:00,32598.0,1,FG605
2026-01-28 21:30:00,32504.0,1,FG605
2026-01-28 22:00:00,32598.0,1,FG605
2026-01-28 22:30:00,32734.8,1,FG605
2026-01-28 23:00:00,32714.8,1,FG605
2026-01-29 09:00:00,32649.2,1,FG605
2026-01-29 09:30:00,32692.0,1,FG605
2026-01-29 10:00:00,32760.4,1,FG605
2026-01-29 10:30:00,32734.8,1,FG605
2026-01-29 11:00:00,32874.4,1,FG605
2026-01-29 11:30:00,32649.2,1,FG605
2026-01-29 13:30:00,32654.8,1,FG605
2026-01-29 14:00:00,32791.6,1,FG605
2026-01-29 14:30:00,32680.4,1,FG605
2026-01-29 15:00:00,32865.6,1,FG605
2026-01-29 21:00:00,32737.2,1,FG605
2026-01-29 21:30:00,32785.6,1,FG605
2026-01-29 22:00:00,32606.0,1,FG605
2026-01-29 22:30:00,32674.4,1,FG605
2026-01-29 23:00:00,32674.4,1,FG605
2026-01-30 09:00:00,32648.8,1,FG605
2026-01-30 09:30:00,32326.8,1,FG605
2026-01-30 10:00:00,32258.4,1,FG605
2026-01-30 10:30:00,32124.4,1,FG605
2026-01-30 11:00:00,29000.0,0,FG605
2026-01-30 11:30:00,31923.2,1,FG605
2026-01-30 13:30:00,31926.0,1,FG605
2026-01-30 14:00:00,31971.6,1,FG605
2026-01-30 14:30:00,31880.4,1,FG605
2026-01-30 15:00:00,31834.8,1,FG605
2026-01-30 21:00:00,31920.4,1,FG605
2026-01-30 21:30:00,32447.6,1,FG605
2026-01-30 22:00:00,32402.0,1,FG605
2026-01-30 22:30:00,32444.8,1,FG605
2026-01-30 23:00:00,32399.2,1,FG605
2026-02-02 09:00:00,32282.4,1,FG605
2026-02-02 09:30:00,32282.4,1,FG605
2026-02-02 10:00:00,32373.6,1,FG605
2026-02-02 10:30:00,32282.4,1,FG605
2026-02-02 11:00:00,32168.4,1,FG605
2026-02-02 11:30:00,32142.8,1,FG605
2026-02-02 13:30:00,32071.6,1,FG605
2026-02-02 14:00:00,28896.0,0,FG605
2026-02-02 14:30:00,31691.2,1,FG605
2026-02-02 15:00:00,31850.8,1,FG605
2026-02-02 21:00:00,31961.6,1,FG605
2026-02-02 21:30:00,32258.0,1,FG605
2026-02-02 22:00:00,32280.8,1,FG605
2026-02-02 22:30:00,26731.6,-1,FG605
2026-02-02 23:00:00,26757.2,-1,FG605
2026-02-03 09:00:00,26802.8,-1,FG605
2026-02-03 09:30:00,26688.8,-1,FG605
2026-02-03 10:00:00,26688.8,-1,FG605
2026-02-03 10:30:00,26871.2,-1,FG605
2026-02-03 11:00:00,26891.2,-1,FG605
2026-02-03 11:30:00,26959.6,-1,FG605
2026-02-03 13:30:00,26959.6,-1,FG605
2026-02-03 14:00:00,27005.2,-1,FG605
2026-02-03 14:30:00,26982.4,-1,FG605
2026-02-03 15:00:00,26868.4,-1,FG605
2026-02-03 21:00:00,29448.0,0,FG605
2026-02-03 21:30:00,32608.8,1,FG605
2026-02-03 22:00:00,32494.8,1,FG605
2026-02-03 22:30:00,32472.0,1,FG605
2026-02-03 23:00:00,32494.8,1,FG605
2026-02-04 09:00:00,32543.2,1,FG605
2026-02-04 09:30:00,32588.8,1,FG605
2026-02-04 10:00:00,32634.4,1,FG605
2026-02-04 10:30:00,32725.6,1,FG605
2026-02-04 11:00:00,32725.6,1,FG605
2026-02-04 11:30:00,32885.2,1,FG605
2026-02-04 13:30:00,32865.2,1,FG605
2026-02-04 14:00:00,32728.4,1,FG605
2026-02-04 14:30:00,32751.2,1,FG605
2026-02-04 15:00:00,32771.2,1,FG605
2026-02-04 21:00:00,32654.4,1,FG605
2026-02-04 21:30:00,32358.0,1,FG605
2026-02-04 22:00:00,32452.0,1,FG605
2026-02-04 22:30:00,32520.4,1,FG605
2026-02-04 23:00:00,32517.6,1,FG605
2026-02-05 09:00:00,32563.2,1,FG605
2026-02-05 09:30:00,32540.4,1,FG605
2026-02-05 10:00:00,32449.2,1,FG605
2026-02-05 10:30:00,32312.4,1,FG605
2026-02-05 11:00:00,29044.0,0,FG605
2026-02-05 11:30:00,32020.0,1,FG605
2026-02-05 13:30:00,31997.2,1,FG605
2026-02-05 14:00:00,31951.6,1,FG605
2026-02-05 14:30:00,32020.0,1,FG605
2026-02-05 15:00:00,32108.4,1,FG605
2026-02-05 21:00:00,31912.0,1,FG605
2026-02-05 21:30:00,31866.4,1,FG605
2026-02-05 22:00:00,31820.8,1,FG605
2026-02-05 22:30:00,31818.0,1,FG605
2026-02-05 23:00:00,31863.6,1,FG605
2026-02-06 09:00:00,31880.8,1,FG605
2026-02-06 09:30:00,31815.2,1,FG605
2026-02-06 10:00:00,31858.0,1,FG605
2026-02-06 10:30:00,32017.6,1,FG605
2026-02-06 11:00:00,31858.0,1,FG605
2026-02-06 11:30:00,31926.4,1,FG605
2026-02-06 13:30:00,31929.2,1,FG605
2026-02-06 14:00:00,32020.4,1,FG605
2026-02-06 14:30:00,31994.8,1,FG605
2026-02-06 15:00:00,31903.6,1,FG605
2026-02-06 21:00:00,31829.6,1,FG605
2026-02-06 21:30:00,28380.0,0,FG605
2026-02-06 22:00:00,31211.6,1,FG605
2026-02-06 22:30:00,31166.0,1,FG605
2026-02-06 23:00:00,31117.6,1,FG605
2026-02-09 09:00:00,31294.0,1,FG605
2026-02-09 09:30:00,31134.4,1,FG605
2026-02-09 10:00:00,31225.6,1,FG605
2026-02-09 10:30:00,31225.6,1,FG605
2026-02-09 11:00:00,31385.2,1,FG605
2026-02-09 11:30:00,31473.6,1,FG605
2026-02-09 13:30:00,31772.8,1,FG605
2026-02-09 14:00:00,26352.8,-1,FG605
2026-02-09 14:30:00,26352.8,-1,FG605
2026-02-09 15:00:00,26375.6,-1,FG605
2026-02-09 21:00:00,26441.6,-1,FG605
2026-02-09 21:30:00,26262.0,-1,FG605
2026-02-09 22:00:00,26421.6,-1,FG605
2026-02-09 22:30:00,26444.4,-1,FG605
2026-02-09 23:00:00,26444.4,-1,FG605
2026-02-10 09:00:00,26538.4,-1,FG605
2026-02-10 09:30:00,26564.0,-1,FG605
2026-02-10 10:00:00,26495.6,-1,FG605
2026-02-10 10:30:00,26564.0,-1,FG605
2026-02-10 11:00:00,26609.6,-1,FG605
2026-02-10 11:30:00,26652.4,-1,FG605
2026-02-10 13:30:00,26652.4,-1,FG605
2026-02-10 14:00:00,26675.2,-1,FG605
2026-02-10 14:30:00,26649.6,-1,FG605
2026-02-10 15:00:00,26738.0,-1,FG605
2026-02-10 21:00:00,26806.4,-1,FG605
2026-02-10 21:30:00,26738.0,-1,FG605
2026-02-10 22:00:00,26783.6,-1,FG605
2026-02-10 22:30:00,26826.4,-1,FG605
2026-02-10 23:00:00,26806.4,-1,FG605
2026-02-11 09:00:00,26809.2,-1,FG605
2026-02-11 09:30:00,26852.0,-1,FG605
2026-02-11 10:00:00,26760.8,-1,FG605
2026-02-11 10:30:00,26712.4,-1,FG605
2026-02-11 11:00:00,26735.2,-1,FG605
2026-02-11 11:30:00,26646.8,-1,FG605
2026-02-11 13:30:00,26490.0,-1,FG605
2026-02-11 14:00:00,26558.4,-1,FG605
2026-02-11 14:30:00,26695.2,-1,FG605
2026-02-11 15:00:00,26695.2,-1,FG605
2026-02-11 21:00:00,26837.6,-1,FG605
2026-02-11 21:30:00,26903.2,-1,FG605
2026-02-11 22:00:00,26883.2,-1,FG605
2026-02-11 22:30:00,26860.4,-1,FG605
2026-02-11 23:00:00,26883.2,-1,FG605
2026-02-12 09:00:00,26883.2,-1,FG605
2026-02-12 09:30:00,26746.4,-1,FG605
2026-02-12 10:00:00,26675.2,-1,FG605
2026-02-12 10:30:00,26606.8,-1,FG605
2026-02-12 11:00:00,26672.4,-1,FG605
2026-02-12 11:30:00,26626.8,-1,FG605
2026-02-12 13:30:00,26626.8,-1,FG605
2026-02-12 14:00:00,26646.8,-1,FG605
2026-02-12 14:30:00,26806.4,-1,FG605
2026-02-12 15:00:00,26832.0,-1,FG605
2026-02-12 21:00:00,26880.4,-1,FG605
2026-02-12 21:30:00,26877.6,-1,FG605
2026-02-12 22:00:00,26812.0,-1,FG605
2026-02-12 22:30:00,26877.6,-1,FG605
2026-02-12 23:00:00,26874.8,-1,FG605
2026-02-13 09:00:00,26968.8,-1,FG605
2026-02-13 09:30:00,26991.6,-1,FG605
2026-02-13 10:00:00,26991.6,-1,FG605
2026-02-13 10:30:00,26948.8,-1,FG605
2026-02-13 11:00:00,26906.0,-1,FG605
2026-02-13 11:30:00,26971.6,-1,FG605
2026-02-13 13:30:00,26974.4,-1,FG605
2026-02-13 14:00:00,26951.6,-1,FG605
2026-02-13 14:30:00,27045.6,-1,FG605
2026-02-13 15:00:00,27319.2,-1,FG605
2026-02-24 09:00:00,27271.2,-1,FG605
2026-02-24 09:30:00,27502.0,-1,FG605
2026-02-24 10:00:00,27524.8,-1,FG605
2026-02-24 10:30:00,27388.0,-1,FG605
2026-02-24 11:00:00,27137.2,-1,FG605
2026-02-24 11:30:00,27117.2,-1,FG605
2026-02-24 13:30:00,27185.6,-1,FG605
2026-02-24 14:00:00,27231.2,-1,FG605
2026-02-24 14:30:00,27322.4,-1,FG605
2026-02-24 15:00:00,27274.0,-1,FG605
2026-02-24 21:00:00,27185.6,-1,FG605
2026-02-24 21:30:00,26957.6,-1,FG605
2026-02-24 22:00:00,27048.8,-1,FG605
2026-02-24 22:30:00,27006.0,-1,FG605
2026-02-24 23:00:00,27003.2,-1,FG605
2026-02-25 09:00:00,30512.0,0,FG605
2026-02-25 09:30:00,27542.0,-1,FG605
2026-02-25 10:00:00,27587.6,-1,FG605
2026-02-25 10:30:00,27590.4,-1,FG605
2026-02-25 11:00:00,27570.4,-1,FG605
2026-02-25 11:30:00,27342.4,-1,FG605
2026-02-25 13:30:00,27314.0,-1,FG605
2026-02-25 14:00:00,27402.4,-1,FG605
2026-02-25 14:30:00,27473.6,-1,FG605
2026-02-25 15:00:00,27470.8,-1,FG605
2026-02-25 21:00:00,27579.2,-1,FG605
2026-02-25 21:30:00,27673.2,-1,FG605
2026-02-25 22:00:00,27696.0,-1,FG605
2026-02-25 22:30:00,27718.8,-1,FG605
2026-02-25 23:00:00,27696.0,-1,FG605
2026-02-26 09:00:00,27673.2,-1,FG605
2026-02-26 09:30:00,27670.4,-1,FG605
2026-02-26 10:00:00,27693.2,-1,FG605
2026-02-26 10:30:00,27713.2,-1,FG605
2026-02-26 11:00:00,27781.6,-1,FG605
2026-02-26 11:30:00,27758.8,-1,FG605
2026-02-26 13:30:00,27781.6,-1,FG605
2026-02-26 14:00:00,27784.4,-1,FG605
2026-02-26 14:30:00,27781.6,-1,FG605
2026-02-26 15:00:00,27667.6,-1,FG605
2026-02-26 21:00:00,27724.4,-1,FG605
2026-02-26 21:30:00,27792.8,-1,FG605
2026-02-26 22:00:00,27838.4,-1,FG605
2026-02-26 22:30:00,27818.4,-1,FG605
2026-02-26 23:00:00,27795.6,-1,FG605
2026-02-27 09:00:00,27770.0,-1,FG605
2026-02-27 09:30:00,27835.6,-1,FG605
2026-02-27 10:00:00,27767.2,-1,FG605
2026-02-27 10:30:00,27718.8,-1,FG605
2026-02-27 11:00:00,27741.6,-1,FG605
2026-02-27 11:30:00,27830.0,-1,FG605
2026-02-27 13:30:00,27781.6,-1,FG605
2026-02-27 14:00:00,27801.6,-1,FG605
2026-02-27 14:30:00,27778.8,-1,FG605
2026-02-27 15:00:00,27596.4,-1,FG605
2026-02-27 21:00:00,30248.0,0,FG605
2026-02-27 21:30:00,27472.4,-1,FG605
2026-02-27 22:00:00,27788.8,-1,FG605
2026-02-27 22:30:00,27808.8,-1,FG605
2026-02-27 23:00:00,27786.0,-1,FG605
2026-03-02 09:00:00,27694.8,-1,FG605
2026-03-02 09:30:00,28108.0,-1,FG605
2026-03-02 10:00:00,28153.6,-1,FG605
2026-03-02 10:30:00,28242.0,-1,FG605
2026-03-02 11:00:00,28262.0,-1,FG605
2026-03-02 11:30:00,28079.6,-1,FG605
2026-03-02 13:30:00,28079.6,-1,FG605
2026-03-02 14:00:00,28034.0,-1,FG605
2026-03-02 14:30:00,27965.6,-1,FG605
2026-03-02 15:00:00,27965.6,-1,FG605
2026-03-02 21:00:00,27976.8,-1,FG605
2026-03-02 21:30:00,28070.8,-1,FG605
2026-03-02 22:00:00,28113.6,-1,FG605
2026-03-02 22:30:00,28182.0,-1,FG605
2026-03-02 23:00:00,28116.4,-1,FG605
2026-03-03 09:00:00,28116.4,-1,FG605
2026-03-03 09:30:00,27982.4,-1,FG605
2026-03-03 10:00:00,28076.4,-1,FG605
2026-03-03 10:30:00,28124.8,-1,FG605
2026-03-03 11:00:00,27896.8,-1,FG605
2026-03-03 11:30:00,27876.8,-1,FG605
2026-03-03 13:30:00,27831.2,-1,FG605
2026-03-03 14:00:00,27902.4,-1,FG605
2026-03-03 14:30:00,27694.4,-1,FG605
2026-03-03 15:00:00,30964.0,0,FG605
2026-03-03 21:00:00,28056.4,-1,FG605
2026-03-03 21:30:00,28190.4,-1,FG605
2026-03-03 22:00:00,28096.4,-1,FG605
2026-03-03 22:30:00,28162.0,-1,FG605
2026-03-03 23:00:00,28184.8,-1,FG605
2026-03-04 09:00:00,28162.0,-1,FG605
2026-03-04 09:30:00,28230.4,-1,FG605
2026-03-04 10:00:00,28207.6,-1,FG605
2026-03-04 10:30:00,28253.2,-1,FG605
2026-03-04 11:00:00,28321.6,-1,FG605
2026-03-04 11:30:00,28298.8,-1,FG605
2026-03-04 13:30:00,28341.6,-1,FG605
2026-03-04 14:00:00,28296.0,-1,FG605
2026-03-04 14:30:00,28341.6,-1,FG605
2026-03-04 15:00:00,28455.6,-1,FG605
2026-03-04 21:00:00,28407.2,-1,FG605
2026-03-04 21:30:00,28336.0,-1,FG605
2026-03-04 22:00:00,28358.8,-1,FG605
2026-03-04 22:30:00,28404.4,-1,FG605
2026-03-04 23:00:00,28404.4,-1,FG605
2026-03-05 09:00:00,28384.4,-1,FG605
2026-03-05 09:30:00,28472.8,-1,FG605
2026-03-05 10:00:00,28313.2,-1,FG605
2026-03-05 10:30:00,28242.0,-1,FG605
2026-03-05 11:00:00,28242.0,-1,FG605
2026-03-05 11:30:00,31020.0,0,FG605
2026-03-05 13:30:00,33983.2,1,FG605
2026-03-05 14:00:00,33780.8,1,FG605
2026-03-05 14:30:00,33803.6,1,FG605
2026-03-05 15:00:00,33872.0,1,FG605
2026-03-05 21:00:00,33897.6,1,FG605
2026-03-05 21:30:00,34057.2,1,FG605
2026-03-05 22:00:00,33986.0,1,FG605
2026-03-05 22:30:00,33917.6,1,FG605
2026-03-05 23:00:00,33917.6,1,FG605
2026-03-06 09:00:00,33874.8,1,FG605
2026-03-06 09:30:00,33963.2,1,FG605
2026-03-06 10:00:00,34080.0,1,FG605
2026-03-06 10:30:00,34060.0,1,FG605
2026-03-06 11:00:00,34085.6,1,FG605
2026-03-06 11:30:00,34037.2,1,FG605
2026-03-06 13:30:00,34060.0,1,FG605
2026-03-06 14:00:00,34199.6,1,FG605
2026-03-06 14:30:00,34496.0,1,FG605
2026-03-06 15:00:00,34541.6,1,FG605
2026-03-06 21:00:00,34686.4,1,FG605
2026-03-06 21:30:00,34481.2,1,FG605
2026-03-06 22:00:00,34640.8,1,FG605
2026-03-06 22:30:00,34526.8,1,FG605
2026-03-06 23:00:00,34660.8,1,FG605
2026-03-09 09:00:00,35529.6,1,FG605
2026-03-09 09:30:00,35395.6,1,FG605
2026-03-09 10:00:00,35714.8,1,FG605
2026-03-09 10:30:00,35760.4,1,FG605
2026-03-09 11:00:00,35737.6,1,FG605
2026-03-09 11:30:00,35689.2,1,FG605
2026-03-09 13:30:00,35681.2,1,FG605
2026-03-09 14:00:00,34680.8,1,FG605
2026-03-09 14:30:00,34726.4,1,FG605
2026-03-09 15:00:00,34749.2,1,FG605
2026-03-09 21:00:00,34632.4,1,FG605
2026-03-09 21:30:00,34566.8,1,FG605
2026-03-09 22:00:00,34475.6,1,FG605
2026-03-09 22:30:00,34478.4,1,FG605
2026-03-09 23:00:00,32056.0,0,FG605
2026-03-10 09:00:00,34750.0,1,FG605
2026-03-10 09:30:00,34613.2,1,FG605
2026-03-10 10:00:00,34818.4,1,FG605
2026-03-10 10:30:00,34704.4,1,FG605
2026-03-10 11:00:00,34821.2,1,FG605
2026-03-10 11:30:00,34866.8,1,FG605
2026-03-10 13:30:00,34821.2,1,FG605
2026-03-10 14:00:00,34869.6,1,FG605
2026-03-10 14:30:00,34824.0,1,FG605
2026-03-10 15:00:00,34866.8,1,FG605
2026-03-10 21:00:00,34852.4,1,FG605
2026-03-10 21:30:00,34718.4,1,FG605
2026-03-10 22:00:00,34761.2,1,FG605
2026-03-10 22:30:00,34761.2,1,FG605
2026-03-10 23:00:00,34781.2,1,FG605
2026-03-11 09:00:00,34804.0,1,FG605
2026-03-11 09:30:00,35029.2,1,FG605
2026-03-11 10:00:00,35052.0,1,FG605
2026-03-11 10:30:00,35123.2,1,FG605
2026-03-11 11:00:00,35168.8,1,FG605
2026-03-11 11:30:00,35214.4,1,FG605
2026-03-11 13:30:00,35374.0,1,FG605
2026-03-11 14:00:00,35465.2,1,FG605
2026-03-11 14:30:00,35576.4,1,FG605
2026-03-11 15:00:00,35647.6,1,FG605
2026-03-11 21:00:00,35761.2,1,FG605
2026-03-11 21:30:00,35650.0,1,FG605
2026-03-11 22:00:00,35513.2,1,FG605
2026-03-11 22:30:00,35627.2,1,FG605
2026-03-11 23:00:00,35604.4,1,FG605
2026-03-12 09:00:00,35564.0,1,FG605
2026-03-12 09:30:00,35632.4,1,FG605
2026-03-12 10:00:00,35951.6,1,FG605
2026-03-12 10:30:00,36222.4,1,FG605
2026-03-12 11:00:00,35740.8,1,FG605
2026-03-12 11:30:00,35626.8,1,FG605
2026-03-12 13:30:00,35512.8,1,FG605
2026-03-12 14:00:00,35333.2,1,FG605
2026-03-12 14:30:00,35401.6,1,FG605
2026-03-12 15:00:00,35290.4,1,FG605
2026-03-12 21:00:00,35355.6,1,FG605
2026-03-12 21:30:00,35609.2,1,FG605
2026-03-12 22:00:00,35475.2,1,FG605
2026-03-12 22:30:00,35592.0,1,FG605
2026-03-12 23:00:00,35614.8,1,FG605
2026-03-13 09:00:00,35586.4,1,FG605
2026-03-13 09:30:00,35563.6,1,FG605
2026-03-13 10:00:00,35766.0,1,FG605
2026-03-13 10:30:00,35746.0,1,FG605
2026-03-13 11:00:00,35720.4,1,FG605
2026-03-13 11:30:00,35697.6,1,FG605
2026-03-13 13:30:00,35697.6,1,FG605
2026-03-13 14:00:00,35674.8,1,FG605
2026-03-13 14:30:00,35632.0,1,FG605
2026-03-13 15:00:00,35612.0,1,FG605
2026-03-13 21:00:00,32932.0,0,FG605
2026-03-13 21:30:00,36100.0,1,FG605
2026-03-13 22:00:00,36214.0,1,FG605
2026-03-13 22:30:00,36236.8,1,FG605
2026-03-13 23:00:00,36259.6,1,FG605
2026-03-16 09:00:00,36034.4,1,FG605
2026-03-16 09:30:00,35966.0,1,FG605
2026-03-16 10:00:00,36148.4,1,FG605
2026-03-16 10:30:00,36034.4,1,FG605
2026-03-16 11:00:00,35512.8,1,FG605
2026-03-16 11:30:00,28777.6,-1,FG605
2026-03-16 13:30:00,28752.0,-1,FG605
2026-03-16 14:00:00,28908.8,-1,FG605
2026-03-16 14:30:00,28817.6,-1,FG605
2026-03-16 15:00:00,28840.4,-1,FG605
2026-03-16 21:00:00,28814.4,-1,FG605
2026-03-16 21:30:00,28951.2,-1,FG605
2026-03-16 22:00:00,29042.4,-1,FG605
2026-03-16 22:30:00,28951.2,-1,FG605
2026-03-16 23:00:00,28882.8,-1,FG605
2026-03-17 09:00:00,28840.0,-1,FG605
2026-03-17 09:30:00,28840.0,-1,FG605
2026-03-17 10:00:00,28700.4,-1,FG605
2026-03-17 10:30:00,28768.8,-1,FG605
2026-03-17 11:00:00,28834.4,-1,FG605
2026-03-17 11:30:00,28743.2,-1,FG605
2026-03-17 13:30:00,28766.0,-1,FG605
2026-03-17 14:00:00,28697.6,-1,FG605
2026-03-17 14:30:00,28831.6,-1,FG605
2026-03-17 15:00:00,28942.8,-1,FG605
2026-03-17 21:00:00,28837.2,-1,FG605
2026-03-17 21:30:00,28860.0,-1,FG605
2026-03-17 22:00:00,28791.6,-1,FG605
2026-03-17 22:30:00,28837.2,-1,FG605
2026-03-17 23:00:00,28880.0,-1,FG605
2026-03-18 09:00:00,28905.6,-1,FG605
2026-03-18 09:30:00,29016.8,-1,FG605
2026-03-18 10:00:00,29267.6,-1,FG605
2026-03-18 10:30:00,29358.8,-1,FG605
2026-03-18 11:00:00,29452.8,-1,FG605
2026-03-18 11:30:00,29410.0,-1,FG605
2026-03-18 13:30:00,29412.8,-1,FG605
2026-03-18 14:00:00,29390.0,-1,FG605
2026-03-18 14:30:00,29410.0,-1,FG605
2026-03-18 15:00:00,29501.2,-1,FG605
2026-03-18 21:00:00,29487.6,-1,FG605
2026-03-18 21:30:00,29510.4,-1,FG605
2026-03-18 22:00:00,29647.2,-1,FG605
2026-03-18 22:30:00,29624.4,-1,FG605
2026-03-18 23:00:00,29624.4,-1,FG605
2026-03-19 09:00:00,29621.6,-1,FG605
2026-03-19 09:30:00,29692.8,-1,FG605
2026-03-19 10:00:00,29647.2,-1,FG605
2026-03-19 10:30:00,29758.4,-1,FG605
2026-03-19 11:00:00,29826.8,-1,FG605
2026-03-19 11:30:00,29875.2,-1,FG605
2026-03-19 13:30:00,29809.6,-1,FG605
2026-03-19 14:00:00,29900.8,-1,FG605
2026-03-19 14:30:00,29900.8,-1,FG605
2026-03-19 15:00:00,29744.0,-1,FG605
2026-03-19 21:00:00,29800.8,-1,FG605
2026-03-19 21:30:00,29892.0,-1,FG605
2026-03-19 22:00:00,29912.0,-1,FG605
2026-03-19 22:30:00,29863.6,-1,FG605
2026-03-19 23:00:00,29889.2,-1,FG605
2026-03-20 09:00:00,29846.4,-1,FG605
2026-03-20 09:30:00,29778.0,-1,FG605
2026-03-20 10:00:00,29686.8,-1,FG605
2026-03-20 10:30:00,29775.2,-1,FG605
2026-03-20 11:00:00,29686.8,-1,FG605
2026-03-20 11:30:00,29664.0,-1,FG605
2026-03-20 13:30:00,29686.8,-1,FG605
2026-03-20 14:00:00,29689.6,-1,FG605
2026-03-20 14:30:00,29715.2,-1,FG605
2026-03-20 15:00:00,29874.8,-1,FG605
2026-03-20 21:00:00,29948.8,-1,FG605
2026-03-20 21:30:00,29564.0,-1,FG605
2026-03-20 22:00:00,33064.0,0,FG605
2026-03-20 22:30:00,29752.4,-1,FG605
2026-03-20 23:00:00,29889.2,-1,FG605
2026-03-23 09:00:00,29840.8,-1,FG605
2026-03-23 09:30:00,29932.0,-1,FG605
2026-03-23 10:00:00,29749.6,-1,FG605
2026-03-23 10:30:00,29863.6,-1,FG605
2026-03-23 11:00:00,29769.6,-1,FG605
2026-03-23 11:30:00,29792.4,-1,FG605
2026-03-23 13:30:00,29749.6,-1,FG605
2026-03-23 14:00:00,29704.0,-1,FG605
2026-03-23 14:30:00,29592.8,-1,FG605
2026-03-23 15:00:00,29752.4,-1,FG605
2026-03-23 21:00:00,29674.4,-1,FG605
2026-03-23 21:30:00,29836.8,-1,FG605
2026-03-23 22:00:00,29788.4,-1,FG605
2026-03-23 22:30:00,29742.8,-1,FG605
2026-03-23 23:00:00,29791.2,-1,FG605
2026-03-24 09:00:00,29702.8,-1,FG605
2026-03-24 09:30:00,29654.4,-1,FG605
2026-03-24 10:00:00,29628.8,-1,FG605
2026-03-24 10:30:00,29514.8,-1,FG605
2026-03-24 11:00:00,29606.0,-1,FG605
2026-03-24 11:30:00,29494.8,-1,FG605
2026-03-24 13:30:00,29449.2,-1,FG605
2026-03-24 14:00:00,29472.0,-1,FG605
2026-03-24 14:30:00,29520.4,-1,FG605
2026-03-24 15:00:00,29682.8,-1,FG605
2026-03-24 21:00:00,29717.2,-1,FG605
2026-03-24 21:30:00,29606.0,-1,FG605
2026-03-24 22:00:00,29765.6,-1,FG605
2026-03-24 22:30:00,29836.8,-1,FG605
2026-03-24 23:00:00,29788.4,-1,FG605
2026-03-25 09:00:00,29956.4,-1,FG605
2026-03-25 09:30:00,29953.6,-1,FG605
2026-03-25 10:00:00,29908.0,-1,FG605
2026-03-25 10:30:00,29910.8,-1,FG605
2026-03-25 11:00:00,29890.8,-1,FG605
2026-03-25 11:30:00,29868.0,-1,FG605
2026-03-25 13:30:00,29822.4,-1,FG605
2026-03-25 14:00:00,29825.2,-1,FG605
2026-03-25 14:30:00,29802.4,-1,FG605
2026-03-25 15:00:00,29782.4,-1,FG605
2026-03-25 21:00:00,29870.8,-1,FG605
2026-03-25 21:30:00,30096.0,-1,FG605
2026-03-25 22:00:00,30118.8,-1,FG605
2026-03-25 22:30:00,30096.0,-1,FG605
2026-03-25 23:00:00,30096.0,-1,FG605
2026-03-26 09:00:00,30070.4,-1,FG605
2026-03-26 09:30:00,30050.4,-1,FG605
2026-03-26 10:00:00,30301.2,-1,FG605
2026-03-26 10:30:00,30346.8,-1,FG605
2026-03-26 11:00:00,30392.4,-1,FG605
2026-03-26 11:30:00,30418.0,-1,FG605
2026-03-26 13:30:00,30392.4,-1,FG605
2026-03-26 14:00:00,30389.6,-1,FG605
2026-03-26 14:30:00,30460.8,-1,FG605
2026-03-26 15:00:00,30301.2,-1,FG605
2026-03-26 21:00:00,30318.4,-1,FG605
2026-03-26 21:30:00,30546.4,-1,FG605
2026-03-26 22:00:00,30458.0,-1,FG605
2026-03-26 22:30:00,30458.0,-1,FG605
2026-03-26 23:00:00,30341.2,-1,FG605
2026-03-27 09:00:00,30272.8,-1,FG605
2026-03-27 09:30:00,30158.8,-1,FG605
2026-03-27 10:00:00,30275.6,-1,FG605
2026-03-27 10:30:00,30275.6,-1,FG605
2026-03-27 11:00:00,30389.6,-1,FG605
2026-03-27 11:30:00,30252.8,-1,FG605
2026-03-27 13:30:00,30207.2,-1,FG605
2026-03-27 14:00:00,30210.0,-1,FG605
2026-03-27 14:30:00,30161.6,-1,FG605
2026-03-27 15:00:00,30207.2,-1,FG605
2026-03-27 21:00:00,30261.6,-1,FG605
2026-03-27 21:30:00,30307.2,-1,FG605
2026-03-27 22:00:00,30330.0,-1,FG605
2026-03-27 22:30:00,30352.8,-1,FG605
2026-03-27 23:00:00,30355.6,-1,FG605
2026-03-30 09:00:00,30367.2,-1,FG605
2026-03-30 09:30:00,33660.0,0,FG605
2026-03-30 10:00:00,30800.4,-1,FG605
2026-03-30 10:30:00,30797.6,-1,FG605
2026-03-30 11:00:00,30846.0,-1,FG605
2026-03-30 11:30:00,30846.0,-1,FG605
2026-03-30 13:30:00,30780.4,-1,FG605
2026-03-30 14:00:00,30714.8,-1,FG605
2026-03-30 14:30:00,30692.0,-1,FG605
2026-03-30 15:00:00,30806.0,-1,FG605
2026-03-30 21:00:00,30877.2,-1,FG605
2026-03-30 21:30:00,30991.2,-1,FG605
2026-03-30 22:00:00,31036.8,-1,FG605
2026-03-30 22:30:00,31036.8,-1,FG605
2026-03-30 23:00:00,31036.8,-1,FG605
2026-03-31 09:00:00,30988.4,-1,FG605
2026-03-31 09:30:00,31219.2,-1,FG605
2026-03-31 10:00:00,31193.6,-1,FG605
2026-03-31 10:30:00,31148.0,-1,FG605
2026-03-31 11:00:00,31128.0,-1,FG605
2026-03-31 11:30:00,31262.0,-1,FG605
2026-03-31 13:30:00,31259.2,-1,FG605
2026-03-31 14:00:00,31190.8,-1,FG605
2026-03-31 14:30:00,31327.6,-1,FG605
2026-03-31 15:00:00,31304.8,-1,FG605
2026-03-31 21:00:00,31401.6,-1,FG605
2026-03-31 21:30:00,31512.8,-1,FG605
2026-03-31 22:00:00,31512.8,-1,FG605
2026-03-31 22:30:00,31538.4,-1,FG605
2026-03-31 23:00:00,31515.6,-1,FG605
2026-04-01 09:00:00,31492.8,-1,FG605
2026-04-01 09:30:00,31492.8,-1,FG605
2026-04-01 10:00:00,31356.0,-1,FG605
2026-04-01 10:30:00,31222.0,-1,FG605
2026-04-01 11:00:00,31264.8,-1,FG605
2026-04-01 11:30:00,31356.0,-1,FG605
2026-04-01 13:30:00,31424.4,-1,FG605
2026-04-01 14:00:00,31655.2,-1,FG605
2026-04-01 14:30:00,31720.8,-1,FG605
2026-04-01 15:00:00,31720.8,-1,FG605
2026-04-01 21:00:00,31778.0,-1,FG605
2026-04-01 21:30:00,31800.8,-1,FG605
2026-04-01 22:00:00,31846.4,-1,FG605
2026-04-01 22:30:00,31846.4,-1,FG605
2026-04-01 23:00:00,31803.6,-1,FG605
2026-04-02 09:00:00,31760.8,-1,FG605
2026-04-02 09:30:00,31692.4,-1,FG605
2026-04-02 10:00:00,31809.2,-1,FG605
2026-04-02 10:30:00,31783.6,-1,FG605
2026-04-02 11:00:00,31832.0,-1,FG605
2026-04-02 11:30:00,31809.2,-1,FG605
2026-04-02 13:30:00,31786.4,-1,FG605
2026-04-02 14:00:00,31852.0,-1,FG605
2026-04-02 14:30:00,32034.4,-1,FG605
2026-04-02 15:00:00,31692.4,-1,FG605
2026-04-02 21:00:00,31780.8,-1,FG605
2026-04-02 21:30:00,32077.2,-1,FG605
2026-04-02 22:00:00,32054.4,-1,FG605
2026-04-02 22:30:00,32100.0,-1,FG605
2026-04-02 23:00:00,32008.8,-1,FG605
2026-04-03 09:00:00,32051.6,-1,FG605
2026-04-03 09:30:00,32028.8,-1,FG605
2026-04-03 10:00:00,32048.8,-1,FG605
2026-04-03 10:30:00,32094.4,-1,FG605
2026-04-03 11:00:00,32117.2,-1,FG605
2026-04-03 11:30:00,32162.8,-1,FG605
2026-04-03 13:30:00,32162.8,-1,FG605
2026-04-03 14:00:00,32185.6,-1,FG605
2026-04-03 14:30:00,32182.8,-1,FG605
2026-04-03 15:00:00,32362.4,-1,FG605
2026-04-07 09:00:00,32248.4,-1,FG605
2026-04-07 09:30:00,32271.2,-1,FG605
2026-04-07 10:00:00,32362.4,-1,FG605
2026-04-07 10:30:00,32522.0,-1,FG605
2026-04-07 11:00:00,32408.0,-1,FG605
2026-04-07 11:30:00,32314.0,-1,FG605
2026-04-07 13:30:00,32314.0,-1,FG605
2026-04-07 14:00:00,32519.2,-1,FG605
2026-04-07 14:30:00,32493.6,-1,FG605
2026-04-07 15:00:00,32584.8,-1,FG605
2026-04-07 21:00:00,32684.8,-1,FG605
2026-04-07 21:30:00,32616.4,-1,FG605
2026-04-07 22:00:00,32639.2,-1,FG605
2026-04-07 22:30:00,32662.0,-1,FG605
2026-04-07 23:00:00,32616.4,-1,FG605
2026-04-08 09:00:00,32673.2,-1,FG605
2026-04-08 09:30:00,32442.4,-1,FG605
2026-04-08 10:00:00,32240.0,-1,FG605
2026-04-08 10:30:00,32260.0,-1,FG605
2026-04-08 11:00:00,32305.6,-1,FG605
2026-04-08 11:30:00,32308.4,-1,FG605
2026-04-08 13:30:00,32328.4,-1,FG605
2026-04-08 14:00:00,32354.0,-1,FG605
2026-04-08 14:30:00,32422.4,-1,FG605
2026-04-08 15:00:00,32379.6,-1,FG605
2026-04-08 21:00:00,32282.4,-1,FG605
2026-04-08 21:30:00,32279.6,-1,FG605
2026-04-08 22:00:00,32302.4,-1,FG605
2026-04-08 22:30:00,32348.0,-1,FG605
2026-04-08 23:00:00,32236.8,-1,FG605
2026-04-09 09:00:00,32259.6,-1,FG605
2026-04-09 09:30:00,32373.6,-1,FG605
2026-04-09 10:00:00,32236.8,-1,FG605
2026-04-09 10:30:00,32282.4,-1,FG605
2026-04-09 11:00:00,32302.4,-1,FG605
2026-04-09 11:30:00,32282.4,-1,FG605
2026-04-09 13:30:00,32259.6,-1,FG605
2026-04-09 14:00:00,32239.6,-1,FG605
2026-04-09 14:30:00,32288.0,-1,FG605
2026-04-09 15:00:00,32382.0,-1,FG605
2026-04-09 21:00:00,32624.4,-1,FG605
2026-04-09 21:30:00,32692.8,-1,FG605
2026-04-09 22:00:00,32627.2,-1,FG605
2026-04-09 22:30:00,32561.6,-1,FG605
2026-04-09 23:00:00,32607.2,-1,FG605
2026-04-10 09:00:00,32610.0,-1,FG605
2026-04-10 09:30:00,32402.0,-1,FG605
2026-04-10 10:00:00,32447.6,-1,FG605
2026-04-10 10:30:00,32427.6,-1,FG605
2026-04-10 11:00:00,32404.8,-1,FG605
2026-04-10 11:30:00,32313.6,-1,FG605
2026-04-10 13:30:00,32379.2,-1,FG605
2026-04-10 14:00:00,32447.6,-1,FG605
2026-04-10 14:30:00,32470.4,-1,FG605
2026-04-10 15:00:00,32561.6,-1,FG605
2026-04-10 21:00:00,32578.8,-1,FG605
2026-04-10 21:30:00,32624.4,-1,FG605
2026-04-10 22:00:00,32578.8,-1,FG605
2026-04-10 22:30:00,32419.2,-1,FG605
2026-04-10 23:00:00,32396.4,-1,FG605
2026-04-13 09:00:00,36476.0,0,FG605
2026-04-13 09:30:00,33823.6,-1,FG605
2026-04-13 10:00:00,33914.8,-1,FG605
2026-04-13 10:30:00,33983.2,-1,FG605
2026-04-13 11:00:00,33892.0,-1,FG605
2026-04-13 11:30:00,33914.8,-1,FG605
2026-04-13 13:30:00,33872.0,-1,FG605
2026-04-13 14:00:00,33897.6,-1,FG605
2026-04-13 14:30:00,33943.2,-1,FG605
2026-04-13 15:00:00,34034.4,-1,FG605
2026-04-13 21:00:00,33943.2,-1,FG605
2026-04-13 21:30:00,33760.8,-1,FG605
2026-04-13 22:00:00,33829.2,-1,FG605
2026-04-13 22:30:00,33783.6,-1,FG605
2026-04-13 23:00:00,33806.4,-1,FG605
2026-04-15 01:00:00,31580.4,-1,FG609
2026-04-15 01:30:00,34566.0,0,FG609
2026-04-15 02:00:00,34566.0,0,FG609
2026-04-15 02:30:00,34566.0,0,FG609
2026-04-15 03:00:00,34566.0,0,FG609
2026-04-15 03:30:00,34566.0,0,FG609
2026-04-15 05:30:00,34566.0,0,FG609
2026-04-15 06:00:00,34566.0,0,FG609
2026-04-15 06:30:00,34566.0,0,FG609
2026-04-15 07:00:00,34566.0,0,FG609
2026-04-15 09:00:00,34566.0,0,FG609
2026-04-15 09:30:00,34566.0,0,FG609
2026-04-15 10:00:00,34566.0,0,FG609
2026-04-15 10:30:00,34566.0,0,FG609
2026-04-15 11:00:00,34566.0,0,FG609
2026-04-15 11:30:00,34566.0,0,FG609
2026-04-15 13:00:00,34566.0,0,FG609
2026-04-15 13:30:00,34566.0,0,FG609
2026-04-15 14:00:00,34566.0,0,FG609
2026-04-15 14:30:00,34566.0,0,FG609
2026-04-15 15:00:00,34566.0,0,FG609
2026-04-15 21:00:00,34566.0,0,FG609
2026-04-15 21:30:00,34566.0,0,FG609
2026-04-15 22:00:00,34566.0,0,FG609
2026-04-15 22:30:00,34566.0,0,FG609
2026-04-15 23:00:00,34566.0,0,FG609
2026-04-16 01:00:00,34566.0,0,FG609
2026-04-16 01:30:00,34566.0,0,FG609
2026-04-16 02:00:00,34566.0,0,FG609
2026-04-16 02:30:00,34566.0,0,FG609
2026-04-16 03:00:00,34566.0,0,FG609
2026-04-16 03:30:00,34566.0,0,FG609
2026-04-16 05:30:00,34566.0,0,FG609
2026-04-16 06:00:00,34566.0,0,FG609
2026-04-16 06:30:00,34566.0,0,FG609
2026-04-16 07:00:00,34566.0,0,FG609
2026-04-16 09:00:00,34566.0,0,FG609
2026-04-16 09:30:00,34566.0,0,FG609
2026-04-16 10:00:00,34566.0,0,FG609
2026-04-16 10:30:00,34566.0,0,FG609
2026-04-16 11:00:00,34566.0,0,FG609
2026-04-16 11:30:00,34566.0,0,FG609
2026-04-16 13:00:00,34566.0,0,FG609
2026-04-16 13:30:00,34566.0,0,FG609
2026-04-16 14:00:00,34566.0,0,FG609
2026-04-16 14:30:00,34566.0,0,FG609
2026-04-16 15:00:00,34566.0,0,FG609
2026-04-16 21:00:00,34566.0,0,FG609
2026-04-16 21:30:00,34566.0,0,FG609
2026-04-16 22:00:00,34566.0,0,FG609
2026-04-16 22:30:00,34566.0,0,FG609
2026-04-16 23:00:00,34566.0,0,FG609
2026-04-17 01:00:00,34566.0,0,FG609
2026-04-17 01:30:00,34566.0,0,FG609
2026-04-17 02:00:00,34566.0,0,FG609
2026-04-17 02:30:00,34566.0,0,FG609
2026-04-17 03:00:00,34566.0,0,FG609
2026-04-17 03:30:00,37482.4,1,FG609
2026-04-17 05:30:00,37459.6,1,FG609
2026-04-17 06:00:00,37482.4,1,FG609
2026-04-17 06:30:00,37391.2,1,FG609
2026-04-17 07:00:00,37482.4,1,FG609
2026-04-17 09:00:00,33822.0,0,FG609
2026-04-17 09:30:00,36819.6,1,FG609
2026-04-17 10:00:00,36796.8,1,FG609
2026-04-17 10:30:00,36865.2,1,FG609
2026-04-17 11:00:00,37386.8,1,FG609
2026-04-17 11:30:00,37318.4,1,FG609
2026-04-17 13:00:00,37409.6,1,FG609
2026-04-17 13:30:00,37455.2,1,FG609
2026-04-17 14:00:00,37386.8,1,FG609
2026-04-17 14:30:00,37341.2,1,FG609
2026-04-17 15:00:00,37318.4,1,FG609
2026-04-17 21:00:00,37386.8,1,FG609
2026-04-17 21:30:00,37432.4,1,FG609
2026-04-17 22:00:00,37344.0,1,FG609
2026-04-17 22:30:00,37301.2,1,FG609
2026-04-17 23:00:00,37304.0,1,FG609
2026-04-20 01:00:00,37258.4,1,FG609
2026-04-20 01:30:00,37326.8,1,FG609
2026-04-20 02:00:00,37326.8,1,FG609
2026-04-20 02:30:00,37304.0,1,FG609
2026-04-20 03:00:00,37349.6,1,FG609
2026-04-20 03:30:00,37554.8,1,FG609
2026-04-20 05:30:00,37552.0,1,FG609
2026-04-20 06:00:00,37529.2,1,FG609
2026-04-20 06:30:00,37552.0,1,FG609
2026-04-20 07:00:00,37574.8,1,FG609
2026-04-20 09:00:00,37455.6,1,FG609
2026-04-20 09:30:00,37526.8,1,FG609
2026-04-20 10:00:00,37526.8,1,FG609
2026-04-20 10:30:00,37484.0,1,FG609
2026-04-20 11:00:00,37529.6,1,FG609
2026-04-20 11:30:00,37734.8,1,FG609
2026-04-20 13:00:00,37789.2,1,FG609
2026-04-20 13:30:00,37743.6,1,FG609
2026-04-20 14:00:00,37812.0,1,FG609
2026-04-20 14:30:00,37812.0,1,FG609
2026-04-20 15:00:00,37834.8,1,FG609
2026-04-20 21:00:00,37889.2,1,FG609
2026-04-20 21:30:00,37843.6,1,FG609
2026-04-20 22:00:00,37912.0,1,FG609
2026-04-20 22:30:00,37912.0,1,FG609
2026-04-20 23:00:00,37912.0,1,FG609
2026-04-21 01:00:00,37889.2,1,FG609
2026-04-21 01:30:00,37729.6,1,FG609
2026-04-21 02:00:00,37798.0,1,FG609
2026-04-21 02:30:00,37752.4,1,FG609
2026-04-21 03:00:00,37820.8,1,FG609
2026-04-21 03:30:00,37798.0,1,FG609
2026-04-21 05:30:00,37686.8,1,FG609
2026-04-21 06:00:00,34958.0,0,FG609
2026-04-21 06:30:00,37988.8,1,FG609
2026-04-21 07:00:00,38011.6,1,FG609
2026-04-21 09:00:00,38048.0,1,FG609
2026-04-21 09:30:00,37908.4,1,FG609
2026-04-21 10:00:00,37974.0,1,FG609
2026-04-21 10:30:00,37928.4,1,FG609
2026-04-21 11:00:00,37974.0,1,FG609
2026-04-21 11:30:00,37954.0,1,FG609
2026-04-21 13:00:00,37977.2,1,FG609
2026-04-21 13:30:00,37954.4,1,FG609
2026-04-21 14:00:00,37977.2,1,FG609
2026-04-21 14:30:00,37977.2,1,FG609
2026-04-21 15:00:00,37931.6,1,FG609
2026-04-21 21:00:00,37954.4,1,FG609
2026-04-21 21:30:00,37911.6,1,FG609
2026-04-21 22:00:00,37937.2,1,FG609
2026-04-21 22:30:00,37917.2,1,FG609
2026-04-21 23:00:00,37897.2,1,FG609
2026-04-22 01:00:00,37806.0,1,FG609
2026-04-22 01:30:00,34734.0,0,FG609
2026-04-22 02:00:00,37804.4,1,FG609
2026-04-22 02:30:00,37827.2,1,FG609
2026-04-22 03:00:00,37872.8,1,FG609
2026-04-22 03:30:00,37895.6,1,FG609
2026-04-22 05:30:00,37872.8,1,FG609
2026-04-22 06:00:00,37872.8,1,FG609
2026-04-22 06:30:00,37872.8,1,FG609
2026-04-22 07:00:00,37918.4,1,FG609
2026-04-22 09:00:00,37802.0,1,FG609
2026-04-22 09:30:00,37893.2,1,FG609
2026-04-22 10:00:00,37987.2,1,FG609
2026-04-22 10:30:00,37987.2,1,FG609
2026-04-22 11:00:00,38032.8,1,FG609
2026-04-22 11:30:00,38055.6,1,FG609
2026-04-22 13:00:00,38075.2,1,FG609
2026-04-22 13:30:00,38120.8,1,FG609
2026-04-22 14:00:00,38234.8,1,FG609
2026-04-22 14:30:00,38189.2,1,FG609
2026-04-22 15:00:00,37938.4,1,FG609
2026-04-22 21:00:00,37955.2,1,FG609
2026-04-22 21:30:00,38000.8,1,FG609
2026-04-22 22:00:00,38114.8,1,FG609
2026-04-22 22:30:00,38046.4,1,FG609
2026-04-22 23:00:00,38026.4,1,FG609
2026-04-23 01:00:00,38026.4,1,FG609
2026-04-23 01:30:00,37958.0,1,FG609
2026-04-23 02:00:00,37844.0,1,FG609
2026-04-23 02:30:00,37844.0,1,FG609
2026-04-23 03:00:00,37798.4,1,FG609
2026-04-23 03:30:00,37775.6,1,FG609
2026-04-23 05:30:00,37752.8,1,FG609
2026-04-23 06:00:00,37866.8,1,FG609
2026-04-23 06:30:00,37730.0,1,FG609
2026-04-23 07:00:00,34710.0,0,FG609
2026-04-23 09:00:00,37742.4,1,FG609
2026-04-23 09:30:00,37694.0,1,FG609
2026-04-23 10:00:00,37600.0,1,FG609
2026-04-23 10:30:00,37600.0,1,FG609
2026-04-23 11:00:00,37574.4,1,FG609
2026-04-23 11:30:00,37551.6,1,FG609
2026-04-23 13:00:00,37568.8,1,FG609
2026-04-23 13:30:00,37614.4,1,FG609
2026-04-23 14:00:00,37637.2,1,FG609
2026-04-23 14:30:00,37591.6,1,FG609
2026-04-23 15:00:00,37523.2,1,FG609
2026-04-23 21:00:00,37548.8,1,FG609
2026-04-23 21:30:00,37617.2,1,FG609
2026-04-23 22:00:00,37614.4,1,FG609
2026-04-23 22:30:00,37571.6,1,FG609
2026-04-23 23:00:00,37571.6,1,FG609
2026-04-24 01:00:00,37617.2,1,FG609
2026-04-24 01:30:00,37617.2,1,FG609
2026-04-24 02:00:00,34126.0,0,FG609
2026-04-24 02:30:00,37153.6,1,FG609
2026-04-24 03:00:00,37244.8,1,FG609
2026-04-24 03:30:00,37199.2,1,FG609
2026-04-24 05:30:00,37179.2,1,FG609
2026-04-24 06:00:00,37179.2,1,FG609
2026-04-24 06:30:00,37133.6,1,FG609
2026-04-24 07:00:00,37065.2,1,FG609
2026-04-24 09:00:00,37113.2,1,FG609
2026-04-24 09:30:00,37113.2,1,FG609
2026-04-24 10:00:00,36908.0,1,FG609
2026-04-24 10:30:00,36910.8,1,FG609
2026-04-24 11:00:00,36982.0,1,FG609
2026-04-24 11:30:00,36939.2,1,FG609
2026-04-24 13:00:00,36854.0,1,FG609
2026-04-24 13:30:00,30396.4,-1,FG609
2026-04-24 14:00:00,30464.8,-1,FG609
2026-04-24 14:30:00,30510.4,-1,FG609
2026-04-24 15:00:00,30578.8,-1,FG609
2026-04-24 21:00:00,30672.8,-1,FG609
2026-04-24 21:30:00,30396.4,-1,FG609
2026-04-24 22:00:00,30444.8,-1,FG609
2026-04-24 22:30:00,30490.4,-1,FG609
2026-04-24 23:00:00,30444.8,-1,FG609
2026-04-27 01:00:00,30558.8,-1,FG609
2026-04-27 01:30:00,30672.8,-1,FG609
2026-04-27 02:00:00,30536.0,-1,FG609
2026-04-27 02:30:00,30604.4,-1,FG609
2026-04-27 03:00:00,30604.4,-1,FG609
2026-04-27 03:30:00,30581.6,-1,FG609
2026-04-27 05:30:00,30558.8,-1,FG609
2026-04-27 06:00:00,30627.2,-1,FG609
2026-04-27 06:30:00,30627.2,-1,FG609
2026-04-27 07:00:00,30695.6,-1,FG609
2026-04-27 09:00:00,30756.0,-1,FG609
2026-04-27 09:30:00,30850.0,-1,FG609
2026-04-27 10:00:00,30716.0,-1,FG609
2026-04-27 10:30:00,30764.4,-1,FG609
2026-04-27 11:00:00,30764.4,-1,FG609
2026-04-27 11:30:00,30741.6,-1,FG609
2026-04-27 13:00:00,30732.8,-1,FG609
2026-04-27 13:30:00,30915.2,-1,FG609
2026-04-27 14:00:00,31074.8,-1,FG609
2026-04-27 14:30:00,31074.8,-1,FG609
2026-04-27 15:00:00,30755.6,-1,FG609
2026-04-27 21:00:00,30732.8,-1,FG609
2026-04-27 21:30:00,30892.4,-1,FG609
2026-04-27 22:00:00,31054.8,-1,FG609
2026-04-27 22:30:00,31054.8,-1,FG609
2026-04-27 23:00:00,31103.2,-1,FG609
2026-04-28 01:00:00,31080.4,-1,FG609
2026-04-28 01:30:00,31308.4,-1,FG609
2026-04-28 02:00:00,31445.2,-1,FG609
2026-04-28 02:30:00,31422.4,-1,FG609
2026-04-28 03:00:00,31490.8,-1,FG609
2026-04-28 03:30:00,31399.6,-1,FG609
2026-04-28 05:30:00,31422.4,-1,FG609
2026-04-28 06:00:00,31376.8,-1,FG609
2026-04-28 06:30:00,31399.6,-1,FG609
2026-04-28 07:00:00,31422.4,-1,FG609
2026-04-28 09:00:00,31340.4,-1,FG609
2026-04-28 09:30:00,31568.4,-1,FG609
2026-04-28 10:00:00,31682.4,-1,FG609
2026-04-28 10:30:00,31662.4,-1,FG609
2026-04-28 11:00:00,31708.0,-1,FG609
2026-04-28 11:30:00,31619.6,-1,FG609
2026-04-28 13:00:00,31705.2,-1,FG609
2026-04-28 13:30:00,31728.0,-1,FG609
2026-04-28 14:00:00,31614.0,-1,FG609
2026-04-28 14:30:00,31659.6,-1,FG609
2026-04-28 15:00:00,31682.4,-1,FG609
2026-04-28 21:00:00,31742.4,-1,FG609
2026-04-28 21:30:00,31790.8,-1,FG609
2026-04-28 22:00:00,31654.0,-1,FG609
2026-04-28 22:30:00,31699.6,-1,FG609
2026-04-28 23:00:00,31790.8,-1,FG609
2026-04-29 01:00:00,31745.2,-1,FG609
2026-04-29 01:30:00,31813.6,-1,FG609
2026-04-29 02:00:00,31836.4,-1,FG609
2026-04-29 02:30:00,31790.8,-1,FG609
2026-04-29 03:00:00,31813.6,-1,FG609
2026-04-29 03:30:00,31790.8,-1,FG609
2026-04-29 05:30:00,31768.0,-1,FG609
2026-04-29 06:00:00,31813.6,-1,FG609
2026-04-29 06:30:00,31790.8,-1,FG609
2026-04-29 07:00:00,31859.2,-1,FG609
2026-04-29 09:00:00,31848.0,-1,FG609
2026-04-29 09:30:00,31893.6,-1,FG609
2026-04-29 10:00:00,31916.4,-1,FG609
2026-04-29 10:30:00,31893.6,-1,FG609
2026-04-29 11:00:00,31890.8,-1,FG609
2026-04-29 11:30:00,31870.8,-1,FG609
2026-04-29 13:00:00,31879.2,-1,FG609
2026-04-29 13:30:00,31970.4,-1,FG609
2026-04-29 14:00:00,31993.2,-1,FG609
2026-04-29 14:30:00,31993.2,-1,FG609
2026-04-29 15:00:00,31879.2,-1,FG609
2026-04-29 21:00:00,31879.2,-1,FG609
2026-04-29 21:30:00,31970.4,-1,FG609
2026-04-29 22:00:00,31993.2,-1,FG609
2026-04-29 22:30:00,31993.2,-1,FG609
2026-04-29 23:00:00,32018.8,-1,FG609
2026-04-30 01:00:00,31996.0,-1,FG609
2026-04-30 01:30:00,31813.6,-1,FG609
2026-04-30 02:00:00,31836.4,-1,FG609
2026-04-30 02:30:00,31882.0,-1,FG609
2026-04-30 03:00:00,31585.6,-1,FG609
2026-04-30 03:30:00,34858.0,0,FG609
2026-04-30 05:30:00,37792.8,1,FG609
2026-04-30 06:00:00,37792.8,1,FG609
2026-04-30 06:30:00,37747.2,1,FG609
2026-04-30 07:00:00,37815.6,1,FG609
2026-04-30 09:00:00,37740.0,1,FG609
2026-04-30 09:30:00,37922.4,1,FG609
2026-04-30 10:00:00,37919.6,1,FG609
2026-04-30 10:30:00,37876.8,1,FG609
2026-04-30 11:00:00,38170.4,1,FG609
2026-04-30 11:30:00,38330.0,1,FG609
2026-04-30 13:30:00,38310.0,1,FG609
2026-04-30 14:00:00,38312.8,1,FG609
2026-04-30 14:30:00,38267.2,1,FG609
2026-04-30 15:00:00,38335.6,1,FG609
2026-05-06 01:00:00,38252.8,1,FG609
2026-05-06 01:30:00,38412.4,1,FG609
2026-05-06 02:00:00,38480.8,1,FG609
2026-05-06 02:30:00,38572.0,1,FG609
2026-05-06 03:00:00,38435.2,1,FG609
2026-05-06 03:30:00,38435.2,1,FG609
2026-05-06 05:30:00,38455.2,1,FG609
2026-05-06 06:00:00,38455.2,1,FG609
2026-05-06 06:30:00,38569.2,1,FG609
2026-05-06 07:00:00,38523.6,1,FG609
2026-05-06 09:00:00,38412.8,1,FG609
2026-05-06 09:30:00,38575.2,1,FG609
2026-05-06 10:00:00,38663.6,1,FG609
2026-05-06 10:30:00,38752.0,1,FG609
2026-05-06 11:00:00,38638.0,1,FG609
2026-05-06 11:30:00,38635.2,1,FG609
2026-05-06 13:00:00,38569.6,1,FG609
2026-05-06 13:30:00,38615.2,1,FG609
2026-05-06 14:00:00,38638.0,1,FG609
2026-05-06 14:30:00,38615.2,1,FG609
2026-05-06 15:00:00,38683.6,1,FG609
2026-05-06 21:00:00,38586.8,1,FG609
2026-05-06 21:30:00,38635.2,1,FG609
2026-05-06 22:00:00,38635.2,1,FG609
2026-05-06 22:30:00,38615.2,1,FG609
2026-05-06 23:00:00,38618.0,1,FG609
2026-05-07 01:00:00,38663.6,1,FG609
2026-05-07 01:30:00,38754.8,1,FG609
2026-05-07 02:00:00,38549.6,1,FG609
2026-05-07 02:30:00,38663.6,1,FG609
2026-05-07 03:00:00,38663.6,1,FG609
2026-05-07 03:30:00,38800.4,1,FG609
2026-05-07 05:30:00,38820.4,1,FG609
2026-05-07 06:00:00,38866.0,1,FG609
2026-05-07 06:30:00,39048.4,1,FG609
2026-05-07 07:00:00,38934.4,1,FG609
2026-05-07 09:00:00,38923.6,1,FG609
2026-05-07 09:30:00,39014.8,1,FG609
2026-05-07 10:00:00,38809.6,1,FG609
2026-05-07 10:30:00,38923.6,1,FG609
2026-05-07 11:00:00,38923.6,1,FG609
2026-05-07 11:30:00,39060.4,1,FG609
2026-05-07 13:00:00,39020.4,1,FG609
2026-05-07 13:30:00,39111.6,1,FG609
2026-05-07 14:00:00,39088.8,1,FG609
2026-05-07 14:30:00,39066.0,1,FG609
2026-05-07 15:00:00,39134.4,1,FG609
2026-05-07 21:00:00,39103.2,1,FG609
2026-05-07 21:30:00,39168.8,1,FG609
2026-05-07 22:00:00,39148.8,1,FG609
2026-05-07 22:30:00,39148.8,1,FG609
2026-05-07 23:00:00,39168.8,1,FG609
2026-05-08 01:00:00,39191.6,1,FG609
2026-05-08 01:30:00,39100.4,1,FG609
2026-05-08 02:00:00,39123.2,1,FG609
2026-05-08 02:30:00,36254.0,0,FG609
2026-05-08 03:00:00,39191.2,1,FG609
2026-05-08 03:30:00,39168.4,1,FG609
2026-05-08 05:30:00,39171.2,1,FG609
2026-05-08 06:00:00,38988.8,1,FG609
2026-05-08 06:30:00,32896.8,-1,FG609
2026-05-08 07:00:00,32874.0,-1,FG609
2026-05-08 09:00:00,35366.0,0,FG609
2026-05-08 09:30:00,32442.4,-1,FG609
2026-05-08 10:00:00,32439.6,-1,FG609
2026-05-08 10:30:00,32642.0,-1,FG609
2026-05-08 11:00:00,32664.8,-1,FG609
2026-05-08 11:30:00,32687.6,-1,FG609
2026-05-08 13:00:00,32715.6,-1,FG609
2026-05-08 13:30:00,32556.0,-1,FG609
2026-05-08 14:00:00,32578.8,-1,FG609
2026-05-08 14:30:00,32556.0,-1,FG609
2026-05-08 15:00:00,32670.0,-1,FG609
2026-05-08 21:00:00,32675.6,-1,FG609
2026-05-08 21:30:00,32513.2,-1,FG609
2026-05-08 22:00:00,32558.8,-1,FG609
2026-05-08 22:30:00,32536.0,-1,FG609
2026-05-08 23:00:00,32584.4,-1,FG609
2026-05-11 01:00:00,32470.4,-1,FG609
2026-05-11 01:30:00,32516.0,-1,FG609
2026-05-11 02:00:00,32424.8,-1,FG609
2026-05-11 02:30:00,32356.4,-1,FG609
2026-05-11 03:00:00,32265.2,-1,FG609
2026-05-11 03:30:00,35282.0,0,FG609
2026-05-11 05:30:00,32326.8,-1,FG609
2026-05-11 06:00:00,32281.2,-1,FG609
2026-05-11 06:30:00,32281.2,-1,FG609
2026-05-11 07:00:00,32304.0,-1,FG609
2026-05-11 09:00:00,32269.2,-1,FG609
2026-05-11 09:30:00,32312.0,-1,FG609
2026-05-11 10:00:00,32220.8,-1,FG609
2026-05-11 10:30:00,32172.4,-1,FG609
2026-05-11 11:00:00,32104.0,-1,FG609
2026-05-11 11:30:00,32078.4,-1,FG609
2026-05-11 13:00:00,32066.8,-1,FG609
2026-05-11 13:30:00,32158.0,-1,FG609
2026-05-11 14:00:00,32044.0,-1,FG609
2026-05-11 14:30:00,32089.6,-1,FG609
2026-05-11 15:00:00,32044.0,-1,FG609
2026-05-11 21:00:00,32026.8,-1,FG609
2026-05-11 21:30:00,32138.0,-1,FG609
2026-05-11 22:00:00,32004.0,-1,FG609
2026-05-11 22:30:00,32026.8,-1,FG609
2026-05-11 23:00:00,31984.0,-1,FG609
2026-05-12 01:00:00,31938.4,-1,FG609
2026-05-12 01:30:00,32029.6,-1,FG609
2026-05-12 02:00:00,32280.4,-1,FG609
2026-05-12 02:30:00,32326.0,-1,FG609
2026-05-12 03:00:00,32348.8,-1,FG609
2026-05-12 03:30:00,32326.0,-1,FG609
2026-05-12 05:30:00,32303.2,-1,FG609
2026-05-12 06:00:00,32326.0,-1,FG609
2026-05-12 06:30:00,32326.0,-1,FG609
2026-05-12 07:00:00,32303.2,-1,FG609
2026-05-12 09:00:00,32221.2,-1,FG609
2026-05-12 09:30:00,35158.0,0,FG609
2026-05-12 10:00:00,32373.6,-1,FG609
2026-05-12 10:30:00,32419.2,-1,FG609
2026-05-12 11:00:00,32464.8,-1,FG609
2026-05-12 11:30:00,32442.0,-1,FG609
2026-05-12 13:00:00,32439.2,-1,FG609
2026-05-12 13:30:00,32416.4,-1,FG609
2026-05-12 14:00:00,32256.8,-1,FG609
2026-05-12 14:30:00,32279.6,-1,FG609
2026-05-12 15:00:00,32439.2,-1,FG609
2026-05-12 21:00:00,32439.2,-1,FG609
2026-05-12 21:30:00,32416.4,-1,FG609
2026-05-12 22:00:00,32256.8,-1,FG609
2026-05-12 22:30:00,32256.8,-1,FG609
2026-05-12 23:00:00,32145.6,-1,FG609
2026-05-13 01:00:00,32122.8,-1,FG609
2026-05-13 01:30:00,32236.8,-1,FG609
2026-05-13 02:00:00,32214.0,-1,FG609
2026-05-13 02:30:00,32214.0,-1,FG609
2026-05-13 03:00:00,32191.2,-1,FG609
2026-05-13 03:30:00,32282.4,-1,FG609
2026-05-13 05:30:00,32285.2,-1,FG609
2026-05-13 06:00:00,32308.0,-1,FG609
2026-05-13 06:30:00,32194.0,-1,FG609
2026-05-13 07:00:00,32171.2,-1,FG609
2026-05-13 09:00:00,32120.0,-1,FG609
2026-05-13 09:30:00,34974.0,0,FG609
2026-05-13 10:00:00,31950.0,-1,FG609
2026-05-13 10:30:00,31947.2,-1,FG609
2026-05-13 11:00:00,31927.2,-1,FG609
2026-05-13 11:30:00,32038.4,-1,FG609
2026-05-13 13:00:00,31987.2,-1,FG609
2026-05-13 13:30:00,32032.8,-1,FG609
2026-05-13 14:00:00,32078.4,-1,FG609
2026-05-13 14:30:00,32238.0,-1,FG609
2026-05-13 15:00:00,31987.2,-1,FG609
2026-05-13 21:00:00,31970.0,-1,FG609
2026-05-13 21:30:00,32012.8,-1,FG609
2026-05-13 22:00:00,32081.2,-1,FG609
2026-05-13 22:30:00,32218.0,-1,FG609
2026-05-13 23:00:00,32263.6,-1,FG609
2026-05-14 01:00:00,32240.8,-1,FG609
2026-05-14 01:30:00,32240.8,-1,FG609
2026-05-14 02:00:00,32354.8,-1,FG609
2026-05-14 02:30:00,32309.2,-1,FG609
2026-05-14 03:00:00,32354.8,-1,FG609
2026-05-14 03:30:00,32354.8,-1,FG609
2026-05-14 05:30:00,32352.0,-1,FG609
2026-05-14 06:00:00,32306.4,-1,FG609
2026-05-14 06:30:00,32329.2,-1,FG609
2026-05-14 07:00:00,32329.2,-1,FG609
2026-05-14 09:00:00,32300.8,-1,FG609
2026-05-14 09:30:00,32323.6,-1,FG609
2026-05-14 10:00:00,32392.0,-1,FG609
2026-05-14 10:30:00,32392.0,-1,FG609
2026-05-14 11:00:00,32434.8,-1,FG609
2026-05-14 11:30:00,32454.8,-1,FG609
2026-05-14 13:00:00,32472.0,-1,FG609
2026-05-14 13:30:00,32380.8,-1,FG609
2026-05-14 14:00:00,32403.6,-1,FG609
2026-05-14 14:30:00,32494.8,-1,FG609
2026-05-14 15:00:00,32449.2,-1,FG609
2026-05-14 21:00:00,32494.8,-1,FG609
2026-05-14 21:30:00,32423.6,-1,FG609
2026-05-14 22:00:00,32443.6,-1,FG609
2026-05-14 22:30:00,32512.0,-1,FG609
2026-05-14 23:00:00,32512.0,-1,FG609
2026-05-15 01:00:00,32466.4,-1,FG609
2026-05-15 01:30:00,32489.2,-1,FG609
2026-05-15 02:00:00,32534.8,-1,FG609
2026-05-15 02:30:00,32580.4,-1,FG609
2026-05-15 03:00:00,32512.0,-1,FG609
2026-05-15 03:30:00,32603.2,-1,FG609
2026-05-15 05:30:00,32717.2,-1,FG609
2026-05-15 06:00:00,32671.6,-1,FG609
2026-05-15 06:30:00,32808.4,-1,FG609
2026-05-15 07:00:00,32808.4,-1,FG609
2026-05-15 09:00:00,32726.4,-1,FG609
2026-05-15 09:30:00,32729.2,-1,FG609
2026-05-15 10:00:00,32774.8,-1,FG609
2026-05-15 10:30:00,32817.6,-1,FG609
2026-05-15 11:00:00,32772.0,-1,FG609
2026-05-15 11:30:00,32843.2,-1,FG609
2026-05-15 13:00:00,32885.6,-1,FG609
2026-05-15 13:30:00,32908.4,-1,FG609
2026-05-15 14:00:00,32817.2,-1,FG609
2026-05-15 14:30:00,32862.8,-1,FG609
2026-05-15 15:00:00,32908.4,-1,FG609
2026-05-15 21:00:00,32925.6,-1,FG609
2026-05-15 21:30:00,32968.4,-1,FG609
2026-05-15 22:00:00,32877.2,-1,FG609
2026-05-15 22:30:00,32922.8,-1,FG609
2026-05-15 23:00:00,32942.8,-1,FG609
2026-05-18 01:00:00,33079.6,-1,FG609
2026-05-18 01:30:00,33307.6,-1,FG609
2026-05-18 02:00:00,33034.0,-1,FG609
2026-05-18 02:30:00,32897.2,-1,FG609
2026-05-18 03:00:00,32851.6,-1,FG609
2026-05-18 03:30:00,32920.0,-1,FG609
2026-05-18 05:30:00,32920.0,-1,FG609
2026-05-18 06:00:00,32851.6,-1,FG609
2026-05-18 06:30:00,32897.2,-1,FG609
2026-05-18 07:00:00,32965.6,-1,FG609
2026-05-18 09:00:00,33056.8,-1,FG609
2026-05-18 09:30:00,33307.6,-1,FG609
2026-05-18 10:00:00,33011.2,-1,FG609
2026-05-18 10:30:00,32897.2,-1,FG609
2026-05-18 11:00:00,32828.8,-1,FG609
2026-05-18 11:30:00,32900.0,-1,FG609
2026-05-18 13:00:00,32945.6,-1,FG609
2026-05-18 13:30:00,33059.6,-1,FG609
2026-05-18 14:00:00,33036.8,-1,FG609
2026-05-18 14:30:00,33082.4,-1,FG609
2026-05-18 15:00:00,32945.6,-1,FG609
2026-05-18 21:00:00,32985.6,-1,FG609
2026-05-18 21:30:00,33076.8,-1,FG609
2026-05-18 22:00:00,33056.8,-1,FG609
2026-05-18 22:30:00,33102.4,-1,FG609
2026-05-18 23:00:00,33079.6,-1,FG609
2026-05-19 01:00:00,33102.4,-1,FG609
2026-05-19 01:30:00,33193.6,-1,FG609
2026-05-19 02:00:00,33216.4,-1,FG609
2026-05-19 02:30:00,33262.0,-1,FG609
2026-05-19 03:00:00,33307.6,-1,FG609
2026-05-19 03:30:00,33330.4,-1,FG609
2026-05-19 05:30:00,33284.8,-1,FG609
2026-05-19 06:00:00,33239.2,-1,FG609
2026-05-19 06:30:00,33307.6,-1,FG609
2026-05-19 07:00:00,33353.2,-1,FG609
2026-05-19 09:00:00,33299.6,-1,FG609
2026-05-19 09:30:00,33393.6,-1,FG609
2026-05-19 10:00:00,33393.6,-1,FG609
2026-05-19 10:30:00,33464.8,-1,FG609
2026-05-19 11:00:00,33507.6,-1,FG609
2026-05-19 11:30:00,33530.4,-1,FG609
2026-05-19 13:00:00,33590.4,-1,FG609
2026-05-19 13:30:00,33658.8,-1,FG609
2026-05-19 14:00:00,33590.4,-1,FG609
2026-05-19 14:30:00,33658.8,-1,FG609
2026-05-19 15:00:00,33613.2,-1,FG609
2026-05-19 21:00:00,33670.4,-1,FG609
2026-05-19 21:30:00,33761.6,-1,FG609
2026-05-19 22:00:00,33647.6,-1,FG609
2026-05-19 22:30:00,33718.8,-1,FG609
2026-05-19 23:00:00,33696.0,-1,FG609
2026-05-20 01:00:00,33718.8,-1,FG609
2026-05-20 01:30:00,33696.0,-1,FG609
2026-05-20 02:00:00,33787.2,-1,FG609
2026-05-20 02:30:00,33832.8,-1,FG609
2026-05-20 03:00:00,33832.8,-1,FG609
2026-05-20 03:30:00,33878.4,-1,FG609
2026-05-20 05:30:00,33946.8,-1,FG609
2026-05-20 06:00:00,33855.6,-1,FG609
2026-05-20 06:30:00,33878.4,-1,FG609
2026-05-20 07:00:00,33855.6,-1,FG609
2026-05-20 09:00:00,33901.6,-1,FG609
2026-05-20 09:30:00,33876.0,-1,FG609
2026-05-20 10:00:00,33924.4,-1,FG609
2026-05-20 10:30:00,33995.6,-1,FG609
2026-05-20 11:00:00,33950.0,-1,FG609
2026-05-20 11:30:00,33998.4,-1,FG609
2026-05-20 13:00:00,33910.0,-1,FG609
2026-05-20 13:30:00,33864.4,-1,FG609
2026-05-20 14:00:00,33932.8,-1,FG609
2026-05-20 14:30:00,33932.8,-1,FG609
2026-05-20 15:00:00,33955.6,-1,FG609
2026-05-20 21:00:00,33870.0,-1,FG609
2026-05-20 21:30:00,33847.2,-1,FG609
2026-05-20 22:00:00,33912.8,-1,FG609
2026-05-20 22:30:00,33890.0,-1,FG609
2026-05-20 23:00:00,33915.6,-1,FG609
2026-05-21 01:00:00,33892.8,-1,FG609
2026-05-21 01:30:00,37410.0,0,FG609
2026-05-21 02:00:00,34469.6,-1,FG609
2026-05-21 02:30:00,34355.6,-1,FG609
2026-05-21 03:00:00,34264.4,-1,FG609
2026-05-21 03:30:00,39762.0,1,FG609
2026-05-21 05:30:00,39716.4,1,FG609
2026-05-21 06:00:00,39648.0,1,FG609
2026-05-21 06:30:00,39693.6,1,FG609
2026-05-21 07:00:00,39602.4,1,FG609
2026-05-21 09:00:00,39583.2,1,FG609
2026-05-21 09:30:00,39879.6,1,FG609
2026-05-21 10:00:00,39922.4,1,FG609
2026-05-21 10:30:00,40059.2,1,FG609
2026-05-21 11:00:00,40147.6,1,FG609
2026-05-21 11:30:00,40102.0,1,FG609
2026-05-21 13:00:00,40105.2,1,FG609
2026-05-21 13:30:00,40128.0,1,FG609
2026-05-21 14:00:00,40150.8,1,FG609
2026-05-21 14:30:00,40082.4,1,FG609
2026-05-21 15:00:00,40082.4,1,FG609
2026-05-21 21:00:00,40128.0,1,FG609
2026-05-21 21:30:00,40148.0,1,FG609
2026-05-21 22:00:00,40168.0,1,FG609
2026-05-21 22:30:00,40102.4,1,FG609
2026-05-21 23:00:00,40145.2,1,FG609
2026-05-22 01:00:00,40168.0,1,FG609
2026-05-22 01:30:00,40145.2,1,FG609
2026-05-22 02:00:00,39985.6,1,FG609
2026-05-22 02:30:00,36762.0,0,FG609
2026-05-22 03:00:00,39462.0,1,FG609
2026-05-22 03:30:00,39530.4,1,FG609
2026-05-22 05:30:00,39556.0,1,FG609
2026-05-22 06:00:00,39533.2,1,FG609
2026-05-22 06:30:00,39510.4,1,FG609
2026-05-22 07:00:00,39556.0,1,FG609
2026-05-22 09:00:00,39626.8,1,FG609
2026-05-22 09:30:00,39601.2,1,FG609
2026-05-22 10:00:00,39441.6,1,FG609
2026-05-22 10:30:00,39398.8,1,FG609
2026-05-22 11:00:00,39262.0,1,FG609
2026-05-22 11:30:00,39330.4,1,FG609
2026-05-22 13:00:00,39230.4,1,FG609
2026-05-22 13:30:00,39321.6,1,FG609
2026-05-22 14:00:00,39276.0,1,FG609
2026-05-22 14:30:00,39184.8,1,FG609
2026-05-22 15:00:00,39276.0,1,FG609
2026-05-22 21:00:00,39193.2,1,FG609
2026-05-22 21:30:00,39281.6,1,FG609
2026-05-22 22:00:00,39256.0,1,FG609
2026-05-22 22:30:00,39184.8,1,FG609
2026-05-22 23:00:00,39253.2,1,FG609
2026-05-25 01:00:00,36338.0,0,FG609
2026-05-25 01:30:00,39136.8,1,FG609
2026-05-25 02:00:00,39114.0,1,FG609
2026-05-25 02:30:00,39182.4,1,FG609
2026-05-25 03:00:00,39159.6,1,FG609
2026-05-25 03:30:00,39091.2,1,FG609
2026-05-25 05:30:00,39136.8,1,FG609
2026-05-25 06:00:00,39182.4,1,FG609
2026-05-25 06:30:00,39273.6,1,FG609
2026-05-25 07:00:00,39319.2,1,FG609
2026-05-25 09:00:00,39490.8,1,FG609
2026-05-25 09:30:00,39376.8,1,FG609
2026-05-25 10:00:00,39354.0,1,FG609
2026-05-25 10:30:00,39445.2,1,FG609
2026-05-25 11:00:00,39422.4,1,FG609
2026-05-25 11:30:00,39351.2,1,FG609
2026-05-25 13:00:00,39216.8,1,FG609
2026-05-25 13:30:00,35914.0,0,FG609
2026-05-25 14:00:00,38716.4,1,FG609
2026-05-25 14:30:00,38716.4,1,FG609
2026-05-25 15:00:00,39195.2,1,FG609
2026-05-25 21:00:00,39055.6,1,FG609
2026-05-25 21:30:00,38779.2,1,FG609
2026-05-25 22:00:00,38713.6,1,FG609
2026-05-25 22:30:00,38716.4,1,FG609
2026-05-25 23:00:00,38762.0,1,FG609
2026-05-26 01:00:00,38853.2,1,FG609
2026-05-26 01:30:00,38830.4,1,FG609
2026-05-26 02:00:00,38830.4,1,FG609
2026-05-26 02:30:00,38784.8,1,FG609
2026-05-26 03:00:00,38739.2,1,FG609
2026-05-26 03:30:00,38762.0,1,FG609
2026-05-26 05:30:00,38810.4,1,FG609
2026-05-26 06:00:00,38696.4,1,FG609
2026-05-26 06:30:00,35670.0,0,FG609
2026-05-26 07:00:00,38592.4,1,FG609
2026-05-26 09:00:00,38646.4,1,FG609
2026-05-26 09:30:00,38626.4,1,FG609
2026-05-26 10:00:00,38603.6,1,FG609
2026-05-26 10:30:00,38560.8,1,FG609
2026-05-26 11:00:00,38538.0,1,FG609
2026-05-26 11:30:00,38558.0,1,FG609
2026-05-26 13:00:00,38549.6,1,FG609
2026-05-26 13:30:00,38663.6,1,FG609
2026-05-26 14:00:00,38686.4,1,FG609
2026-05-26 14:30:00,38800.4,1,FG609
2026-05-26 15:00:00,38572.4,1,FG609
2026-05-26 21:00:00,38546.8,1,FG609
2026-05-26 21:30:00,38640.8,1,FG609
2026-05-26 22:00:00,38666.4,1,FG609
2026-05-26 22:30:00,38777.6,1,FG609
2026-05-26 23:00:00,38712.0,1,FG609
2026-05-27 01:00:00,38689.2,1,FG609
2026-05-27 01:30:00,38757.6,1,FG609
2026-05-27 02:00:00,38826.0,1,FG609
2026-05-27 02:30:00,38826.0,1,FG609
2026-05-27 03:00:00,38803.2,1,FG609
2026-05-27 03:30:00,38894.4,1,FG609
2026-05-27 05:30:00,38894.4,1,FG609
2026-05-27 06:00:00,38871.6,1,FG609
2026-05-27 06:30:00,38848.8,1,FG609
2026-05-27 07:00:00,38871.6,1,FG609
2026-05-27 09:00:00,38832.0,1,FG609
2026-05-27 09:30:00,38897.6,1,FG609
2026-05-27 10:00:00,38963.2,1,FG609
2026-05-27 10:30:00,38966.0,1,FG609
2026-05-27 11:00:00,38943.2,1,FG609
2026-05-27 11:30:00,39014.4,1,FG609
2026-05-27 13:00:00,39057.2,1,FG609
2026-05-27 13:30:00,39080.0,1,FG609
2026-05-27 14:00:00,39057.2,1,FG609
2026-05-27 14:30:00,39057.2,1,FG609
2026-05-27 15:00:00,39011.6,1,FG609
2026-05-27 21:00:00,39057.2,1,FG609
2026-05-27 21:30:00,39080.0,1,FG609
2026-05-27 22:00:00,39057.2,1,FG609
2026-05-27 22:30:00,39057.2,1,FG609
2026-05-27 23:00:00,39082.8,1,FG609
2026-05-28 01:00:00,39014.4,1,FG609
2026-05-28 01:30:00,38968.8,1,FG609
2026-05-28 02:00:00,38946.0,1,FG609
2026-05-28 02:30:00,38946.0,1,FG609
2026-05-28 03:00:00,38968.8,1,FG609
2026-05-28 03:30:00,39014.4,1,FG609
2026-05-28 05:30:00,38968.8,1,FG609
2026-05-28 06:00:00,39060.0,1,FG609
2026-05-28 06:30:00,39037.2,1,FG609
2026-05-28 07:00:00,39014.4,1,FG609
2026-05-28 09:00:00,38931.6,1,FG609
2026-05-28 09:30:00,38888.8,1,FG609
2026-05-28 10:00:00,38846.0,1,FG609
2026-05-28 10:30:00,38826.0,1,FG609
2026-05-28 11:00:00,38848.8,1,FG609
2026-05-28 11:30:00,38874.4,1,FG609
2026-05-28 13:00:00,38937.2,1,FG609
2026-05-28 13:30:00,39028.4,1,FG609
2026-05-28 14:00:00,39142.4,1,FG609
2026-05-28 14:30:00,39096.8,1,FG609
2026-05-28 15:00:00,38914.4,1,FG609
2026-05-28 21:00:00,38977.2,1,FG609
2026-05-28 21:30:00,39068.4,1,FG609
2026-05-28 22:00:00,39179.6,1,FG609
2026-05-28 22:30:00,39136.8,1,FG609
2026-05-28 23:00:00,39114.0,1,FG609
2026-05-29 01:00:00,39068.4,1,FG609
2026-05-29 01:30:00,39205.2,1,FG609
2026-05-29 02:00:00,39228.0,1,FG609
2026-05-29 02:30:00,39319.2,1,FG609
2026-05-29 03:00:00,39250.8,1,FG609
2026-05-29 03:30:00,39205.2,1,FG609
2026-05-29 05:30:00,39273.6,1,FG609
2026-05-29 06:00:00,39159.6,1,FG609
2026-05-29 06:30:00,39228.0,1,FG609
2026-05-29 07:00:00,39387.6,1,FG609
2026-05-29 09:00:00,39308.4,1,FG609
2026-05-29 09:30:00,39445.2,1,FG609
2026-05-29 10:00:00,39490.8,1,FG609
2026-05-29 10:30:00,39579.2,1,FG609
2026-05-29 11:00:00,39510.8,1,FG609
2026-05-29 11:30:00,39485.2,1,FG609
2026-05-29 13:00:00,39536.0,1,FG609
2026-05-29 13:30:00,39536.0,1,FG609
2026-05-29 14:00:00,39467.6,1,FG609
2026-05-29 14:30:00,39239.6,1,FG609
2026-05-29 15:00:00,39467.6,1,FG609
2026-05-29 21:00:00,39496.0,1,FG609
2026-05-29 21:30:00,39476.0,1,FG609
2026-05-29 22:00:00,39384.8,1,FG609
2026-05-29 22:30:00,39182.4,1,FG609
2026-05-29 23:00:00,39250.8,1,FG609
2026-06-01 01:00:00,39250.8,1,FG609
2026-06-01 01:30:00,39250.8,1,FG609
2026-06-01 02:00:00,39364.8,1,FG609
2026-06-01 02:30:00,39364.8,1,FG609
2026-06-01 03:00:00,39387.6,1,FG609
2026-06-01 03:30:00,39364.8,1,FG609
2026-06-01 05:30:00,39344.8,1,FG609
2026-06-01 06:00:00,39436.0,1,FG609
2026-06-01 06:30:00,39322.0,1,FG609
2026-06-01 07:00:00,39344.8,1,FG609
2026-06-01 09:00:00,39310.8,1,FG609
2026-06-01 09:30:00,39310.8,1,FG609
2026-06-01 10:00:00,39382.0,1,FG609
2026-06-01 10:30:00,39404.8,1,FG609
2026-06-01 11:00:00,39450.4,1,FG609
2026-06-01 11:30:00,39424.8,1,FG609
2026-06-01 13:00:00,39293.6,1,FG609
2026-06-01 13:30:00,39316.4,1,FG609
2026-06-01 14:00:00,39248.0,1,FG609
2026-06-01 14:30:00,39225.2,1,FG609
2026-06-01 15:00:00,39316.4,1,FG609
2026-06-01 21:00:00,39216.4,1,FG609
2026-06-01 21:30:00,39239.2,1,FG609
2026-06-01 22:00:00,39145.2,1,FG609
2026-06-01 22:30:00,39125.2,1,FG609
2026-06-01 23:00:00,39216.4,1,FG609
2026-06-02 01:00:00,39125.2,1,FG609
2026-06-02 01:30:00,39102.4,1,FG609
2026-06-02 02:00:00,36486.0,0,FG609
2026-06-02 02:30:00,33554.8,-1,FG609
2026-06-02 03:00:00,33509.2,-1,FG609
2026-06-02 03:30:00,33509.2,-1,FG609
2026-06-02 05:30:00,33483.6,-1,FG609
2026-06-02 06:00:00,33460.8,-1,FG609
2026-06-02 06:30:00,33506.4,-1,FG609
2026-06-02 07:00:00,33483.6,-1,FG609
2026-06-02 09:00:00,33524.0,-1,FG609
2026-06-02 09:30:00,33569.6,-1,FG609
2026-06-02 10:00:00,33817.6,-1,FG609
2026-06-02 10:30:00,33814.8,-1,FG609
2026-06-02 11:00:00,33792.0,-1,FG609
2026-06-02 11:30:00,33789.2,-1,FG609
2026-06-02 13:00:00,33675.2,-1,FG609
2026-06-02 13:30:00,33629.6,-1,FG609
2026-06-02 14:00:00,33606.8,-1,FG609
2026-06-02 14:30:00,33538.4,-1,FG609
2026-06-02 15:00:00,33561.2,-1,FG609
2026-06-02 21:00:00,33452.4,-1,FG609
2026-06-02 21:30:00,33409.6,-1,FG609
2026-06-02 22:00:00,33409.6,-1,FG609
2026-06-02 22:30:00,33318.4,-1,FG609
2026-06-02 23:00:00,33341.2,-1,FG609
2026-06-03 01:00:00,33341.2,-1,FG609
2026-06-03 01:30:00,33409.6,-1,FG609
2026-06-03 02:00:00,33409.6,-1,FG609
2026-06-03 02:30:00,33500.8,-1,FG609
2026-06-03 03:00:00,33432.4,-1,FG609
2026-06-03 03:30:00,33432.4,-1,FG609
2026-06-03 05:30:00,33389.6,-1,FG609
2026-06-03 06:00:00,33412.4,-1,FG609
2026-06-03 06:30:00,33366.8,-1,FG609
2026-06-03 07:00:00,33366.8,-1,FG609
2026-06-03 09:00:00,36002.0,0,FG609
2026-06-03 09:30:00,33082.8,-1,FG609
2026-06-03 10:00:00,33085.6,-1,FG609
2026-06-03 10:30:00,33154.0,-1,FG609
2026-06-03 11:00:00,33065.6,-1,FG609
2026-06-03 11:30:00,33068.4,-1,FG609
2026-06-03 13:00:00,33111.2,-1,FG609
2026-06-03 13:30:00,33065.6,-1,FG609
2026-06-03 14:00:00,33088.4,-1,FG609
2026-06-03 14:30:00,33202.4,-1,FG609
2026-06-03 15:00:00,33179.6,-1,FG609
2026-06-03 21:00:00,33211.2,-1,FG609
2026-06-03 21:30:00,33188.4,-1,FG609
2026-06-03 22:00:00,33208.4,-1,FG609
2026-06-03 22:30:00,33279.6,-1,FG609
2026-06-03 23:00:00,33259.6,-1,FG609
2026-06-04 01:00:00,33259.6,-1,FG609
2026-06-04 01:30:00,33396.4,-1,FG609
2026-06-04 02:00:00,33464.8,-1,FG609
2026-06-04 02:30:00,33487.6,-1,FG609
2026-06-04 03:00:00,33601.6,-1,FG609
2026-06-04 03:30:00,33556.0,-1,FG609
2026-06-04 05:30:00,33556.0,-1,FG609
2026-06-04 06:00:00,33578.8,-1,FG609
2026-06-04 06:30:00,33601.6,-1,FG609
2026-06-04 07:00:00,33533.2,-1,FG609
2026-06-04 09:00:00,33499.6,-1,FG609
2026-06-04 09:30:00,33636.4,-1,FG609
2026-06-04 10:00:00,33704.8,-1,FG609
2026-06-04 10:30:00,33750.4,-1,FG609
2026-06-04 11:00:00,33861.6,-1,FG609
2026-06-04 11:30:00,33836.0,-1,FG609
2026-06-04 13:00:00,33858.8,-1,FG609
2026-06-04 13:30:00,33858.8,-1,FG609
2026-06-04 14:00:00,33790.4,-1,FG609
2026-06-04 14:30:00,33858.8,-1,FG609
2026-06-04 15:00:00,33950.0,-1,FG609
2026-06-04 21:00:00,33958.8,-1,FG609
2026-06-04 21:30:00,33958.8,-1,FG609
2026-06-04 22:00:00,33890.4,-1,FG609
2026-06-04 22:30:00,33938.8,-1,FG609
2026-06-04 23:00:00,34010.0,-1,FG609
2026-06-05 01:00:00,33987.2,-1,FG609
2026-06-05 01:30:00,34124.0,-1,FG609
2026-06-05 02:00:00,34146.8,-1,FG609
2026-06-05 02:30:00,34169.6,-1,FG609
2026-06-05 03:00:00,34169.6,-1,FG609
2026-06-05 03:30:00,34260.8,-1,FG609
2026-06-05 05:30:00,34263.6,-1,FG609
2026-06-05 06:00:00,34286.4,-1,FG609
2026-06-05 06:30:00,34400.4,-1,FG609
2026-06-05 07:00:00,34332.0,-1,FG609
2026-06-05 09:00:00,37618.0,0,FG609
2026-06-05 09:30:00,34860.0,-1,FG609
2026-06-05 10:00:00,34905.6,-1,FG609
2026-06-05 10:30:00,34882.8,-1,FG609
2026-06-05 11:00:00,34905.6,-1,FG609
2026-06-05 11:30:00,34976.8,-1,FG609
2026-06-05 13:00:00,35016.4,-1,FG609
2026-06-05 13:30:00,35039.2,-1,FG609
2026-06-05 14:00:00,35016.4,-1,FG609
2026-06-05 14:30:00,35016.4,-1,FG609
2026-06-05 15:00:00,34925.2,-1,FG609
2026-06-05 21:00:00,34933.6,-1,FG609
2026-06-05 21:30:00,34959.2,-1,FG609
2026-06-05 22:00:00,34916.4,-1,FG609
2026-06-05 22:30:00,34916.4,-1,FG609
2026-06-05 23:00:00,34845.2,-1,FG609
2026-06-08 01:00:00,34936.4,-1,FG609
2026-06-08 01:30:00,34982.0,-1,FG609
2026-06-08 02:00:00,35073.2,-1,FG609
2026-06-08 02:30:00,35027.6,-1,FG609
2026-06-08 03:00:00,35027.6,-1,FG609
2026-06-08 03:30:00,35027.6,-1,FG609
2026-06-08 05:30:00,35004.8,-1,FG609
2026-06-08 06:00:00,34890.8,-1,FG609
2026-06-08 06:30:00,34936.4,-1,FG609
2026-06-08 07:00:00,35004.8,-1,FG609
2026-06-08 09:00:00,35099.2,-1,FG609
2026-06-08 09:30:00,35122.0,-1,FG609
2026-06-08 10:00:00,35213.2,-1,FG609
2026-06-08 10:30:00,35167.6,-1,FG609
2026-06-08 11:00:00,35164.8,-1,FG609
2026-06-08 11:30:00,35167.6,-1,FG609
2026-06-08 13:00:00,35127.6,-1,FG609
2026-06-08 13:30:00,35241.6,-1,FG609
2026-06-08 14:00:00,35173.2,-1,FG609
2026-06-08 14:30:00,35196.0,-1,FG609
2026-06-08 15:00:00,35264.4,-1,FG609
2026-06-08 21:00:00,35230.4,-1,FG609
2026-06-08 21:30:00,35341.6,-1,FG609
2026-06-08 22:00:00,35296.0,-1,FG609
2026-06-08 22:30:00,35316.0,-1,FG609
2026-06-08 23:00:00,35384.4,-1,FG609
2026-06-09 01:00:00,35361.6,-1,FG609
2026-06-09 01:30:00,35407.2,-1,FG609
2026-06-09 02:00:00,35384.4,-1,FG609
2026-06-09 02:30:00,35338.8,-1,FG609
2026-06-09 03:00:00,35361.6,-1,FG609
2026-06-09 03:30:00,35407.2,-1,FG609
2026-06-09 05:30:00,35407.2,-1,FG609
2026-06-09 06:00:00,35430.0,-1,FG609
2026-06-09 06:30:00,35361.6,-1,FG609
2026-06-09 07:00:00,35430.0,-1,FG609
2026-06-09 09:00:00,35401.6,-1,FG609
2026-06-09 09:30:00,35447.2,-1,FG609
2026-06-09 10:00:00,35424.4,-1,FG609
2026-06-09 10:30:00,35401.6,-1,FG609
2026-06-09 11:00:00,35421.6,-1,FG609
2026-06-09 11:30:00,35467.2,-1,FG609
2026-06-09 13:00:00,35495.6,-1,FG609
2026-06-09 13:30:00,35427.2,-1,FG609
2026-06-09 14:00:00,35495.6,-1,FG609
2026-06-09 14:30:00,35518.4,-1,FG609
2026-06-09 15:00:00,35586.8,-1,FG609
2026-06-09 21:00:00,35595.6,-1,FG609
2026-06-09 21:30:00,35504.4,-1,FG609
2026-06-09 22:00:00,35575.6,-1,FG609
2026-06-09 22:30:00,35598.4,-1,FG609
2026-06-09 23:00:00,35646.8,-1,FG609
2026-06-10 01:00:00,35738.0,-1,FG609
2026-06-10 01:30:00,35738.0,-1,FG609
2026-06-10 02:00:00,35555.6,-1,FG609
2026-06-10 02:30:00,35441.6,-1,FG609
2026-06-10 03:00:00,35555.6,-1,FG609
2026-06-10 03:30:00,35578.4,-1,FG609
2026-06-10 05:30:00,35601.2,-1,FG609
2026-06-10 06:00:00,35555.6,-1,FG609
2026-06-10 06:30:00,35555.6,-1,FG609
2026-06-10 07:00:00,35646.8,-1,FG609
2026-06-10 09:00:00,35758.0,-1,FG609
2026-06-10 09:30:00,35758.0,-1,FG609
2026-06-10 10:00:00,35552.8,-1,FG609
2026-06-10 10:30:00,35464.4,-1,FG609
2026-06-10 11:00:00,35575.6,-1,FG609
2026-06-10 11:30:00,35598.4,-1,FG609
2026-06-10 13:00:00,35581.2,-1,FG609
2026-06-10 13:30:00,35558.4,-1,FG609
2026-06-10 14:00:00,35604.0,-1,FG609
2026-06-10 14:30:00,35581.2,-1,FG609
2026-06-10 15:00:00,35604.0,-1,FG609
2026-06-10 21:00:00,35558.4,-1,FG609
2026-06-10 21:30:00,35581.2,-1,FG609
2026-06-10 22:00:00,35604.0,-1,FG609
2026-06-10 22:30:00,35581.2,-1,FG609
2026-06-10 23:00:00,35604.0,-1,FG609
2026-06-11 01:00:00,35672.4,-1,FG609
2026-06-11 01:30:00,35718.0,-1,FG609
2026-06-11 02:00:00,35695.2,-1,FG609
2026-06-11 02:30:00,35763.6,-1,FG609
2026-06-11 03:00:00,35718.0,-1,FG609
2026-06-11 03:30:00,35535.6,-1,FG609
2026-06-11 05:30:00,35512.8,-1,FG609
2026-06-11 06:00:00,35558.4,-1,FG609
2026-06-11 06:30:00,35512.8,-1,FG609
2026-06-11 07:00:00,35581.2,-1,FG609
2026-06-11 09:00:00,35652.4,-1,FG609
2026-06-11 09:30:00,35698.0,-1,FG609
2026-06-11 10:00:00,35698.0,-1,FG609
2026-06-11 10:30:00,35763.6,-1,FG609
2026-06-11 11:00:00,35718.0,-1,FG609
2026-06-11 11:30:00,35535.6,-1,FG609
2026-06-11 13:00:00,35524.0,-1,FG609
2026-06-11 13:30:00,35546.8,-1,FG609
2026-06-11 14:00:00,35546.8,-1,FG609
2026-06-11 14:30:00,35546.8,-1,FG609
2026-06-11 15:00:00,35592.4,-1,FG609
2026-06-11 21:00:00,35564.0,-1,FG609
2026-06-11 21:30:00,35586.8,-1,FG609
2026-06-11 22:00:00,35606.8,-1,FG609
2026-06-11 22:30:00,35629.6,-1,FG609
2026-06-11 23:00:00,35672.4,-1,FG609
2026-06-12 01:00:00,35626.8,-1,FG609
2026-06-12 01:30:00,35718.0,-1,FG609
2026-06-12 02:00:00,35604.0,-1,FG609
2026-06-12 02:30:00,35604.0,-1,FG609
2026-06-12 03:00:00,35604.0,-1,FG609
2026-06-12 03:30:00,35535.6,-1,FG609
2026-06-12 05:30:00,35604.0,-1,FG609
2026-06-12 06:00:00,35672.4,-1,FG609
2026-06-12 06:30:00,35672.4,-1,FG609
2026-06-12 07:00:00,35672.4,-1,FG609
2026-06-12 09:00:00,35629.6,-1,FG609
2026-06-12 09:30:00,35675.2,-1,FG609
2026-06-12 10:00:00,35541.2,-1,FG609
2026-06-12 10:30:00,35544.0,-1,FG609
2026-06-12 11:00:00,35566.8,-1,FG609
2026-06-12 11:30:00,35495.6,-1,FG609
2026-06-12 13:00:00,35418.4,-1,FG609
2026-06-12 13:30:00,38534.0,0,FG609
2026-06-12 14:00:00,41331.6,1,FG609
2026-06-12 14:30:00,41308.8,1,FG609
2026-06-12 15:00:00,41354.4,1,FG609
2026-06-12 21:00:00,41366.8,1,FG609
2026-06-12 21:30:00,41711.6,1,FG609
2026-06-12 22:00:00,41731.6,1,FG609
2026-06-12 22:30:00,41728.8,1,FG609
2026-06-12 23:00:00,41774.4,1,FG609
2026-06-15 01:00:00,41637.6,1,FG609
2026-06-15 01:30:00,41637.6,1,FG609
2026-06-15 02:00:00,41728.8,1,FG609
2026-06-15 02:30:00,41797.2,1,FG609
2026-06-15 03:00:00,41979.6,1,FG609
2026-06-15 03:30:00,42002.4,1,FG609
2026-06-15 05:30:00,41979.6,1,FG609
2026-06-15 06:00:00,41934.0,1,FG609
2026-06-15 06:30:00,41934.0,1,FG609
2026-06-15 07:00:00,41911.2,1,FG609
2026-06-15 09:00:00,41800.4,1,FG609
2026-06-15 09:30:00,41797.6,1,FG609
2026-06-15 10:00:00,41846.0,1,FG609
2026-06-15 10:30:00,41940.0,1,FG609
2026-06-15 11:00:00,42119.6,1,FG609
2026-06-15 11:30:00,42142.4,1,FG609
2026-06-15 13:00:00,42134.0,1,FG609
2026-06-15 13:30:00,42020.0,1,FG609
2026-06-15 14:00:00,42088.4,1,FG609
2026-06-15 14:30:00,42065.6,1,FG609
2026-06-15 15:00:00,42065.6,1,FG609
2026-06-15 21:00:00,42074.0,1,FG609
2026-06-15 21:30:00,41960.0,1,FG609
2026-06-15 22:00:00,42028.4,1,FG609
2026-06-15 22:30:00,42005.6,1,FG609
2026-06-15 23:00:00,42025.6,1,FG609
2026-06-16 01:00:00,41980.0,1,FG609
2026-06-16 01:30:00,41888.8,1,FG609
2026-06-16 02:00:00,41866.0,1,FG609
2026-06-16 02:30:00,41888.8,1,FG609
2026-06-16 03:00:00,41888.8,1,FG609
2026-06-16 03:30:00,41911.6,1,FG609
2026-06-16 05:30:00,41866.0,1,FG609
2026-06-16 06:00:00,38870.0,0,FG609
2026-06-16 06:30:00,41673.6,1,FG609
2026-06-16 07:00:00,41719.2,1,FG609
2026-06-16 09:00:00,41718.8,1,FG609
2026-06-16 09:30:00,41624.8,1,FG609
2026-06-16 10:00:00,41624.8,1,FG609
2026-06-16 10:30:00,41622.0,1,FG609
2026-06-16 11:00:00,41624.8,1,FG609
2026-06-16 11:30:00,41627.6,1,FG609
2026-06-16 13:00:00,41801.6,1,FG609
2026-06-16 13:30:00,41756.0,1,FG609
2026-06-16 14:00:00,41778.8,1,FG609
2026-06-16 14:30:00,41596.4,1,FG609
2026-06-16 15:00:00,41619.2,1,FG609
2026-06-16 21:00:00,41801.6,1,FG609
2026-06-16 21:30:00,41733.2,1,FG609
2026-06-16 22:00:00,41758.8,1,FG609
2026-06-16 22:30:00,41576.4,1,FG609
2026-06-16 23:00:00,41599.2,1,FG609
2026-06-17 01:00:00,41553.6,1,FG609
2026-06-17 01:30:00,41576.4,1,FG609
2026-06-17 02:00:00,41622.0,1,FG609
2026-06-17 02:30:00,41622.0,1,FG609
2026-06-17 03:00:00,41622.0,1,FG609
2026-06-17 03:30:00,41599.2,1,FG609
2026-06-17 05:30:00,41596.4,1,FG609
2026-06-17 06:00:00,41596.4,1,FG609
2026-06-17 06:30:00,41642.0,1,FG609
2026-06-17 07:00:00,38666.0,0,FG609
2026-06-17 09:00:00,35858.4,-1,FG609
2026-06-17 09:30:00,35815.6,-1,FG609
2026-06-17 10:00:00,35790.0,-1,FG609
2026-06-17 10:30:00,35810.0,-1,FG609
2026-06-17 11:00:00,35832.8,-1,FG609
2026-06-17 11:30:00,35852.8,-1,FG609
2026-06-17 13:00:00,35880.8,-1,FG609
2026-06-17 13:30:00,35949.2,-1,FG609
2026-06-17 14:00:00,35972.0,-1,FG609
2026-06-17 14:30:00,35994.8,-1,FG609
2026-06-17 15:00:00,36017.6,-1,FG609
2026-06-17 21:00:00,36023.6,-1,FG609
2026-06-17 21:30:00,36089.2,-1,FG609
2026-06-17 22:00:00,36112.0,-1,FG609
2026-06-17 22:30:00,36134.8,-1,FG609
2026-06-17 23:00:00,36157.6,-1,FG609
2026-06-18 01:00:00,36089.2,-1,FG609
2026-06-18 01:30:00,36089.2,-1,FG609
2026-06-18 02:00:00,36089.2,-1,FG609
2026-06-18 02:30:00,36134.8,-1,FG609
2026-06-18 03:00:00,36203.2,-1,FG609
2026-06-18 03:30:00,36226.0,-1,FG609
2026-06-18 05:30:00,36203.2,-1,FG609
2026-06-18 06:00:00,36408.4,-1,FG609
2026-06-18 06:30:00,36362.8,-1,FG609
2026-06-18 07:00:00,36385.6,-1,FG609
2026-06-18 09:00:00,36292.0,-1,FG609
2026-06-18 09:30:00,36289.2,-1,FG609
2026-06-18 10:00:00,36332.0,-1,FG609
2026-06-18 10:30:00,36354.8,-1,FG609
2026-06-18 11:00:00,36423.2,-1,FG609
2026-06-18 11:30:00,36466.0,-1,FG609
2026-06-18 13:30:00,36466.0,-1,FG609
2026-06-18 14:00:00,36645.6,-1,FG609
2026-06-18 14:30:00,36602.8,-1,FG609
2026-06-18 15:00:00,36605.6,-1,FG609
2026-06-22 01:00:00,36497.2,-1,FG609
2026-06-22 01:30:00,36451.6,-1,FG609
2026-06-22 02:00:00,36565.6,-1,FG609
2026-06-22 02:30:00,36588.4,-1,FG609
2026-06-22 03:00:00,36565.6,-1,FG609
2026-06-22 03:30:00,36588.4,-1,FG609
2026-06-22 05:30:00,36565.6,-1,FG609
2026-06-22 06:00:00,36588.4,-1,FG609
2026-06-22 06:30:00,36565.6,-1,FG609
2026-06-22 07:00:00,36588.4,-1,FG609
2026-06-22 09:00:00,36477.2,-1,FG609
2026-06-22 09:30:00,36451.6,-1,FG609
2026-06-22 10:00:00,36542.8,-1,FG609
2026-06-22 10:30:00,36565.6,-1,FG609
2026-06-22 11:00:00,36542.8,-1,FG609
2026-06-22 11:30:00,36568.4,-1,FG609
2026-06-22 13:00:00,36619.6,-1,FG609
2026-06-22 13:30:00,36733.6,-1,FG609
2026-06-22 14:00:00,36756.4,-1,FG609
2026-06-22 14:30:00,36688.0,-1,FG609
2026-06-22 15:00:00,36710.8,-1,FG609
2026-06-22 21:00:00,36716.8,-1,FG609
2026-06-22 21:30:00,36833.6,-1,FG609
2026-06-22 22:00:00,36856.4,-1,FG609
2026-06-22 22:30:00,36788.0,-1,FG609
2026-06-22 23:00:00,36810.8,-1,FG609
2026-06-23 01:00:00,36765.2,-1,FG609
2026-06-23 01:30:00,36696.8,-1,FG609
2026-06-23 02:00:00,36742.4,-1,FG609
2026-06-23 02:30:00,36765.2,-1,FG609
2026-06-23 03:00:00,36810.8,-1,FG609
2026-06-23 03:30:00,36902.0,-1,FG609
2026-06-23 05:30:00,36902.0,-1,FG609
2026-06-23 06:00:00,36902.0,-1,FG609
2026-06-23 06:30:00,36924.8,-1,FG609
2026-06-23 07:00:00,36856.4,-1,FG609
2026-06-23 09:00:00,36825.2,-1,FG609
2026-06-23 09:30:00,36756.8,-1,FG609
2026-06-23 10:00:00,36825.2,-1,FG609
2026-06-23 10:30:00,36868.0,-1,FG609
2026-06-23 11:00:00,36910.8,-1,FG609
2026-06-23 11:30:00,37002.0,-1,FG609
2026-06-23 13:00:00,36996.4,-1,FG609
2026-06-23 13:30:00,37019.2,-1,FG609
2026-06-23 14:00:00,36973.6,-1,FG609
2026-06-23 14:30:00,36950.8,-1,FG609
2026-06-23 15:00:00,36996.4,-1,FG609
2026-06-23 21:00:00,36996.4,-1,FG609
2026-06-23 21:30:00,37019.2,-1,FG609
2026-06-23 22:00:00,36973.6,-1,FG609
2026-06-23 22:30:00,36950.8,-1,FG609
2026-06-23 23:00:00,36950.8,-1,FG609
2026-06-24 01:00:00,36950.8,-1,FG609
2026-06-24 01:30:00,36950.8,-1,FG609
2026-06-24 02:00:00,36905.2,-1,FG609
2026-06-24 02:30:00,40022.0,0,FG609
2026-06-24 03:00:00,37190.4,-1,FG609
2026-06-24 03:30:00,37281.6,-1,FG609
2026-06-24 05:30:00,37281.6,-1,FG609
2026-06-24 06:00:00,37327.2,-1,FG609
2026-06-24 06:30:00,37395.6,-1,FG609
2026-06-24 07:00:00,37395.6,-1,FG609
2026-06-24 09:00:00,37384.0,-1,FG609
2026-06-24 09:30:00,37386.8,-1,FG609
2026-06-24 10:00:00,37361.2,-1,FG609
2026-06-24 10:30:00,37178.8,-1,FG609
2026-06-24 11:00:00,37133.2,-1,FG609
2026-06-24 11:30:00,37221.6,-1,FG609
2026-06-24 13:00:00,37230.0,-1,FG609
2026-06-24 13:30:00,37207.2,-1,FG609
2026-06-24 14:00:00,37093.2,-1,FG609
2026-06-24 14:30:00,37161.6,-1,FG609
2026-06-24 15:00:00,37230.0,-1,FG609
2026-06-24 21:00:00,37230.0,-1,FG609
2026-06-24 21:30:00,37207.2,-1,FG609
2026-06-24 22:00:00,37113.2,-1,FG609
2026-06-24 22:30:00,37181.6,-1,FG609
2026-06-24 23:00:00,37250.0,-1,FG609
2026-06-25 01:00:00,37295.6,-1,FG609
2026-06-25 01:30:00,37181.6,-1,FG609
2026-06-25 02:00:00,37158.8,-1,FG609
2026-06-25 02:30:00,37227.2,-1,FG609
2026-06-25 03:00:00,37181.6,-1,FG609
2026-06-25 03:30:00,37181.6,-1,FG609
2026-06-25 05:30:00,37227.2,-1,FG609
2026-06-25 06:00:00,37250.0,-1,FG609
2026-06-25 06:30:00,37250.0,-1,FG609
2026-06-25 07:00:00,37250.0,-1,FG609
2026-06-25 09:00:00,37315.6,-1,FG609
2026-06-25 09:30:00,37178.8,-1,FG609
2026-06-25 10:00:00,37158.8,-1,FG609
2026-06-25 10:30:00,37227.2,-1,FG609
2026-06-25 11:00:00,37181.6,-1,FG609
2026-06-25 11:30:00,37201.6,-1,FG609
2026-06-25 13:00:00,37255.6,-1,FG609
2026-06-25 13:30:00,37255.6,-1,FG609
2026-06-25 14:00:00,37278.4,-1,FG609
2026-06-25 14:30:00,37278.4,-1,FG609
2026-06-25 15:00:00,37301.2,-1,FG609
2026-06-25 21:00:00,37335.6,-1,FG609
2026-06-25 21:30:00,37335.6,-1,FG609
2026-06-25 22:00:00,37335.6,-1,FG609
2026-06-25 22:30:00,37315.6,-1,FG609
2026-06-25 23:00:00,37341.2,-1,FG609
2026-06-26 01:00:00,37455.2,-1,FG609
2026-06-26 01:30:00,37386.8,-1,FG609
2026-06-26 02:00:00,37272.8,-1,FG609
2026-06-26 02:30:00,37295.6,-1,FG609
2026-06-26 03:00:00,37386.8,-1,FG609
2026-06-26 03:30:00,37364.0,-1,FG609
2026-06-26 05:30:00,37364.0,-1,FG609
2026-06-26 06:00:00,37364.0,-1,FG609
2026-06-26 06:30:00,37341.2,-1,FG609
2026-06-26 07:00:00,37409.6,-1,FG609
2026-06-26 09:00:00,37538.0,-1,FG609
2026-06-26 09:30:00,37466.8,-1,FG609
2026-06-26 10:00:00,37352.8,-1,FG609
2026-06-26 10:30:00,37375.6,-1,FG609
2026-06-26 11:00:00,37486.8,-1,FG609
2026-06-26 11:30:00,37464.0,-1,FG609
2026-06-26 13:00:00,37486.8,-1,FG609
2026-06-26 13:30:00,37509.6,-1,FG609
2026-06-26 14:00:00,37350.0,-1,FG609
2026-06-26 14:30:00,37350.0,-1,FG609
2026-06-26 15:00:00,37509.6,-1,FG609
2026-06-26 21:00:00,37526.8,-1,FG609
2026-06-26 21:30:00,37569.6,-1,FG609
2026-06-26 22:00:00,37410.0,-1,FG609
2026-06-26 22:30:00,37390.0,-1,FG609
2026-06-26 23:00:00,37367.2,-1,FG609
2026-06-29 01:00:00,37481.2,-1,FG609
2026-06-29 01:30:00,37481.2,-1,FG609
2026-06-29 02:00:00,37504.0,-1,FG609
2026-06-29 02:30:00,37481.2,-1,FG609
2026-06-29 03:00:00,37549.6,-1,FG609
2026-06-29 03:30:00,37390.0,-1,FG609
2026-06-29 05:30:00,37390.0,-1,FG609
2026-06-29 06:00:00,37367.2,-1,FG609
2026-06-29 06:30:00,40058.0,0,FG609
2026-06-29 07:00:00,37277.6,-1,FG609
2026-06-29 09:00:00,37374.4,-1,FG609
2026-06-29 09:30:00,37400.0,-1,FG609
2026-06-29 10:00:00,37420.0,-1,FG609
2026-06-29 10:30:00,37417.2,-1,FG609
2026-06-29 11:00:00,37485.6,-1,FG609
2026-06-29 11:30:00,37326.0,-1,FG609
2026-06-29 13:00:00,37428.8,-1,FG609
2026-06-29 13:30:00,37588.4,-1,FG609
2026-06-29 14:00:00,37611.2,-1,FG609
2026-06-29 14:30:00,37611.2,-1,FG609
2026-06-29 15:00:00,37337.6,-1,FG609
2026-06-29 21:00:00,37448.8,-1,FG609
2026-06-29 21:30:00,37608.4,-1,FG609
2026-06-29 22:00:00,37611.2,-1,FG609
2026-06-29 22:30:00,37591.2,-1,FG609
2026-06-29 23:00:00,37591.2,-1,FG609
2026-06-30 01:00:00,37522.8,-1,FG609
2026-06-30 01:30:00,37545.6,-1,FG609
2026-06-30 02:00:00,37568.4,-1,FG609
2026-06-30 02:30:00,37431.6,-1,FG609
2026-06-30 03:00:00,37317.6,-1,FG609
2026-06-30 03:30:00,37386.0,-1,FG609
2026-06-30 05:30:00,37386.0,-1,FG609
2026-06-30 06:00:00,37431.6,-1,FG609
2026-06-30 06:30:00,37431.6,-1,FG609
2026-06-30 07:00:00,37386.0,-1,FG609
2026-06-30 09:00:00,37365.6,-1,FG609
2026-06-30 09:30:00,37385.6,-1,FG609
2026-06-30 10:00:00,37408.4,-1,FG609
2026-06-30 10:30:00,37294.4,-1,FG609
2026-06-30 11:00:00,37177.6,-1,FG609
2026-06-30 11:30:00,37226.0,-1,FG609
2026-06-30 13:00:00,37280.0,-1,FG609
2026-06-30 13:30:00,37371.2,-1,FG609
2026-06-30 14:00:00,37416.8,-1,FG609
2026-06-30 14:30:00,37348.4,-1,FG609
2026-06-30 15:00:00,37166.0,-1,FG609
2026-07-01 01:00:00,37265.2,-1,FG609
2026-07-01 01:30:00,37242.4,-1,FG609
2026-07-01 02:00:00,37242.4,-1,FG609
2026-07-01 02:30:00,37333.6,-1,FG609
2026-07-01 03:00:00,37219.6,-1,FG609
2026-07-01 03:30:00,37196.8,-1,FG609
2026-07-01 05:30:00,37174.0,-1,FG609
2026-07-01 06:00:00,37151.2,-1,FG609
2026-07-01 06:30:00,37265.2,-1,FG609
2026-07-01 07:00:00,37265.2,-1,FG609
2026-07-01 09:00:00,37325.2,-1,FG609
2026-07-01 09:30:00,37282.4,-1,FG609
2026-07-01 10:00:00,37262.4,-1,FG609
2026-07-01 10:30:00,37353.6,-1,FG609
2026-07-01 11:00:00,37239.6,-1,FG609
2026-07-01 11:30:00,37216.8,-1,FG609
2026-07-01 13:00:00,37182.4,-1,FG609
2026-07-01 13:30:00,37114.0,-1,FG609
2026-07-01 14:00:00,37136.8,-1,FG609
2026-07-01 14:30:00,37182.4,-1,FG609
2026-07-01 15:00:00,37205.2,-1,FG609
2026-07-02 01:00:00,37205.2,-1,FG609
2026-07-02 01:30:00,37205.2,-1,FG609
2026-07-02 02:00:00,37159.6,-1,FG609
2026-07-02 02:30:00,37296.4,-1,FG609
2026-07-02 03:00:00,37250.8,-1,FG609
2026-07-02 03:30:00,37228.0,-1,FG609
2026-07-02 05:30:00,37205.2,-1,FG609
2026-07-02 06:00:00,37022.8,-1,FG609
2026-07-02 06:30:00,37022.8,-1,FG609
2026-07-02 07:00:00,37091.2,-1,FG609
2026-07-02 09:00:00,37105.2,-1,FG609
2026-07-02 09:30:00,37125.2,-1,FG609
2026-07-02 10:00:00,37122.4,-1,FG609
2026-07-02 10:30:00,37233.6,-1,FG609
2026-07-02 11:00:00,37210.8,-1,FG609
2026-07-02 11:30:00,37188.0,-1,FG609
2026-07-02 13:00:00,37151.2,-1,FG609
2026-07-02 13:30:00,37151.2,-1,FG609
2026-07-02 14:00:00,37105.6,-1,FG609
2026-07-02 14:30:00,37151.2,-1,FG609
2026-07-02 15:00:00,37128.4,-1,FG609
2026-07-03 01:00:00,37196.8,-1,FG609
2026-07-03 01:30:00,37105.6,-1,FG609
2026-07-03 02:00:00,37060.0,-1,FG609
2026-07-03 02:30:00,39714.0,0,FG609
2026-07-03 03:00:00,42424.8,1,FG609
2026-07-03 03:30:00,42447.6,1,FG609
2026-07-03 05:30:00,42447.6,1,FG609
2026-07-03 06:00:00,42447.6,1,FG609
2026-07-03 06:30:00,42356.4,1,FG609
2026-07-03 07:00:00,42356.4,1,FG609
2026-07-03 09:00:00,42271.2,1,FG609
2026-07-03 09:30:00,42362.4,1,FG609
2026-07-03 10:00:00,42382.4,1,FG609
2026-07-03 10:30:00,42504.8,1,FG609
2026-07-03 11:00:00,42504.8,1,FG609
2026-07-03 11:30:00,42547.6,1,FG609
2026-07-03 13:00:00,42616.0,1,FG609
2026-07-03 13:30:00,42616.0,1,FG609
2026-07-03 14:00:00,42570.4,1,FG609
2026-07-03 14:30:00,42593.2,1,FG609
2026-07-03 15:00:00,42638.8,1,FG609
2026-07-06 01:00:00,42456.4,1,FG609
2026-07-06 01:30:00,42570.4,1,FG609
2026-07-06 02:00:00,42524.8,1,FG609
2026-07-06 02:30:00,42456.4,1,FG609
2026-07-06 03:00:00,42433.6,1,FG609
2026-07-06 03:30:00,42456.4,1,FG609
2026-07-06 05:30:00,42433.6,1,FG609
2026-07-06 06:00:00,42479.2,1,FG609
2026-07-06 06:30:00,42365.2,1,FG609
2026-07-06 07:00:00,39390.0,0,FG609
2026-07-06 13:00:00,41981.6,1,FG609
2026-07-06 13:30:00,41958.8,1,FG609
2026-07-06 14:00:00,41890.4,1,FG609
2026-07-06 14:30:00,41890.4,1,FG609
2026-07-06 15:00:00,41913.2,1,FG609
2026-07-07 01:00:00,41844.8,1,FG609
2026-07-07 01:30:00,41867.6,1,FG609
2026-07-07 02:00:00,41867.6,1,FG609
2026-07-07 02:30:00,41867.6,1,FG609
2026-07-07 03:00:00,41844.8,1,FG609
2026-07-07 03:30:00,41822.0,1,FG609
2026-07-07 05:30:00,41799.2,1,FG609
2026-07-07 06:00:00,38826.0,0,FG609
2026-07-07 06:30:00,41495.2,1,FG609
2026-07-07 07:00:00,41449.6,1,FG609
2026-07-07 09:30:00,41503.6,1,FG609
2026-07-07 10:00:00,41503.6,1,FG609
2026-07-07 10:30:00,41503.6,1,FG609
2026-07-07 11:00:00,41500.8,1,FG609
2026-07-07 11:30:00,41478.0,1,FG609
2026-07-07 13:00:00,41520.8,1,FG609
2026-07-07 13:30:00,41498.0,1,FG609
2026-07-07 14:00:00,41475.2,1,FG609
2026-07-07 14:30:00,41475.2,1,FG609
2026-07-07 15:00:00,41429.6,1,FG609
2026-07-08 01:00:00,41409.6,1,FG609
2026-07-08 01:30:00,41478.0,1,FG609
2026-07-08 02:00:00,41523.6,1,FG609
2026-07-08 02:30:00,41523.6,1,FG609
2026-07-08 03:00:00,41546.4,1,FG609
2026-07-08 03:30:00,41637.6,1,FG609
2026-07-08 05:30:00,41617.6,1,FG609
2026-07-08 06:00:00,41708.8,1,FG609
2026-07-08 06:30:00,41663.2,1,FG609
2026-07-08 07:00:00,41617.6,1,FG609
2026-07-08 09:00:00,41592.4,1,FG609
2026-07-08 09:30:00,41592.4,1,FG609
2026-07-08 15:00:00,41617.6,1,FG609
2026-07-09 09:00:00,41558.0,1,FG609
2026-07-09 09:30:00,41466.8,1,FG609
2026-07-09 10:00:00,41515.2,1,FG609
2026-07-09 10:30:00,41538.0,1,FG609
2026-07-09 11:00:00,41560.8,1,FG609
2026-07-09 11:30:00,41560.8,1,FG609
2026-07-09 13:30:00,41560.8,1,FG609
2026-07-09 14:00:00,41515.2,1,FG609
2026-07-09 14:30:00,41472.4,1,FG609
2026-07-09 15:00:00,41540.8,1,FG609
